machine,station_id,station_type,day,cause,trigger_sensor,stop_reason_detail,start,end,minutes
M1,ST1,Robotics,2025-01-01,Mechanical,vibration,,2025-01-01 13:40:00,2025-01-01 13:52:00,13
M1,ST1,Robotics,2025-01-01,Mechanical,air_pressure,,2025-01-01 15:03:00,2025-01-01 15:13:00,11
M1,ST1,Robotics,2025-01-01,Mechanical,vibration,,2025-01-01 21:22:00,2025-01-01 21:47:00,26
M1,ST1,Robotics,2025-01-02,Mechanical,air_pressure,,2025-01-02 01:49:00,2025-01-02 01:54:00,6
M1,ST1,Robotics,2025-01-02,Mechanical,vibration,,2025-01-02 06:14:00,2025-01-02 06:50:00,37
M1,ST1,Robotics,2025-01-02,Mechanical,air_pressure,,2025-01-02 15:57:00,2025-01-02 16:34:00,38
M1,ST1,Robotics,2025-01-02,Mechanical,vibration,,2025-01-02 18:12:00,2025-01-02 18:31:00,20
M1,ST1,Robotics,2025-01-03,Mechanical,vibration,,2025-01-03 02:55:00,2025-01-03 03:33:00,39
M1,ST1,Robotics,2025-01-03,Mechanical,air_pressure,,2025-01-03 08:37:00,2025-01-03 09:12:00,36
M1,ST1,Robotics,2025-01-03,Mechanical,vibration,,2025-01-03 11:07:00,2025-01-03 11:32:00,26
M1,ST1,Robotics,2025-01-04,Mechanical,air_pressure,,2025-01-04 01:37:00,2025-01-04 01:51:00,15
M1,ST1,Robotics,2025-01-04,Mechanical,vibration,,2025-01-04 06:33:00,2025-01-04 06:44:00,12
M1,ST1,Robotics,2025-01-04,Mechanical,air_pressure,,2025-01-04 13:25:00,2025-01-04 14:06:00,42
M1,ST1,Robotics,2025-01-04,Mechanical,vibration,,2025-01-04 15:51:00,2025-01-04 15:59:00,9
M1,ST1,Robotics,2025-01-05,Mechanical,vibration,,2025-01-05 02:09:00,2025-01-05 02:38:00,30
M1,ST1,Robotics,2025-01-05,Mechanical,vibration,,2025-01-05 12:16:00,2025-01-05 12:29:00,14
M1,ST1,Robotics,2025-01-05,Mechanical,vibration,,2025-01-05 22:18:00,2025-01-05 22:25:00,8
M1,ST1,Robotics,2025-01-05,Mechanical,air_pressure,,2025-01-05 23:47:00,2025-01-06 00:04:00,18
M1,ST1,Robotics,2025-01-06,Mechanical,vibration,,2025-01-06 10:12:00,2025-01-06 10:49:00,38
M1,ST1,Robotics,2025-01-06,Mechanical,air_pressure,,2025-01-06 11:25:00,2025-01-06 12:25:00,61
M1,ST1,Robotics,2025-01-06,Mechanical,vibration,,2025-01-06 20:37:00,2025-01-06 20:53:00,17
M1,ST1,Robotics,2025-01-07,Mechanical,air_pressure,,2025-01-07 02:52:00,2025-01-07 03:15:00,24
M1,ST1,Robotics,2025-01-07,Mechanical,vibration,,2025-01-07 09:00:00,2025-01-07 09:19:00,20
M1,ST1,Robotics,2025-01-07,Mechanical,vibration,,2025-01-07 19:06:00,2025-01-07 19:38:00,33
M1,ST1,Robotics,2025-01-07,Mechanical,air_pressure,,2025-01-07 20:18:00,2025-01-07 20:30:00,13
M1,ST1,Robotics,2025-01-08,Mechanical,vibration,,2025-01-08 05:45:00,2025-01-08 06:14:00,30
M1,ST1,Robotics,2025-01-08,Mechanical,air_pressure,,2025-01-08 12:39:00,2025-01-08 12:47:00,9
M1,ST1,Robotics,2025-01-08,Mechanical,vibration,,2025-01-08 15:54:00,2025-01-08 16:30:00,37
M1,ST1,Robotics,2025-01-08,Mechanical,air_pressure,,2025-01-08 21:37:00,2025-01-08 22:14:00,38
M1,ST1,Robotics,2025-01-09,Mechanical,vibration,,2025-01-09 00:41:00,2025-01-09 00:58:00,18
M1,ST1,Robotics,2025-01-09,Mechanical,vibration,,2025-01-09 08:05:00,2025-01-09 08:34:00,30
M1,ST1,Robotics,2025-01-09,Mechanical,air_pressure,,2025-01-09 13:49:00,2025-01-09 14:14:00,26
M1,ST1,Robotics,2025-01-09,Mechanical,vibration,,2025-01-09 15:46:00,2025-01-09 16:10:00,25
M1,ST1,Robotics,2025-01-10,Mechanical,vibration,,2025-01-10 02:57:00,2025-01-10 03:21:00,25
M1,ST1,Robotics,2025-01-10,Mechanical,vibration,,2025-01-10 10:07:00,2025-01-10 10:24:00,18
M1,ST1,Robotics,2025-01-10,Mechanical,air_pressure,,2025-01-10 13:26:00,2025-01-10 13:42:00,17
M1,ST1,Robotics,2025-01-10,Mechanical,vibration,,2025-01-10 19:43:00,2025-01-10 20:03:00,21
M1,ST1,Robotics,2025-01-11,Mechanical,air_pressure,,2025-01-11 02:26:00,2025-01-11 02:44:00,19
M1,ST1,Robotics,2025-01-11,Mechanical,vibration,,2025-01-11 05:19:00,2025-01-11 05:57:00,39
M1,ST1,Robotics,2025-01-11,Mechanical,air_pressure,,2025-01-11 13:43:00,2025-01-11 14:16:00,34
M1,ST1,Robotics,2025-01-12,Mechanical,vibration,,2025-01-12 00:00:00,2025-01-12 00:11:00,12
M1,ST1,Robotics,2025-01-12,Mechanical,air_pressure,,2025-01-12 01:09:00,2025-01-12 01:23:00,15
M1,ST1,Robotics,2025-01-12,Mechanical,vibration,,2025-01-12 08:53:00,2025-01-12 09:02:00,10
M1,ST1,Robotics,2025-01-12,Mechanical,air_pressure,,2025-01-12 13:21:00,2025-01-12 13:59:00,39
M1,ST1,Robotics,2025-01-13,Mechanical,vibration,,2025-01-13 01:39:00,2025-01-13 02:07:00,29
M1,ST1,Robotics,2025-01-13,Mechanical,air_pressure,,2025-01-13 06:00:00,2025-01-13 06:12:00,13
M1,ST1,Robotics,2025-01-13,Mechanical,vibration,,2025-01-13 09:51:00,2025-01-13 10:22:00,32
M1,ST1,Robotics,2025-01-13,Mechanical,vibration,,2025-01-13 18:11:00,2025-01-13 18:42:00,32
M1,ST1,Robotics,2025-01-13,Mechanical,air_pressure,,2025-01-13 20:56:00,2025-01-13 21:13:00,18
M1,ST1,Robotics,2025-01-14,Mechanical,vibration,,2025-01-14 01:03:00,2025-01-14 01:14:00,12
M1,ST1,Robotics,2025-01-14,Mechanical,vibration,,2025-01-14 10:42:00,2025-01-14 10:58:00,17
M1,ST1,Robotics,2025-01-14,Mechanical,air_pressure,,2025-01-14 14:46:00,2025-01-14 14:59:00,14
M1,ST1,Robotics,2025-01-15,Mechanical,air_pressure,,2025-01-15 06:57:00,2025-01-15 07:34:00,38
M1,ST1,Robotics,2025-01-15,Mechanical,vibration,,2025-01-15 12:17:00,2025-01-15 12:54:00,38
M1,ST1,Robotics,2025-01-15,Mechanical,air_pressure,,2025-01-15 19:48:00,2025-01-15 19:57:00,10
M1,ST1,Robotics,2025-01-15,Mechanical,vibration,,2025-01-15 21:21:00,2025-01-15 21:45:00,25
M1,ST1,Robotics,2025-01-16,Mechanical,vibration,,2025-01-16 06:21:00,2025-01-16 06:41:00,21
M1,ST1,Robotics,2025-01-16,Mechanical,air_pressure,,2025-01-16 09:40:00,2025-01-16 09:56:00,17
M1,ST1,Robotics,2025-01-16,Mechanical,vibration,,2025-01-16 15:00:00,2025-01-16 15:23:00,24
M1,ST1,Robotics,2025-01-16,Mechanical,air_pressure,,2025-01-16 22:18:00,2025-01-16 22:43:00,26
M1,ST1,Robotics,2025-01-16,Mechanical,vibration,,2025-01-16 23:25:00,2025-01-16 23:40:00,16
M1,ST1,Robotics,2025-01-17,Mechanical,vibration,,2025-01-17 11:43:00,2025-01-17 12:13:00,31
M1,ST1,Robotics,2025-01-17,Mechanical,air_pressure,,2025-01-17 13:02:00,2025-01-17 13:11:00,10
M1,ST1,Robotics,2025-01-17,Mechanical,vibration,,2025-01-17 23:24:00,2025-01-17 23:33:00,10
M1,ST1,Robotics,2025-01-18,Mechanical,air_pressure,,2025-01-18 02:45:00,2025-01-18 03:00:00,16
M1,ST1,Robotics,2025-01-18,Mechanical,vibration,,2025-01-18 06:32:00,2025-01-18 07:01:00,30
M1,ST1,Robotics,2025-01-18,Mechanical,air_pressure,,2025-01-18 15:09:00,2025-01-18 15:55:00,47
M1,ST1,Robotics,2025-01-18,Mechanical,vibration,,2025-01-18 17:41:00,2025-01-18 18:08:00,28
M1,ST1,Robotics,2025-01-19,Mechanical,vibration,,2025-01-19 01:32:00,2025-01-19 01:55:00,24
M1,ST1,Robotics,2025-01-19,Mechanical,air_pressure,,2025-01-19 02:25:00,2025-01-19 02:58:00,34
M1,ST1,Robotics,2025-01-19,Mechanical,vibration,,2025-01-19 09:20:00,2025-01-19 09:51:00,32
M1,ST1,Robotics,2025-01-19,Mechanical,air_pressure,,2025-01-19 13:40:00,2025-01-19 14:28:00,49
M1,ST1,Robotics,2025-01-19,Mechanical,vibration,,2025-01-19 21:07:00,2025-01-19 21:28:00,22
M1,ST1,Robotics,2025-01-20,Mechanical,vibration,,2025-01-20 08:05:00,2025-01-20 08:22:00,18
M1,ST1,Robotics,2025-01-20,Mechanical,vibration,,2025-01-20 16:31:00,2025-01-20 16:58:00,28
M1,ST1,Robotics,2025-01-20,Mechanical,air_pressure,,2025-01-20 18:49:00,2025-01-20 19:16:00,28
M1,ST1,Robotics,2025-01-21,Mechanical,vibration,,2025-01-21 01:48:00,2025-01-21 02:23:00,36
M1,ST1,Robotics,2025-01-21,Mechanical,air_pressure,,2025-01-21 05:22:00,2025-01-21 06:01:00,40
M1,ST1,Robotics,2025-01-21,Mechanical,vibration,,2025-01-21 09:51:00,2025-01-21 10:13:00,23
M1,ST1,Robotics,2025-01-21,Mechanical,vibration,,2025-01-21 18:03:00,2025-01-21 18:33:00,31
M1,ST1,Robotics,2025-01-21,Mechanical,air_pressure,,2025-01-21 20:06:00,2025-01-21 20:17:00,12
M1,ST1,Robotics,2025-01-22,Mechanical,vibration,,2025-01-22 03:12:00,2025-01-22 03:24:00,13
M1,ST1,Robotics,2025-01-22,Mechanical,vibration,,2025-01-22 11:50:00,2025-01-22 12:02:00,13
M1,ST1,Robotics,2025-01-22,Mechanical,air_pressure,,2025-01-22 13:15:00,2025-01-22 13:36:00,22
M1,ST1,Robotics,2025-01-22,Mechanical,vibration,,2025-01-22 20:59:00,2025-01-22 21:20:00,22
M1,ST1,Robotics,2025-01-22,Mechanical,air_pressure,,2025-01-22 23:21:00,2025-01-22 23:59:00,39
M1,ST1,Robotics,2025-01-23,Mechanical,vibration,,2025-01-23 08:06:00,2025-01-23 08:54:00,49
M1,ST1,Robotics,2025-01-23,Mechanical,air_pressure,,2025-01-23 13:07:00,2025-01-23 13:35:00,29
M1,ST1,Robotics,2025-01-23,Mechanical,vibration,,2025-01-23 14:58:00,2025-01-23 15:19:00,22
M1,ST1,Robotics,2025-01-24,Mechanical,air_pressure,,2025-01-24 00:21:00,2025-01-24 00:45:00,25
M1,ST1,Robotics,2025-01-24,Mechanical,vibration,,2025-01-24 02:37:00,2025-01-24 03:04:00,28
M1,ST1,Robotics,2025-01-24,Mechanical,air_pressure,,2025-01-24 10:50:00,2025-01-24 11:18:00,29
M1,ST1,Robotics,2025-01-24,Mechanical,vibration,,2025-01-24 21:35:00,2025-01-24 21:52:00,18
M1,ST1,Robotics,2025-01-25,Mechanical,vibration,,2025-01-25 08:02:00,2025-01-25 08:15:00,14
M1,ST1,Robotics,2025-01-25,Mechanical,air_pressure,,2025-01-25 15:33:00,2025-01-25 15:57:00,25
M1,ST1,Robotics,2025-01-25,Mechanical,vibration,,2025-01-25 16:14:00,2025-01-25 16:43:00,30
M1,ST1,Robotics,2025-01-26,Mechanical,vibration,,2025-01-26 02:12:00,2025-01-26 02:20:00,9
M1,ST1,Robotics,2025-01-26,Mechanical,air_pressure,,2025-01-26 03:19:00,2025-01-26 03:44:00,26
M1,ST1,Robotics,2025-01-26,Mechanical,vibration,,2025-01-26 14:06:00,2025-01-26 14:11:00,6
M1,ST1,Robotics,2025-01-26,Mechanical,air_pressure,,2025-01-26 18:04:00,2025-01-26 18:26:00,23
M1,ST1,Robotics,2025-01-26,Mechanical,vibration,,2025-01-26 23:00:00,2025-01-26 23:11:00,12
M1,ST1,Robotics,2025-01-27,Mechanical,air_pressure,,2025-01-27 05:43:00,2025-01-27 05:54:00,12
M1,ST1,Robotics,2025-01-27,Mechanical,vibration,,2025-01-27 15:16:00,2025-01-27 15:44:00,29
M1,ST1,Robotics,2025-01-27,Mechanical,air_pressure,,2025-01-27 19:21:00,2025-01-27 19:57:00,37
M1,ST1,Robotics,2025-01-27,Mechanical,vibration,,2025-01-27 23:49:00,2025-01-28 00:05:00,17
M1,ST1,Robotics,2025-01-28,Mechanical,vibration,,2025-01-28 07:41:00,2025-01-28 07:49:00,9
M1,ST1,Robotics,2025-01-28,Mechanical,air_pressure,,2025-01-28 08:01:00,2025-01-28 08:07:00,7
M1,ST1,Robotics,2025-01-28,Mechanical,vibration,,2025-01-28 17:35:00,2025-01-28 17:48:00,14
M1,ST1,Robotics,2025-01-28,Mechanical,air_pressure,,2025-01-28 18:20:00,2025-01-28 18:55:00,36
M1,ST1,Robotics,2025-01-29,Mechanical,vibration,,2025-01-29 03:24:00,2025-01-29 04:03:00,40
M1,ST1,Robotics,2025-01-29,Mechanical,air_pressure,,2025-01-29 09:16:00,2025-01-29 09:39:00,24
M1,ST1,Robotics,2025-01-29,Mechanical,vibration,,2025-01-29 13:43:00,2025-01-29 14:07:00,25
M1,ST1,Robotics,2025-01-30,Mechanical,vibration,,2025-01-30 02:16:00,2025-01-30 02:40:00,25
M1,ST1,Robotics,2025-01-30,Mechanical,air_pressure,,2025-01-30 09:34:00,2025-01-30 09:58:00,25
M1,ST1,Robotics,2025-01-30,Mechanical,vibration,,2025-01-30 10:59:00,2025-01-30 11:32:00,34
M1,ST1,Robotics,2025-01-30,Mechanical,air_pressure,,2025-01-30 22:07:00,2025-01-30 22:44:00,38
M1,ST1,Robotics,2025-01-01,Electrical,temperature,,2025-01-01 17:31:00,2025-01-01 17:48:00,18
M1,ST1,Robotics,2025-01-01,Electrical,energy_consumption,,2025-01-01 20:46:00,2025-01-01 20:57:00,12
M1,ST1,Robotics,2025-01-02,Electrical,temperature,,2025-01-02 07:52:00,2025-01-02 08:28:00,37
M1,ST1,Robotics,2025-01-02,Electrical,energy_consumption,,2025-01-02 09:53:00,2025-01-02 10:39:00,47
M1,ST1,Robotics,2025-01-02,Electrical,temperature,,2025-01-02 20:04:00,2025-01-02 20:11:00,8
M1,ST1,Robotics,2025-01-03,Electrical,energy_consumption,,2025-01-03 01:13:00,2025-01-03 01:33:00,21
M1,ST1,Robotics,2025-01-03,Electrical,temperature,,2025-01-03 04:51:00,2025-01-03 05:26:00,36
M1,ST1,Robotics,2025-01-03,Electrical,energy_consumption,,2025-01-03 15:31:00,2025-01-03 16:05:00,35
M1,ST1,Robotics,2025-01-03,Electrical,temperature,,2025-01-03 18:08:00,2025-01-03 19:00:00,53
M1,ST1,Robotics,2025-01-04,Electrical,energy_consumption,,2025-01-04 05:32:00,2025-01-04 05:54:00,23
M1,ST1,Robotics,2025-01-04,Electrical,temperature,,2025-01-04 06:17:00,2025-01-04 06:29:00,13
M1,ST1,Robotics,2025-01-04,Electrical,energy_consumption,,2025-01-04 18:14:00,2025-01-04 18:26:00,13
M1,ST1,Robotics,2025-01-04,Electrical,temperature,,2025-01-04 20:29:00,2025-01-04 20:58:00,30
M1,ST1,Robotics,2025-01-05,Electrical,temperature,,2025-01-05 06:58:00,2025-01-05 07:26:00,29
M1,ST1,Robotics,2025-01-05,Electrical,energy_consumption,,2025-01-05 09:30:00,2025-01-05 09:47:00,18
M1,ST1,Robotics,2025-01-05,Electrical,temperature,,2025-01-05 20:09:00,2025-01-05 20:48:00,40
M1,ST1,Robotics,2025-01-06,Electrical,temperature,,2025-01-06 06:49:00,2025-01-06 07:15:00,27
M1,ST1,Robotics,2025-01-06,Electrical,energy_consumption,,2025-01-06 07:30:00,2025-01-06 08:00:00,31
M1,ST1,Robotics,2025-01-06,Electrical,temperature,,2025-01-06 16:10:00,2025-01-06 16:49:00,40
M1,ST1,Robotics,2025-01-06,Electrical,energy_consumption,,2025-01-06 22:10:00,2025-01-06 22:49:00,40
M1,ST1,Robotics,2025-01-07,Electrical,temperature,,2025-01-07 01:27:00,2025-01-07 01:39:00,13
M1,ST1,Robotics,2025-01-07,Electrical,temperature,,2025-01-07 12:30:00,2025-01-07 12:44:00,15
M1,ST1,Robotics,2025-01-07,Electrical,energy_consumption,,2025-01-07 14:18:00,2025-01-07 14:54:00,37
M1,ST1,Robotics,2025-01-07,Electrical,temperature,,2025-01-07 23:37:00,2025-01-07 23:45:00,9
M1,ST1,Robotics,2025-01-08,Electrical,energy_consumption,,2025-01-08 04:47:00,2025-01-08 05:25:00,39
M1,ST1,Robotics,2025-01-08,Electrical,temperature,,2025-01-08 13:08:00,2025-01-08 13:43:00,36
M1,ST1,Robotics,2025-01-08,Electrical,energy_consumption,,2025-01-08 19:53:00,2025-01-08 20:31:00,39
M1,ST1,Robotics,2025-01-09,Electrical,temperature,,2025-01-09 02:49:00,2025-01-09 03:13:00,25
M1,ST1,Robotics,2025-01-09,Electrical,energy_consumption,,2025-01-09 04:40:00,2025-01-09 05:00:00,21
M1,ST1,Robotics,2025-01-09,Electrical,temperature,,2025-01-09 12:18:00,2025-01-09 12:25:00,8
M1,ST1,Robotics,2025-01-09,Electrical,energy_consumption,,2025-01-09 21:20:00,2025-01-09 22:20:00,61
M1,ST1,Robotics,2025-01-10,Electrical,temperature,,2025-01-10 01:07:00,2025-01-10 01:30:00,24
M1,ST1,Robotics,2025-01-10,Electrical,energy_consumption,,2025-01-10 09:50:00,2025-01-10 10:01:00,12
M1,ST1,Robotics,2025-01-10,Electrical,temperature,,2025-01-10 13:45:00,2025-01-10 14:21:00,37
M1,ST1,Robotics,2025-01-10,Electrical,energy_consumption,,2025-01-10 21:30:00,2025-01-10 22:07:00,38
M1,ST1,Robotics,2025-01-10,Electrical,temperature,,2025-01-10 22:42:00,2025-01-10 23:18:00,37
M1,ST1,Robotics,2025-01-11,Electrical,temperature,,2025-01-11 08:56:00,2025-01-11 09:22:00,27
M1,ST1,Robotics,2025-01-11,Electrical,energy_consumption,,2025-01-11 12:38:00,2025-01-11 13:08:00,31
M1,ST1,Robotics,2025-01-11,Electrical,temperature,,2025-01-11 18:59:00,2025-01-11 19:14:00,16
M1,ST1,Robotics,2025-01-11,Electrical,energy_consumption,,2025-01-11 22:15:00,2025-01-11 22:54:00,40
M1,ST1,Robotics,2025-01-12,Electrical,temperature,,2025-01-12 06:28:00,2025-01-12 06:57:00,30
M1,ST1,Robotics,2025-01-12,Electrical,energy_consumption,,2025-01-12 12:00:00,2025-01-12 12:33:00,34
M1,ST1,Robotics,2025-01-12,Electrical,temperature,,2025-01-12 17:00:00,2025-01-12 17:23:00,24
M1,ST1,Robotics,2025-01-12,Electrical,energy_consumption,,2025-01-12 22:20:00,2025-01-12 22:51:00,32
M1,ST1,Robotics,2025-01-13,Electrical,temperature,,2025-01-13 04:55:00,2025-01-13 05:32:00,38
M1,ST1,Robotics,2025-01-13,Electrical,energy_consumption,,2025-01-13 12:39:00,2025-01-13 13:06:00,28
M1,ST1,Robotics,2025-01-13,Electrical,temperature,,2025-01-13 19:50:00,2025-01-13 20:04:00,15
M1,ST1,Robotics,2025-01-14,Electrical,energy_consumption,,2025-01-14 01:25:00,2025-01-14 01:49:00,25
M1,ST1,Robotics,2025-01-14,Electrical,temperature,,2025-01-14 06:42:00,2025-01-14 07:10:00,29
M1,ST1,Robotics,2025-01-14,Electrical,temperature,,2025-01-14 15:05:00,2025-01-14 15:36:00,32
M1,ST1,Robotics,2025-01-14,Electrical,energy_consumption,,2025-01-14 17:27:00,2025-01-14 17:40:00,14
M1,ST1,Robotics,2025-01-15,Electrical,temperature,,2025-01-15 01:06:00,2025-01-15 01:25:00,20
M1,ST1,Robotics,2025-01-15,Electrical,energy_consumption,,2025-01-15 02:58:00,2025-01-15 03:36:00,39
M1,ST1,Robotics,2025-01-15,Electrical,temperature,,2025-01-15 10:30:00,2025-01-15 10:49:00,20
M1,ST1,Robotics,2025-01-15,Electrical,temperature,,2025-01-15 19:29:00,2025-01-15 19:43:00,15
M1,ST1,Robotics,2025-01-15,Electrical,energy_consumption,,2025-01-15 20:18:00,2025-01-15 20:36:00,19
M1,ST1,Robotics,2025-01-16,Electrical,temperature,,2025-01-16 08:18:00,2025-01-16 08:50:00,33
M1,ST1,Robotics,2025-01-16,Electrical,energy_consumption,,2025-01-16 12:05:00,2025-01-16 12:34:00,30
M1,ST1,Robotics,2025-01-16,Electrical,temperature,,2025-01-16 18:11:00,2025-01-16 18:50:00,40
M1,ST1,Robotics,2025-01-17,Electrical,temperature,,2025-01-17 03:06:00,2025-01-17 03:36:00,31
M1,ST1,Robotics,2025-01-17,Electrical,energy_consumption,,2025-01-17 13:41:00,2025-01-17 14:14:00,34
M1,ST1,Robotics,2025-01-17,Electrical,temperature,,2025-01-17 15:37:00,2025-01-17 15:55:00,19
M1,ST1,Robotics,2025-01-18,Electrical,energy_consumption,,2025-01-18 02:08:00,2025-01-18 02:28:00,21
M1,ST1,Robotics,2025-01-18,Electrical,energy_consumption,,2025-01-18 10:41:00,2025-01-18 10:47:00,7
M1,ST1,Robotics,2025-01-18,Electrical,temperature,,2025-01-18 11:32:00,2025-01-18 11:47:00,16
M1,ST1,Robotics,2025-01-18,Electrical,temperature,,2025-01-18 21:30:00,2025-01-18 22:06:00,37
M1,ST1,Robotics,2025-01-18,Electrical,energy_consumption,,2025-01-18 23:45:00,2025-01-18 23:51:00,7
M1,ST1,Robotics,2025-01-19,Electrical,temperature,,2025-01-19 07:48:00,2025-01-19 07:59:00,12
M1,ST1,Robotics,2025-01-19,Electrical,energy_consumption,,2025-01-19 10:51:00,2025-01-19 11:17:00,27
M1,ST1,Robotics,2025-01-19,Electrical,temperature,,2025-01-19 19:33:00,2025-01-19 20:03:00,31
M1,ST1,Robotics,2025-01-19,Electrical,energy_consumption,,2025-01-19 20:50:00,2025-01-19 21:06:00,17
M1,ST1,Robotics,2025-01-20,Electrical,temperature,,2025-01-20 04:13:00,2025-01-20 04:47:00,35
M1,ST1,Robotics,2025-01-20,Electrical,energy_consumption,,2025-01-20 06:46:00,2025-01-20 07:15:00,30
M1,ST1,Robotics,2025-01-20,Electrical,temperature,,2025-01-20 15:06:00,2025-01-20 15:35:00,30
M1,ST1,Robotics,2025-01-20,Electrical,energy_consumption,,2025-01-20 20:44:00,2025-01-20 21:20:00,37
M1,ST1,Robotics,2025-01-21,Electrical,temperature,,2025-01-21 02:28:00,2025-01-21 02:56:00,29
M1,ST1,Robotics,2025-01-21,Electrical,temperature,,2025-01-21 09:14:00,2025-01-21 09:25:00,12
M1,ST1,Robotics,2025-01-21,Electrical,energy_consumption,,2025-01-21 13:25:00,2025-01-21 13:42:00,18
M1,ST1,Robotics,2025-01-21,Electrical,temperature,,2025-01-21 21:35:00,2025-01-21 22:11:00,37
M1,ST1,Robotics,2025-01-22,Electrical,energy_consumption,,2025-01-22 00:08:00,2025-01-22 00:39:00,32
M1,ST1,Robotics,2025-01-22,Electrical,energy_consumption,,2025-01-22 10:47:00,2025-01-22 11:26:00,40
M1,ST1,Robotics,2025-01-22,Electrical,temperature,,2025-01-22 12:03:00,2025-01-22 12:35:00,33
M1,ST1,Robotics,2025-01-22,Electrical,temperature,,2025-01-22 19:16:00,2025-01-22 19:25:00,10
M1,ST1,Robotics,2025-01-22,Electrical,energy_consumption,,2025-01-22 22:06:00,2025-01-22 22:12:00,7
M1,ST1,Robotics,2025-01-23,Electrical,temperature,,2025-01-23 06:28:00,2025-01-23 06:58:00,31
M1,ST1,Robotics,2025-01-23,Electrical,temperature,,2025-01-23 16:35:00,2025-01-23 16:48:00,14
M1,ST1,Robotics,2025-01-23,Electrical,energy_consumption,,2025-01-23 19:07:00,2025-01-23 19:40:00,34
M1,ST1,Robotics,2025-01-24,Electrical,temperature,,2025-01-24 06:16:00,2025-01-24 06:22:00,7
M1,ST1,Robotics,2025-01-24,Electrical,energy_consumption,,2025-01-24 11:21:00,2025-01-24 11:34:00,14
M1,ST1,Robotics,2025-01-24,Electrical,temperature,,2025-01-24 12:52:00,2025-01-24 13:04:00,13
M1,ST1,Robotics,2025-01-25,Electrical,temperature,,2025-01-25 02:43:00,2025-01-25 02:58:00,16
M1,ST1,Robotics,2025-01-25,Electrical,energy_consumption,,2025-01-25 10:13:00,2025-01-25 10:41:00,29
M1,ST1,Robotics,2025-01-25,Electrical,temperature,,2025-01-25 14:02:00,2025-01-25 14:25:00,24
M1,ST1,Robotics,2025-01-25,Electrical,energy_consumption,,2025-01-25 23:47:00,2025-01-25 23:54:00,8
M1,ST1,Robotics,2025-01-26,Electrical,temperature,,2025-01-26 03:55:00,2025-01-26 04:08:00,14
M1,ST1,Robotics,2025-01-26,Electrical,energy_consumption,,2025-01-26 12:33:00,2025-01-26 12:46:00,14
M1,ST1,Robotics,2025-01-26,Electrical,temperature,,2025-01-26 16:19:00,2025-01-26 16:47:00,29
M1,ST1,Robotics,2025-01-26,Electrical,energy_consumption,,2025-01-26 23:46:00,2025-01-27 00:10:00,25
M1,ST1,Robotics,2025-01-27,Electrical,temperature,,2025-01-27 04:19:00,2025-01-27 04:54:00,36
M1,ST1,Robotics,2025-01-27,Electrical,energy_consumption,,2025-01-27 12:06:00,2025-01-27 12:40:00,35
M1,ST1,Robotics,2025-01-27,Electrical,temperature,,2025-01-27 13:14:00,2025-01-27 13:26:00,13
M1,ST1,Robotics,2025-01-27,Electrical,temperature,,2025-01-27 22:31:00,2025-01-27 22:40:00,10
M1,ST1,Robotics,2025-01-28,Electrical,energy_consumption,,2025-01-28 00:33:00,2025-01-28 01:10:00,38
M1,ST1,Robotics,2025-01-28,Electrical,temperature,,2025-01-28 05:44:00,2025-01-28 06:17:00,34
M1,ST1,Robotics,2025-01-28,Electrical,energy_consumption,,2025-01-28 10:36:00,2025-01-28 10:44:00,9
M1,ST1,Robotics,2025-01-28,Electrical,temperature,,2025-01-28 16:52:00,2025-01-28 17:34:00,43
M1,ST1,Robotics,2025-01-28,Electrical,energy_consumption,,2025-01-28 19:57:00,2025-01-28 20:33:00,37
M1,ST1,Robotics,2025-01-29,Electrical,temperature,,2025-01-29 04:51:00,2025-01-29 05:22:00,32
M1,ST1,Robotics,2025-01-29,Electrical,energy_consumption,,2025-01-29 07:57:00,2025-01-29 08:33:00,37
M1,ST1,Robotics,2025-01-29,Electrical,temperature,,2025-01-29 12:03:00,2025-01-29 12:40:00,38
M1,ST1,Robotics,2025-01-29,Electrical,temperature,,2025-01-29 20:00:00,2025-01-29 20:11:00,12
M1,ST1,Robotics,2025-01-29,Electrical,energy_consumption,,2025-01-29 22:14:00,2025-01-29 22:50:00,37
M1,ST1,Robotics,2025-01-30,Electrical,temperature,,2025-01-30 06:09:00,2025-01-30 06:48:00,40
M1,ST1,Robotics,2025-01-30,Electrical,temperature,,2025-01-30 17:10:00,2025-01-30 17:30:00,21
M1,ST1,Robotics,2025-01-30,Electrical,energy_consumption,,2025-01-30 21:23:00,2025-01-30 21:48:00,26
M1,ST1,Robotics,2025-01-31,Electrical,temperature,,2025-01-31 01:55:00,2025-01-31 02:11:00,17
M1,ST1,Robotics,2025-01-05,Changeover,,,2025-01-05 13:57:00,2025-01-05 14:09:00,13
M1,ST1,Robotics,2025-01-08,Changeover,,,2025-01-08 00:25:00,2025-01-08 00:43:00,19
M1,ST1,Robotics,2025-01-09,Changeover,,,2025-01-09 05:06:00,2025-01-09 05:17:00,12
M1,ST1,Robotics,2025-01-10,Changeover,,,2025-01-10 00:34:00,2025-01-10 00:59:00,26
M1,ST1,Robotics,2025-01-10,Changeover,,,2025-01-10 15:13:00,2025-01-10 15:39:00,27
M1,ST1,Robotics,2025-01-11,Changeover,,,2025-01-11 07:46:00,2025-01-11 08:16:00,31
M1,ST1,Robotics,2025-01-11,Changeover,,,2025-01-11 17:06:00,2025-01-11 17:35:00,30
M1,ST1,Robotics,2025-01-12,Changeover,,,2025-01-12 17:57:00,2025-01-12 18:10:00,14
M1,ST1,Robotics,2025-01-16,Changeover,,,2025-01-16 00:19:00,2025-01-16 00:25:00,7
M1,ST1,Robotics,2025-01-17,Changeover,,,2025-01-17 00:36:00,2025-01-17 01:13:00,38
M1,ST1,Robotics,2025-01-19,Changeover,,,2025-01-19 05:53:00,2025-01-19 06:30:00,38
M1,ST1,Robotics,2025-01-23,Changeover,,,2025-01-23 05:11:00,2025-01-23 05:39:00,29
M1,ST1,Robotics,2025-01-26,Changeover,,,2025-01-26 10:25:00,2025-01-26 10:48:00,24
M1,ST1,Robotics,2025-01-30,Changeover,,,2025-01-30 10:48:00,2025-01-30 10:58:00,11
M1,ST1,Robotics,2025-01-30,Changeover,,,2025-01-30 16:52:00,2025-01-30 17:09:00,18
M1,ST1,Robotics,2025-01-31,Changeover,,,2025-01-31 04:54:00,2025-01-31 05:24:00,31
M1,ST1,Robotics,2025-01-01,Blocked,,,2025-01-01 07:48:00,2025-01-01 07:52:00,5
M1,ST1,Robotics,2025-01-01,Blocked,,,2025-01-01 08:15:00,2025-01-01 08:18:00,4
M1,ST1,Robotics,2025-01-01,Blocked,,,2025-01-01 10:00:00,2025-01-01 10:06:00,7
M1,ST1,Robotics,2025-01-01,Blocked,,,2025-01-01 10:19:00,2025-01-01 10:47:00,29
M1,ST1,Robotics,2025-01-01,Blocked,,,2025-01-01 12:02:00,2025-01-01 12:30:00,29
M1,ST1,Robotics,2025-01-01,Blocked,,,2025-01-01 12:41:00,2025-01-01 13:17:00,37
M1,ST1,Robotics,2025-01-01,Blocked,,,2025-01-01 14:04:00,2025-01-01 15:02:00,59
M1,ST1,Robotics,2025-01-01,Blocked,,,2025-01-01 15:51:00,2025-01-01 16:44:00,54
M1,ST1,Robotics,2025-01-01,Blocked,,,2025-01-01 16:47:00,2025-01-01 17:08:00,22
M1,ST1,Robotics,2025-01-01,Blocked,,,2025-01-01 17:27:00,2025-01-01 17:30:00,4
M1,ST1,Robotics,2025-01-01,Blocked,,,2025-01-01 17:56:00,2025-01-01 18:13:00,18
M1,ST1,Robotics,2025-01-01,Blocked,,,2025-01-01 18:19:00,2025-01-01 18:24:00,6
M1,ST1,Robotics,2025-01-01,Blocked,,,2025-01-01 19:07:00,2025-01-01 19:17:00,11
M1,ST1,Robotics,2025-01-01,Blocked,,,2025-01-01 20:05:00,2025-01-01 20:19:00,15
M1,ST1,Robotics,2025-01-01,Blocked,,,2025-01-01 20:40:00,2025-01-01 20:45:00,6
M1,ST1,Robotics,2025-01-01,Blocked,,,2025-01-01 22:05:00,2025-01-01 22:42:00,38
M1,ST1,Robotics,2025-01-01,Blocked,,,2025-01-01 23:25:00,2025-01-01 23:48:00,24
M1,ST1,Robotics,2025-01-02,Blocked,,,2025-01-02 00:28:00,2025-01-02 00:55:00,28
M1,ST1,Robotics,2025-01-02,Blocked,,,2025-01-02 01:04:00,2025-01-02 01:41:00,38
M1,ST1,Robotics,2025-01-02,Blocked,,,2025-01-02 01:45:00,2025-01-02 01:46:00,2
M1,ST1,Robotics,2025-01-02,Blocked,,,2025-01-02 02:15:00,2025-01-02 02:49:00,35
M1,ST1,Robotics,2025-01-02,Blocked,,,2025-01-02 03:23:00,2025-01-02 03:38:00,16
M1,ST1,Robotics,2025-01-02,Blocked,,,2025-01-02 03:49:00,2025-01-02 04:25:00,37
M1,ST1,Robotics,2025-01-02,Blocked,,,2025-01-02 05:31:00,2025-01-02 05:52:00,22
M1,ST1,Robotics,2025-01-02,Blocked,,,2025-01-02 06:01:00,2025-01-02 06:13:00,13
M1,ST1,Robotics,2025-01-02,Blocked,,,2025-01-02 06:54:00,2025-01-02 07:17:00,24
M1,ST1,Robotics,2025-01-02,Blocked,,,2025-01-02 07:25:00,2025-01-02 07:30:00,6
M1,ST1,Robotics,2025-01-02,Blocked,,,2025-01-02 07:44:00,2025-01-02 07:51:00,8
M1,ST1,Robotics,2025-01-02,Blocked,,,2025-01-02 08:37:00,2025-01-02 09:12:00,36
M1,ST1,Robotics,2025-01-02,Blocked,,,2025-01-02 09:48:00,2025-01-02 09:52:00,5
M1,ST1,Robotics,2025-01-02,Blocked,,,2025-01-02 10:53:00,2025-01-02 11:14:00,22
M1,ST1,Robotics,2025-01-02,Blocked,,,2025-01-02 11:21:00,2025-01-02 12:27:00,67
M1,ST1,Robotics,2025-01-02,Blocked,,,2025-01-02 12:31:00,2025-01-02 12:58:00,28
M1,ST1,Robotics,2025-01-02,Blocked,,,2025-01-02 13:09:00,2025-01-02 13:09:00,1
M1,ST1,Robotics,2025-01-02,Blocked,,,2025-01-02 13:16:00,2025-01-02 13:41:00,26
M1,ST1,Robotics,2025-01-02,Blocked,,,2025-01-02 14:21:00,2025-01-02 14:58:00,38
M1,ST1,Robotics,2025-01-02,Blocked,,,2025-01-02 15:41:00,2025-01-02 15:56:00,16
M1,ST1,Robotics,2025-01-02,Blocked,,,2025-01-02 16:42:00,2025-01-02 16:56:00,15
M1,ST1,Robotics,2025-01-02,Blocked,,,2025-01-02 17:57:00,2025-01-02 18:11:00,15
M1,ST1,Robotics,2025-01-02,Blocked,,,2025-01-02 18:33:00,2025-01-02 18:45:00,13
M1,ST1,Robotics,2025-01-02,Blocked,,,2025-01-02 19:11:00,2025-01-02 19:12:00,2
M1,ST1,Robotics,2025-01-02,Blocked,,,2025-01-02 19:38:00,2025-01-02 20:03:00,26
M1,ST1,Robotics,2025-01-02,Blocked,,,2025-01-02 20:21:00,2025-01-02 20:28:00,8
M1,ST1,Robotics,2025-01-02,Blocked,,,2025-01-02 20:53:00,2025-01-02 22:26:00,94
M1,ST1,Robotics,2025-01-02,Blocked,,,2025-01-02 23:03:00,2025-01-02 23:22:00,20
M1,ST1,Robotics,2025-01-02,Blocked,,,2025-01-02 23:33:00,2025-01-03 00:08:00,36
M1,ST1,Robotics,2025-01-03,Blocked,,,2025-01-03 00:12:00,2025-01-03 00:12:00,1
M1,ST1,Robotics,2025-01-03,Blocked,,,2025-01-03 00:42:00,2025-01-03 00:57:00,16
M1,ST1,Robotics,2025-01-03,Blocked,,,2025-01-03 01:39:00,2025-01-03 01:50:00,12
M1,ST1,Robotics,2025-01-03,Blocked,,,2025-01-03 02:01:00,2025-01-03 02:04:00,4
M1,ST1,Robotics,2025-01-03,Blocked,,,2025-01-03 02:12:00,2025-01-03 02:42:00,31
M1,ST1,Robotics,2025-01-03,Blocked,,,2025-01-03 02:46:00,2025-01-03 02:51:00,6
M1,ST1,Robotics,2025-01-03,Blocked,,,2025-01-03 04:15:00,2025-01-03 04:18:00,4
M1,ST1,Robotics,2025-01-03,Blocked,,,2025-01-03 04:26:00,2025-01-03 04:39:00,14
M1,ST1,Robotics,2025-01-03,Blocked,,,2025-01-03 04:42:00,2025-01-03 04:50:00,9
M1,ST1,Robotics,2025-01-03,Blocked,,,2025-01-03 05:47:00,2025-01-03 06:01:00,15
M1,ST1,Robotics,2025-01-03,Blocked,,,2025-01-03 07:19:00,2025-01-03 07:38:00,20
M1,ST1,Robotics,2025-01-03,Blocked,,,2025-01-03 08:13:00,2025-01-03 08:15:00,3
M1,ST1,Robotics,2025-01-03,Blocked,,,2025-01-03 08:24:00,2025-01-03 08:36:00,13
M1,ST1,Robotics,2025-01-03,Blocked,,,2025-01-03 09:16:00,2025-01-03 09:31:00,16
M1,ST1,Robotics,2025-01-03,Blocked,,,2025-01-03 10:11:00,2025-01-03 10:14:00,4
M1,ST1,Robotics,2025-01-03,Blocked,,,2025-01-03 10:32:00,2025-01-03 11:00:00,29
M1,ST1,Robotics,2025-01-03,Blocked,,,2025-01-03 11:35:00,2025-01-03 11:49:00,15
M1,ST1,Robotics,2025-01-03,Blocked,,,2025-01-03 12:05:00,2025-01-03 12:10:00,6
M1,ST1,Robotics,2025-01-03,Blocked,,,2025-01-03 12:45:00,2025-01-03 13:05:00,21
M1,ST1,Robotics,2025-01-03,Blocked,,,2025-01-03 13:17:00,2025-01-03 13:28:00,12
M1,ST1,Robotics,2025-01-03,Blocked,,,2025-01-03 13:39:00,2025-01-03 13:49:00,11
M1,ST1,Robotics,2025-01-03,Blocked,,,2025-01-03 14:07:00,2025-01-03 14:32:00,26
M1,ST1,Robotics,2025-01-03,Blocked,,,2025-01-03 16:15:00,2025-01-03 16:51:00,37
M1,ST1,Robotics,2025-01-03,Blocked,,,2025-01-03 17:03:00,2025-01-03 17:26:00,24
M1,ST1,Robotics,2025-01-03,Blocked,,,2025-01-03 17:41:00,2025-01-03 17:49:00,9
M1,ST1,Robotics,2025-01-03,Blocked,,,2025-01-03 17:51:00,2025-01-03 18:07:00,17
M1,ST1,Robotics,2025-01-03,Blocked,,,2025-01-03 19:06:00,2025-01-03 19:43:00,38
M1,ST1,Robotics,2025-01-03,Blocked,,,2025-01-03 19:48:00,2025-01-03 20:17:00,30
M1,ST1,Robotics,2025-01-03,Blocked,,,2025-01-03 21:05:00,2025-01-03 21:32:00,28
M1,ST1,Robotics,2025-01-03,Blocked,,,2025-01-03 23:23:00,2025-01-04 00:22:00,60
M1,ST1,Robotics,2025-01-04,Blocked,,,2025-01-04 00:37:00,2025-01-04 00:58:00,22
M1,ST1,Robotics,2025-01-04,Blocked,,,2025-01-04 01:08:00,2025-01-04 01:18:00,11
M1,ST1,Robotics,2025-01-04,Blocked,,,2025-01-04 01:26:00,2025-01-04 01:26:00,1
M1,ST1,Robotics,2025-01-04,Blocked,,,2025-01-04 01:53:00,2025-01-04 02:01:00,9
M1,ST1,Robotics,2025-01-04,Blocked,,,2025-01-04 02:34:00,2025-01-04 03:20:00,47
M1,ST1,Robotics,2025-01-04,Blocked,,,2025-01-04 03:22:00,2025-01-04 03:42:00,21
M1,ST1,Robotics,2025-01-04,Blocked,,,2025-01-04 03:44:00,2025-01-04 03:52:00,9
M1,ST1,Robotics,2025-01-04,Blocked,,,2025-01-04 04:34:00,2025-01-04 04:37:00,4
M1,ST1,Robotics,2025-01-04,Blocked,,,2025-01-04 05:01:00,2025-01-04 05:06:00,6
M1,ST1,Robotics,2025-01-04,Blocked,,,2025-01-04 05:21:00,2025-01-04 05:26:00,6
M1,ST1,Robotics,2025-01-04,Blocked,,,2025-01-04 06:48:00,2025-01-04 06:51:00,4
M1,ST1,Robotics,2025-01-04,Blocked,,,2025-01-04 07:09:00,2025-01-04 07:36:00,28
M1,ST1,Robotics,2025-01-04,Blocked,,,2025-01-04 07:47:00,2025-01-04 07:55:00,9
M1,ST1,Robotics,2025-01-04,Blocked,,,2025-01-04 08:09:00,2025-01-04 09:00:00,52
M1,ST1,Robotics,2025-01-04,Blocked,,,2025-01-04 10:53:00,2025-01-04 11:00:00,8
M1,ST1,Robotics,2025-01-04,Blocked,,,2025-01-04 11:02:00,2025-01-04 11:25:00,24
M1,ST1,Robotics,2025-01-04,Blocked,,,2025-01-04 11:32:00,2025-01-04 11:38:00,7
M1,ST1,Robotics,2025-01-04,Blocked,,,2025-01-04 12:08:00,2025-01-04 12:25:00,18
M1,ST1,Robotics,2025-01-04,Blocked,,,2025-01-04 12:34:00,2025-01-04 13:17:00,44
M1,ST1,Robotics,2025-01-04,Blocked,,,2025-01-04 13:20:00,2025-01-04 13:24:00,5
M1,ST1,Robotics,2025-01-04,Blocked,,,2025-01-04 14:12:00,2025-01-04 14:38:00,27
M1,ST1,Robotics,2025-01-04,Blocked,,,2025-01-04 16:34:00,2025-01-04 17:09:00,36
M1,ST1,Robotics,2025-01-04,Blocked,,,2025-01-04 17:20:00,2025-01-04 17:46:00,27
M1,ST1,Robotics,2025-01-04,Blocked,,,2025-01-04 18:07:00,2025-01-04 18:11:00,5
M1,ST1,Robotics,2025-01-04,Blocked,,,2025-01-04 18:37:00,2025-01-04 18:58:00,22
M1,ST1,Robotics,2025-01-04,Blocked,,,2025-01-04 19:08:00,2025-01-04 19:23:00,16
M1,ST1,Robotics,2025-01-04,Blocked,,,2025-01-04 19:39:00,2025-01-04 19:58:00,20
M1,ST1,Robotics,2025-01-04,Blocked,,,2025-01-04 21:00:00,2025-01-04 21:09:00,10
M1,ST1,Robotics,2025-01-04,Blocked,,,2025-01-04 21:13:00,2025-01-04 21:36:00,24
M1,ST1,Robotics,2025-01-04,Blocked,,,2025-01-04 21:42:00,2025-01-04 22:28:00,47
M1,ST1,Robotics,2025-01-04,Blocked,,,2025-01-04 22:39:00,2025-01-04 22:44:00,6
M1,ST1,Robotics,2025-01-04,Blocked,,,2025-01-04 22:52:00,2025-01-04 23:12:00,21
M1,ST1,Robotics,2025-01-04,Blocked,,,2025-01-04 23:18:00,2025-01-04 23:28:00,11
M1,ST1,Robotics,2025-01-04,Blocked,,,2025-01-04 23:30:00,2025-01-04 23:33:00,4
M1,ST1,Robotics,2025-01-04,Blocked,,,2025-01-04 23:44:00,2025-01-04 23:58:00,15
M1,ST1,Robotics,2025-01-05,Blocked,,,2025-01-05 00:08:00,2025-01-05 00:11:00,4
M1,ST1,Robotics,2025-01-05,Blocked,,,2025-01-05 00:13:00,2025-01-05 00:14:00,2
M1,ST1,Robotics,2025-01-05,Blocked,,,2025-01-05 00:44:00,2025-01-05 01:00:00,17
M1,ST1,Robotics,2025-01-05,Blocked,,,2025-01-05 02:41:00,2025-01-05 02:45:00,5
M1,ST1,Robotics,2025-01-05,Blocked,,,2025-01-05 02:49:00,2025-01-05 03:11:00,23
M1,ST1,Robotics,2025-01-05,Blocked,,,2025-01-05 04:10:00,2025-01-05 04:44:00,35
M1,ST1,Robotics,2025-01-05,Blocked,,,2025-01-05 04:52:00,2025-01-05 04:55:00,4
M1,ST1,Robotics,2025-01-05,Blocked,,,2025-01-05 05:25:00,2025-01-05 05:32:00,8
M1,ST1,Robotics,2025-01-05,Blocked,,,2025-01-05 05:58:00,2025-01-05 06:30:00,33
M1,ST1,Robotics,2025-01-05,Blocked,,,2025-01-05 06:39:00,2025-01-05 06:43:00,5
M1,ST1,Robotics,2025-01-05,Blocked,,,2025-01-05 07:30:00,2025-01-05 08:09:00,40
M1,ST1,Robotics,2025-01-05,Blocked,,,2025-01-05 09:06:00,2025-01-05 09:15:00,10
M1,ST1,Robotics,2025-01-05,Blocked,,,2025-01-05 09:21:00,2025-01-05 09:29:00,9
M1,ST1,Robotics,2025-01-05,Blocked,,,2025-01-05 10:00:00,2025-01-05 10:30:00,31
M1,ST1,Robotics,2025-01-05,Blocked,,,2025-01-05 10:41:00,2025-01-05 11:14:00,34
M1,ST1,Robotics,2025-01-05,Blocked,,,2025-01-05 12:33:00,2025-01-05 13:09:00,37
M1,ST1,Robotics,2025-01-05,Blocked,,,2025-01-05 13:18:00,2025-01-05 13:26:00,9
M1,ST1,Robotics,2025-01-05,Blocked,,,2025-01-05 15:23:00,2025-01-05 15:45:00,23
M1,ST1,Robotics,2025-01-05,Blocked,,,2025-01-05 16:44:00,2025-01-05 16:50:00,7
M1,ST1,Robotics,2025-01-05,Blocked,,,2025-01-05 16:53:00,2025-01-05 17:15:00,23
M1,ST1,Robotics,2025-01-05,Blocked,,,2025-01-05 17:19:00,2025-01-05 18:13:00,55
M1,ST1,Robotics,2025-01-05,Blocked,,,2025-01-05 18:17:00,2025-01-05 18:56:00,40
M1,ST1,Robotics,2025-01-05,Blocked,,,2025-01-05 19:07:00,2025-01-05 19:30:00,24
M1,ST1,Robotics,2025-01-05,Blocked,,,2025-01-05 19:36:00,2025-01-05 20:08:00,33
M1,ST1,Robotics,2025-01-05,Blocked,,,2025-01-05 21:35:00,2025-01-05 22:09:00,35
M1,ST1,Robotics,2025-01-05,Blocked,,,2025-01-05 22:32:00,2025-01-05 22:49:00,18
M1,ST1,Robotics,2025-01-05,Blocked,,,2025-01-05 23:18:00,2025-01-05 23:45:00,28
M1,ST1,Robotics,2025-01-06,Blocked,,,2025-01-06 00:09:00,2025-01-06 00:25:00,17
M1,ST1,Robotics,2025-01-06,Blocked,,,2025-01-06 01:24:00,2025-01-06 01:34:00,11
M1,ST1,Robotics,2025-01-06,Blocked,,,2025-01-06 02:11:00,2025-01-06 02:25:00,15
M1,ST1,Robotics,2025-01-06,Blocked,,,2025-01-06 02:31:00,2025-01-06 02:32:00,2
M1,ST1,Robotics,2025-01-06,Blocked,,,2025-01-06 02:41:00,2025-01-06 02:59:00,19
M1,ST1,Robotics,2025-01-06,Blocked,,,2025-01-06 03:29:00,2025-01-06 03:29:00,1
M1,ST1,Robotics,2025-01-06,Blocked,,,2025-01-06 03:34:00,2025-01-06 03:37:00,4
M1,ST1,Robotics,2025-01-06,Blocked,,,2025-01-06 04:00:00,2025-01-06 04:17:00,18
M1,ST1,Robotics,2025-01-06,Blocked,,,2025-01-06 04:19:00,2025-01-06 04:55:00,37
M1,ST1,Robotics,2025-01-06,Blocked,,,2025-01-06 05:30:00,2025-01-06 05:48:00,19
M1,ST1,Robotics,2025-01-06,Blocked,,,2025-01-06 05:53:00,2025-01-06 06:05:00,13
M1,ST1,Robotics,2025-01-06,Blocked,,,2025-01-06 09:53:00,2025-01-06 10:11:00,19
M1,ST1,Robotics,2025-01-06,Blocked,,,2025-01-06 11:09:00,2025-01-06 11:16:00,8
M1,ST1,Robotics,2025-01-06,Blocked,,,2025-01-06 11:20:00,2025-01-06 11:21:00,2
M1,ST1,Robotics,2025-01-06,Blocked,,,2025-01-06 12:32:00,2025-01-06 12:42:00,11
M1,ST1,Robotics,2025-01-06,Blocked,,,2025-01-06 13:43:00,2025-01-06 13:52:00,10
M1,ST1,Robotics,2025-01-06,Blocked,,,2025-01-06 13:58:00,2025-01-06 14:21:00,24
M1,ST1,Robotics,2025-01-06,Blocked,,,2025-01-06 14:43:00,2025-01-06 15:04:00,22
M1,ST1,Robotics,2025-01-06,Blocked,,,2025-01-06 15:06:00,2025-01-06 15:28:00,23
M1,ST1,Robotics,2025-01-06,Blocked,,,2025-01-06 15:59:00,2025-01-06 16:09:00,11
M1,ST1,Robotics,2025-01-06,Blocked,,,2025-01-06 17:26:00,2025-01-06 17:43:00,18
M1,ST1,Robotics,2025-01-06,Blocked,,,2025-01-06 17:48:00,2025-01-06 18:16:00,29
M1,ST1,Robotics,2025-01-06,Blocked,,,2025-01-06 18:29:00,2025-01-06 18:57:00,29
M1,ST1,Robotics,2025-01-06,Blocked,,,2025-01-06 21:04:00,2025-01-06 21:27:00,24
M1,ST1,Robotics,2025-01-06,Blocked,,,2025-01-06 21:42:00,2025-01-06 22:09:00,28
M1,ST1,Robotics,2025-01-06,Blocked,,,2025-01-06 23:35:00,2025-01-07 00:16:00,42
M1,ST1,Robotics,2025-01-07,Blocked,,,2025-01-07 00:30:00,2025-01-07 00:30:00,1
M1,ST1,Robotics,2025-01-07,Blocked,,,2025-01-07 00:44:00,2025-01-07 01:03:00,20
M1,ST1,Robotics,2025-01-07,Blocked,,,2025-01-07 01:22:00,2025-01-07 01:26:00,5
M1,ST1,Robotics,2025-01-07,Blocked,,,2025-01-07 02:04:00,2025-01-07 02:04:00,1
M1,ST1,Robotics,2025-01-07,Blocked,,,2025-01-07 02:11:00,2025-01-07 02:51:00,41
M1,ST1,Robotics,2025-01-07,Blocked,,,2025-01-07 03:21:00,2025-01-07 03:37:00,17
M1,ST1,Robotics,2025-01-07,Blocked,,,2025-01-07 04:22:00,2025-01-07 04:53:00,32
M1,ST1,Robotics,2025-01-07,Blocked,,,2025-01-07 05:09:00,2025-01-07 06:12:00,64
M1,ST1,Robotics,2025-01-07,Blocked,,,2025-01-07 06:15:00,2025-01-07 06:27:00,13
M1,ST1,Robotics,2025-01-07,Blocked,,,2025-01-07 06:33:00,2025-01-07 06:48:00,16
M1,ST1,Robotics,2025-01-07,Blocked,,,2025-01-07 07:00:00,2025-01-07 07:28:00,29
M1,ST1,Robotics,2025-01-07,Blocked,,,2025-01-07 08:41:00,2025-01-07 08:49:00,9
M1,ST1,Robotics,2025-01-07,Blocked,,,2025-01-07 08:53:00,2025-01-07 08:53:00,1
M1,ST1,Robotics,2025-01-07,Blocked,,,2025-01-07 08:56:00,2025-01-07 08:59:00,4
M1,ST1,Robotics,2025-01-07,Blocked,,,2025-01-07 09:32:00,2025-01-07 10:12:00,41
M1,ST1,Robotics,2025-01-07,Blocked,,,2025-01-07 10:23:00,2025-01-07 11:20:00,58
M1,ST1,Robotics,2025-01-07,Blocked,,,2025-01-07 12:13:00,2025-01-07 12:18:00,6
M1,ST1,Robotics,2025-01-07,Blocked,,,2025-01-07 12:55:00,2025-01-07 13:10:00,16
M1,ST1,Robotics,2025-01-07,Blocked,,,2025-01-07 13:42:00,2025-01-07 13:44:00,3
M1,ST1,Robotics,2025-01-07,Blocked,,,2025-01-07 13:46:00,2025-01-07 14:04:00,19
M1,ST1,Robotics,2025-01-07,Blocked,,,2025-01-07 14:08:00,2025-01-07 14:17:00,10
M1,ST1,Robotics,2025-01-07,Blocked,,,2025-01-07 15:38:00,2025-01-07 15:47:00,10
M1,ST1,Robotics,2025-01-07,Blocked,,,2025-01-07 16:18:00,2025-01-07 16:47:00,30
M1,ST1,Robotics,2025-01-07,Blocked,,,2025-01-07 17:12:00,2025-01-07 17:37:00,26
M1,ST1,Robotics,2025-01-07,Blocked,,,2025-01-07 17:52:00,2025-01-07 18:26:00,35
M1,ST1,Robotics,2025-01-07,Blocked,,,2025-01-07 18:47:00,2025-01-07 18:52:00,6
M1,ST1,Robotics,2025-01-07,Blocked,,,2025-01-07 18:56:00,2025-01-07 18:59:00,4
M1,ST1,Robotics,2025-01-07,Blocked,,,2025-01-07 19:49:00,2025-01-07 20:11:00,23
M1,ST1,Robotics,2025-01-07,Blocked,,,2025-01-07 21:01:00,2025-01-07 21:11:00,11
M1,ST1,Robotics,2025-01-07,Blocked,,,2025-01-07 21:28:00,2025-01-07 21:55:00,28
M1,ST1,Robotics,2025-01-07,Blocked,,,2025-01-07 22:10:00,2025-01-07 22:37:00,28
M1,ST1,Robotics,2025-01-07,Blocked,,,2025-01-07 22:41:00,2025-01-07 23:09:00,29
M1,ST1,Robotics,2025-01-08,Blocked,,,2025-01-08 00:57:00,2025-01-08 01:13:00,17
M1,ST1,Robotics,2025-01-08,Blocked,,,2025-01-08 01:38:00,2025-01-08 01:53:00,16
M1,ST1,Robotics,2025-01-08,Blocked,,,2025-01-08 02:08:00,2025-01-08 03:08:00,61
M1,ST1,Robotics,2025-01-08,Blocked,,,2025-01-08 03:14:00,2025-01-08 03:17:00,4
M1,ST1,Robotics,2025-01-08,Blocked,,,2025-01-08 03:27:00,2025-01-08 04:23:00,57
M1,ST1,Robotics,2025-01-08,Blocked,,,2025-01-08 06:29:00,2025-01-08 06:34:00,6
M1,ST1,Robotics,2025-01-08,Blocked,,,2025-01-08 06:50:00,2025-01-08 07:02:00,13
M1,ST1,Robotics,2025-01-08,Blocked,,,2025-01-08 08:47:00,2025-01-08 08:57:00,11
M1,ST1,Robotics,2025-01-08,Blocked,,,2025-01-08 09:07:00,2025-01-08 09:16:00,10
M1,ST1,Robotics,2025-01-08,Blocked,,,2025-01-08 10:11:00,2025-01-08 10:21:00,11
M1,ST1,Robotics,2025-01-08,Blocked,,,2025-01-08 10:30:00,2025-01-08 10:58:00,29
M1,ST1,Robotics,2025-01-08,Blocked,,,2025-01-08 11:01:00,2025-01-08 11:15:00,15
M1,ST1,Robotics,2025-01-08,Blocked,,,2025-01-08 11:18:00,2025-01-08 11:22:00,5
M1,ST1,Robotics,2025-01-08,Blocked,,,2025-01-08 11:25:00,2025-01-08 11:36:00,12
M1,ST1,Robotics,2025-01-08,Blocked,,,2025-01-08 11:46:00,2025-01-08 12:16:00,31
M1,ST1,Robotics,2025-01-08,Blocked,,,2025-01-08 13:47:00,2025-01-08 13:53:00,7
M1,ST1,Robotics,2025-01-08,Blocked,,,2025-01-08 14:09:00,2025-01-08 14:30:00,22
M1,ST1,Robotics,2025-01-08,Blocked,,,2025-01-08 15:06:00,2025-01-08 15:21:00,16
M1,ST1,Robotics,2025-01-08,Blocked,,,2025-01-08 15:47:00,2025-01-08 15:53:00,7
M1,ST1,Robotics,2025-01-08,Blocked,,,2025-01-08 17:10:00,2025-01-08 17:44:00,35
M1,ST1,Robotics,2025-01-08,Blocked,,,2025-01-08 18:04:00,2025-01-08 18:06:00,3
M1,ST1,Robotics,2025-01-08,Blocked,,,2025-01-08 18:11:00,2025-01-08 18:31:00,21
M1,ST1,Robotics,2025-01-08,Blocked,,,2025-01-08 18:45:00,2025-01-08 18:54:00,10
M1,ST1,Robotics,2025-01-08,Blocked,,,2025-01-08 19:02:00,2025-01-08 19:16:00,15
M1,ST1,Robotics,2025-01-08,Blocked,,,2025-01-08 19:25:00,2025-01-08 19:38:00,14
M1,ST1,Robotics,2025-01-08,Blocked,,,2025-01-08 19:52:00,2025-01-08 19:52:00,1
M1,ST1,Robotics,2025-01-08,Blocked,,,2025-01-08 20:48:00,2025-01-08 21:36:00,49
M1,ST1,Robotics,2025-01-08,Blocked,,,2025-01-08 22:41:00,2025-01-08 23:30:00,50
M1,ST1,Robotics,2025-01-08,Blocked,,,2025-01-08 23:36:00,2025-01-08 23:39:00,4
M1,ST1,Robotics,2025-01-08,Blocked,,,2025-01-08 23:57:00,2025-01-09 00:29:00,33
M1,ST1,Robotics,2025-01-09,Blocked,,,2025-01-09 01:13:00,2025-01-09 01:38:00,26
M1,ST1,Robotics,2025-01-09,Blocked,,,2025-01-09 02:33:00,2025-01-09 02:48:00,16
M1,ST1,Robotics,2025-01-09,Blocked,,,2025-01-09 03:19:00,2025-01-09 03:28:00,10
M1,ST1,Robotics,2025-01-09,Blocked,,,2025-01-09 04:06:00,2025-01-09 04:34:00,29
M1,ST1,Robotics,2025-01-09,Blocked,,,2025-01-09 05:23:00,2025-01-09 05:26:00,4
M1,ST1,Robotics,2025-01-09,Blocked,,,2025-01-09 05:29:00,2025-01-09 05:54:00,26
M1,ST1,Robotics,2025-01-09,Blocked,,,2025-01-09 06:01:00,2025-01-09 06:27:00,27
M1,ST1,Robotics,2025-01-09,Blocked,,,2025-01-09 06:32:00,2025-01-09 06:33:00,2
M1,ST1,Robotics,2025-01-09,Blocked,,,2025-01-09 07:07:00,2025-01-09 07:17:00,11
M1,ST1,Robotics,2025-01-09,Blocked,,,2025-01-09 07:26:00,2025-01-09 07:36:00,11
M1,ST1,Robotics,2025-01-09,Blocked,,,2025-01-09 07:38:00,2025-01-09 07:58:00,21
M1,ST1,Robotics,2025-01-09,Blocked,,,2025-01-09 09:26:00,2025-01-09 09:44:00,19
M1,ST1,Robotics,2025-01-09,Blocked,,,2025-01-09 09:56:00,2025-01-09 10:17:00,22
M1,ST1,Robotics,2025-01-09,Blocked,,,2025-01-09 10:21:00,2025-01-09 10:40:00,20
M1,ST1,Robotics,2025-01-09,Blocked,,,2025-01-09 11:03:00,2025-01-09 11:11:00,9
M1,ST1,Robotics,2025-01-09,Blocked,,,2025-01-09 11:17:00,2025-01-09 11:19:00,3
M1,ST1,Robotics,2025-01-09,Blocked,,,2025-01-09 11:58:00,2025-01-09 12:05:00,8
M1,ST1,Robotics,2025-01-09,Blocked,,,2025-01-09 12:16:00,2025-01-09 12:17:00,2
M1,ST1,Robotics,2025-01-09,Blocked,,,2025-01-09 12:43:00,2025-01-09 13:08:00,26
M1,ST1,Robotics,2025-01-09,Blocked,,,2025-01-09 13:13:00,2025-01-09 13:34:00,22
M1,ST1,Robotics,2025-01-09,Blocked,,,2025-01-09 13:41:00,2025-01-09 13:48:00,8
M1,ST1,Robotics,2025-01-09,Blocked,,,2025-01-09 14:29:00,2025-01-09 15:00:00,32
M1,ST1,Robotics,2025-01-09,Blocked,,,2025-01-09 15:03:00,2025-01-09 15:45:00,43
M1,ST1,Robotics,2025-01-09,Blocked,,,2025-01-09 16:23:00,2025-01-09 16:32:00,10
M1,ST1,Robotics,2025-01-09,Blocked,,,2025-01-09 17:26:00,2025-01-09 17:45:00,20
M1,ST1,Robotics,2025-01-09,Blocked,,,2025-01-09 17:51:00,2025-01-09 18:18:00,28
M1,ST1,Robotics,2025-01-09,Blocked,,,2025-01-09 19:29:00,2025-01-09 19:34:00,6
M1,ST1,Robotics,2025-01-09,Blocked,,,2025-01-09 19:38:00,2025-01-09 19:50:00,13
M1,ST1,Robotics,2025-01-09,Blocked,,,2025-01-09 20:09:00,2025-01-09 20:37:00,29
M1,ST1,Robotics,2025-01-09,Blocked,,,2025-01-09 20:40:00,2025-01-09 21:13:00,34
M1,ST1,Robotics,2025-01-09,Blocked,,,2025-01-09 21:17:00,2025-01-09 21:19:00,3
M1,ST1,Robotics,2025-01-09,Blocked,,,2025-01-09 22:45:00,2025-01-09 22:57:00,13
M1,ST1,Robotics,2025-01-09,Blocked,,,2025-01-09 23:07:00,2025-01-09 23:53:00,47
M1,ST1,Robotics,2025-01-10,Blocked,,,2025-01-10 00:27:00,2025-01-10 00:30:00,4
M1,ST1,Robotics,2025-01-10,Blocked,,,2025-01-10 00:32:00,2025-01-10 00:33:00,2
M1,ST1,Robotics,2025-01-10,Blocked,,,2025-01-10 01:05:00,2025-01-10 01:06:00,2
M1,ST1,Robotics,2025-01-10,Blocked,,,2025-01-10 01:39:00,2025-01-10 01:39:00,1
M1,ST1,Robotics,2025-01-10,Blocked,,,2025-01-10 01:56:00,2025-01-10 02:28:00,33
M1,ST1,Robotics,2025-01-10,Blocked,,,2025-01-10 02:36:00,2025-01-10 02:51:00,16
M1,ST1,Robotics,2025-01-10,Blocked,,,2025-01-10 03:33:00,2025-01-10 03:39:00,7
M1,ST1,Robotics,2025-01-10,Blocked,,,2025-01-10 03:47:00,2025-01-10 03:57:00,11
M1,ST1,Robotics,2025-01-10,Blocked,,,2025-01-10 04:03:00,2025-01-10 04:08:00,6
M1,ST1,Robotics,2025-01-10,Blocked,,,2025-01-10 04:54:00,2025-01-10 05:41:00,48
M1,ST1,Robotics,2025-01-10,Blocked,,,2025-01-10 06:44:00,2025-01-10 07:38:00,55
M1,ST1,Robotics,2025-01-10,Blocked,,,2025-01-10 08:08:00,2025-01-10 08:13:00,6
M1,ST1,Robotics,2025-01-10,Blocked,,,2025-01-10 08:22:00,2025-01-10 08:39:00,18
M1,ST1,Robotics,2025-01-10,Blocked,,,2025-01-10 08:43:00,2025-01-10 09:03:00,21
M1,ST1,Robotics,2025-01-10,Blocked,,,2025-01-10 09:13:00,2025-01-10 09:38:00,26
M1,ST1,Robotics,2025-01-10,Blocked,,,2025-01-10 09:42:00,2025-01-10 09:49:00,8
M1,ST1,Robotics,2025-01-10,Blocked,,,2025-01-10 10:40:00,2025-01-10 10:45:00,6
M1,ST1,Robotics,2025-01-10,Blocked,,,2025-01-10 10:47:00,2025-01-10 11:05:00,19
M1,ST1,Robotics,2025-01-10,Blocked,,,2025-01-10 11:30:00,2025-01-10 11:58:00,29
M1,ST1,Robotics,2025-01-10,Blocked,,,2025-01-10 12:01:00,2025-01-10 12:06:00,6
M1,ST1,Robotics,2025-01-10,Blocked,,,2025-01-10 12:35:00,2025-01-10 12:58:00,24
M1,ST1,Robotics,2025-01-10,Blocked,,,2025-01-10 13:05:00,2025-01-10 13:12:00,8
M1,ST1,Robotics,2025-01-10,Blocked,,,2025-01-10 14:29:00,2025-01-10 14:34:00,6
M1,ST1,Robotics,2025-01-10,Blocked,,,2025-01-10 14:40:00,2025-01-10 15:12:00,33
M1,ST1,Robotics,2025-01-10,Blocked,,,2025-01-10 16:25:00,2025-01-10 16:30:00,6
M1,ST1,Robotics,2025-01-10,Blocked,,,2025-01-10 16:53:00,2025-01-10 17:12:00,20
M1,ST1,Robotics,2025-01-10,Blocked,,,2025-01-10 17:16:00,2025-01-10 17:31:00,16
M1,ST1,Robotics,2025-01-10,Blocked,,,2025-01-10 19:13:00,2025-01-10 19:27:00,15
M1,ST1,Robotics,2025-01-10,Blocked,,,2025-01-10 19:31:00,2025-01-10 19:35:00,5
M1,ST1,Robotics,2025-01-10,Blocked,,,2025-01-10 20:16:00,2025-01-10 20:40:00,25
M1,ST1,Robotics,2025-01-10,Blocked,,,2025-01-10 20:44:00,2025-01-10 20:52:00,9
M1,ST1,Robotics,2025-01-10,Blocked,,,2025-01-10 21:16:00,2025-01-10 21:29:00,14
M1,ST1,Robotics,2025-01-10,Blocked,,,2025-01-10 23:24:00,2025-01-10 23:28:00,5
M1,ST1,Robotics,2025-01-10,Blocked,,,2025-01-10 23:58:00,2025-01-11 00:07:00,10
M1,ST1,Robotics,2025-01-11,Blocked,,,2025-01-11 00:37:00,2025-01-11 01:31:00,55
M1,ST1,Robotics,2025-01-11,Blocked,,,2025-01-11 01:35:00,2025-01-11 02:00:00,26
M1,ST1,Robotics,2025-01-11,Blocked,,,2025-01-11 02:50:00,2025-01-11 02:57:00,8
M1,ST1,Robotics,2025-01-11,Blocked,,,2025-01-11 03:03:00,2025-01-11 03:04:00,2
M1,ST1,Robotics,2025-01-11,Blocked,,,2025-01-11 03:11:00,2025-01-11 03:33:00,23
M1,ST1,Robotics,2025-01-11,Blocked,,,2025-01-11 03:50:00,2025-01-11 04:16:00,27
M1,ST1,Robotics,2025-01-11,Blocked,,,2025-01-11 06:23:00,2025-01-11 06:43:00,21
M1,ST1,Robotics,2025-01-11,Blocked,,,2025-01-11 06:49:00,2025-01-11 06:52:00,4
M1,ST1,Robotics,2025-01-11,Blocked,,,2025-01-11 08:34:00,2025-01-11 08:55:00,22
M1,ST1,Robotics,2025-01-11,Blocked,,,2025-01-11 09:28:00,2025-01-11 09:39:00,12
M1,ST1,Robotics,2025-01-11,Blocked,,,2025-01-11 10:14:00,2025-01-11 11:07:00,54
M1,ST1,Robotics,2025-01-11,Blocked,,,2025-01-11 12:07:00,2025-01-11 12:23:00,17
M1,ST1,Robotics,2025-01-11,Blocked,,,2025-01-11 12:27:00,2025-01-11 12:37:00,11
M1,ST1,Robotics,2025-01-11,Blocked,,,2025-01-11 13:32:00,2025-01-11 13:42:00,11
M1,ST1,Robotics,2025-01-11,Blocked,,,2025-01-11 14:48:00,2025-01-11 14:53:00,6
M1,ST1,Robotics,2025-01-11,Blocked,,,2025-01-11 15:17:00,2025-01-11 15:34:00,18
M1,ST1,Robotics,2025-01-11,Blocked,,,2025-01-11 17:51:00,2025-01-11 17:57:00,7
M1,ST1,Robotics,2025-01-11,Blocked,,,2025-01-11 18:02:00,2025-01-11 18:28:00,27
M1,ST1,Robotics,2025-01-11,Blocked,,,2025-01-11 18:34:00,2025-01-11 18:48:00,15
M1,ST1,Robotics,2025-01-11,Blocked,,,2025-01-11 18:50:00,2025-01-11 18:58:00,9
M1,ST1,Robotics,2025-01-11,Blocked,,,2025-01-11 19:41:00,2025-01-11 19:45:00,5
M1,ST1,Robotics,2025-01-11,Blocked,,,2025-01-11 20:19:00,2025-01-11 20:49:00,31
M1,ST1,Robotics,2025-01-11,Blocked,,,2025-01-11 20:53:00,2025-01-11 21:27:00,35
M1,ST1,Robotics,2025-01-11,Blocked,,,2025-01-11 21:35:00,2025-01-11 21:35:00,1
M1,ST1,Robotics,2025-01-11,Blocked,,,2025-01-11 21:53:00,2025-01-11 21:59:00,7
M1,ST1,Robotics,2025-01-11,Blocked,,,2025-01-11 22:03:00,2025-01-11 22:14:00,12
M1,ST1,Robotics,2025-01-11,Blocked,,,2025-01-11 23:08:00,2025-01-11 23:15:00,8
M1,ST1,Robotics,2025-01-12,Blocked,,,2025-01-12 00:15:00,2025-01-12 00:39:00,25
M1,ST1,Robotics,2025-01-12,Blocked,,,2025-01-12 00:52:00,2025-01-12 01:04:00,13
M1,ST1,Robotics,2025-01-12,Blocked,,,2025-01-12 02:56:00,2025-01-12 03:20:00,25
M1,ST1,Robotics,2025-01-12,Blocked,,,2025-01-12 05:03:00,2025-01-12 05:13:00,11
M1,ST1,Robotics,2025-01-12,Blocked,,,2025-01-12 05:30:00,2025-01-12 05:40:00,11
M1,ST1,Robotics,2025-01-12,Blocked,,,2025-01-12 05:58:00,2025-01-12 06:26:00,29
M1,ST1,Robotics,2025-01-12,Blocked,,,2025-01-12 07:12:00,2025-01-12 07:20:00,9
M1,ST1,Robotics,2025-01-12,Blocked,,,2025-01-12 07:24:00,2025-01-12 07:42:00,19
M1,ST1,Robotics,2025-01-12,Blocked,,,2025-01-12 07:46:00,2025-01-12 08:35:00,50
M1,ST1,Robotics,2025-01-12,Blocked,,,2025-01-12 09:11:00,2025-01-12 09:30:00,20
M1,ST1,Robotics,2025-01-12,Blocked,,,2025-01-12 09:36:00,2025-01-12 09:45:00,10
M1,ST1,Robotics,2025-01-12,Blocked,,,2025-01-12 10:11:00,2025-01-12 10:33:00,23
M1,ST1,Robotics,2025-01-12,Blocked,,,2025-01-12 11:20:00,2025-01-12 11:22:00,3
M1,ST1,Robotics,2025-01-12,Blocked,,,2025-01-12 11:51:00,2025-01-12 11:59:00,9
M1,ST1,Robotics,2025-01-12,Blocked,,,2025-01-12 13:06:00,2025-01-12 13:12:00,7
M1,ST1,Robotics,2025-01-12,Blocked,,,2025-01-12 14:14:00,2025-01-12 15:01:00,48
M1,ST1,Robotics,2025-01-12,Blocked,,,2025-01-12 16:16:00,2025-01-12 16:42:00,27
M1,ST1,Robotics,2025-01-12,Blocked,,,2025-01-12 16:46:00,2025-01-12 16:54:00,9
M1,ST1,Robotics,2025-01-12,Blocked,,,2025-01-12 18:25:00,2025-01-12 18:55:00,31
M1,ST1,Robotics,2025-01-12,Blocked,,,2025-01-12 19:09:00,2025-01-12 19:30:00,22
M1,ST1,Robotics,2025-01-12,Blocked,,,2025-01-12 19:48:00,2025-01-12 20:17:00,30
M1,ST1,Robotics,2025-01-12,Blocked,,,2025-01-12 22:07:00,2025-01-12 22:19:00,13
M1,ST1,Robotics,2025-01-12,Blocked,,,2025-01-12 22:57:00,2025-01-12 23:04:00,8
M1,ST1,Robotics,2025-01-12,Blocked,,,2025-01-12 23:08:00,2025-01-12 23:54:00,47
M1,ST1,Robotics,2025-01-13,Blocked,,,2025-01-13 00:17:00,2025-01-13 00:21:00,5
M1,ST1,Robotics,2025-01-13,Blocked,,,2025-01-13 00:29:00,2025-01-13 00:47:00,19
M1,ST1,Robotics,2025-01-13,Blocked,,,2025-01-13 01:07:00,2025-01-13 01:12:00,6
M1,ST1,Robotics,2025-01-13,Blocked,,,2025-01-13 02:13:00,2025-01-13 02:27:00,15
M1,ST1,Robotics,2025-01-13,Blocked,,,2025-01-13 03:17:00,2025-01-13 04:05:00,49
M1,ST1,Robotics,2025-01-13,Blocked,,,2025-01-13 04:12:00,2025-01-13 04:13:00,2
M1,ST1,Robotics,2025-01-13,Blocked,,,2025-01-13 04:54:00,2025-01-13 04:54:00,1
M1,ST1,Robotics,2025-01-13,Blocked,,,2025-01-13 06:24:00,2025-01-13 06:50:00,27
M1,ST1,Robotics,2025-01-13,Blocked,,,2025-01-13 06:54:00,2025-01-13 07:03:00,10
M1,ST1,Robotics,2025-01-13,Blocked,,,2025-01-13 07:13:00,2025-01-13 07:16:00,4
M1,ST1,Robotics,2025-01-13,Blocked,,,2025-01-13 07:20:00,2025-01-13 07:30:00,11
M1,ST1,Robotics,2025-01-13,Blocked,,,2025-01-13 07:52:00,2025-01-13 08:51:00,60
M1,ST1,Robotics,2025-01-13,Blocked,,,2025-01-13 09:02:00,2025-01-13 09:27:00,26
M1,ST1,Robotics,2025-01-13,Blocked,,,2025-01-13 10:38:00,2025-01-13 11:26:00,49
M1,ST1,Robotics,2025-01-13,Blocked,,,2025-01-13 11:30:00,2025-01-13 11:32:00,3
M1,ST1,Robotics,2025-01-13,Blocked,,,2025-01-13 11:43:00,2025-01-13 12:12:00,30
M1,ST1,Robotics,2025-01-13,Blocked,,,2025-01-13 12:17:00,2025-01-13 12:29:00,13
M1,ST1,Robotics,2025-01-13,Blocked,,,2025-01-13 12:33:00,2025-01-13 12:38:00,6
M1,ST1,Robotics,2025-01-13,Blocked,,,2025-01-13 13:12:00,2025-01-13 13:12:00,1
M1,ST1,Robotics,2025-01-13,Blocked,,,2025-01-13 13:47:00,2025-01-13 13:56:00,10
M1,ST1,Robotics,2025-01-13,Blocked,,,2025-01-13 14:24:00,2025-01-13 14:48:00,25
M1,ST1,Robotics,2025-01-13,Blocked,,,2025-01-13 15:14:00,2025-01-13 15:55:00,42
M1,ST1,Robotics,2025-01-13,Blocked,,,2025-01-13 16:25:00,2025-01-13 16:39:00,15
M1,ST1,Robotics,2025-01-13,Blocked,,,2025-01-13 17:38:00,2025-01-13 17:47:00,10
M1,ST1,Robotics,2025-01-13,Blocked,,,2025-01-13 17:55:00,2025-01-13 18:10:00,16
M1,ST1,Robotics,2025-01-13,Blocked,,,2025-01-13 18:46:00,2025-01-13 19:06:00,21
M1,ST1,Robotics,2025-01-13,Blocked,,,2025-01-13 19:15:00,2025-01-13 19:18:00,4
M1,ST1,Robotics,2025-01-13,Blocked,,,2025-01-13 19:39:00,2025-01-13 19:49:00,11
M1,ST1,Robotics,2025-01-13,Blocked,,,2025-01-13 20:32:00,2025-01-13 20:32:00,1
M1,ST1,Robotics,2025-01-13,Blocked,,,2025-01-13 21:26:00,2025-01-13 21:31:00,6
M1,ST1,Robotics,2025-01-13,Blocked,,,2025-01-13 22:44:00,2025-01-13 23:10:00,27
M1,ST1,Robotics,2025-01-13,Blocked,,,2025-01-13 23:16:00,2025-01-13 23:21:00,6
M1,ST1,Robotics,2025-01-14,Blocked,,,2025-01-14 00:11:00,2025-01-14 00:34:00,24
M1,ST1,Robotics,2025-01-14,Blocked,,,2025-01-14 01:55:00,2025-01-14 02:22:00,28
M1,ST1,Robotics,2025-01-14,Blocked,,,2025-01-14 02:26:00,2025-01-14 02:29:00,4
M1,ST1,Robotics,2025-01-14,Blocked,,,2025-01-14 02:33:00,2025-01-14 02:55:00,23
M1,ST1,Robotics,2025-01-14,Blocked,,,2025-01-14 03:10:00,2025-01-14 03:42:00,33
M1,ST1,Robotics,2025-01-14,Blocked,,,2025-01-14 04:02:00,2025-01-14 04:09:00,8
M1,ST1,Robotics,2025-01-14,Blocked,,,2025-01-14 04:13:00,2025-01-14 04:53:00,41
M1,ST1,Robotics,2025-01-14,Blocked,,,2025-01-14 04:57:00,2025-01-14 05:08:00,12
M1,ST1,Robotics,2025-01-14,Blocked,,,2025-01-14 06:31:00,2025-01-14 06:41:00,11
M1,ST1,Robotics,2025-01-14,Blocked,,,2025-01-14 07:17:00,2025-01-14 07:20:00,4
M1,ST1,Robotics,2025-01-14,Blocked,,,2025-01-14 08:34:00,2025-01-14 08:38:00,5
M1,ST1,Robotics,2025-01-14,Blocked,,,2025-01-14 08:45:00,2025-01-14 09:01:00,17
M1,ST1,Robotics,2025-01-14,Blocked,,,2025-01-14 09:42:00,2025-01-14 09:51:00,10
M1,ST1,Robotics,2025-01-14,Blocked,,,2025-01-14 10:03:00,2025-01-14 10:26:00,24
M1,ST1,Robotics,2025-01-14,Blocked,,,2025-01-14 10:34:00,2025-01-14 10:41:00,8
M1,ST1,Robotics,2025-01-14,Blocked,,,2025-01-14 11:07:00,2025-01-14 11:20:00,14
M1,ST1,Robotics,2025-01-14,Blocked,,,2025-01-14 12:12:00,2025-01-14 12:45:00,34
M1,ST1,Robotics,2025-01-14,Blocked,,,2025-01-14 13:23:00,2025-01-14 13:39:00,17
M1,ST1,Robotics,2025-01-14,Blocked,,,2025-01-14 13:41:00,2025-01-14 14:01:00,21
M1,ST1,Robotics,2025-01-14,Blocked,,,2025-01-14 15:44:00,2025-01-14 15:55:00,12
M1,ST1,Robotics,2025-01-14,Blocked,,,2025-01-14 16:15:00,2025-01-14 16:38:00,24
M1,ST1,Robotics,2025-01-14,Blocked,,,2025-01-14 16:45:00,2025-01-14 17:05:00,21
M1,ST1,Robotics,2025-01-14,Blocked,,,2025-01-14 17:09:00,2025-01-14 17:11:00,3
M1,ST1,Robotics,2025-01-14,Blocked,,,2025-01-14 17:47:00,2025-01-14 18:09:00,23
M1,ST1,Robotics,2025-01-14,Blocked,,,2025-01-14 18:26:00,2025-01-14 18:57:00,32
M1,ST1,Robotics,2025-01-14,Blocked,,,2025-01-14 19:03:00,2025-01-14 20:00:00,58
M1,ST1,Robotics,2025-01-14,Blocked,,,2025-01-14 20:04:00,2025-01-14 20:08:00,5
M1,ST1,Robotics,2025-01-14,Blocked,,,2025-01-14 20:29:00,2025-01-14 20:48:00,20
M1,ST1,Robotics,2025-01-14,Blocked,,,2025-01-14 22:12:00,2025-01-14 23:25:00,74
M1,ST1,Robotics,2025-01-14,Blocked,,,2025-01-14 23:49:00,2025-01-15 00:08:00,20
M1,ST1,Robotics,2025-01-15,Blocked,,,2025-01-15 00:18:00,2025-01-15 01:05:00,48
M1,ST1,Robotics,2025-01-15,Blocked,,,2025-01-15 01:38:00,2025-01-15 01:38:00,1
M1,ST1,Robotics,2025-01-15,Blocked,,,2025-01-15 01:57:00,2025-01-15 02:01:00,5
M1,ST1,Robotics,2025-01-15,Blocked,,,2025-01-15 02:04:00,2025-01-15 02:04:00,1
M1,ST1,Robotics,2025-01-15,Blocked,,,2025-01-15 02:40:00,2025-01-15 02:52:00,13
M1,ST1,Robotics,2025-01-15,Blocked,,,2025-01-15 03:42:00,2025-01-15 03:46:00,5
M1,ST1,Robotics,2025-01-15,Blocked,,,2025-01-15 03:52:00,2025-01-15 04:08:00,17
M1,ST1,Robotics,2025-01-15,Blocked,,,2025-01-15 04:17:00,2025-01-15 04:23:00,7
M1,ST1,Robotics,2025-01-15,Blocked,,,2025-01-15 04:42:00,2025-01-15 04:45:00,4
M1,ST1,Robotics,2025-01-15,Blocked,,,2025-01-15 05:33:00,2025-01-15 05:44:00,12
M1,ST1,Robotics,2025-01-15,Blocked,,,2025-01-15 05:52:00,2025-01-15 06:11:00,20
M1,ST1,Robotics,2025-01-15,Blocked,,,2025-01-15 06:19:00,2025-01-15 06:41:00,23
M1,ST1,Robotics,2025-01-15,Blocked,,,2025-01-15 07:38:00,2025-01-15 08:01:00,24
M1,ST1,Robotics,2025-01-15,Blocked,,,2025-01-15 08:07:00,2025-01-15 08:09:00,3
M1,ST1,Robotics,2025-01-15,Blocked,,,2025-01-15 09:00:00,2025-01-15 09:10:00,11
M1,ST1,Robotics,2025-01-15,Blocked,,,2025-01-15 09:14:00,2025-01-15 09:16:00,3
M1,ST1,Robotics,2025-01-15,Blocked,,,2025-01-15 09:58:00,2025-01-15 10:27:00,30
M1,ST1,Robotics,2025-01-15,Blocked,,,2025-01-15 10:53:00,2025-01-15 10:57:00,5
M1,ST1,Robotics,2025-01-15,Blocked,,,2025-01-15 12:02:00,2025-01-15 12:16:00,15
M1,ST1,Robotics,2025-01-15,Blocked,,,2025-01-15 13:06:00,2025-01-15 13:06:00,1
M1,ST1,Robotics,2025-01-15,Blocked,,,2025-01-15 13:11:00,2025-01-15 13:18:00,8
M1,ST1,Robotics,2025-01-15,Blocked,,,2025-01-15 13:51:00,2025-01-15 14:01:00,11
M1,ST1,Robotics,2025-01-15,Blocked,,,2025-01-15 14:47:00,2025-01-15 15:18:00,32
M1,ST1,Robotics,2025-01-15,Blocked,,,2025-01-15 15:20:00,2025-01-15 15:25:00,6
M1,ST1,Robotics,2025-01-15,Blocked,,,2025-01-15 15:44:00,2025-01-15 15:59:00,16
M1,ST1,Robotics,2025-01-15,Blocked,,,2025-01-15 16:02:00,2025-01-15 16:05:00,4
M1,ST1,Robotics,2025-01-15,Blocked,,,2025-01-15 16:07:00,2025-01-15 16:33:00,27
M1,ST1,Robotics,2025-01-15,Blocked,,,2025-01-15 16:38:00,2025-01-15 17:02:00,25
M1,ST1,Robotics,2025-01-15,Blocked,,,2025-01-15 17:16:00,2025-01-15 17:47:00,32
M1,ST1,Robotics,2025-01-15,Blocked,,,2025-01-15 17:52:00,2025-01-15 18:13:00,22
M1,ST1,Robotics,2025-01-15,Blocked,,,2025-01-15 18:57:00,2025-01-15 19:17:00,21
M1,ST1,Robotics,2025-01-15,Blocked,,,2025-01-15 20:11:00,2025-01-15 20:17:00,7
M1,ST1,Robotics,2025-01-15,Blocked,,,2025-01-15 20:57:00,2025-01-15 21:16:00,20
M1,ST1,Robotics,2025-01-15,Blocked,,,2025-01-15 22:07:00,2025-01-15 22:20:00,14
M1,ST1,Robotics,2025-01-15,Blocked,,,2025-01-15 22:29:00,2025-01-15 22:36:00,8
M1,ST1,Robotics,2025-01-15,Blocked,,,2025-01-15 22:40:00,2025-01-15 22:54:00,15
M1,ST1,Robotics,2025-01-15,Blocked,,,2025-01-15 23:55:00,2025-01-16 00:18:00,24
M1,ST1,Robotics,2025-01-16,Blocked,,,2025-01-16 00:47:00,2025-01-16 01:15:00,29
M1,ST1,Robotics,2025-01-16,Blocked,,,2025-01-16 01:25:00,2025-01-16 01:58:00,34
M1,ST1,Robotics,2025-01-16,Blocked,,,2025-01-16 02:05:00,2025-01-16 02:23:00,19
M1,ST1,Robotics,2025-01-16,Blocked,,,2025-01-16 02:29:00,2025-01-16 02:32:00,4
M1,ST1,Robotics,2025-01-16,Blocked,,,2025-01-16 02:44:00,2025-01-16 03:02:00,19
M1,ST1,Robotics,2025-01-16,Blocked,,,2025-01-16 03:07:00,2025-01-16 03:09:00,3
M1,ST1,Robotics,2025-01-16,Blocked,,,2025-01-16 03:50:00,2025-01-16 04:34:00,45
M1,ST1,Robotics,2025-01-16,Blocked,,,2025-01-16 05:09:00,2025-01-16 05:17:00,9
M1,ST1,Robotics,2025-01-16,Blocked,,,2025-01-16 05:51:00,2025-01-16 06:20:00,30
M1,ST1,Robotics,2025-01-16,Blocked,,,2025-01-16 06:47:00,2025-01-16 07:08:00,22
M1,ST1,Robotics,2025-01-16,Blocked,,,2025-01-16 07:17:00,2025-01-16 07:23:00,7
M1,ST1,Robotics,2025-01-16,Blocked,,,2025-01-16 07:25:00,2025-01-16 07:58:00,34
M1,ST1,Robotics,2025-01-16,Blocked,,,2025-01-16 08:56:00,2025-01-16 09:05:00,10
M1,ST1,Robotics,2025-01-16,Blocked,,,2025-01-16 09:39:00,2025-01-16 09:39:00,1
M1,ST1,Robotics,2025-01-16,Blocked,,,2025-01-16 10:29:00,2025-01-16 10:55:00,27
M1,ST1,Robotics,2025-01-16,Blocked,,,2025-01-16 11:03:00,2025-01-16 11:33:00,31
M1,ST1,Robotics,2025-01-16,Blocked,,,2025-01-16 11:41:00,2025-01-16 11:47:00,7
M1,ST1,Robotics,2025-01-16,Blocked,,,2025-01-16 12:03:00,2025-01-16 12:04:00,2
M1,ST1,Robotics,2025-01-16,Blocked,,,2025-01-16 13:11:00,2025-01-16 13:22:00,12
M1,ST1,Robotics,2025-01-16,Blocked,,,2025-01-16 13:26:00,2025-01-16 13:51:00,26
M1,ST1,Robotics,2025-01-16,Blocked,,,2025-01-16 13:56:00,2025-01-16 13:56:00,1
M1,ST1,Robotics,2025-01-16,Blocked,,,2025-01-16 14:26:00,2025-01-16 14:58:00,33
M1,ST1,Robotics,2025-01-16,Blocked,,,2025-01-16 15:26:00,2025-01-16 15:31:00,6
M1,ST1,Robotics,2025-01-16,Blocked,,,2025-01-16 15:37:00,2025-01-16 15:50:00,14
M1,ST1,Robotics,2025-01-16,Blocked,,,2025-01-16 15:53:00,2025-01-16 15:59:00,7
M1,ST1,Robotics,2025-01-16,Blocked,,,2025-01-16 16:02:00,2025-01-16 16:23:00,22
M1,ST1,Robotics,2025-01-16,Blocked,,,2025-01-16 16:27:00,2025-01-16 16:38:00,12
M1,ST1,Robotics,2025-01-16,Blocked,,,2025-01-16 16:52:00,2025-01-16 17:21:00,30
M1,ST1,Robotics,2025-01-16,Blocked,,,2025-01-16 17:31:00,2025-01-16 17:45:00,15
M1,ST1,Robotics,2025-01-16,Blocked,,,2025-01-16 18:56:00,2025-01-16 19:03:00,8
M1,ST1,Robotics,2025-01-16,Blocked,,,2025-01-16 19:21:00,2025-01-16 19:49:00,29
M1,ST1,Robotics,2025-01-16,Blocked,,,2025-01-16 20:16:00,2025-01-16 20:38:00,23
M1,ST1,Robotics,2025-01-16,Blocked,,,2025-01-16 20:49:00,2025-01-16 20:50:00,2
M1,ST1,Robotics,2025-01-16,Blocked,,,2025-01-16 21:03:00,2025-01-16 21:39:00,37
M1,ST1,Robotics,2025-01-16,Blocked,,,2025-01-16 21:53:00,2025-01-16 21:58:00,6
M1,ST1,Robotics,2025-01-16,Blocked,,,2025-01-16 23:05:00,2025-01-16 23:06:00,2
M1,ST1,Robotics,2025-01-16,Blocked,,,2025-01-16 23:15:00,2025-01-16 23:24:00,10
M1,ST1,Robotics,2025-01-16,Blocked,,,2025-01-16 23:45:00,2025-01-17 00:08:00,24
M1,ST1,Robotics,2025-01-17,Blocked,,,2025-01-17 00:12:00,2025-01-17 00:15:00,4
M1,ST1,Robotics,2025-01-17,Blocked,,,2025-01-17 00:23:00,2025-01-17 00:27:00,5
M1,ST1,Robotics,2025-01-17,Blocked,,,2025-01-17 00:29:00,2025-01-17 00:35:00,7
M1,ST1,Robotics,2025-01-17,Blocked,,,2025-01-17 01:51:00,2025-01-17 02:26:00,36
M1,ST1,Robotics,2025-01-17,Blocked,,,2025-01-17 02:34:00,2025-01-17 02:51:00,18
M1,ST1,Robotics,2025-01-17,Blocked,,,2025-01-17 04:10:00,2025-01-17 04:33:00,24
M1,ST1,Robotics,2025-01-17,Blocked,,,2025-01-17 05:32:00,2025-01-17 05:48:00,17
M1,ST1,Robotics,2025-01-17,Blocked,,,2025-01-17 06:10:00,2025-01-17 07:02:00,53
M1,ST1,Robotics,2025-01-17,Blocked,,,2025-01-17 07:06:00,2025-01-17 07:25:00,20
M1,ST1,Robotics,2025-01-17,Blocked,,,2025-01-17 08:52:00,2025-01-17 09:15:00,24
M1,ST1,Robotics,2025-01-17,Blocked,,,2025-01-17 09:31:00,2025-01-17 10:05:00,35
M1,ST1,Robotics,2025-01-17,Blocked,,,2025-01-17 11:09:00,2025-01-17 11:29:00,21
M1,ST1,Robotics,2025-01-17,Blocked,,,2025-01-17 12:21:00,2025-01-17 12:50:00,30
M1,ST1,Robotics,2025-01-17,Blocked,,,2025-01-17 12:54:00,2025-01-17 12:57:00,4
M1,ST1,Robotics,2025-01-17,Blocked,,,2025-01-17 13:14:00,2025-01-17 13:17:00,4
M1,ST1,Robotics,2025-01-17,Blocked,,,2025-01-17 14:26:00,2025-01-17 14:34:00,9
M1,ST1,Robotics,2025-01-17,Blocked,,,2025-01-17 14:43:00,2025-01-17 15:18:00,36
M1,ST1,Robotics,2025-01-17,Blocked,,,2025-01-17 16:46:00,2025-01-17 17:05:00,20
M1,ST1,Robotics,2025-01-17,Blocked,,,2025-01-17 17:20:00,2025-01-17 17:45:00,26
M1,ST1,Robotics,2025-01-17,Blocked,,,2025-01-17 17:53:00,2025-01-17 18:01:00,9
M1,ST1,Robotics,2025-01-17,Blocked,,,2025-01-17 18:45:00,2025-01-17 19:15:00,31
M1,ST1,Robotics,2025-01-17,Blocked,,,2025-01-17 19:19:00,2025-01-17 19:33:00,15
M1,ST1,Robotics,2025-01-17,Blocked,,,2025-01-17 19:56:00,2025-01-17 20:13:00,18
M1,ST1,Robotics,2025-01-17,Blocked,,,2025-01-17 20:26:00,2025-01-17 20:55:00,30
M1,ST1,Robotics,2025-01-17,Blocked,,,2025-01-17 21:57:00,2025-01-17 22:33:00,37
M1,ST1,Robotics,2025-01-17,Blocked,,,2025-01-17 22:54:00,2025-01-17 23:00:00,7
M1,ST1,Robotics,2025-01-17,Blocked,,,2025-01-17 23:36:00,2025-01-17 23:52:00,17
M1,ST1,Robotics,2025-01-17,Blocked,,,2025-01-17 23:59:00,2025-01-18 00:38:00,40
M1,ST1,Robotics,2025-01-18,Blocked,,,2025-01-18 01:35:00,2025-01-18 01:54:00,20
M1,ST1,Robotics,2025-01-18,Blocked,,,2025-01-18 03:23:00,2025-01-18 03:42:00,20
M1,ST1,Robotics,2025-01-18,Blocked,,,2025-01-18 03:46:00,2025-01-18 03:50:00,5
M1,ST1,Robotics,2025-01-18,Blocked,,,2025-01-18 03:59:00,2025-01-18 04:35:00,37
M1,ST1,Robotics,2025-01-18,Blocked,,,2025-01-18 04:53:00,2025-01-18 05:26:00,34
M1,ST1,Robotics,2025-01-18,Blocked,,,2025-01-18 05:43:00,2025-01-18 06:08:00,26
M1,ST1,Robotics,2025-01-18,Blocked,,,2025-01-18 06:17:00,2025-01-18 06:17:00,1
M1,ST1,Robotics,2025-01-18,Blocked,,,2025-01-18 06:28:00,2025-01-18 06:31:00,4
M1,ST1,Robotics,2025-01-18,Blocked,,,2025-01-18 07:07:00,2025-01-18 07:10:00,4
M1,ST1,Robotics,2025-01-18,Blocked,,,2025-01-18 07:23:00,2025-01-18 07:27:00,5
M1,ST1,Robotics,2025-01-18,Blocked,,,2025-01-18 07:35:00,2025-01-18 07:55:00,21
M1,ST1,Robotics,2025-01-18,Blocked,,,2025-01-18 07:59:00,2025-01-18 08:00:00,2
M1,ST1,Robotics,2025-01-18,Blocked,,,2025-01-18 08:29:00,2025-01-18 08:42:00,14
M1,ST1,Robotics,2025-01-18,Blocked,,,2025-01-18 09:53:00,2025-01-18 10:40:00,48
M1,ST1,Robotics,2025-01-18,Blocked,,,2025-01-18 10:57:00,2025-01-18 11:24:00,28
M1,ST1,Robotics,2025-01-18,Blocked,,,2025-01-18 11:51:00,2025-01-18 12:04:00,14
M1,ST1,Robotics,2025-01-18,Blocked,,,2025-01-18 12:16:00,2025-01-18 12:19:00,4
M1,ST1,Robotics,2025-01-18,Blocked,,,2025-01-18 13:12:00,2025-01-18 13:22:00,11
M1,ST1,Robotics,2025-01-18,Blocked,,,2025-01-18 14:54:00,2025-01-18 15:08:00,15
M1,ST1,Robotics,2025-01-18,Blocked,,,2025-01-18 16:21:00,2025-01-18 16:53:00,33
M1,ST1,Robotics,2025-01-18,Blocked,,,2025-01-18 17:19:00,2025-01-18 17:30:00,12
M1,ST1,Robotics,2025-01-18,Blocked,,,2025-01-18 18:17:00,2025-01-18 18:24:00,8
M1,ST1,Robotics,2025-01-18,Blocked,,,2025-01-18 18:26:00,2025-01-18 18:51:00,26
M1,ST1,Robotics,2025-01-18,Blocked,,,2025-01-18 19:06:00,2025-01-18 19:50:00,45
M1,ST1,Robotics,2025-01-18,Blocked,,,2025-01-18 20:46:00,2025-01-18 20:46:00,1
M1,ST1,Robotics,2025-01-18,Blocked,,,2025-01-18 21:00:00,2025-01-18 21:29:00,30
M1,ST1,Robotics,2025-01-18,Blocked,,,2025-01-18 22:18:00,2025-01-18 22:22:00,5
M1,ST1,Robotics,2025-01-18,Blocked,,,2025-01-18 22:32:00,2025-01-18 22:40:00,9
M1,ST1,Robotics,2025-01-18,Blocked,,,2025-01-18 23:26:00,2025-01-18 23:44:00,19
M1,ST1,Robotics,2025-01-19,Blocked,,,2025-01-19 00:12:00,2025-01-19 00:16:00,5
M1,ST1,Robotics,2025-01-19,Blocked,,,2025-01-19 00:20:00,2025-01-19 00:35:00,16
M1,ST1,Robotics,2025-01-19,Blocked,,,2025-01-19 02:06:00,2025-01-19 02:24:00,19
M1,ST1,Robotics,2025-01-19,Blocked,,,2025-01-19 03:04:00,2025-01-19 03:20:00,17
M1,ST1,Robotics,2025-01-19,Blocked,,,2025-01-19 03:23:00,2025-01-19 03:27:00,5
M1,ST1,Robotics,2025-01-19,Blocked,,,2025-01-19 04:30:00,2025-01-19 04:35:00,6
M1,ST1,Robotics,2025-01-19,Blocked,,,2025-01-19 04:47:00,2025-01-19 05:19:00,33
M1,ST1,Robotics,2025-01-19,Blocked,,,2025-01-19 05:25:00,2025-01-19 05:26:00,2
M1,ST1,Robotics,2025-01-19,Blocked,,,2025-01-19 05:47:00,2025-01-19 05:50:00,4
M1,ST1,Robotics,2025-01-19,Blocked,,,2025-01-19 06:37:00,2025-01-19 06:49:00,13
M1,ST1,Robotics,2025-01-19,Blocked,,,2025-01-19 06:53:00,2025-01-19 06:53:00,1
M1,ST1,Robotics,2025-01-19,Blocked,,,2025-01-19 08:21:00,2025-01-19 08:55:00,35
M1,ST1,Robotics,2025-01-19,Blocked,,,2025-01-19 09:59:00,2025-01-19 10:02:00,4
M1,ST1,Robotics,2025-01-19,Blocked,,,2025-01-19 11:28:00,2025-01-19 11:46:00,19
M1,ST1,Robotics,2025-01-19,Blocked,,,2025-01-19 11:51:00,2025-01-19 12:23:00,33
M1,ST1,Robotics,2025-01-19,Blocked,,,2025-01-19 12:41:00,2025-01-19 13:16:00,36
M1,ST1,Robotics,2025-01-19,Blocked,,,2025-01-19 13:24:00,2025-01-19 13:39:00,16
M1,ST1,Robotics,2025-01-19,Blocked,,,2025-01-19 14:32:00,2025-01-19 14:33:00,2
M1,ST1,Robotics,2025-01-19,Blocked,,,2025-01-19 14:55:00,2025-01-19 15:07:00,13
M1,ST1,Robotics,2025-01-19,Blocked,,,2025-01-19 15:11:00,2025-01-19 15:44:00,34
M1,ST1,Robotics,2025-01-19,Blocked,,,2025-01-19 16:16:00,2025-01-19 16:44:00,29
M1,ST1,Robotics,2025-01-19,Blocked,,,2025-01-19 17:35:00,2025-01-19 17:48:00,14
M1,ST1,Robotics,2025-01-19,Blocked,,,2025-01-19 18:19:00,2025-01-19 18:32:00,14
M1,ST1,Robotics,2025-01-19,Blocked,,,2025-01-19 18:37:00,2025-01-19 19:12:00,36
M1,ST1,Robotics,2025-01-19,Blocked,,,2025-01-19 19:16:00,2025-01-19 19:27:00,12
M1,ST1,Robotics,2025-01-19,Blocked,,,2025-01-19 20:09:00,2025-01-19 20:49:00,41
M1,ST1,Robotics,2025-01-19,Blocked,,,2025-01-19 21:46:00,2025-01-19 21:58:00,13
M1,ST1,Robotics,2025-01-19,Blocked,,,2025-01-19 22:10:00,2025-01-19 22:44:00,35
M1,ST1,Robotics,2025-01-19,Blocked,,,2025-01-19 23:34:00,2025-01-19 23:51:00,18
M1,ST1,Robotics,2025-01-20,Blocked,,,2025-01-20 00:23:00,2025-01-20 00:37:00,15
M1,ST1,Robotics,2025-01-20,Blocked,,,2025-01-20 01:59:00,2025-01-20 02:26:00,28
M1,ST1,Robotics,2025-01-20,Blocked,,,2025-01-20 02:30:00,2025-01-20 03:07:00,38
M1,ST1,Robotics,2025-01-20,Blocked,,,2025-01-20 03:44:00,2025-01-20 03:55:00,12
M1,ST1,Robotics,2025-01-20,Blocked,,,2025-01-20 05:00:00,2025-01-20 05:20:00,21
M1,ST1,Robotics,2025-01-20,Blocked,,,2025-01-20 05:44:00,2025-01-20 06:36:00,53
M1,ST1,Robotics,2025-01-20,Blocked,,,2025-01-20 07:28:00,2025-01-20 07:57:00,30
M1,ST1,Robotics,2025-01-20,Blocked,,,2025-01-20 08:26:00,2025-01-20 08:44:00,19
M1,ST1,Robotics,2025-01-20,Blocked,,,2025-01-20 08:48:00,2025-01-20 09:25:00,38
M1,ST1,Robotics,2025-01-20,Blocked,,,2025-01-20 09:38:00,2025-01-20 10:19:00,42
M1,ST1,Robotics,2025-01-20,Blocked,,,2025-01-20 10:45:00,2025-01-20 10:57:00,13
M1,ST1,Robotics,2025-01-20,Blocked,,,2025-01-20 11:12:00,2025-01-20 11:14:00,3
M1,ST1,Robotics,2025-01-20,Blocked,,,2025-01-20 11:34:00,2025-01-20 11:40:00,7
M1,ST1,Robotics,2025-01-20,Blocked,,,2025-01-20 12:24:00,2025-01-20 12:39:00,16
M1,ST1,Robotics,2025-01-20,Blocked,,,2025-01-20 13:07:00,2025-01-20 13:15:00,9
M1,ST1,Robotics,2025-01-20,Blocked,,,2025-01-20 13:19:00,2025-01-20 13:34:00,16
M1,ST1,Robotics,2025-01-20,Blocked,,,2025-01-20 13:59:00,2025-01-20 14:59:00,61
M1,ST1,Robotics,2025-01-20,Blocked,,,2025-01-20 15:44:00,2025-01-20 16:12:00,29
M1,ST1,Robotics,2025-01-20,Blocked,,,2025-01-20 17:11:00,2025-01-20 17:28:00,18
M1,ST1,Robotics,2025-01-20,Blocked,,,2025-01-20 18:27:00,2025-01-20 18:48:00,22
M1,ST1,Robotics,2025-01-20,Blocked,,,2025-01-20 19:27:00,2025-01-20 19:54:00,28
M1,ST1,Robotics,2025-01-20,Blocked,,,2025-01-20 19:58:00,2025-01-20 20:06:00,9
M1,ST1,Robotics,2025-01-20,Blocked,,,2025-01-20 20:18:00,2025-01-20 20:26:00,9
M1,ST1,Robotics,2025-01-20,Blocked,,,2025-01-20 22:20:00,2025-01-20 22:59:00,40
M1,ST1,Robotics,2025-01-20,Blocked,,,2025-01-20 23:18:00,2025-01-20 23:42:00,25
M1,ST1,Robotics,2025-01-20,Blocked,,,2025-01-20 23:46:00,2025-01-21 00:23:00,38
M1,ST1,Robotics,2025-01-21,Blocked,,,2025-01-21 00:44:00,2025-01-21 01:31:00,48
M1,ST1,Robotics,2025-01-21,Blocked,,,2025-01-21 03:10:00,2025-01-21 03:11:00,2
M1,ST1,Robotics,2025-01-21,Blocked,,,2025-01-21 03:29:00,2025-01-21 04:16:00,48
M1,ST1,Robotics,2025-01-21,Blocked,,,2025-01-21 04:20:00,2025-01-21 04:26:00,7
M1,ST1,Robotics,2025-01-21,Blocked,,,2025-01-21 04:36:00,2025-01-21 04:43:00,8
M1,ST1,Robotics,2025-01-21,Blocked,,,2025-01-21 04:50:00,2025-01-21 05:15:00,26
M1,ST1,Robotics,2025-01-21,Blocked,,,2025-01-21 05:20:00,2025-01-21 05:21:00,2
M1,ST1,Robotics,2025-01-21,Blocked,,,2025-01-21 06:37:00,2025-01-21 06:54:00,18
M1,ST1,Robotics,2025-01-21,Blocked,,,2025-01-21 07:19:00,2025-01-21 07:39:00,21
M1,ST1,Robotics,2025-01-21,Blocked,,,2025-01-21 08:20:00,2025-01-21 08:32:00,13
M1,ST1,Robotics,2025-01-21,Blocked,,,2025-01-21 10:59:00,2025-01-21 11:07:00,9
M1,ST1,Robotics,2025-01-21,Blocked,,,2025-01-21 11:11:00,2025-01-21 11:30:00,20
M1,ST1,Robotics,2025-01-21,Blocked,,,2025-01-21 11:34:00,2025-01-21 11:39:00,6
M1,ST1,Robotics,2025-01-21,Blocked,,,2025-01-21 11:42:00,2025-01-21 11:58:00,17
M1,ST1,Robotics,2025-01-21,Blocked,,,2025-01-21 12:03:00,2025-01-21 12:20:00,18
M1,ST1,Robotics,2025-01-21,Blocked,,,2025-01-21 12:46:00,2025-01-21 12:52:00,7
M1,ST1,Robotics,2025-01-21,Blocked,,,2025-01-21 12:57:00,2025-01-21 13:11:00,15
M1,ST1,Robotics,2025-01-21,Blocked,,,2025-01-21 13:48:00,2025-01-21 14:10:00,23
M1,ST1,Robotics,2025-01-21,Blocked,,,2025-01-21 14:18:00,2025-01-21 14:28:00,11
M1,ST1,Robotics,2025-01-21,Blocked,,,2025-01-21 14:31:00,2025-01-21 14:37:00,7
M1,ST1,Robotics,2025-01-21,Blocked,,,2025-01-21 14:52:00,2025-01-21 15:14:00,23
M1,ST1,Robotics,2025-01-21,Blocked,,,2025-01-21 15:58:00,2025-01-21 15:58:00,1
M1,ST1,Robotics,2025-01-21,Blocked,,,2025-01-21 16:04:00,2025-01-21 16:47:00,44
M1,ST1,Robotics,2025-01-21,Blocked,,,2025-01-21 17:34:00,2025-01-21 17:44:00,11
M1,ST1,Robotics,2025-01-21,Blocked,,,2025-01-21 17:55:00,2025-01-21 18:02:00,8
M1,ST1,Robotics,2025-01-21,Blocked,,,2025-01-21 18:46:00,2025-01-21 19:20:00,35
M1,ST1,Robotics,2025-01-21,Blocked,,,2025-01-21 19:22:00,2025-01-21 19:23:00,2
M1,ST1,Robotics,2025-01-21,Blocked,,,2025-01-21 19:53:00,2025-01-21 20:05:00,13
M1,ST1,Robotics,2025-01-21,Blocked,,,2025-01-21 21:14:00,2025-01-21 21:34:00,21
M1,ST1,Robotics,2025-01-21,Blocked,,,2025-01-21 22:23:00,2025-01-21 22:34:00,12
M1,ST1,Robotics,2025-01-21,Blocked,,,2025-01-21 22:50:00,2025-01-21 23:12:00,23
M1,ST1,Robotics,2025-01-21,Blocked,,,2025-01-21 23:18:00,2025-01-21 23:32:00,15
M1,ST1,Robotics,2025-01-22,Blocked,,,2025-01-22 00:05:00,2025-01-22 00:07:00,3
M1,ST1,Robotics,2025-01-22,Blocked,,,2025-01-22 00:43:00,2025-01-22 01:09:00,27
M1,ST1,Robotics,2025-01-22,Blocked,,,2025-01-22 01:15:00,2025-01-22 01:32:00,18
M1,ST1,Robotics,2025-01-22,Blocked,,,2025-01-22 01:52:00,2025-01-22 02:44:00,53
M1,ST1,Robotics,2025-01-22,Blocked,,,2025-01-22 03:34:00,2025-01-22 03:38:00,5
M1,ST1,Robotics,2025-01-22,Blocked,,,2025-01-22 03:57:00,2025-01-22 04:39:00,43
M1,ST1,Robotics,2025-01-22,Blocked,,,2025-01-22 04:54:00,2025-01-22 05:26:00,33
M1,ST1,Robotics,2025-01-22,Blocked,,,2025-01-22 05:36:00,2025-01-22 05:38:00,3
M1,ST1,Robotics,2025-01-22,Blocked,,,2025-01-22 05:58:00,2025-01-22 06:05:00,8
M1,ST1,Robotics,2025-01-22,Blocked,,,2025-01-22 06:33:00,2025-01-22 06:38:00,6
M1,ST1,Robotics,2025-01-22,Blocked,,,2025-01-22 07:07:00,2025-01-22 08:17:00,71
M1,ST1,Robotics,2025-01-22,Blocked,,,2025-01-22 08:28:00,2025-01-22 08:28:00,1
M1,ST1,Robotics,2025-01-22,Blocked,,,2025-01-22 09:34:00,2025-01-22 09:36:00,3
M1,ST1,Robotics,2025-01-22,Blocked,,,2025-01-22 10:31:00,2025-01-22 10:46:00,16
M1,ST1,Robotics,2025-01-22,Blocked,,,2025-01-22 11:43:00,2025-01-22 11:49:00,7
M1,ST1,Robotics,2025-01-22,Blocked,,,2025-01-22 13:00:00,2025-01-22 13:01:00,2
M1,ST1,Robotics,2025-01-22,Blocked,,,2025-01-22 13:52:00,2025-01-22 14:09:00,18
M1,ST1,Robotics,2025-01-22,Blocked,,,2025-01-22 14:24:00,2025-01-22 14:25:00,2
M1,ST1,Robotics,2025-01-22,Blocked,,,2025-01-22 14:31:00,2025-01-22 14:40:00,10
M1,ST1,Robotics,2025-01-22,Blocked,,,2025-01-22 14:44:00,2025-01-22 15:03:00,20
M1,ST1,Robotics,2025-01-22,Blocked,,,2025-01-22 15:20:00,2025-01-22 15:53:00,34
M1,ST1,Robotics,2025-01-22,Blocked,,,2025-01-22 17:20:00,2025-01-22 17:55:00,36
M1,ST1,Robotics,2025-01-22,Blocked,,,2025-01-22 18:01:00,2025-01-22 18:29:00,29
M1,ST1,Robotics,2025-01-22,Blocked,,,2025-01-22 18:40:00,2025-01-22 18:53:00,14
M1,ST1,Robotics,2025-01-22,Blocked,,,2025-01-22 19:29:00,2025-01-22 19:44:00,16
M1,ST1,Robotics,2025-01-22,Blocked,,,2025-01-22 19:54:00,2025-01-22 20:27:00,34
M1,ST1,Robotics,2025-01-22,Blocked,,,2025-01-22 20:31:00,2025-01-22 20:54:00,24
M1,ST1,Robotics,2025-01-22,Blocked,,,2025-01-22 20:58:00,2025-01-22 20:58:00,1
M1,ST1,Robotics,2025-01-22,Blocked,,,2025-01-22 21:26:00,2025-01-22 22:05:00,40
M1,ST1,Robotics,2025-01-22,Blocked,,,2025-01-22 22:16:00,2025-01-22 22:17:00,2
M1,ST1,Robotics,2025-01-22,Blocked,,,2025-01-22 22:21:00,2025-01-22 22:47:00,27
M1,ST1,Robotics,2025-01-23,Blocked,,,2025-01-23 00:03:00,2025-01-23 00:05:00,3
M1,ST1,Robotics,2025-01-23,Blocked,,,2025-01-23 00:13:00,2025-01-23 00:17:00,5
M1,ST1,Robotics,2025-01-23,Blocked,,,2025-01-23 00:35:00,2025-01-23 00:59:00,25
M1,ST1,Robotics,2025-01-23,Blocked,,,2025-01-23 01:04:00,2025-01-23 01:57:00,54
M1,ST1,Robotics,2025-01-23,Blocked,,,2025-01-23 02:02:00,2025-01-23 02:16:00,15
M1,ST1,Robotics,2025-01-23,Blocked,,,2025-01-23 02:19:00,2025-01-23 02:28:00,10
M1,ST1,Robotics,2025-01-23,Blocked,,,2025-01-23 02:56:00,2025-01-23 03:00:00,5
M1,ST1,Robotics,2025-01-23,Blocked,,,2025-01-23 04:03:00,2025-01-23 04:24:00,22
M1,ST1,Robotics,2025-01-23,Blocked,,,2025-01-23 04:41:00,2025-01-23 04:50:00,10
M1,ST1,Robotics,2025-01-23,Blocked,,,2025-01-23 04:56:00,2025-01-23 05:10:00,15
M1,ST1,Robotics,2025-01-23,Blocked,,,2025-01-23 05:43:00,2025-01-23 05:44:00,2
M1,ST1,Robotics,2025-01-23,Blocked,,,2025-01-23 05:48:00,2025-01-23 05:48:00,1
M1,ST1,Robotics,2025-01-23,Blocked,,,2025-01-23 05:55:00,2025-01-23 05:55:00,1
M1,ST1,Robotics,2025-01-23,Blocked,,,2025-01-23 07:15:00,2025-01-23 07:48:00,34
M1,ST1,Robotics,2025-01-23,Blocked,,,2025-01-23 08:00:00,2025-01-23 08:00:00,1
M1,ST1,Robotics,2025-01-23,Blocked,,,2025-01-23 08:04:00,2025-01-23 08:05:00,2
M1,ST1,Robotics,2025-01-23,Blocked,,,2025-01-23 09:00:00,2025-01-23 09:26:00,27
M1,ST1,Robotics,2025-01-23,Blocked,,,2025-01-23 09:33:00,2025-01-23 09:36:00,4
M1,ST1,Robotics,2025-01-23,Blocked,,,2025-01-23 10:00:00,2025-01-23 10:22:00,23
M1,ST1,Robotics,2025-01-23,Blocked,,,2025-01-23 10:53:00,2025-01-23 11:16:00,24
M1,ST1,Robotics,2025-01-23,Blocked,,,2025-01-23 11:22:00,2025-01-23 11:27:00,6
M1,ST1,Robotics,2025-01-23,Blocked,,,2025-01-23 12:23:00,2025-01-23 13:06:00,44
M1,ST1,Robotics,2025-01-23,Blocked,,,2025-01-23 13:57:00,2025-01-23 14:02:00,6
M1,ST1,Robotics,2025-01-23,Blocked,,,2025-01-23 14:40:00,2025-01-23 14:57:00,18
M1,ST1,Robotics,2025-01-23,Blocked,,,2025-01-23 15:25:00,2025-01-23 16:04:00,40
M1,ST1,Robotics,2025-01-23,Blocked,,,2025-01-23 17:06:00,2025-01-23 17:25:00,20
M1,ST1,Robotics,2025-01-23,Blocked,,,2025-01-23 17:45:00,2025-01-23 18:04:00,20
M1,ST1,Robotics,2025-01-23,Blocked,,,2025-01-23 18:45:00,2025-01-23 18:58:00,14
M1,ST1,Robotics,2025-01-23,Blocked,,,2025-01-23 19:02:00,2025-01-23 19:06:00,5
M1,ST1,Robotics,2025-01-23,Blocked,,,2025-01-23 20:52:00,2025-01-23 21:18:00,27
M1,ST1,Robotics,2025-01-23,Blocked,,,2025-01-23 21:32:00,2025-01-23 21:42:00,11
M1,ST1,Robotics,2025-01-23,Blocked,,,2025-01-23 22:03:00,2025-01-23 22:17:00,15
M1,ST1,Robotics,2025-01-23,Blocked,,,2025-01-23 22:31:00,2025-01-23 23:21:00,51
M1,ST1,Robotics,2025-01-24,Blocked,,,2025-01-24 01:00:00,2025-01-24 01:43:00,44
M1,ST1,Robotics,2025-01-24,Blocked,,,2025-01-24 02:23:00,2025-01-24 02:26:00,4
M1,ST1,Robotics,2025-01-24,Blocked,,,2025-01-24 04:18:00,2025-01-24 04:39:00,22
M1,ST1,Robotics,2025-01-24,Blocked,,,2025-01-24 04:48:00,2025-01-24 05:06:00,19
M1,ST1,Robotics,2025-01-24,Blocked,,,2025-01-24 05:12:00,2025-01-24 05:31:00,20
M1,ST1,Robotics,2025-01-24,Blocked,,,2025-01-24 06:24:00,2025-01-24 06:38:00,15
M1,ST1,Robotics,2025-01-24,Blocked,,,2025-01-24 07:04:00,2025-01-24 07:13:00,10
M1,ST1,Robotics,2025-01-24,Blocked,,,2025-01-24 08:06:00,2025-01-24 08:34:00,29
M1,ST1,Robotics,2025-01-24,Blocked,,,2025-01-24 09:18:00,2025-01-24 09:21:00,4
M1,ST1,Robotics,2025-01-24,Blocked,,,2025-01-24 10:14:00,2025-01-24 10:39:00,26
M1,ST1,Robotics,2025-01-24,Blocked,,,2025-01-24 11:40:00,2025-01-24 11:54:00,15
M1,ST1,Robotics,2025-01-24,Blocked,,,2025-01-24 12:10:00,2025-01-24 12:20:00,11
M1,ST1,Robotics,2025-01-24,Blocked,,,2025-01-24 12:35:00,2025-01-24 12:45:00,11
M1,ST1,Robotics,2025-01-24,Blocked,,,2025-01-24 12:47:00,2025-01-24 12:51:00,5
M1,ST1,Robotics,2025-01-24,Blocked,,,2025-01-24 13:45:00,2025-01-24 14:04:00,20
M1,ST1,Robotics,2025-01-24,Blocked,,,2025-01-24 14:41:00,2025-01-24 15:15:00,35
M1,ST1,Robotics,2025-01-24,Blocked,,,2025-01-24 15:19:00,2025-01-24 16:22:00,64
M1,ST1,Robotics,2025-01-24,Blocked,,,2025-01-24 16:26:00,2025-01-24 16:41:00,16
M1,ST1,Robotics,2025-01-24,Blocked,,,2025-01-24 16:51:00,2025-01-24 17:18:00,28
M1,ST1,Robotics,2025-01-24,Blocked,,,2025-01-24 17:32:00,2025-01-24 17:35:00,4
M1,ST1,Robotics,2025-01-24,Blocked,,,2025-01-24 17:48:00,2025-01-24 18:24:00,37
M1,ST1,Robotics,2025-01-24,Blocked,,,2025-01-24 20:21:00,2025-01-24 20:38:00,18
M1,ST1,Robotics,2025-01-24,Blocked,,,2025-01-24 21:09:00,2025-01-24 21:18:00,10
M1,ST1,Robotics,2025-01-24,Blocked,,,2025-01-24 22:10:00,2025-01-24 23:07:00,58
M1,ST1,Robotics,2025-01-24,Blocked,,,2025-01-24 23:41:00,2025-01-24 23:59:00,19
M1,ST1,Robotics,2025-01-25,Blocked,,,2025-01-25 00:25:00,2025-01-25 01:39:00,75
M1,ST1,Robotics,2025-01-25,Blocked,,,2025-01-25 01:47:00,2025-01-25 01:54:00,8
M1,ST1,Robotics,2025-01-25,Blocked,,,2025-01-25 01:58:00,2025-01-25 02:18:00,21
M1,ST1,Robotics,2025-01-25,Blocked,,,2025-01-25 02:33:00,2025-01-25 02:40:00,8
M1,ST1,Robotics,2025-01-25,Blocked,,,2025-01-25 03:18:00,2025-01-25 04:09:00,52
M1,ST1,Robotics,2025-01-25,Blocked,,,2025-01-25 04:13:00,2025-01-25 04:55:00,43
M1,ST1,Robotics,2025-01-25,Blocked,,,2025-01-25 04:59:00,2025-01-25 05:01:00,3
M1,ST1,Robotics,2025-01-25,Blocked,,,2025-01-25 05:12:00,2025-01-25 05:31:00,20
M1,ST1,Robotics,2025-01-25,Blocked,,,2025-01-25 05:33:00,2025-01-25 05:58:00,26
M1,ST1,Robotics,2025-01-25,Blocked,,,2025-01-25 06:02:00,2025-01-25 06:18:00,17
M1,ST1,Robotics,2025-01-25,Blocked,,,2025-01-25 07:28:00,2025-01-25 07:38:00,11
M1,ST1,Robotics,2025-01-25,Blocked,,,2025-01-25 09:28:00,2025-01-25 09:53:00,26
M1,ST1,Robotics,2025-01-25,Blocked,,,2025-01-25 10:49:00,2025-01-25 11:22:00,34
M1,ST1,Robotics,2025-01-25,Blocked,,,2025-01-25 11:28:00,2025-01-25 11:28:00,1
M1,ST1,Robotics,2025-01-25,Blocked,,,2025-01-25 11:49:00,2025-01-25 12:45:00,57
M1,ST1,Robotics,2025-01-25,Blocked,,,2025-01-25 13:11:00,2025-01-25 13:51:00,41
M1,ST1,Robotics,2025-01-25,Blocked,,,2025-01-25 14:29:00,2025-01-25 15:00:00,32
M1,ST1,Robotics,2025-01-25,Blocked,,,2025-01-25 15:07:00,2025-01-25 15:32:00,26
M1,ST1,Robotics,2025-01-25,Blocked,,,2025-01-25 17:54:00,2025-01-25 18:28:00,35
M1,ST1,Robotics,2025-01-25,Blocked,,,2025-01-25 18:39:00,2025-01-25 19:01:00,23
M1,ST1,Robotics,2025-01-25,Blocked,,,2025-01-25 19:15:00,2025-01-25 19:23:00,9
M1,ST1,Robotics,2025-01-25,Blocked,,,2025-01-25 19:27:00,2025-01-25 19:31:00,5
M1,ST1,Robotics,2025-01-25,Blocked,,,2025-01-25 19:37:00,2025-01-25 19:55:00,19
M1,ST1,Robotics,2025-01-25,Blocked,,,2025-01-25 19:58:00,2025-01-25 20:03:00,6
M1,ST1,Robotics,2025-01-25,Blocked,,,2025-01-25 20:23:00,2025-01-25 20:50:00,28
M1,ST1,Robotics,2025-01-25,Blocked,,,2025-01-25 21:16:00,2025-01-25 21:29:00,14
M1,ST1,Robotics,2025-01-25,Blocked,,,2025-01-25 21:50:00,2025-01-25 22:14:00,25
M1,ST1,Robotics,2025-01-25,Blocked,,,2025-01-25 22:18:00,2025-01-25 23:01:00,44
M1,ST1,Robotics,2025-01-25,Blocked,,,2025-01-25 23:34:00,2025-01-25 23:46:00,13
M1,ST1,Robotics,2025-01-26,Blocked,,,2025-01-26 00:15:00,2025-01-26 00:21:00,7
M1,ST1,Robotics,2025-01-26,Blocked,,,2025-01-26 00:47:00,2025-01-26 01:18:00,32
M1,ST1,Robotics,2025-01-26,Blocked,,,2025-01-26 02:05:00,2025-01-26 02:11:00,7
M1,ST1,Robotics,2025-01-26,Blocked,,,2025-01-26 02:31:00,2025-01-26 02:31:00,1
M1,ST1,Robotics,2025-01-26,Blocked,,,2025-01-26 02:50:00,2025-01-26 03:18:00,29
M1,ST1,Robotics,2025-01-26,Blocked,,,2025-01-26 04:24:00,2025-01-26 04:36:00,13
M1,ST1,Robotics,2025-01-26,Blocked,,,2025-01-26 04:49:00,2025-01-26 04:53:00,5
M1,ST1,Robotics,2025-01-26,Blocked,,,2025-01-26 05:26:00,2025-01-26 05:53:00,28
M1,ST1,Robotics,2025-01-26,Blocked,,,2025-01-26 06:06:00,2025-01-26 07:05:00,60
M1,ST1,Robotics,2025-01-26,Blocked,,,2025-01-26 07:29:00,2025-01-26 08:06:00,38
M1,ST1,Robotics,2025-01-26,Blocked,,,2025-01-26 08:20:00,2025-01-26 08:54:00,35
M1,ST1,Robotics,2025-01-26,Blocked,,,2025-01-26 09:07:00,2025-01-26 09:24:00,18
M1,ST1,Robotics,2025-01-26,Blocked,,,2025-01-26 09:28:00,2025-01-26 09:54:00,27
M1,ST1,Robotics,2025-01-26,Blocked,,,2025-01-26 10:02:00,2025-01-26 10:16:00,15
M1,ST1,Robotics,2025-01-26,Blocked,,,2025-01-26 10:53:00,2025-01-26 11:05:00,13
M1,ST1,Robotics,2025-01-26,Blocked,,,2025-01-26 11:11:00,2025-01-26 11:13:00,3
M1,ST1,Robotics,2025-01-26,Blocked,,,2025-01-26 11:19:00,2025-01-26 11:48:00,30
M1,ST1,Robotics,2025-01-26,Blocked,,,2025-01-26 12:16:00,2025-01-26 12:32:00,17
M1,ST1,Robotics,2025-01-26,Blocked,,,2025-01-26 13:04:00,2025-01-26 13:34:00,31
M1,ST1,Robotics,2025-01-26,Blocked,,,2025-01-26 14:13:00,2025-01-26 14:41:00,29
M1,ST1,Robotics,2025-01-26,Blocked,,,2025-01-26 15:10:00,2025-01-26 15:46:00,37
M1,ST1,Robotics,2025-01-26,Blocked,,,2025-01-26 15:50:00,2025-01-26 15:59:00,10
M1,ST1,Robotics,2025-01-26,Blocked,,,2025-01-26 16:09:00,2025-01-26 16:18:00,10
M1,ST1,Robotics,2025-01-26,Blocked,,,2025-01-26 16:56:00,2025-01-26 17:18:00,23
M1,ST1,Robotics,2025-01-26,Blocked,,,2025-01-26 17:32:00,2025-01-26 17:39:00,8
M1,ST1,Robotics,2025-01-26,Blocked,,,2025-01-26 18:34:00,2025-01-26 18:38:00,5
M1,ST1,Robotics,2025-01-26,Blocked,,,2025-01-26 18:46:00,2025-01-26 18:57:00,12
M1,ST1,Robotics,2025-01-26,Blocked,,,2025-01-26 19:04:00,2025-01-26 19:18:00,15
M1,ST1,Robotics,2025-01-26,Blocked,,,2025-01-26 19:21:00,2025-01-26 19:28:00,8
M1,ST1,Robotics,2025-01-26,Blocked,,,2025-01-26 19:30:00,2025-01-26 20:01:00,32
M1,ST1,Robotics,2025-01-26,Blocked,,,2025-01-26 20:04:00,2025-01-26 20:32:00,29
M1,ST1,Robotics,2025-01-26,Blocked,,,2025-01-26 20:55:00,2025-01-26 21:19:00,25
M1,ST1,Robotics,2025-01-26,Blocked,,,2025-01-26 21:22:00,2025-01-26 22:00:00,39
M1,ST1,Robotics,2025-01-26,Blocked,,,2025-01-26 22:11:00,2025-01-26 22:25:00,15
M1,ST1,Robotics,2025-01-26,Blocked,,,2025-01-26 22:36:00,2025-01-26 22:50:00,15
M1,ST1,Robotics,2025-01-26,Blocked,,,2025-01-26 22:58:00,2025-01-26 22:59:00,2
M1,ST1,Robotics,2025-01-27,Blocked,,,2025-01-27 01:47:00,2025-01-27 02:17:00,31
M1,ST1,Robotics,2025-01-27,Blocked,,,2025-01-27 02:53:00,2025-01-27 03:21:00,29
M1,ST1,Robotics,2025-01-27,Blocked,,,2025-01-27 03:27:00,2025-01-27 03:27:00,1
M1,ST1,Robotics,2025-01-27,Blocked,,,2025-01-27 03:38:00,2025-01-27 03:45:00,8
M1,ST1,Robotics,2025-01-27,Blocked,,,2025-01-27 03:49:00,2025-01-27 04:15:00,27
M1,ST1,Robotics,2025-01-27,Blocked,,,2025-01-27 06:00:00,2025-01-27 06:24:00,25
M1,ST1,Robotics,2025-01-27,Blocked,,,2025-01-27 06:32:00,2025-01-27 07:11:00,40
M1,ST1,Robotics,2025-01-27,Blocked,,,2025-01-27 07:45:00,2025-01-27 08:17:00,33
M1,ST1,Robotics,2025-01-27,Blocked,,,2025-01-27 08:22:00,2025-01-27 08:50:00,29
M1,ST1,Robotics,2025-01-27,Blocked,,,2025-01-27 10:07:00,2025-01-27 10:38:00,32
M1,ST1,Robotics,2025-01-27,Blocked,,,2025-01-27 10:47:00,2025-01-27 11:21:00,35
M1,ST1,Robotics,2025-01-27,Blocked,,,2025-01-27 11:24:00,2025-01-27 11:33:00,10
M1,ST1,Robotics,2025-01-27,Blocked,,,2025-01-27 13:30:00,2025-01-27 13:54:00,25
M1,ST1,Robotics,2025-01-27,Blocked,,,2025-01-27 14:05:00,2025-01-27 14:05:00,1
M1,ST1,Robotics,2025-01-27,Blocked,,,2025-01-27 14:07:00,2025-01-27 14:29:00,23
M1,ST1,Robotics,2025-01-27,Blocked,,,2025-01-27 14:40:00,2025-01-27 15:05:00,26
M1,ST1,Robotics,2025-01-27,Blocked,,,2025-01-27 15:49:00,2025-01-27 15:57:00,9
M1,ST1,Robotics,2025-01-27,Blocked,,,2025-01-27 16:17:00,2025-01-27 17:08:00,52
M1,ST1,Robotics,2025-01-27,Blocked,,,2025-01-27 17:12:00,2025-01-27 17:17:00,6
M1,ST1,Robotics,2025-01-27,Blocked,,,2025-01-27 17:48:00,2025-01-27 17:54:00,7
M1,ST1,Robotics,2025-01-27,Blocked,,,2025-01-27 18:12:00,2025-01-27 18:47:00,36
M1,ST1,Robotics,2025-01-27,Blocked,,,2025-01-27 19:15:00,2025-01-27 19:20:00,6
M1,ST1,Robotics,2025-01-27,Blocked,,,2025-01-27 20:25:00,2025-01-27 21:00:00,36
M1,ST1,Robotics,2025-01-27,Blocked,,,2025-01-27 21:36:00,2025-01-27 21:38:00,3
M1,ST1,Robotics,2025-01-27,Blocked,,,2025-01-27 21:58:00,2025-01-27 22:02:00,5
M1,ST1,Robotics,2025-01-27,Blocked,,,2025-01-27 23:44:00,2025-01-27 23:48:00,5
M1,ST1,Robotics,2025-01-28,Blocked,,,2025-01-28 00:17:00,2025-01-28 00:32:00,16
M1,ST1,Robotics,2025-01-28,Blocked,,,2025-01-28 01:38:00,2025-01-28 01:46:00,9
M1,ST1,Robotics,2025-01-28,Blocked,,,2025-01-28 01:48:00,2025-01-28 01:51:00,4
M1,ST1,Robotics,2025-01-28,Blocked,,,2025-01-28 02:18:00,2025-01-28 02:22:00,5
M1,ST1,Robotics,2025-01-28,Blocked,,,2025-01-28 02:26:00,2025-01-28 02:32:00,7
M1,ST1,Robotics,2025-01-28,Blocked,,,2025-01-28 02:54:00,2025-01-28 03:42:00,49
M1,ST1,Robotics,2025-01-28,Blocked,,,2025-01-28 05:03:00,2025-01-28 05:43:00,41
M1,ST1,Robotics,2025-01-28,Blocked,,,2025-01-28 06:32:00,2025-01-28 06:57:00,26
M1,ST1,Robotics,2025-01-28,Blocked,,,2025-01-28 07:17:00,2025-01-28 07:37:00,21
M1,ST1,Robotics,2025-01-28,Blocked,,,2025-01-28 08:31:00,2025-01-28 08:32:00,2
M1,ST1,Robotics,2025-01-28,Blocked,,,2025-01-28 09:37:00,2025-01-28 09:45:00,9
M1,ST1,Robotics,2025-01-28,Blocked,,,2025-01-28 09:53:00,2025-01-28 10:24:00,32
M1,ST1,Robotics,2025-01-28,Blocked,,,2025-01-28 10:50:00,2025-01-28 11:00:00,11
M1,ST1,Robotics,2025-01-28,Blocked,,,2025-01-28 11:36:00,2025-01-28 11:43:00,8
M1,ST1,Robotics,2025-01-28,Blocked,,,2025-01-28 12:10:00,2025-01-28 12:38:00,29
M1,ST1,Robotics,2025-01-28,Blocked,,,2025-01-28 12:46:00,2025-01-28 12:47:00,2
M1,ST1,Robotics,2025-01-28,Blocked,,,2025-01-28 13:17:00,2025-01-28 13:55:00,39
M1,ST1,Robotics,2025-01-28,Blocked,,,2025-01-28 14:03:00,2025-01-28 14:22:00,20
M1,ST1,Robotics,2025-01-28,Blocked,,,2025-01-28 14:29:00,2025-01-28 14:52:00,24
M1,ST1,Robotics,2025-01-28,Blocked,,,2025-01-28 14:59:00,2025-01-28 15:39:00,41
M1,ST1,Robotics,2025-01-28,Blocked,,,2025-01-28 15:57:00,2025-01-28 16:27:00,31
M1,ST1,Robotics,2025-01-28,Blocked,,,2025-01-28 16:38:00,2025-01-28 16:51:00,14
M1,ST1,Robotics,2025-01-28,Blocked,,,2025-01-28 19:16:00,2025-01-28 19:41:00,26
M1,ST1,Robotics,2025-01-28,Blocked,,,2025-01-28 19:44:00,2025-01-28 19:56:00,13
M1,ST1,Robotics,2025-01-28,Blocked,,,2025-01-28 20:37:00,2025-01-28 21:21:00,45
M1,ST1,Robotics,2025-01-28,Blocked,,,2025-01-28 21:34:00,2025-01-28 22:12:00,39
M1,ST1,Robotics,2025-01-28,Blocked,,,2025-01-28 22:52:00,2025-01-28 22:54:00,3
M1,ST1,Robotics,2025-01-28,Blocked,,,2025-01-28 23:00:00,2025-01-28 23:39:00,40
M1,ST1,Robotics,2025-01-29,Blocked,,,2025-01-29 00:19:00,2025-01-29 00:28:00,10
M1,ST1,Robotics,2025-01-29,Blocked,,,2025-01-29 00:32:00,2025-01-29 01:07:00,36
M1,ST1,Robotics,2025-01-29,Blocked,,,2025-01-29 01:27:00,2025-01-29 02:07:00,41
M1,ST1,Robotics,2025-01-29,Blocked,,,2025-01-29 02:27:00,2025-01-29 02:42:00,16
M1,ST1,Robotics,2025-01-29,Blocked,,,2025-01-29 02:46:00,2025-01-29 02:58:00,13
M1,ST1,Robotics,2025-01-29,Blocked,,,2025-01-29 03:06:00,2025-01-29 03:23:00,18
M1,ST1,Robotics,2025-01-29,Blocked,,,2025-01-29 04:07:00,2025-01-29 04:39:00,33
M1,ST1,Robotics,2025-01-29,Blocked,,,2025-01-29 05:40:00,2025-01-29 05:47:00,8
M1,ST1,Robotics,2025-01-29,Blocked,,,2025-01-29 06:05:00,2025-01-29 06:58:00,54
M1,ST1,Robotics,2025-01-29,Blocked,,,2025-01-29 07:07:00,2025-01-29 07:13:00,7
M1,ST1,Robotics,2025-01-29,Blocked,,,2025-01-29 10:02:00,2025-01-29 10:05:00,4
M1,ST1,Robotics,2025-01-29,Blocked,,,2025-01-29 10:54:00,2025-01-29 11:02:00,9
M1,ST1,Robotics,2025-01-29,Blocked,,,2025-01-29 11:10:00,2025-01-29 11:24:00,15
M1,ST1,Robotics,2025-01-29,Blocked,,,2025-01-29 12:46:00,2025-01-29 13:07:00,22
M1,ST1,Robotics,2025-01-29,Blocked,,,2025-01-29 14:18:00,2025-01-29 15:14:00,57
M1,ST1,Robotics,2025-01-29,Blocked,,,2025-01-29 15:48:00,2025-01-29 16:06:00,19
M1,ST1,Robotics,2025-01-29,Blocked,,,2025-01-29 16:20:00,2025-01-29 16:35:00,16
M1,ST1,Robotics,2025-01-29,Blocked,,,2025-01-29 16:46:00,2025-01-29 17:13:00,28
M1,ST1,Robotics,2025-01-29,Blocked,,,2025-01-29 17:19:00,2025-01-29 18:18:00,60
M1,ST1,Robotics,2025-01-29,Blocked,,,2025-01-29 18:22:00,2025-01-29 18:31:00,10
M1,ST1,Robotics,2025-01-29,Blocked,,,2025-01-29 18:44:00,2025-01-29 18:48:00,5
M1,ST1,Robotics,2025-01-29,Blocked,,,2025-01-29 19:38:00,2025-01-29 19:59:00,22
M1,ST1,Robotics,2025-01-29,Blocked,,,2025-01-29 20:18:00,2025-01-29 20:32:00,15
M1,ST1,Robotics,2025-01-29,Blocked,,,2025-01-29 21:07:00,2025-01-29 21:34:00,28
M1,ST1,Robotics,2025-01-29,Blocked,,,2025-01-29 21:39:00,2025-01-29 21:47:00,9
M1,ST1,Robotics,2025-01-29,Blocked,,,2025-01-29 22:56:00,2025-01-29 23:08:00,13
M1,ST1,Robotics,2025-01-29,Blocked,,,2025-01-29 23:26:00,2025-01-30 00:07:00,42
M1,ST1,Robotics,2025-01-30,Blocked,,,2025-01-30 00:09:00,2025-01-30 00:35:00,27
M1,ST1,Robotics,2025-01-30,Blocked,,,2025-01-30 00:44:00,2025-01-30 00:49:00,6
M1,ST1,Robotics,2025-01-30,Blocked,,,2025-01-30 00:57:00,2025-01-30 01:01:00,5
M1,ST1,Robotics,2025-01-30,Blocked,,,2025-01-30 01:47:00,2025-01-30 01:57:00,11
M1,ST1,Robotics,2025-01-30,Blocked,,,2025-01-30 02:02:00,2025-01-30 02:15:00,14
M1,ST1,Robotics,2025-01-30,Blocked,,,2025-01-30 02:44:00,2025-01-30 02:50:00,7
M1,ST1,Robotics,2025-01-30,Blocked,,,2025-01-30 03:57:00,2025-01-30 04:19:00,23
M1,ST1,Robotics,2025-01-30,Blocked,,,2025-01-30 04:51:00,2025-01-30 04:58:00,8
M1,ST1,Robotics,2025-01-30,Blocked,,,2025-01-30 05:02:00,2025-01-30 05:26:00,25
M1,ST1,Robotics,2025-01-30,Blocked,,,2025-01-30 05:30:00,2025-01-30 05:30:00,1
M1,ST1,Robotics,2025-01-30,Blocked,,,2025-01-30 06:02:00,2025-01-30 06:08:00,7
M1,ST1,Robotics,2025-01-30,Blocked,,,2025-01-30 07:01:00,2025-01-30 07:15:00,15
M1,ST1,Robotics,2025-01-30,Blocked,,,2025-01-30 07:28:00,2025-01-30 07:34:00,7
M1,ST1,Robotics,2025-01-30,Blocked,,,2025-01-30 07:38:00,2025-01-30 08:03:00,26
M1,ST1,Robotics,2025-01-30,Blocked,,,2025-01-30 08:28:00,2025-01-30 08:59:00,32
M1,ST1,Robotics,2025-01-30,Blocked,,,2025-01-30 09:12:00,2025-01-30 09:29:00,18
M1,ST1,Robotics,2025-01-30,Blocked,,,2025-01-30 10:02:00,2025-01-30 10:11:00,10
M1,ST1,Robotics,2025-01-30,Blocked,,,2025-01-30 10:19:00,2025-01-30 10:42:00,24
M1,ST1,Robotics,2025-01-30,Blocked,,,2025-01-30 11:40:00,2025-01-30 11:55:00,16
M1,ST1,Robotics,2025-01-30,Blocked,,,2025-01-30 12:30:00,2025-01-30 13:20:00,51
M1,ST1,Robotics,2025-01-30,Blocked,,,2025-01-30 13:24:00,2025-01-30 13:52:00,29
M1,ST1,Robotics,2025-01-30,Blocked,,,2025-01-30 14:17:00,2025-01-30 14:49:00,33
M1,ST1,Robotics,2025-01-30,Blocked,,,2025-01-30 15:13:00,2025-01-30 15:32:00,20
M1,ST1,Robotics,2025-01-30,Blocked,,,2025-01-30 15:47:00,2025-01-30 16:16:00,30
M1,ST1,Robotics,2025-01-30,Blocked,,,2025-01-30 16:35:00,2025-01-30 16:44:00,10
M1,ST1,Robotics,2025-01-30,Blocked,,,2025-01-30 16:49:00,2025-01-30 16:51:00,3
M1,ST1,Robotics,2025-01-30,Blocked,,,2025-01-30 17:45:00,2025-01-30 18:03:00,19
M1,ST1,Robotics,2025-01-30,Blocked,,,2025-01-30 18:15:00,2025-01-30 18:43:00,29
M1,ST1,Robotics,2025-01-30,Blocked,,,2025-01-30 18:52:00,2025-01-30 19:19:00,28
M1,ST1,Robotics,2025-01-30,Blocked,,,2025-01-30 19:24:00,2025-01-30 19:29:00,6
M1,ST1,Robotics,2025-01-30,Blocked,,,2025-01-30 19:37:00,2025-01-30 19:56:00,20
M1,ST1,Robotics,2025-01-30,Blocked,,,2025-01-30 20:41:00,2025-01-30 20:54:00,14
M1,ST1,Robotics,2025-01-30,Blocked,,,2025-01-30 21:52:00,2025-01-30 21:56:00,5
M1,ST1,Robotics,2025-01-30,Blocked,,,2025-01-30 22:03:00,2025-01-30 22:06:00,4
M1,ST1,Robotics,2025-01-30,Blocked,,,2025-01-30 23:08:00,2025-01-30 23:24:00,17
M1,ST1,Robotics,2025-01-30,Blocked,,,2025-01-30 23:46:00,2025-01-31 00:15:00,30
M1,ST1,Robotics,2025-01-31,Blocked,,,2025-01-31 00:19:00,2025-01-31 00:51:00,33
M1,ST1,Robotics,2025-01-31,Blocked,,,2025-01-31 01:21:00,2025-01-31 01:30:00,10
M1,ST1,Robotics,2025-01-31,Blocked,,,2025-01-31 01:33:00,2025-01-31 01:54:00,22
M1,ST1,Robotics,2025-01-31,Blocked,,,2025-01-31 02:24:00,2025-01-31 03:01:00,38
M1,ST1,Robotics,2025-01-31,Blocked,,,2025-01-31 03:51:00,2025-01-31 04:47:00,57
M1,ST1,Robotics,2025-01-31,Blocked,,,2025-01-31 04:53:00,2025-01-31 04:53:00,1
M1,ST1,Robotics,2025-01-31,Blocked,,,2025-01-31 05:30:00,2025-01-31 05:53:00,24
M1,ST1,Robotics,2025-01-01,Starved,,Operator supply gap (infeed not replenished),2025-01-01 07:11:00,2025-01-01 07:42:00,32
M1,ST1,Robotics,2025-01-01,Starved,,Operator supply gap (infeed not replenished),2025-01-01 20:24:00,2025-01-01 20:36:00,13
M1,ST1,Robotics,2025-01-01,Starved,,Operator supply gap (infeed not replenished),2025-01-01 23:49:00,2025-01-02 00:17:00,29
M1,ST1,Robotics,2025-01-02,Starved,,Operator supply gap (infeed not replenished),2025-01-02 01:58:00,2025-01-02 02:04:00,7
M1,ST1,Robotics,2025-01-02,Starved,,Operator supply gap (infeed not replenished),2025-01-02 02:53:00,2025-01-02 02:53:00,1
M1,ST1,Robotics,2025-01-02,Starved,,Operator supply gap (infeed not replenished),2025-01-02 07:31:00,2025-01-02 07:41:00,11
M1,ST1,Robotics,2025-01-02,Starved,,Operator supply gap (infeed not replenished),2025-01-02 10:40:00,2025-01-02 10:45:00,6
M1,ST1,Robotics,2025-01-02,Starved,,Operator supply gap (infeed not replenished),2025-01-02 15:02:00,2025-01-02 15:02:00,1
M1,ST1,Robotics,2025-01-02,Starved,,Operator supply gap (infeed not replenished),2025-01-02 17:10:00,2025-01-02 17:22:00,13
M1,ST1,Robotics,2025-01-02,Starved,,Operator supply gap (infeed not replenished),2025-01-02 18:57:00,2025-01-02 19:04:00,8
M1,ST1,Robotics,2025-01-02,Starved,,Operator supply gap (infeed not replenished),2025-01-02 22:27:00,2025-01-02 22:33:00,7
M1,ST1,Robotics,2025-01-03,Starved,,Operator supply gap (infeed not replenished),2025-01-03 16:09:00,2025-01-03 16:10:00,2
M1,ST1,Robotics,2025-01-03,Starved,,Operator supply gap (infeed not replenished),2025-01-03 17:27:00,2025-01-03 17:37:00,11
M1,ST1,Robotics,2025-01-04,Starved,,Operator supply gap (infeed not replenished),2025-01-04 04:00:00,2025-01-04 04:00:00,1
M1,ST1,Robotics,2025-01-04,Starved,,Operator supply gap (infeed not replenished),2025-01-04 04:38:00,2025-01-04 04:58:00,21
M1,ST1,Robotics,2025-01-04,Starved,,Operator supply gap (infeed not replenished),2025-01-04 11:26:00,2025-01-04 11:28:00,3
M1,ST1,Robotics,2025-01-04,Starved,,Operator supply gap (infeed not replenished),2025-01-04 16:16:00,2025-01-04 16:16:00,1
M1,ST1,Robotics,2025-01-05,Starved,,Operator supply gap (infeed not replenished),2025-01-05 01:01:00,2025-01-05 01:18:00,18
M1,ST1,Robotics,2025-01-05,Starved,,Operator supply gap (infeed not replenished),2025-01-05 03:12:00,2025-01-05 03:28:00,17
M1,ST1,Robotics,2025-01-05,Starved,,Operator supply gap (infeed not replenished),2025-01-05 06:47:00,2025-01-05 06:57:00,11
M1,ST1,Robotics,2025-01-06,Starved,,Operator supply gap (infeed not replenished),2025-01-06 00:41:00,2025-01-06 01:20:00,40
M1,ST1,Robotics,2025-01-06,Starved,,Operator supply gap (infeed not replenished),2025-01-06 06:06:00,2025-01-06 06:31:00,26
M1,ST1,Robotics,2025-01-06,Starved,,Operator supply gap (infeed not replenished),2025-01-06 09:31:00,2025-01-06 09:38:00,8
M1,ST1,Robotics,2025-01-07,Starved,,Operator supply gap (infeed not replenished),2025-01-07 00:33:00,2025-01-07 00:36:00,4
M1,ST1,Robotics,2025-01-07,Starved,,Operator supply gap (infeed not replenished),2025-01-07 07:29:00,2025-01-07 07:47:00,19
M1,ST1,Robotics,2025-01-07,Starved,,Operator supply gap (infeed not replenished),2025-01-07 12:29:00,2025-01-07 12:29:00,1
M1,ST1,Robotics,2025-01-07,Starved,,Operator supply gap (infeed not replenished),2025-01-07 16:48:00,2025-01-07 17:09:00,22
M1,ST1,Robotics,2025-01-07,Starved,,Operator supply gap (infeed not replenished),2025-01-07 23:10:00,2025-01-07 23:34:00,25
M1,ST1,Robotics,2025-01-08,Starved,,Operator supply gap (infeed not replenished),2025-01-08 00:08:00,2025-01-08 00:08:00,1
M1,ST1,Robotics,2025-01-08,Starved,,Operator supply gap (infeed not replenished),2025-01-08 05:31:00,2025-01-08 05:44:00,14
M1,ST1,Robotics,2025-01-08,Starved,,Operator supply gap (infeed not replenished),2025-01-08 07:11:00,2025-01-08 07:26:00,16
M1,ST1,Robotics,2025-01-08,Starved,,Operator supply gap (infeed not replenished),2025-01-08 09:17:00,2025-01-08 10:05:00,49
M1,ST1,Robotics,2025-01-09,Starved,,Operator supply gap (infeed not replenished),2025-01-09 04:35:00,2025-01-09 04:38:00,4
M1,ST1,Robotics,2025-01-09,Starved,,Operator supply gap (infeed not replenished),2025-01-09 06:34:00,2025-01-09 06:59:00,26
M1,ST1,Robotics,2025-01-09,Starved,,Operator supply gap (infeed not replenished),2025-01-09 11:46:00,2025-01-09 11:48:00,3
M1,ST1,Robotics,2025-01-09,Starved,,Operator supply gap (infeed not replenished),2025-01-09 18:19:00,2025-01-09 18:51:00,33
M1,ST1,Robotics,2025-01-10,Starved,,Operator supply gap (infeed not replenished),2025-01-10 03:22:00,2025-01-10 03:25:00,4
M1,ST1,Robotics,2025-01-10,Starved,,Operator supply gap (infeed not replenished),2025-01-10 13:20:00,2025-01-10 13:20:00,1
M1,ST1,Robotics,2025-01-11,Starved,,Operator supply gap (infeed not replenished),2025-01-11 00:23:00,2025-01-11 00:24:00,2
M1,ST1,Robotics,2025-01-11,Starved,,Operator supply gap (infeed not replenished),2025-01-11 04:17:00,2025-01-11 05:09:00,53
M1,ST1,Robotics,2025-01-12,Starved,,Operator supply gap (infeed not replenished),2025-01-12 03:34:00,2025-01-12 03:39:00,6
M1,ST1,Robotics,2025-01-12,Starved,,Operator supply gap (infeed not replenished),2025-01-12 04:47:00,2025-01-12 04:57:00,11
M1,ST1,Robotics,2025-01-12,Starved,,Operator supply gap (infeed not replenished),2025-01-12 09:03:00,2025-01-12 09:07:00,5
M1,ST1,Robotics,2025-01-12,Starved,,Operator supply gap (infeed not replenished),2025-01-12 14:00:00,2025-01-12 14:00:00,1
M1,ST1,Robotics,2025-01-12,Starved,,Operator supply gap (infeed not replenished),2025-01-12 20:18:00,2025-01-12 20:34:00,17
M1,ST1,Robotics,2025-01-13,Starved,,Operator supply gap (infeed not replenished),2025-01-13 01:13:00,2025-01-13 01:33:00,21
M1,ST1,Robotics,2025-01-13,Starved,,Operator supply gap (infeed not replenished),2025-01-13 17:10:00,2025-01-13 17:14:00,5
M1,ST1,Robotics,2025-01-13,Starved,,Operator supply gap (infeed not replenished),2025-01-13 20:33:00,2025-01-13 20:55:00,23
M1,ST1,Robotics,2025-01-13,Starved,,Operator supply gap (infeed not replenished),2025-01-13 22:28:00,2025-01-13 22:40:00,13
M1,ST1,Robotics,2025-01-13,Starved,,Operator supply gap (infeed not replenished),2025-01-13 23:22:00,2025-01-13 23:31:00,10
M1,ST1,Robotics,2025-01-14,Starved,,Operator supply gap (infeed not replenished),2025-01-14 00:35:00,2025-01-14 00:52:00,18
M1,ST1,Robotics,2025-01-14,Starved,,Operator supply gap (infeed not replenished),2025-01-14 01:23:00,2025-01-14 01:24:00,2
M1,ST1,Robotics,2025-01-14,Starved,,Operator supply gap (infeed not replenished),2025-01-14 07:39:00,2025-01-14 08:26:00,48
M1,ST1,Robotics,2025-01-14,Starved,,Operator supply gap (infeed not replenished),2025-01-14 15:00:00,2025-01-14 15:00:00,1
M1,ST1,Robotics,2025-01-15,Starved,,Operator supply gap (infeed not replenished),2025-01-15 04:09:00,2025-01-15 04:15:00,7
M1,ST1,Robotics,2025-01-15,Starved,,Operator supply gap (infeed not replenished),2025-01-15 05:45:00,2025-01-15 05:46:00,2
M1,ST1,Robotics,2025-01-15,Starved,,Operator supply gap (infeed not replenished),2025-01-15 08:52:00,2025-01-15 08:52:00,1
M1,ST1,Robotics,2025-01-15,Starved,,Operator supply gap (infeed not replenished),2025-01-15 18:14:00,2025-01-15 18:17:00,4
M1,ST1,Robotics,2025-01-16,Starved,,Operator supply gap (infeed not replenished),2025-01-16 03:10:00,2025-01-16 03:46:00,37
M1,ST1,Robotics,2025-01-16,Starved,,Operator supply gap (infeed not replenished),2025-01-16 06:42:00,2025-01-16 06:43:00,2
M1,ST1,Robotics,2025-01-16,Starved,,Operator supply gap (infeed not replenished),2025-01-16 09:57:00,2025-01-16 10:06:00,10
M1,ST1,Robotics,2025-01-16,Starved,,Operator supply gap (infeed not replenished),2025-01-16 17:52:00,2025-01-16 17:52:00,1
M1,ST1,Robotics,2025-01-17,Starved,,Operator supply gap (infeed not replenished),2025-01-17 03:42:00,2025-01-17 04:06:00,25
M1,ST1,Robotics,2025-01-17,Starved,,Operator supply gap (infeed not replenished),2025-01-17 07:43:00,2025-01-17 07:44:00,2
M1,ST1,Robotics,2025-01-17,Starved,,Operator supply gap (infeed not replenished),2025-01-17 23:01:00,2025-01-17 23:19:00,19
M1,ST1,Robotics,2025-01-18,Starved,,Operator supply gap (infeed not replenished),2025-01-18 01:05:00,2025-01-18 01:18:00,14
M1,ST1,Robotics,2025-01-18,Starved,,Operator supply gap (infeed not replenished),2025-01-18 02:02:00,2025-01-18 02:04:00,3
M1,ST1,Robotics,2025-01-18,Starved,,Operator supply gap (infeed not replenished),2025-01-18 13:58:00,2025-01-18 13:59:00,2
M1,ST1,Robotics,2025-01-19,Starved,,Operator supply gap (infeed not replenished),2025-01-19 03:28:00,2025-01-19 04:19:00,52
M1,ST1,Robotics,2025-01-19,Starved,,Operator supply gap (infeed not replenished),2025-01-19 10:03:00,2025-01-19 10:13:00,11
M1,ST1,Robotics,2025-01-19,Starved,,Operator supply gap (infeed not replenished),2025-01-19 16:45:00,2025-01-19 16:54:00,10
M1,ST1,Robotics,2025-01-20,Starved,,Operator supply gap (infeed not replenished),2025-01-20 01:43:00,2025-01-20 01:51:00,9
M1,ST1,Robotics,2025-01-20,Starved,,Operator supply gap (infeed not replenished),2025-01-20 04:07:00,2025-01-20 04:12:00,6
M1,ST1,Robotics,2025-01-20,Starved,,Operator supply gap (infeed not replenished),2025-01-20 12:54:00,2025-01-20 13:02:00,9
M1,ST1,Robotics,2025-01-20,Starved,,Operator supply gap (infeed not replenished),2025-01-20 13:35:00,2025-01-20 13:55:00,21
M1,ST1,Robotics,2025-01-20,Starved,,Operator supply gap (infeed not replenished),2025-01-20 18:15:00,2025-01-20 18:23:00,9
M1,ST1,Robotics,2025-01-20,Starved,,Operator supply gap (infeed not replenished),2025-01-20 23:00:00,2025-01-20 23:11:00,12
M1,ST1,Robotics,2025-01-21,Starved,,Operator supply gap (infeed not replenished),2025-01-21 06:55:00,2025-01-21 07:00:00,6
M1,ST1,Robotics,2025-01-21,Starved,,Operator supply gap (infeed not replenished),2025-01-21 08:33:00,2025-01-21 08:54:00,22
M1,ST1,Robotics,2025-01-21,Starved,,Operator supply gap (infeed not replenished),2025-01-21 10:34:00,2025-01-21 10:55:00,22
M1,ST1,Robotics,2025-01-22,Starved,,Operator supply gap (infeed not replenished),2025-01-22 03:39:00,2025-01-22 03:51:00,13
M1,ST1,Robotics,2025-01-22,Starved,,Operator supply gap (infeed not replenished),2025-01-22 05:47:00,2025-01-22 05:48:00,2
M1,ST1,Robotics,2025-01-22,Starved,,Operator supply gap (infeed not replenished),2025-01-22 08:33:00,2025-01-22 08:41:00,9
M1,ST1,Robotics,2025-01-22,Starved,,Operator supply gap (infeed not replenished),2025-01-22 13:02:00,2025-01-22 13:14:00,13
M1,ST1,Robotics,2025-01-22,Starved,,Operator supply gap (infeed not replenished),2025-01-22 14:10:00,2025-01-22 14:21:00,12
M1,ST1,Robotics,2025-01-22,Starved,,Operator supply gap (infeed not replenished),2025-01-22 16:15:00,2025-01-22 16:39:00,25
M1,ST1,Robotics,2025-01-23,Starved,,Operator supply gap (infeed not replenished),2025-01-23 03:01:00,2025-01-23 03:26:00,26
M1,ST1,Robotics,2025-01-23,Starved,,Operator supply gap (infeed not replenished),2025-01-23 13:36:00,2025-01-23 13:50:00,15
M1,ST1,Robotics,2025-01-23,Starved,,Operator supply gap (infeed not replenished),2025-01-23 14:27:00,2025-01-23 14:30:00,4
M1,ST1,Robotics,2025-01-23,Starved,,Operator supply gap (infeed not replenished),2025-01-23 18:05:00,2025-01-23 18:13:00,9
M1,ST1,Robotics,2025-01-23,Starved,,Operator supply gap (infeed not replenished),2025-01-23 19:54:00,2025-01-23 19:56:00,3
M1,ST1,Robotics,2025-01-23,Starved,,Operator supply gap (infeed not replenished),2025-01-23 21:19:00,2025-01-23 21:28:00,10
M1,ST1,Robotics,2025-01-24,Starved,,Operator supply gap (infeed not replenished),2025-01-24 03:05:00,2025-01-24 03:19:00,15
M1,ST1,Robotics,2025-01-24,Starved,,Operator supply gap (infeed not replenished),2025-01-24 05:37:00,2025-01-24 06:15:00,39
M1,ST1,Robotics,2025-01-24,Starved,,Operator supply gap (infeed not replenished),2025-01-24 10:44:00,2025-01-24 10:48:00,5
M1,ST1,Robotics,2025-01-25,Starved,,Operator supply gap (infeed not replenished),2025-01-25 00:05:00,2025-01-25 00:14:00,10
M1,ST1,Robotics,2025-01-25,Starved,,Operator supply gap (infeed not replenished),2025-01-25 05:02:00,2025-01-25 05:08:00,7
M1,ST1,Robotics,2025-01-26,Starved,,Operator supply gap (infeed not replenished),2025-01-26 00:22:00,2025-01-26 00:40:00,19
M1,ST1,Robotics,2025-01-26,Starved,,Operator supply gap (infeed not replenished),2025-01-26 02:32:00,2025-01-26 02:46:00,15
M1,ST1,Robotics,2025-01-26,Starved,,Operator supply gap (infeed not replenished),2025-01-26 07:06:00,2025-01-26 07:16:00,11
M1,ST1,Robotics,2025-01-26,Starved,,Operator supply gap (infeed not replenished),2025-01-26 23:12:00,2025-01-26 23:15:00,4
M1,ST1,Robotics,2025-01-27,Starved,,Operator supply gap (infeed not replenished),2025-01-27 17:29:00,2025-01-27 17:45:00,17
M1,ST1,Robotics,2025-01-28,Starved,,Operator supply gap (infeed not replenished),2025-01-28 01:59:00,2025-01-28 02:05:00,7
M1,ST1,Robotics,2025-01-28,Starved,,Operator supply gap (infeed not replenished),2025-01-28 06:27:00,2025-01-28 06:30:00,4
M1,ST1,Robotics,2025-01-28,Starved,,Operator supply gap (infeed not replenished),2025-01-28 07:38:00,2025-01-28 07:40:00,3
M1,ST1,Robotics,2025-01-28,Starved,,Operator supply gap (infeed not replenished),2025-01-28 07:50:00,2025-01-28 08:00:00,11
M1,ST1,Robotics,2025-01-28,Starved,,Operator supply gap (infeed not replenished),2025-01-28 08:33:00,2025-01-28 09:23:00,51
M1,ST1,Robotics,2025-01-28,Starved,,Operator supply gap (infeed not replenished),2025-01-28 12:48:00,2025-01-28 13:12:00,25
M1,ST1,Robotics,2025-01-29,Starved,,Operator supply gap (infeed not replenished),2025-01-29 10:06:00,2025-01-29 10:35:00,30
M1,ST1,Robotics,2025-01-29,Starved,,Operator supply gap (infeed not replenished),2025-01-29 11:25:00,2025-01-29 11:49:00,25
M1,ST1,Robotics,2025-01-29,Starved,,Operator supply gap (infeed not replenished),2025-01-29 18:56:00,2025-01-29 19:17:00,22
M1,ST1,Robotics,2025-01-29,Starved,,Operator supply gap (infeed not replenished),2025-01-29 20:14:00,2025-01-29 20:16:00,3
M1,ST1,Robotics,2025-01-29,Starved,,Operator supply gap (infeed not replenished),2025-01-29 23:12:00,2025-01-29 23:17:00,6
M1,ST1,Robotics,2025-01-30,Starved,,Operator supply gap (infeed not replenished),2025-01-30 04:27:00,2025-01-30 04:31:00,5
M1,ST1,Robotics,2025-01-30,Starved,,Operator supply gap (infeed not replenished),2025-01-30 09:03:00,2025-01-30 09:04:00,2
M1,ST1,Robotics,2025-01-31,Starved,,Operator supply gap (infeed not replenished),2025-01-31 00:57:00,2025-01-31 01:14:00,18
M1,ST1,Robotics,2025-01-01,Quality,,,2025-01-01 08:45:00,2025-01-01 09:16:00,32
M1,ST1,Robotics,2025-01-06,Quality,,,2025-01-06 14:22:00,2025-01-06 14:39:00,18
M1,ST1,Robotics,2025-01-06,Quality,,,2025-01-06 19:08:00,2025-01-06 19:36:00,29
M1,ST1,Robotics,2025-01-07,Quality,,,2025-01-07 15:48:00,2025-01-07 16:00:00,13
M1,ST1,Robotics,2025-01-10,Quality,,,2025-01-10 18:30:00,2025-01-10 19:09:00,40
M1,ST1,Robotics,2025-01-11,Quality,,,2025-01-11 05:15:00,2025-01-11 05:18:00,4
M1,ST1,Robotics,2025-01-13,Quality,,,2025-01-13 15:59:00,2025-01-13 16:17:00,19
M1,ST1,Robotics,2025-01-14,Quality,,,2025-01-14 05:45:00,2025-01-14 06:18:00,34
M1,ST1,Robotics,2025-01-15,Quality,,,2025-01-15 04:46:00,2025-01-15 05:22:00,37
M1,ST1,Robotics,2025-01-19,Quality,,,2025-01-19 00:36:00,2025-01-19 01:13:00,38
M1,ST1,Robotics,2025-01-19,Quality,,,2025-01-19 22:57:00,2025-01-19 23:24:00,28
M1,ST1,Robotics,2025-01-20,Quality,,,2025-01-20 00:52:00,2025-01-20 01:01:00,10
M1,ST1,Robotics,2025-01-21,Quality,,,2025-01-21 15:15:00,2025-01-21 15:51:00,37
M1,ST1,Robotics,2025-01-24,Quality,,,2025-01-24 03:29:00,2025-01-24 04:06:00,38
M1,ST1,Robotics,2025-01-24,Quality,,,2025-01-24 08:35:00,2025-01-24 09:07:00,33
M1,ST1,Robotics,2025-01-25,Quality,,,2025-01-25 06:42:00,2025-01-25 06:51:00,10
M1,ST1,Robotics,2025-01-28,Quality,,,2025-01-28 02:33:00,2025-01-28 02:43:00,11
M1,ST2,CNC,2025-01-01,Mechanical,vibration,,2025-01-01 17:55:00,2025-01-01 18:12:00,18
M1,ST2,CNC,2025-01-02,Mechanical,vibration,,2025-01-02 02:18:00,2025-01-02 02:48:00,31
M1,ST2,CNC,2025-01-02,Mechanical,air_pressure,,2025-01-02 12:01:00,2025-01-02 12:26:00,26
M1,ST2,CNC,2025-01-02,Mechanical,vibration,,2025-01-02 14:29:00,2025-01-02 14:57:00,29
M1,ST2,CNC,2025-01-03,Mechanical,vibration,,2025-01-03 00:40:00,2025-01-03 00:56:00,17
M1,ST2,CNC,2025-01-03,Mechanical,air_pressure,,2025-01-03 02:11:00,2025-01-03 02:41:00,31
M1,ST2,CNC,2025-01-03,Mechanical,vibration,,2025-01-03 09:01:00,2025-01-03 09:30:00,30
M1,ST2,CNC,2025-01-03,Mechanical,air_pressure,,2025-01-03 18:24:00,2025-01-03 18:59:00,36
M1,ST2,CNC,2025-01-04,Mechanical,vibration,,2025-01-04 04:33:00,2025-01-04 04:57:00,25
M1,ST2,CNC,2025-01-04,Mechanical,air_pressure,,2025-01-04 11:01:00,2025-01-04 11:26:00,26
M1,ST2,CNC,2025-01-04,Mechanical,vibration,,2025-01-04 12:12:00,2025-01-04 12:24:00,13
M1,ST2,CNC,2025-01-04,Mechanical,vibration,,2025-01-04 22:51:00,2025-01-04 23:11:00,21
M1,ST2,CNC,2025-01-05,Mechanical,air_pressure,,2025-01-05 04:09:00,2025-01-05 04:43:00,35
M1,ST2,CNC,2025-01-05,Mechanical,vibration,,2025-01-05 05:57:00,2025-01-05 06:29:00,33
M1,ST2,CNC,2025-01-05,Mechanical,air_pressure,,2025-01-05 15:22:00,2025-01-05 15:44:00,23
M1,ST2,CNC,2025-01-05,Mechanical,vibration,,2025-01-05 17:44:00,2025-01-05 18:12:00,29
M1,ST2,CNC,2025-01-06,Mechanical,air_pressure,,2025-01-06 00:06:00,2025-01-06 00:24:00,19
M1,ST2,CNC,2025-01-06,Mechanical,vibration,,2025-01-06 04:18:00,2025-01-06 04:54:00,37
M1,ST2,CNC,2025-01-06,Mechanical,air_pressure,,2025-01-06 16:04:00,2025-01-06 16:21:00,18
M1,ST2,CNC,2025-01-06,Mechanical,vibration,,2025-01-06 23:46:00,2025-01-07 00:15:00,30
M1,ST2,CNC,2025-01-07,Mechanical,air_pressure,,2025-01-07 07:17:00,2025-01-07 07:46:00,30
M1,ST2,CNC,2025-01-07,Mechanical,vibration,,2025-01-07 09:58:00,2025-01-07 10:11:00,14
M1,ST2,CNC,2025-01-07,Mechanical,air_pressure,,2025-01-07 17:13:00,2025-01-07 17:36:00,24
M1,ST2,CNC,2025-01-07,Mechanical,vibration,,2025-01-07 18:44:00,2025-01-07 18:51:00,8
M1,ST2,CNC,2025-01-08,Mechanical,vibration,,2025-01-08 03:32:00,2025-01-08 04:22:00,51
M1,ST2,CNC,2025-01-08,Mechanical,air_pressure,,2025-01-08 09:41:00,2025-01-08 10:04:00,24
M1,ST2,CNC,2025-01-08,Mechanical,vibration,,2025-01-08 13:17:00,2025-01-08 13:52:00,36
M1,ST2,CNC,2025-01-08,Mechanical,vibration,,2025-01-08 22:40:00,2025-01-08 23:04:00,25
M1,ST2,CNC,2025-01-08,Mechanical,air_pressure,,2025-01-08 23:05:00,2025-01-08 23:29:00,25
M1,ST2,CNC,2025-01-09,Mechanical,vibration,,2025-01-09 05:28:00,2025-01-09 05:53:00,26
M1,ST2,CNC,2025-01-09,Mechanical,air_pressure,,2025-01-09 09:58:00,2025-01-09 10:16:00,19
M1,ST2,CNC,2025-01-09,Mechanical,vibration,,2025-01-09 18:14:00,2025-01-09 18:50:00,37
M1,ST2,CNC,2025-01-09,Mechanical,air_pressure,,2025-01-09 23:27:00,2025-01-09 23:52:00,26
M1,ST2,CNC,2025-01-10,Mechanical,vibration,,2025-01-10 01:54:00,2025-01-10 02:27:00,34
M1,ST2,CNC,2025-01-10,Mechanical,vibration,,2025-01-10 08:20:00,2025-01-10 08:38:00,19
M1,ST2,CNC,2025-01-10,Mechanical,air_pressure,,2025-01-10 12:00:00,2025-01-10 12:05:00,6
M1,ST2,CNC,2025-01-10,Mechanical,vibration,,2025-01-10 18:55:00,2025-01-10 19:26:00,32
M1,ST2,CNC,2025-01-11,Mechanical,vibration,,2025-01-11 01:47:00,2025-01-11 01:59:00,13
M1,ST2,CNC,2025-01-11,Mechanical,air_pressure,,2025-01-11 03:59:00,2025-01-11 04:34:00,36
M1,ST2,CNC,2025-01-11,Mechanical,vibration,,2025-01-11 13:31:00,2025-01-11 14:08:00,38
M1,ST2,CNC,2025-01-11,Mechanical,air_pressure,,2025-01-11 20:18:00,2025-01-11 20:48:00,31
M1,ST2,CNC,2025-01-12,Mechanical,vibration,,2025-01-12 06:12:00,2025-01-12 06:25:00,14
M1,ST2,CNC,2025-01-12,Mechanical,air_pressure,,2025-01-12 07:33:00,2025-01-12 07:41:00,9
M1,ST2,CNC,2025-01-12,Mechanical,vibration,,2025-01-12 18:22:00,2025-01-12 18:54:00,33
M1,ST2,CNC,2025-01-13,Mechanical,air_pressure,,2025-01-13 00:28:00,2025-01-13 00:46:00,19
M1,ST2,CNC,2025-01-13,Mechanical,vibration,,2025-01-13 03:39:00,2025-01-13 04:04:00,26
M1,ST2,CNC,2025-01-13,Mechanical,air_pressure,,2025-01-13 10:53:00,2025-01-13 11:25:00,33
M1,ST2,CNC,2025-01-13,Mechanical,vibration,,2025-01-13 12:06:00,2025-01-13 12:11:00,6
M1,ST2,CNC,2025-01-13,Mechanical,vibration,,2025-01-13 20:40:00,2025-01-13 21:04:00,25
M1,ST2,CNC,2025-01-13,Mechanical,air_pressure,,2025-01-13 22:32:00,2025-01-13 23:09:00,38
M1,ST2,CNC,2025-01-14,Mechanical,air_pressure,,2025-01-14 08:31:00,2025-01-14 08:37:00,7
M1,ST2,CNC,2025-01-14,Mechanical,vibration,,2025-01-14 16:14:00,2025-01-14 16:37:00,24
M1,ST2,CNC,2025-01-14,Mechanical,air_pressure,,2025-01-14 22:46:00,2025-01-14 23:24:00,39
M1,ST2,CNC,2025-01-15,Mechanical,vibration,,2025-01-15 02:38:00,2025-01-15 02:51:00,14
M1,ST2,CNC,2025-01-15,Mechanical,vibration,,2025-01-15 10:34:00,2025-01-15 10:56:00,23
M1,ST2,CNC,2025-01-15,Mechanical,air_pressure,,2025-01-15 15:43:00,2025-01-15 15:58:00,16
M1,ST2,CNC,2025-01-15,Mechanical,vibration,,2025-01-15 20:54:00,2025-01-15 21:15:00,22
M1,ST2,CNC,2025-01-16,Mechanical,air_pressure,,2025-01-16 05:07:00,2025-01-16 05:16:00,10
M1,ST2,CNC,2025-01-16,Mechanical,vibration,,2025-01-16 06:35:00,2025-01-16 07:07:00,33
M1,ST2,CNC,2025-01-16,Mechanical,vibration,,2025-01-16 14:23:00,2025-01-16 14:57:00,35
M1,ST2,CNC,2025-01-16,Mechanical,air_pressure,,2025-01-16 18:10:00,2025-01-16 18:20:00,11
M1,ST2,CNC,2025-01-16,Mechanical,vibration,,2025-01-16 21:29:00,2025-01-16 21:38:00,10
M1,ST2,CNC,2025-01-17,Mechanical,air_pressure,,2025-01-17 07:07:00,2025-01-17 07:24:00,18
M1,ST2,CNC,2025-01-17,Mechanical,vibration,,2025-01-17 09:47:00,2025-01-17 10:04:00,18
M1,ST2,CNC,2025-01-17,Mechanical,vibration,,2025-01-17 18:44:00,2025-01-17 19:14:00,31
M1,ST2,CNC,2025-01-18,Mechanical,air_pressure,,2025-01-18 01:04:00,2025-01-18 01:12:00,9
M1,ST2,CNC,2025-01-18,Mechanical,vibration,,2025-01-18 03:20:00,2025-01-18 03:41:00,22
M1,ST2,CNC,2025-01-18,Mechanical,air_pressure,,2025-01-18 13:12:00,2025-01-18 13:21:00,10
M1,ST2,CNC,2025-01-19,Mechanical,vibration,,2025-01-19 03:42:00,2025-01-19 04:18:00,37
M1,ST2,CNC,2025-01-19,Mechanical,air_pressure,,2025-01-19 06:34:00,2025-01-19 06:48:00,15
M1,ST2,CNC,2025-01-19,Mechanical,vibration,,2025-01-19 11:50:00,2025-01-19 12:22:00,33
M1,ST2,CNC,2025-01-19,Mechanical,air_pressure,,2025-01-19 18:36:00,2025-01-19 19:11:00,36
M1,ST2,CNC,2025-01-19,Mechanical,vibration,,2025-01-19 20:20:00,2025-01-19 21:16:00,57
M1,ST2,CNC,2025-01-20,Mechanical,air_pressure,,2025-01-20 07:25:00,2025-01-20 07:56:00,32
M1,ST2,CNC,2025-01-20,Mechanical,vibration,,2025-01-20 08:51:00,2025-01-20 09:24:00,34
M1,ST2,CNC,2025-01-20,Mechanical,vibration,,2025-01-20 18:22:00,2025-01-20 18:57:00,36
M1,ST2,CNC,2025-01-20,Mechanical,air_pressure,,2025-01-20 22:44:00,2025-01-20 23:10:00,27
M1,ST2,CNC,2025-01-21,Mechanical,vibration,,2025-01-21 04:35:00,2025-01-21 04:42:00,8
M1,ST2,CNC,2025-01-21,Mechanical,air_pressure,,2025-01-21 08:23:00,2025-01-21 08:53:00,31
M1,ST2,CNC,2025-01-21,Mechanical,vibration,,2025-01-21 13:45:00,2025-01-21 14:09:00,25
M1,ST2,CNC,2025-01-21,Mechanical,vibration,,2025-01-21 23:17:00,2025-01-21 23:31:00,15
M1,ST2,CNC,2025-01-22,Mechanical,air_pressure,,2025-01-22 02:07:00,2025-01-22 02:43:00,37
M1,ST2,CNC,2025-01-22,Mechanical,air_pressure,,2025-01-22 13:21:00,2025-01-22 13:35:00,15
M1,ST2,CNC,2025-01-22,Mechanical,vibration,,2025-01-22 19:24:00,2025-01-22 19:43:00,20
M1,ST2,CNC,2025-01-22,Mechanical,air_pressure,,2025-01-22 23:43:00,2025-01-23 00:04:00,22
M1,ST2,CNC,2025-01-23,Mechanical,vibration,,2025-01-23 04:01:00,2025-01-23 04:23:00,23
M1,ST2,CNC,2025-01-23,Mechanical,air_pressure,,2025-01-23 09:07:00,2025-01-23 09:25:00,19
M1,ST2,CNC,2025-01-23,Mechanical,vibration,,2025-01-23 12:41:00,2025-01-23 13:16:00,36
M1,ST2,CNC,2025-01-23,Mechanical,air_pressure,,2025-01-23 22:02:00,2025-01-23 22:16:00,15
M1,ST2,CNC,2025-01-23,Mechanical,vibration,,2025-01-23 23:06:00,2025-01-23 23:20:00,15
M1,ST2,CNC,2025-01-24,Mechanical,vibration,,2025-01-24 08:06:00,2025-01-24 08:38:00,33
M1,ST2,CNC,2025-01-24,Mechanical,vibration,,2025-01-24 15:51:00,2025-01-24 16:21:00,31
M1,ST2,CNC,2025-01-25,Mechanical,air_pressure,,2025-01-25 02:07:00,2025-01-25 02:17:00,11
M1,ST2,CNC,2025-01-25,Mechanical,air_pressure,,2025-01-25 14:20:00,2025-01-25 14:59:00,40
M1,ST2,CNC,2025-01-26,Mechanical,vibration,,2025-01-26 00:45:00,2025-01-26 01:17:00,33
M1,ST2,CNC,2025-01-26,Mechanical,air_pressure,,2025-01-26 06:35:00,2025-01-26 07:07:00,33
M1,ST2,CNC,2025-01-26,Mechanical,vibration,,2025-01-26 12:14:00,2025-01-26 12:45:00,32
M1,ST2,CNC,2025-01-26,Mechanical,air_pressure,,2025-01-26 21:00:00,2025-01-26 21:18:00,19
M1,ST2,CNC,2025-01-26,Mechanical,vibration,,2025-01-26 23:58:00,2025-01-27 00:10:00,13
M1,ST2,CNC,2025-01-27,Mechanical,vibration,,2025-01-27 07:44:00,2025-01-27 08:16:00,33
M1,ST2,CNC,2025-01-27,Mechanical,air_pressure,,2025-01-27 11:23:00,2025-01-27 11:32:00,10
M1,ST2,CNC,2025-01-27,Mechanical,vibration,,2025-01-27 16:33:00,2025-01-27 17:07:00,35
M1,ST2,CNC,2025-01-28,Mechanical,vibration,,2025-01-28 02:25:00,2025-01-28 02:42:00,18
M1,ST2,CNC,2025-01-28,Mechanical,air_pressure,,2025-01-28 02:58:00,2025-01-28 03:41:00,44
M1,ST2,CNC,2025-01-28,Mechanical,air_pressure,,2025-01-28 12:22:00,2025-01-28 12:37:00,16
M1,ST2,CNC,2025-01-28,Mechanical,vibration,,2025-01-28 15:02:00,2025-01-28 15:38:00,37
M1,ST2,CNC,2025-01-29,Mechanical,vibration,,2025-01-29 00:18:00,2025-01-29 00:27:00,10
M1,ST2,CNC,2025-01-29,Mechanical,air_pressure,,2025-01-29 00:31:00,2025-01-29 01:06:00,36
M1,ST2,CNC,2025-01-29,Mechanical,air_pressure,,2025-01-29 10:03:00,2025-01-29 10:34:00,32
M1,ST2,CNC,2025-01-29,Mechanical,vibration,,2025-01-29 10:53:00,2025-01-29 11:01:00,9
M1,ST2,CNC,2025-01-29,Mechanical,vibration,,2025-01-29 18:55:00,2025-01-29 19:16:00,22
M1,ST2,CNC,2025-01-30,Mechanical,vibration,,2025-01-30 01:46:00,2025-01-30 01:56:00,11
M1,ST2,CNC,2025-01-30,Mechanical,air_pressure,,2025-01-30 02:05:00,2025-01-30 02:39:00,35
M1,ST2,CNC,2025-01-30,Mechanical,vibration,,2025-01-30 07:48:00,2025-01-30 08:02:00,15
M1,ST2,CNC,2025-01-30,Mechanical,vibration,,2025-01-30 15:11:00,2025-01-30 15:31:00,21
M1,ST2,CNC,2025-01-30,Mechanical,air_pressure,,2025-01-30 18:51:00,2025-01-30 19:18:00,28
M1,ST2,CNC,2025-01-30,Mechanical,vibration,,2025-01-30 23:07:00,2025-01-30 23:23:00,17
M1,ST2,CNC,2025-01-01,Electrical,temperature,,2025-01-01 14:35:00,2025-01-01 15:12:00,38
M1,ST2,CNC,2025-01-01,Electrical,energy_consumption,,2025-01-01 16:46:00,2025-01-01 17:07:00,22
M1,ST2,CNC,2025-01-01,Electrical,humidity,,2025-01-01 19:05:00,2025-01-01 19:16:00,12
M1,ST2,CNC,2025-01-01,Electrical,temperature,,2025-01-01 23:22:00,2025-01-02 00:01:00,40
M1,ST2,CNC,2025-01-02,Electrical,humidity,,2025-01-02 06:40:00,2025-01-02 07:16:00,37
M1,ST2,CNC,2025-01-02,Electrical,temperature,,2025-01-02 07:39:00,2025-01-02 07:51:00,13
M1,ST2,CNC,2025-01-02,Electrical,temperature,,2025-01-02 18:36:00,2025-01-02 18:44:00,9
M1,ST2,CNC,2025-01-02,Electrical,energy_consumption,,2025-01-02 20:20:00,2025-01-02 20:27:00,8
M1,ST2,CNC,2025-01-02,Electrical,humidity,,2025-01-02 22:12:00,2025-01-02 22:32:00,21
M1,ST2,CNC,2025-01-03,Electrical,humidity,,2025-01-03 12:43:00,2025-01-03 13:04:00,22
M1,ST2,CNC,2025-01-03,Electrical,temperature,,2025-01-03 16:24:00,2025-01-03 16:50:00,27
M1,ST2,CNC,2025-01-03,Electrical,energy_consumption,,2025-01-03 19:47:00,2025-01-03 20:16:00,30
M1,ST2,CNC,2025-01-04,Electrical,humidity,,2025-01-04 06:38:00,2025-01-04 06:50:00,13
M1,ST2,CNC,2025-01-04,Electrical,temperature,,2025-01-04 07:08:00,2025-01-04 07:35:00,28
M1,ST2,CNC,2025-01-04,Electrical,energy_consumption,,2025-01-04 19:40:00,2025-01-04 19:57:00,18
M1,ST2,CNC,2025-01-04,Electrical,temperature,,2025-01-04 20:29:00,2025-01-04 21:08:00,40
M1,ST2,CNC,2025-01-05,Electrical,humidity,,2025-01-05 00:53:00,2025-01-05 01:17:00,25
M1,ST2,CNC,2025-01-05,Electrical,temperature,,2025-01-05 05:23:00,2025-01-05 05:31:00,9
M1,ST2,CNC,2025-01-05,Electrical,energy_consumption,,2025-01-05 09:59:00,2025-01-05 10:29:00,31
M1,ST2,CNC,2025-01-05,Electrical,temperature,,2025-01-05 16:43:00,2025-01-05 16:49:00,7
M1,ST2,CNC,2025-01-05,Electrical,humidity,,2025-01-05 16:52:00,2025-01-05 17:14:00,23
M1,ST2,CNC,2025-01-06,Electrical,temperature,,2025-01-06 00:56:00,2025-01-06 01:33:00,38
M1,ST2,CNC,2025-01-06,Electrical,humidity,,2025-01-06 09:51:00,2025-01-06 10:10:00,20
M1,ST2,CNC,2025-01-06,Electrical,energy_consumption,,2025-01-06 14:37:00,2025-01-06 15:03:00,27
M1,ST2,CNC,2025-01-06,Electrical,temperature,,2025-01-06 15:05:00,2025-01-06 15:27:00,23
M1,ST2,CNC,2025-01-06,Electrical,humidity,,2025-01-06 21:46:00,2025-01-06 22:34:00,49
M1,ST2,CNC,2025-01-07,Electrical,temperature,,2025-01-07 02:13:00,2025-01-07 02:48:00,36
M1,ST2,CNC,2025-01-07,Electrical,energy_consumption,,2025-01-07 02:49:00,2025-01-07 03:05:00,17
M1,ST2,CNC,2025-01-07,Electrical,humidity,,2025-01-07 08:55:00,2025-01-07 09:17:00,23
M1,ST2,CNC,2025-01-07,Electrical,temperature,,2025-01-07 16:18:00,2025-01-07 17:01:00,44
M1,ST2,CNC,2025-01-08,Electrical,temperature,,2025-01-08 00:54:00,2025-01-08 01:12:00,19
M1,ST2,CNC,2025-01-08,Electrical,temperature,,2025-01-08 14:07:00,2025-01-08 14:29:00,23
M1,ST2,CNC,2025-01-08,Electrical,humidity,,2025-01-08 18:44:00,2025-01-08 18:53:00,10
M1,ST2,CNC,2025-01-08,Electrical,energy_consumption,,2025-01-08 19:24:00,2025-01-08 19:37:00,14
M1,ST2,CNC,2025-01-09,Electrical,temperature,,2025-01-09 04:24:00,2025-01-09 04:37:00,14
M1,ST2,CNC,2025-01-09,Electrical,humidity,,2025-01-09 07:06:00,2025-01-09 07:16:00,11
M1,ST2,CNC,2025-01-09,Electrical,temperature,,2025-01-09 15:34:00,2025-01-09 16:09:00,36
M1,ST2,CNC,2025-01-09,Electrical,humidity,,2025-01-09 21:27:00,2025-01-09 22:19:00,53
M1,ST2,CNC,2025-01-10,Electrical,energy_consumption,,2025-01-10 02:35:00,2025-01-10 02:50:00,16
M1,ST2,CNC,2025-01-10,Electrical,temperature,,2025-01-10 03:49:00,2025-01-10 03:56:00,8
M1,ST2,CNC,2025-01-10,Electrical,humidity,,2025-01-10 10:38:00,2025-01-10 10:44:00,7
M1,ST2,CNC,2025-01-10,Electrical,temperature,,2025-01-10 16:23:00,2025-01-10 16:29:00,7
M1,ST2,CNC,2025-01-10,Electrical,energy_consumption,,2025-01-10 16:51:00,2025-01-10 17:11:00,21
M1,ST2,CNC,2025-01-11,Electrical,temperature,,2025-01-11 00:57:00,2025-01-11 01:30:00,34
M1,ST2,CNC,2025-01-11,Electrical,humidity,,2025-01-11 05:46:00,2025-01-11 05:57:00,12
M1,ST2,CNC,2025-01-11,Electrical,energy_consumption,,2025-01-11 06:21:00,2025-01-11 06:42:00,22
M1,ST2,CNC,2025-01-11,Electrical,temperature,,2025-01-11 12:06:00,2025-01-11 12:22:00,17
M1,ST2,CNC,2025-01-11,Electrical,energy_consumption,,2025-01-11 18:01:00,2025-01-11 18:27:00,27
M1,ST2,CNC,2025-01-11,Electrical,humidity,,2025-01-11 20:53:00,2025-01-11 21:26:00,34
M1,ST2,CNC,2025-01-12,Electrical,energy_consumption,,2025-01-12 08:17:00,2025-01-12 08:34:00,18
M1,ST2,CNC,2025-01-12,Electrical,temperature,,2025-01-12 09:08:00,2025-01-12 09:29:00,22
M1,ST2,CNC,2025-01-12,Electrical,humidity,,2025-01-12 14:27:00,2025-01-12 15:00:00,34
M1,ST2,CNC,2025-01-12,Electrical,temperature,,2025-01-12 22:24:00,2025-01-12 22:50:00,27
M1,ST2,CNC,2025-01-13,Electrical,humidity,,2025-01-13 01:24:00,2025-01-13 01:32:00,9
M1,ST2,CNC,2025-01-13,Electrical,energy_consumption,,2025-01-13 12:15:00,2025-01-13 12:28:00,14
M1,ST2,CNC,2025-01-13,Electrical,humidity,,2025-01-13 15:58:00,2025-01-13 16:06:00,9
M1,ST2,CNC,2025-01-14,Electrical,temperature,,2025-01-14 00:33:00,2025-01-14 00:51:00,19
M1,ST2,CNC,2025-01-14,Electrical,energy_consumption,,2025-01-14 03:59:00,2025-01-14 04:08:00,10
M1,ST2,CNC,2025-01-14,Electrical,humidity,,2025-01-14 04:21:00,2025-01-14 04:52:00,32
M1,ST2,CNC,2025-01-14,Electrical,temperature,,2025-01-14 13:40:00,2025-01-14 14:00:00,21
M1,ST2,CNC,2025-01-14,Electrical,humidity,,2025-01-14 22:13:00,2025-01-14 22:45:00,33
M1,ST2,CNC,2025-01-15,Electrical,temperature,,2025-01-15 00:40:00,2025-01-15 01:16:00,37
M1,ST2,CNC,2025-01-15,Electrical,temperature,,2025-01-15 08:59:00,2025-01-15 09:09:00,11
M1,ST2,CNC,2025-01-15,Electrical,humidity,,2025-01-15 09:55:00,2025-01-15 10:26:00,32
M1,ST2,CNC,2025-01-15,Electrical,energy_consumption,,2025-01-15 12:01:00,2025-01-15 12:24:00,24
M1,ST2,CNC,2025-01-15,Electrical,temperature,,2025-01-15 17:51:00,2025-01-15 18:16:00,26
M1,ST2,CNC,2025-01-16,Electrical,energy_consumption,,2025-01-16 00:46:00,2025-01-16 01:14:00,29
M1,ST2,CNC,2025-01-16,Electrical,humidity,,2025-01-16 03:19:00,2025-01-16 03:45:00,27
M1,ST2,CNC,2025-01-16,Electrical,temperature,,2025-01-16 04:08:00,2025-01-16 04:33:00,26
M1,ST2,CNC,2025-01-16,Electrical,energy_consumption,,2025-01-16 11:01:00,2025-01-16 11:32:00,32
M1,ST2,CNC,2025-01-16,Electrical,temperature,,2025-01-16 13:11:00,2025-01-16 13:21:00,11
M1,ST2,CNC,2025-01-16,Electrical,humidity,,2025-01-16 15:52:00,2025-01-16 15:58:00,7
M1,ST2,CNC,2025-01-17,Electrical,energy_consumption,,2025-01-17 02:08:00,2025-01-17 02:25:00,18
M1,ST2,CNC,2025-01-17,Electrical,temperature,,2025-01-17 02:33:00,2025-01-17 02:50:00,18
M1,ST2,CNC,2025-01-17,Electrical,energy_consumption,,2025-01-17 12:18:00,2025-01-17 12:49:00,32
M1,ST2,CNC,2025-01-17,Electrical,temperature,,2025-01-17 14:53:00,2025-01-17 15:17:00,25
M1,ST2,CNC,2025-01-17,Electrical,humidity,,2025-01-17 22:53:00,2025-01-17 23:18:00,26
M1,ST2,CNC,2025-01-17,Electrical,energy_consumption,,2025-01-17 23:58:00,2025-01-18 00:37:00,40
M1,ST2,CNC,2025-01-18,Electrical,energy_consumption,,2025-01-18 10:04:00,2025-01-18 10:41:00,38
M1,ST2,CNC,2025-01-18,Electrical,humidity,,2025-01-18 10:54:00,2025-01-18 11:23:00,30
M1,ST2,CNC,2025-01-18,Electrical,temperature,,2025-01-18 11:42:00,2025-01-18 12:03:00,22
M1,ST2,CNC,2025-01-18,Electrical,temperature,,2025-01-18 18:36:00,2025-01-18 18:50:00,15
M1,ST2,CNC,2025-01-18,Electrical,energy_consumption,,2025-01-18 22:31:00,2025-01-18 22:39:00,9
M1,ST2,CNC,2025-01-19,Electrical,humidity,,2025-01-19 02:04:00,2025-01-19 02:33:00,30
M1,ST2,CNC,2025-01-19,Electrical,temperature,,2025-01-19 05:54:00,2025-01-19 06:03:00,10
M1,ST2,CNC,2025-01-19,Electrical,energy_consumption,,2025-01-19 13:49:00,2025-01-19 14:27:00,39
M1,ST2,CNC,2025-01-19,Electrical,humidity,,2025-01-19 22:59:00,2025-01-19 23:24:00,26
M1,ST2,CNC,2025-01-20,Electrical,energy_consumption,,2025-01-20 02:37:00,2025-01-20 03:06:00,30
M1,ST2,CNC,2025-01-20,Electrical,temperature,,2025-01-20 03:40:00,2025-01-20 03:54:00,15
M1,ST2,CNC,2025-01-20,Electrical,energy_consumption,,2025-01-20 13:04:00,2025-01-20 13:14:00,11
M1,ST2,CNC,2025-01-20,Electrical,temperature,,2025-01-20 14:26:00,2025-01-20 14:58:00,33
M1,ST2,CNC,2025-01-20,Electrical,temperature,,2025-01-20 23:44:00,2025-01-21 00:22:00,39
M1,ST2,CNC,2025-01-21,Electrical,energy_consumption,,2025-01-21 01:08:00,2025-01-21 01:30:00,23
M1,ST2,CNC,2025-01-21,Electrical,humidity,,2025-01-21 03:51:00,2025-01-21 04:15:00,25
M1,ST2,CNC,2025-01-21,Electrical,energy_consumption,,2025-01-21 10:36:00,2025-01-21 11:06:00,31
M1,ST2,CNC,2025-01-21,Electrical,temperature,,2025-01-21 12:45:00,2025-01-21 12:51:00,7
M1,ST2,CNC,2025-01-21,Electrical,energy_consumption,,2025-01-21 21:13:00,2025-01-21 21:48:00,36
M1,ST2,CNC,2025-01-21,Electrical,temperature,,2025-01-21 22:48:00,2025-01-21 23:11:00,24
M1,ST2,CNC,2025-01-22,Electrical,temperature,,2025-01-22 06:32:00,2025-01-22 06:37:00,6
M1,ST2,CNC,2025-01-22,Electrical,energy_consumption,,2025-01-22 11:42:00,2025-01-22 12:12:00,31
M1,ST2,CNC,2025-01-22,Electrical,humidity,,2025-01-22 13:49:00,2025-01-22 14:15:00,27
M1,ST2,CNC,2025-01-22,Electrical,temperature,,2025-01-22 17:18:00,2025-01-22 17:54:00,37
M1,ST2,CNC,2025-01-23,Electrical,humidity,,2025-01-23 00:34:00,2025-01-23 00:58:00,25
M1,ST2,CNC,2025-01-23,Electrical,energy_consumption,,2025-01-23 01:17:00,2025-01-23 01:56:00,40
M1,ST2,CNC,2025-01-23,Electrical,temperature,,2025-01-23 05:29:00,2025-01-23 05:43:00,15
M1,ST2,CNC,2025-01-23,Electrical,energy_consumption,,2025-01-23 11:20:00,2025-01-23 11:26:00,7
M1,ST2,CNC,2025-01-23,Electrical,humidity,,2025-01-23 14:49:00,2025-01-23 15:15:00,27
M1,ST2,CNC,2025-01-23,Electrical,temperature,,2025-01-23 15:31:00,2025-01-23 16:03:00,33
M1,ST2,CNC,2025-01-23,Electrical,energy_consumption,,2025-01-23 21:28:00,2025-01-23 21:41:00,14
M1,ST2,CNC,2025-01-24,Electrical,humidity,,2025-01-24 07:03:00,2025-01-24 07:12:00,10
M1,ST2,CNC,2025-01-24,Electrical,energy_consumption,,2025-01-24 12:34:00,2025-01-24 12:44:00,11
M1,ST2,CNC,2025-01-24,Electrical,temperature,,2025-01-24 13:43:00,2025-01-24 14:03:00,21
M1,ST2,CNC,2025-01-25,Electrical,humidity,,2025-01-25 01:15:00,2025-01-25 01:38:00,24
M1,ST2,CNC,2025-01-25,Electrical,energy_consumption,,2025-01-25 03:46:00,2025-01-25 04:08:00,23
M1,ST2,CNC,2025-01-25,Electrical,temperature,,2025-01-25 04:33:00,2025-01-25 04:54:00,22
M1,ST2,CNC,2025-01-25,Electrical,energy_consumption,,2025-01-25 12:19:00,2025-01-25 12:44:00,26
M1,ST2,CNC,2025-01-25,Electrical,humidity,,2025-01-25 13:20:00,2025-01-25 13:50:00,31
M1,ST2,CNC,2025-01-25,Electrical,temperature,,2025-01-25 15:35:00,2025-01-25 15:53:00,19
M1,ST2,CNC,2025-01-26,Electrical,humidity,,2025-01-26 02:57:00,2025-01-26 03:32:00,36
M1,ST2,CNC,2025-01-26,Electrical,temperature,,2025-01-26 04:23:00,2025-01-26 04:35:00,13
M1,ST2,CNC,2025-01-26,Electrical,temperature,,2025-01-26 10:40:00,2025-01-26 11:04:00,25
M1,ST2,CNC,2025-01-26,Electrical,humidity,,2025-01-26 19:20:00,2025-01-26 19:27:00,8
M1,ST2,CNC,2025-01-26,Electrical,energy_consumption,,2025-01-26 19:35:00,2025-01-26 20:00:00,26
M1,ST2,CNC,2025-01-26,Electrical,temperature,,2025-01-26 21:21:00,2025-01-26 21:59:00,39
M1,ST2,CNC,2025-01-27,Electrical,energy_consumption,,2025-01-27 05:57:00,2025-01-27 06:23:00,27
M1,ST2,CNC,2025-01-27,Electrical,temperature,,2025-01-27 06:44:00,2025-01-27 07:10:00,27
M1,ST2,CNC,2025-01-27,Electrical,humidity,,2025-01-27 12:08:00,2025-01-27 12:40:00,33
M1,ST2,CNC,2025-01-27,Electrical,temperature,,2025-01-27 14:06:00,2025-01-27 14:28:00,23
M1,ST2,CNC,2025-01-27,Electrical,energy_consumption,,2025-01-27 19:13:00,2025-01-27 19:32:00,20
M1,ST2,CNC,2025-01-28,Electrical,humidity,,2025-01-28 05:33:00,2025-01-28 06:11:00,39
M1,ST2,CNC,2025-01-28,Electrical,energy_consumption,,2025-01-28 08:55:00,2025-01-28 09:22:00,28
M1,ST2,CNC,2025-01-28,Electrical,temperature,,2025-01-28 13:22:00,2025-01-28 13:54:00,33
M1,ST2,CNC,2025-01-28,Electrical,temperature,,2025-01-28 21:32:00,2025-01-28 22:11:00,40
M1,ST2,CNC,2025-01-28,Electrical,humidity,,2025-01-28 23:00:00,2025-01-28 23:38:00,39
M1,ST2,CNC,2025-01-29,Electrical,humidity,,2025-01-29 17:44:00,2025-01-29 18:17:00,34
M1,ST2,CNC,2025-01-29,Electrical,energy_consumption,,2025-01-29 21:06:00,2025-01-29 21:33:00,28
M1,ST2,CNC,2025-01-30,Electrical,temperature,,2025-01-30 06:09:00,2025-01-30 06:43:00,35
M1,ST2,CNC,2025-01-30,Electrical,humidity,,2025-01-30 06:58:00,2025-01-30 07:14:00,17
M1,ST2,CNC,2025-01-30,Electrical,energy_consumption,,2025-01-30 12:41:00,2025-01-30 13:19:00,39
M1,ST2,CNC,2025-01-30,Electrical,temperature,,2025-01-30 16:31:00,2025-01-30 16:43:00,13
M1,ST2,CNC,2025-01-31,Electrical,humidity,,2025-01-31 01:32:00,2025-01-31 01:59:00,28
M1,ST2,CNC,2025-01-31,Electrical,energy_consumption,,2025-01-31 02:22:00,2025-01-31 03:00:00,39
M1,ST2,CNC,2025-01-31,Electrical,temperature,,2025-01-31 04:17:00,2025-01-31 04:46:00,30
M1,ST2,CNC,2025-01-01,Changeover,,,2025-01-01 10:28:00,2025-01-01 10:46:00,19
M1,ST2,CNC,2025-01-01,Changeover,,,2025-01-01 12:00:00,2025-01-01 12:29:00,30
M1,ST2,CNC,2025-01-02,Changeover,,,2025-01-02 08:34:00,2025-01-02 09:11:00,38
M1,ST2,CNC,2025-01-02,Changeover,,,2025-01-02 18:25:00,2025-01-02 18:35:00,11
M1,ST2,CNC,2025-01-04,Changeover,,,2025-01-04 07:49:00,2025-01-04 07:54:00,6
M1,ST2,CNC,2025-01-04,Changeover,,,2025-01-04 13:51:00,2025-01-04 14:05:00,15
M1,ST2,CNC,2025-01-05,Changeover,,,2025-01-05 18:22:00,2025-01-05 18:55:00,34
M1,ST2,CNC,2025-01-07,Changeover,,,2025-01-07 03:18:00,2025-01-07 03:36:00,19
M1,ST2,CNC,2025-01-07,Changeover,,,2025-01-07 04:38:00,2025-01-07 04:52:00,15
M1,ST2,CNC,2025-01-07,Changeover,,,2025-01-07 09:40:00,2025-01-07 09:57:00,18
M1,ST2,CNC,2025-01-08,Changeover,,,2025-01-08 21:12:00,2025-01-08 21:40:00,29
M1,ST2,CNC,2025-01-11,Changeover,,,2025-01-11 04:35:00,2025-01-11 05:08:00,34
M1,ST2,CNC,2025-01-11,Changeover,,,2025-01-11 10:37:00,2025-01-11 11:06:00,30
M1,ST2,CNC,2025-01-13,Changeover,,,2025-01-13 12:49:00,2025-01-13 13:06:00,18
M1,ST2,CNC,2025-01-13,Changeover,,,2025-01-13 19:37:00,2025-01-13 19:59:00,23
M1,ST2,CNC,2025-01-18,Changeover,,,2025-01-18 19:21:00,2025-01-18 19:49:00,29
M1,ST2,CNC,2025-01-19,Changeover,,,2025-01-19 00:19:00,2025-01-19 00:49:00,31
M1,ST2,CNC,2025-01-19,Changeover,,,2025-01-19 13:35:00,2025-01-19 13:48:00,14
M1,ST2,CNC,2025-01-22,Changeover,,,2025-01-22 20:57:00,2025-01-22 21:19:00,23
M1,ST2,CNC,2025-01-23,Changeover,,,2025-01-23 05:15:00,2025-01-23 05:24:00,10
M1,ST2,CNC,2025-01-23,Changeover,,,2025-01-23 20:49:00,2025-01-23 21:23:00,35
M1,ST2,CNC,2025-01-27,Changeover,,,2025-01-27 20:22:00,2025-01-27 20:59:00,38
M1,ST2,CNC,2025-01-28,Changeover,,,2025-01-28 12:09:00,2025-01-28 12:21:00,13
M1,ST2,CNC,2025-01-29,Changeover,,,2025-01-29 06:04:00,2025-01-29 06:57:00,54
M1,ST2,CNC,2025-01-01,Blocked,,,2025-01-01 07:46:00,2025-01-01 07:51:00,6
M1,ST2,CNC,2025-01-01,Blocked,,,2025-01-01 08:13:00,2025-01-01 08:17:00,5
M1,ST2,CNC,2025-01-01,Blocked,,,2025-01-01 09:57:00,2025-01-01 10:05:00,9
M1,ST2,CNC,2025-01-01,Blocked,,,2025-01-01 10:17:00,2025-01-01 10:27:00,11
M1,ST2,CNC,2025-01-01,Blocked,,,2025-01-01 12:40:00,2025-01-01 13:16:00,37
M1,ST2,CNC,2025-01-01,Blocked,,,2025-01-01 14:02:00,2025-01-01 14:34:00,33
M1,ST2,CNC,2025-01-01,Blocked,,,2025-01-01 15:48:00,2025-01-01 16:43:00,56
M1,ST2,CNC,2025-01-01,Blocked,,,2025-01-01 17:25:00,2025-01-01 17:34:00,10
M1,ST2,CNC,2025-01-01,Blocked,,,2025-01-01 17:54:00,2025-01-01 17:54:00,1
M1,ST2,CNC,2025-01-01,Blocked,,,2025-01-01 18:18:00,2025-01-01 18:23:00,6
M1,ST2,CNC,2025-01-01,Blocked,,,2025-01-01 20:04:00,2025-01-01 20:18:00,15
M1,ST2,CNC,2025-01-01,Blocked,,,2025-01-01 20:38:00,2025-01-01 20:56:00,19
M1,ST2,CNC,2025-01-01,Blocked,,,2025-01-01 21:22:00,2025-01-01 21:26:00,5
M1,ST2,CNC,2025-01-01,Blocked,,,2025-01-01 22:02:00,2025-01-01 22:41:00,40
M1,ST2,CNC,2025-01-02,Blocked,,,2025-01-02 00:26:00,2025-01-02 00:54:00,29
M1,ST2,CNC,2025-01-02,Blocked,,,2025-01-02 01:03:00,2025-01-02 01:40:00,38
M1,ST2,CNC,2025-01-02,Blocked,,,2025-01-02 01:44:00,2025-01-02 01:45:00,2
M1,ST2,CNC,2025-01-02,Blocked,,,2025-01-02 02:12:00,2025-01-02 02:17:00,6
M1,ST2,CNC,2025-01-02,Blocked,,,2025-01-02 03:22:00,2025-01-02 03:37:00,16
M1,ST2,CNC,2025-01-02,Blocked,,,2025-01-02 03:48:00,2025-01-02 04:24:00,37
M1,ST2,CNC,2025-01-02,Blocked,,,2025-01-02 05:30:00,2025-01-02 05:51:00,22
M1,ST2,CNC,2025-01-02,Blocked,,,2025-01-02 06:00:00,2025-01-02 06:23:00,24
M1,ST2,CNC,2025-01-02,Blocked,,,2025-01-02 07:24:00,2025-01-02 07:36:00,13
M1,ST2,CNC,2025-01-02,Blocked,,,2025-01-02 09:47:00,2025-01-02 10:42:00,56
M1,ST2,CNC,2025-01-02,Blocked,,,2025-01-02 10:50:00,2025-01-02 11:13:00,24
M1,ST2,CNC,2025-01-02,Blocked,,,2025-01-02 11:20:00,2025-01-02 12:00:00,41
M1,ST2,CNC,2025-01-02,Blocked,,,2025-01-02 12:29:00,2025-01-02 12:57:00,29
M1,ST2,CNC,2025-01-02,Blocked,,,2025-01-02 13:08:00,2025-01-02 13:08:00,1
M1,ST2,CNC,2025-01-02,Blocked,,,2025-01-02 13:15:00,2025-01-02 13:40:00,26
M1,ST2,CNC,2025-01-02,Blocked,,,2025-01-02 14:20:00,2025-01-02 14:28:00,9
M1,ST2,CNC,2025-01-02,Blocked,,,2025-01-02 15:40:00,2025-01-02 16:30:00,51
M1,ST2,CNC,2025-01-02,Blocked,,,2025-01-02 16:40:00,2025-01-02 16:55:00,16
M1,ST2,CNC,2025-01-02,Blocked,,,2025-01-02 17:55:00,2025-01-02 18:23:00,29
M1,ST2,CNC,2025-01-02,Blocked,,,2025-01-02 19:08:00,2025-01-02 19:11:00,4
M1,ST2,CNC,2025-01-02,Blocked,,,2025-01-02 19:37:00,2025-01-02 20:10:00,34
M1,ST2,CNC,2025-01-02,Blocked,,,2025-01-02 20:51:00,2025-01-02 22:11:00,81
M1,ST2,CNC,2025-01-02,Blocked,,,2025-01-02 23:02:00,2025-01-02 23:21:00,20
M1,ST2,CNC,2025-01-02,Blocked,,,2025-01-02 23:32:00,2025-01-03 00:07:00,36
M1,ST2,CNC,2025-01-03,Blocked,,,2025-01-03 00:11:00,2025-01-03 00:11:00,1
M1,ST2,CNC,2025-01-03,Blocked,,,2025-01-03 01:36:00,2025-01-03 01:49:00,14
M1,ST2,CNC,2025-01-03,Blocked,,,2025-01-03 02:00:00,2025-01-03 02:03:00,4
M1,ST2,CNC,2025-01-03,Blocked,,,2025-01-03 02:45:00,2025-01-03 02:50:00,6
M1,ST2,CNC,2025-01-03,Blocked,,,2025-01-03 02:56:00,2025-01-03 03:30:00,35
M1,ST2,CNC,2025-01-03,Blocked,,,2025-01-03 04:13:00,2025-01-03 04:17:00,5
M1,ST2,CNC,2025-01-03,Blocked,,,2025-01-03 04:25:00,2025-01-03 04:38:00,14
M1,ST2,CNC,2025-01-03,Blocked,,,2025-01-03 04:41:00,2025-01-03 05:17:00,37
M1,ST2,CNC,2025-01-03,Blocked,,,2025-01-03 05:21:00,2025-01-03 05:26:00,6
M1,ST2,CNC,2025-01-03,Blocked,,,2025-01-03 05:44:00,2025-01-03 06:00:00,17
M1,ST2,CNC,2025-01-03,Blocked,,,2025-01-03 07:18:00,2025-01-03 07:37:00,20
M1,ST2,CNC,2025-01-03,Blocked,,,2025-01-03 08:12:00,2025-01-03 08:14:00,3
M1,ST2,CNC,2025-01-03,Blocked,,,2025-01-03 08:23:00,2025-01-03 08:39:00,17
M1,ST2,CNC,2025-01-03,Blocked,,,2025-01-03 10:09:00,2025-01-03 10:13:00,5
M1,ST2,CNC,2025-01-03,Blocked,,,2025-01-03 10:31:00,2025-01-03 10:59:00,29
M1,ST2,CNC,2025-01-03,Blocked,,,2025-01-03 11:09:00,2025-01-03 11:48:00,40
M1,ST2,CNC,2025-01-03,Blocked,,,2025-01-03 12:04:00,2025-01-03 12:09:00,6
M1,ST2,CNC,2025-01-03,Blocked,,,2025-01-03 13:16:00,2025-01-03 13:27:00,12
M1,ST2,CNC,2025-01-03,Blocked,,,2025-01-03 13:37:00,2025-01-03 13:48:00,12
M1,ST2,CNC,2025-01-03,Blocked,,,2025-01-03 14:06:00,2025-01-03 14:31:00,26
M1,ST2,CNC,2025-01-03,Blocked,,,2025-01-03 16:09:00,2025-01-03 16:23:00,15
M1,ST2,CNC,2025-01-03,Blocked,,,2025-01-03 17:02:00,2025-01-03 17:36:00,35
M1,ST2,CNC,2025-01-03,Blocked,,,2025-01-03 17:40:00,2025-01-03 17:48:00,9
M1,ST2,CNC,2025-01-03,Blocked,,,2025-01-03 17:50:00,2025-01-03 18:23:00,34
M1,ST2,CNC,2025-01-03,Blocked,,,2025-01-03 19:05:00,2025-01-03 19:42:00,38
M1,ST2,CNC,2025-01-03,Blocked,,,2025-01-03 21:04:00,2025-01-03 21:31:00,28
M1,ST2,CNC,2025-01-03,Blocked,,,2025-01-03 23:21:00,2025-01-04 00:21:00,61
M1,ST2,CNC,2025-01-04,Blocked,,,2025-01-04 00:36:00,2025-01-04 00:57:00,22
M1,ST2,CNC,2025-01-04,Blocked,,,2025-01-04 01:07:00,2025-01-04 01:17:00,11
M1,ST2,CNC,2025-01-04,Blocked,,,2025-01-04 01:25:00,2025-01-04 01:25:00,1
M1,ST2,CNC,2025-01-04,Blocked,,,2025-01-04 01:37:00,2025-01-04 02:00:00,24
M1,ST2,CNC,2025-01-04,Blocked,,,2025-01-04 02:32:00,2025-01-04 02:55:00,24
M1,ST2,CNC,2025-01-04,Blocked,,,2025-01-04 03:21:00,2025-01-04 03:41:00,21
M1,ST2,CNC,2025-01-04,Blocked,,,2025-01-04 03:43:00,2025-01-04 03:51:00,9
M1,ST2,CNC,2025-01-04,Blocked,,,2025-01-04 05:00:00,2025-01-04 05:05:00,6
M1,ST2,CNC,2025-01-04,Blocked,,,2025-01-04 05:20:00,2025-01-04 05:25:00,6
M1,ST2,CNC,2025-01-04,Blocked,,,2025-01-04 07:46:00,2025-01-04 07:48:00,3
M1,ST2,CNC,2025-01-04,Blocked,,,2025-01-04 08:08:00,2025-01-04 08:59:00,52
M1,ST2,CNC,2025-01-04,Blocked,,,2025-01-04 10:52:00,2025-01-04 10:59:00,8
M1,ST2,CNC,2025-01-04,Blocked,,,2025-01-04 11:30:00,2025-01-04 11:37:00,8
M1,ST2,CNC,2025-01-04,Blocked,,,2025-01-04 12:07:00,2025-01-04 12:11:00,5
M1,ST2,CNC,2025-01-04,Blocked,,,2025-01-04 12:33:00,2025-01-04 13:16:00,44
M1,ST2,CNC,2025-01-04,Blocked,,,2025-01-04 13:19:00,2025-01-04 13:50:00,32
M1,ST2,CNC,2025-01-04,Blocked,,,2025-01-04 14:11:00,2025-01-04 14:37:00,27
M1,ST2,CNC,2025-01-04,Blocked,,,2025-01-04 16:33:00,2025-01-04 17:08:00,36
M1,ST2,CNC,2025-01-04,Blocked,,,2025-01-04 17:19:00,2025-01-04 17:45:00,27
M1,ST2,CNC,2025-01-04,Blocked,,,2025-01-04 18:05:00,2025-01-04 18:10:00,6
M1,ST2,CNC,2025-01-04,Blocked,,,2025-01-04 18:34:00,2025-01-04 18:57:00,24
M1,ST2,CNC,2025-01-04,Blocked,,,2025-01-04 19:07:00,2025-01-04 19:22:00,16
M1,ST2,CNC,2025-01-04,Blocked,,,2025-01-04 19:38:00,2025-01-04 19:39:00,2
M1,ST2,CNC,2025-01-04,Blocked,,,2025-01-04 21:12:00,2025-01-04 21:35:00,24
M1,ST2,CNC,2025-01-04,Blocked,,,2025-01-04 21:41:00,2025-01-04 22:27:00,47
M1,ST2,CNC,2025-01-04,Blocked,,,2025-01-04 22:38:00,2025-01-04 22:43:00,6
M1,ST2,CNC,2025-01-04,Blocked,,,2025-01-04 23:17:00,2025-01-04 23:27:00,11
M1,ST2,CNC,2025-01-04,Blocked,,,2025-01-04 23:29:00,2025-01-04 23:32:00,4
M1,ST2,CNC,2025-01-04,Blocked,,,2025-01-04 23:43:00,2025-01-04 23:57:00,15
M1,ST2,CNC,2025-01-05,Blocked,,,2025-01-05 00:05:00,2025-01-05 00:10:00,6
M1,ST2,CNC,2025-01-05,Blocked,,,2025-01-05 00:12:00,2025-01-05 00:13:00,2
M1,ST2,CNC,2025-01-05,Blocked,,,2025-01-05 00:41:00,2025-01-05 00:52:00,12
M1,ST2,CNC,2025-01-05,Blocked,,,2025-01-05 02:09:00,2025-01-05 02:44:00,36
M1,ST2,CNC,2025-01-05,Blocked,,,2025-01-05 02:48:00,2025-01-05 03:21:00,34
M1,ST2,CNC,2025-01-05,Blocked,,,2025-01-05 04:51:00,2025-01-05 04:54:00,4
M1,ST2,CNC,2025-01-05,Blocked,,,2025-01-05 06:38:00,2025-01-05 06:42:00,5
M1,ST2,CNC,2025-01-05,Blocked,,,2025-01-05 06:46:00,2025-01-05 07:18:00,33
M1,ST2,CNC,2025-01-05,Blocked,,,2025-01-05 07:22:00,2025-01-05 07:28:00,7
M1,ST2,CNC,2025-01-05,Blocked,,,2025-01-05 09:05:00,2025-01-05 09:14:00,10
M1,ST2,CNC,2025-01-05,Blocked,,,2025-01-05 09:20:00,2025-01-05 09:46:00,27
M1,ST2,CNC,2025-01-05,Blocked,,,2025-01-05 10:38:00,2025-01-05 11:13:00,36
M1,ST2,CNC,2025-01-05,Blocked,,,2025-01-05 12:16:00,2025-01-05 12:24:00,9
M1,ST2,CNC,2025-01-05,Blocked,,,2025-01-05 12:31:00,2025-01-05 13:08:00,38
M1,ST2,CNC,2025-01-05,Blocked,,,2025-01-05 13:17:00,2025-01-05 13:25:00,9
M1,ST2,CNC,2025-01-05,Blocked,,,2025-01-05 17:18:00,2025-01-05 17:43:00,26
M1,ST2,CNC,2025-01-05,Blocked,,,2025-01-05 18:16:00,2025-01-05 18:21:00,6
M1,ST2,CNC,2025-01-05,Blocked,,,2025-01-05 19:06:00,2025-01-05 19:29:00,24
M1,ST2,CNC,2025-01-05,Blocked,,,2025-01-05 19:35:00,2025-01-05 20:24:00,50
M1,ST2,CNC,2025-01-05,Blocked,,,2025-01-05 21:34:00,2025-01-05 22:08:00,35
M1,ST2,CNC,2025-01-05,Blocked,,,2025-01-05 22:29:00,2025-01-05 22:48:00,20
M1,ST2,CNC,2025-01-05,Blocked,,,2025-01-05 23:16:00,2025-01-05 23:44:00,29
M1,ST2,CNC,2025-01-06,Blocked,,,2025-01-06 02:10:00,2025-01-06 02:24:00,15
M1,ST2,CNC,2025-01-06,Blocked,,,2025-01-06 02:30:00,2025-01-06 02:31:00,2
M1,ST2,CNC,2025-01-06,Blocked,,,2025-01-06 02:40:00,2025-01-06 02:58:00,19
M1,ST2,CNC,2025-01-06,Blocked,,,2025-01-06 03:28:00,2025-01-06 03:28:00,1
M1,ST2,CNC,2025-01-06,Blocked,,,2025-01-06 03:33:00,2025-01-06 03:36:00,4
M1,ST2,CNC,2025-01-06,Blocked,,,2025-01-06 03:58:00,2025-01-06 04:16:00,19
M1,ST2,CNC,2025-01-06,Blocked,,,2025-01-06 05:29:00,2025-01-06 05:47:00,19
M1,ST2,CNC,2025-01-06,Blocked,,,2025-01-06 05:52:00,2025-01-06 06:30:00,39
M1,ST2,CNC,2025-01-06,Blocked,,,2025-01-06 07:30:00,2025-01-06 07:34:00,5
M1,ST2,CNC,2025-01-06,Blocked,,,2025-01-06 11:07:00,2025-01-06 11:15:00,9
M1,ST2,CNC,2025-01-06,Blocked,,,2025-01-06 11:19:00,2025-01-06 11:20:00,2
M1,ST2,CNC,2025-01-06,Blocked,,,2025-01-06 11:24:00,2025-01-06 12:24:00,61
M1,ST2,CNC,2025-01-06,Blocked,,,2025-01-06 12:31:00,2025-01-06 12:41:00,11
M1,ST2,CNC,2025-01-06,Blocked,,,2025-01-06 13:42:00,2025-01-06 13:51:00,10
M1,ST2,CNC,2025-01-06,Blocked,,,2025-01-06 13:57:00,2025-01-06 14:21:00,25
M1,ST2,CNC,2025-01-06,Blocked,,,2025-01-06 15:57:00,2025-01-06 16:03:00,7
M1,ST2,CNC,2025-01-06,Blocked,,,2025-01-06 17:24:00,2025-01-06 17:42:00,19
M1,ST2,CNC,2025-01-06,Blocked,,,2025-01-06 17:47:00,2025-01-06 18:15:00,29
M1,ST2,CNC,2025-01-06,Blocked,,,2025-01-06 18:28:00,2025-01-06 18:56:00,29
M1,ST2,CNC,2025-01-06,Blocked,,,2025-01-06 21:01:00,2025-01-06 21:26:00,26
M1,ST2,CNC,2025-01-06,Blocked,,,2025-01-06 21:41:00,2025-01-06 21:45:00,5
M1,ST2,CNC,2025-01-06,Blocked,,,2025-01-06 23:34:00,2025-01-06 23:45:00,12
M1,ST2,CNC,2025-01-07,Blocked,,,2025-01-07 00:29:00,2025-01-07 00:29:00,1
M1,ST2,CNC,2025-01-07,Blocked,,,2025-01-07 00:42:00,2025-01-07 01:02:00,21
M1,ST2,CNC,2025-01-07,Blocked,,,2025-01-07 01:21:00,2025-01-07 01:31:00,11
M1,ST2,CNC,2025-01-07,Blocked,,,2025-01-07 02:03:00,2025-01-07 02:03:00,1
M1,ST2,CNC,2025-01-07,Blocked,,,2025-01-07 02:10:00,2025-01-07 02:12:00,3
M1,ST2,CNC,2025-01-07,Blocked,,,2025-01-07 04:21:00,2025-01-07 04:37:00,17
M1,ST2,CNC,2025-01-07,Blocked,,,2025-01-07 05:08:00,2025-01-07 06:11:00,64
M1,ST2,CNC,2025-01-07,Blocked,,,2025-01-07 06:14:00,2025-01-07 06:26:00,13
M1,ST2,CNC,2025-01-07,Blocked,,,2025-01-07 06:32:00,2025-01-07 06:47:00,16
M1,ST2,CNC,2025-01-07,Blocked,,,2025-01-07 06:59:00,2025-01-07 07:16:00,18
M1,ST2,CNC,2025-01-07,Blocked,,,2025-01-07 08:40:00,2025-01-07 08:48:00,9
M1,ST2,CNC,2025-01-07,Blocked,,,2025-01-07 08:52:00,2025-01-07 08:52:00,1
M1,ST2,CNC,2025-01-07,Blocked,,,2025-01-07 09:28:00,2025-01-07 09:39:00,12
M1,ST2,CNC,2025-01-07,Blocked,,,2025-01-07 10:21:00,2025-01-07 11:19:00,59
M1,ST2,CNC,2025-01-07,Blocked,,,2025-01-07 12:12:00,2025-01-07 12:17:00,6
M1,ST2,CNC,2025-01-07,Blocked,,,2025-01-07 12:53:00,2025-01-07 13:09:00,17
M1,ST2,CNC,2025-01-07,Blocked,,,2025-01-07 13:41:00,2025-01-07 13:43:00,3
M1,ST2,CNC,2025-01-07,Blocked,,,2025-01-07 13:45:00,2025-01-07 14:03:00,19
M1,ST2,CNC,2025-01-07,Blocked,,,2025-01-07 14:07:00,2025-01-07 14:34:00,28
M1,ST2,CNC,2025-01-07,Blocked,,,2025-01-07 15:36:00,2025-01-07 15:54:00,19
M1,ST2,CNC,2025-01-07,Blocked,,,2025-01-07 16:15:00,2025-01-07 16:17:00,3
M1,ST2,CNC,2025-01-07,Blocked,,,2025-01-07 17:04:00,2025-01-07 17:12:00,9
M1,ST2,CNC,2025-01-07,Blocked,,,2025-01-07 17:51:00,2025-01-07 18:25:00,35
M1,ST2,CNC,2025-01-07,Blocked,,,2025-01-07 18:55:00,2025-01-07 18:58:00,4
M1,ST2,CNC,2025-01-07,Blocked,,,2025-01-07 19:48:00,2025-01-07 20:10:00,23
M1,ST2,CNC,2025-01-07,Blocked,,,2025-01-07 20:36:00,2025-01-07 20:37:00,2
M1,ST2,CNC,2025-01-07,Blocked,,,2025-01-07 21:00:00,2025-01-07 21:10:00,11
M1,ST2,CNC,2025-01-07,Blocked,,,2025-01-07 21:27:00,2025-01-07 21:54:00,28
M1,ST2,CNC,2025-01-07,Blocked,,,2025-01-07 22:09:00,2025-01-07 22:36:00,28
M1,ST2,CNC,2025-01-07,Blocked,,,2025-01-07 22:40:00,2025-01-07 23:33:00,54
M1,ST2,CNC,2025-01-08,Blocked,,,2025-01-08 01:36:00,2025-01-08 01:52:00,17
M1,ST2,CNC,2025-01-08,Blocked,,,2025-01-08 02:07:00,2025-01-08 03:07:00,61
M1,ST2,CNC,2025-01-08,Blocked,,,2025-01-08 03:13:00,2025-01-08 03:16:00,4
M1,ST2,CNC,2025-01-08,Blocked,,,2025-01-08 03:26:00,2025-01-08 03:31:00,6
M1,ST2,CNC,2025-01-08,Blocked,,,2025-01-08 05:29:00,2025-01-08 05:44:00,16
M1,ST2,CNC,2025-01-08,Blocked,,,2025-01-08 06:28:00,2025-01-08 06:33:00,6
M1,ST2,CNC,2025-01-08,Blocked,,,2025-01-08 06:49:00,2025-01-08 07:01:00,13
M1,ST2,CNC,2025-01-08,Blocked,,,2025-01-08 09:04:00,2025-01-08 09:40:00,37
M1,ST2,CNC,2025-01-08,Blocked,,,2025-01-08 10:10:00,2025-01-08 10:20:00,11
M1,ST2,CNC,2025-01-08,Blocked,,,2025-01-08 10:29:00,2025-01-08 10:57:00,29
M1,ST2,CNC,2025-01-08,Blocked,,,2025-01-08 11:00:00,2025-01-08 11:14:00,15
M1,ST2,CNC,2025-01-08,Blocked,,,2025-01-08 11:17:00,2025-01-08 11:21:00,5
M1,ST2,CNC,2025-01-08,Blocked,,,2025-01-08 11:24:00,2025-01-08 11:35:00,12
M1,ST2,CNC,2025-01-08,Blocked,,,2025-01-08 11:45:00,2025-01-08 12:15:00,31
M1,ST2,CNC,2025-01-08,Blocked,,,2025-01-08 15:05:00,2025-01-08 15:20:00,16
M1,ST2,CNC,2025-01-08,Blocked,,,2025-01-08 15:46:00,2025-01-08 16:12:00,27
M1,ST2,CNC,2025-01-08,Blocked,,,2025-01-08 16:44:00,2025-01-08 16:44:00,1
M1,ST2,CNC,2025-01-08,Blocked,,,2025-01-08 17:09:00,2025-01-08 17:43:00,35
M1,ST2,CNC,2025-01-08,Blocked,,,2025-01-08 18:03:00,2025-01-08 18:05:00,3
M1,ST2,CNC,2025-01-08,Blocked,,,2025-01-08 18:10:00,2025-01-08 18:30:00,21
M1,ST2,CNC,2025-01-08,Blocked,,,2025-01-08 18:59:00,2025-01-08 19:15:00,17
M1,ST2,CNC,2025-01-08,Blocked,,,2025-01-08 19:51:00,2025-01-08 20:20:00,30
M1,ST2,CNC,2025-01-08,Blocked,,,2025-01-08 20:47:00,2025-01-08 21:11:00,25
M1,ST2,CNC,2025-01-08,Blocked,,,2025-01-08 22:34:00,2025-01-08 22:34:00,1
M1,ST2,CNC,2025-01-08,Blocked,,,2025-01-08 23:35:00,2025-01-08 23:38:00,4
M1,ST2,CNC,2025-01-08,Blocked,,,2025-01-08 23:56:00,2025-01-09 00:28:00,33
M1,ST2,CNC,2025-01-09,Blocked,,,2025-01-09 00:41:00,2025-01-09 00:41:00,1
M1,ST2,CNC,2025-01-09,Blocked,,,2025-01-09 01:12:00,2025-01-09 01:37:00,26
M1,ST2,CNC,2025-01-09,Blocked,,,2025-01-09 02:32:00,2025-01-09 03:12:00,41
M1,ST2,CNC,2025-01-09,Blocked,,,2025-01-09 03:18:00,2025-01-09 03:27:00,10
M1,ST2,CNC,2025-01-09,Blocked,,,2025-01-09 04:05:00,2025-01-09 04:23:00,19
M1,ST2,CNC,2025-01-09,Blocked,,,2025-01-09 05:20:00,2025-01-09 05:25:00,6
M1,ST2,CNC,2025-01-09,Blocked,,,2025-01-09 06:00:00,2025-01-09 06:26:00,27
M1,ST2,CNC,2025-01-09,Blocked,,,2025-01-09 06:31:00,2025-01-09 06:58:00,28
M1,ST2,CNC,2025-01-09,Blocked,,,2025-01-09 07:25:00,2025-01-09 07:35:00,11
M1,ST2,CNC,2025-01-09,Blocked,,,2025-01-09 07:37:00,2025-01-09 07:57:00,21
M1,ST2,CNC,2025-01-09,Blocked,,,2025-01-09 09:24:00,2025-01-09 09:43:00,20
M1,ST2,CNC,2025-01-09,Blocked,,,2025-01-09 09:55:00,2025-01-09 09:57:00,3
M1,ST2,CNC,2025-01-09,Blocked,,,2025-01-09 10:20:00,2025-01-09 10:39:00,20
M1,ST2,CNC,2025-01-09,Blocked,,,2025-01-09 11:02:00,2025-01-09 11:10:00,9
M1,ST2,CNC,2025-01-09,Blocked,,,2025-01-09 11:16:00,2025-01-09 11:18:00,3
M1,ST2,CNC,2025-01-09,Blocked,,,2025-01-09 11:55:00,2025-01-09 12:04:00,10
M1,ST2,CNC,2025-01-09,Blocked,,,2025-01-09 12:15:00,2025-01-09 12:24:00,10
M1,ST2,CNC,2025-01-09,Blocked,,,2025-01-09 12:42:00,2025-01-09 13:07:00,26
M1,ST2,CNC,2025-01-09,Blocked,,,2025-01-09 13:12:00,2025-01-09 13:33:00,22
M1,ST2,CNC,2025-01-09,Blocked,,,2025-01-09 13:39:00,2025-01-09 14:08:00,30
M1,ST2,CNC,2025-01-09,Blocked,,,2025-01-09 14:28:00,2025-01-09 14:59:00,32
M1,ST2,CNC,2025-01-09,Blocked,,,2025-01-09 15:02:00,2025-01-09 15:33:00,32
M1,ST2,CNC,2025-01-09,Blocked,,,2025-01-09 16:22:00,2025-01-09 16:31:00,10
M1,ST2,CNC,2025-01-09,Blocked,,,2025-01-09 17:25:00,2025-01-09 17:44:00,20
M1,ST2,CNC,2025-01-09,Blocked,,,2025-01-09 17:50:00,2025-01-09 18:13:00,24
M1,ST2,CNC,2025-01-09,Blocked,,,2025-01-09 19:27:00,2025-01-09 19:33:00,7
M1,ST2,CNC,2025-01-09,Blocked,,,2025-01-09 19:37:00,2025-01-09 19:49:00,13
M1,ST2,CNC,2025-01-09,Blocked,,,2025-01-09 20:08:00,2025-01-09 20:36:00,29
M1,ST2,CNC,2025-01-09,Blocked,,,2025-01-09 20:39:00,2025-01-09 21:12:00,34
M1,ST2,CNC,2025-01-09,Blocked,,,2025-01-09 21:16:00,2025-01-09 21:26:00,11
M1,ST2,CNC,2025-01-09,Blocked,,,2025-01-09 22:43:00,2025-01-09 22:56:00,14
M1,ST2,CNC,2025-01-09,Blocked,,,2025-01-09 23:06:00,2025-01-09 23:26:00,21
M1,ST2,CNC,2025-01-10,Blocked,,,2025-01-10 00:26:00,2025-01-10 00:29:00,4
M1,ST2,CNC,2025-01-10,Blocked,,,2025-01-10 00:31:00,2025-01-10 00:52:00,22
M1,ST2,CNC,2025-01-10,Blocked,,,2025-01-10 01:03:00,2025-01-10 01:09:00,7
M1,ST2,CNC,2025-01-10,Blocked,,,2025-01-10 01:37:00,2025-01-10 01:38:00,2
M1,ST2,CNC,2025-01-10,Blocked,,,2025-01-10 03:31:00,2025-01-10 03:38:00,8
M1,ST2,CNC,2025-01-10,Blocked,,,2025-01-10 03:46:00,2025-01-10 03:48:00,3
M1,ST2,CNC,2025-01-10,Blocked,,,2025-01-10 04:02:00,2025-01-10 04:07:00,6
M1,ST2,CNC,2025-01-10,Blocked,,,2025-01-10 04:53:00,2025-01-10 05:40:00,48
M1,ST2,CNC,2025-01-10,Blocked,,,2025-01-10 06:43:00,2025-01-10 07:37:00,55
M1,ST2,CNC,2025-01-10,Blocked,,,2025-01-10 08:07:00,2025-01-10 08:12:00,6
M1,ST2,CNC,2025-01-10,Blocked,,,2025-01-10 08:42:00,2025-01-10 09:02:00,21
M1,ST2,CNC,2025-01-10,Blocked,,,2025-01-10 09:12:00,2025-01-10 09:37:00,26
M1,ST2,CNC,2025-01-10,Blocked,,,2025-01-10 09:41:00,2025-01-10 09:56:00,16
M1,ST2,CNC,2025-01-10,Blocked,,,2025-01-10 10:07:00,2025-01-10 10:13:00,7
M1,ST2,CNC,2025-01-10,Blocked,,,2025-01-10 10:46:00,2025-01-10 11:04:00,19
M1,ST2,CNC,2025-01-10,Blocked,,,2025-01-10 11:29:00,2025-01-10 11:57:00,29
M1,ST2,CNC,2025-01-10,Blocked,,,2025-01-10 12:34:00,2025-01-10 12:57:00,24
M1,ST2,CNC,2025-01-10,Blocked,,,2025-01-10 13:04:00,2025-01-10 13:11:00,8
M1,ST2,CNC,2025-01-10,Blocked,,,2025-01-10 14:27:00,2025-01-10 14:33:00,7
M1,ST2,CNC,2025-01-10,Blocked,,,2025-01-10 14:39:00,2025-01-10 15:28:00,50
M1,ST2,CNC,2025-01-10,Blocked,,,2025-01-10 17:15:00,2025-01-10 17:30:00,16
M1,ST2,CNC,2025-01-10,Blocked,,,2025-01-10 19:30:00,2025-01-10 19:34:00,5
M1,ST2,CNC,2025-01-10,Blocked,,,2025-01-10 20:13:00,2025-01-10 20:39:00,27
M1,ST2,CNC,2025-01-10,Blocked,,,2025-01-10 20:43:00,2025-01-10 20:51:00,9
M1,ST2,CNC,2025-01-10,Blocked,,,2025-01-10 21:15:00,2025-01-10 22:04:00,50
M1,ST2,CNC,2025-01-10,Blocked,,,2025-01-10 22:42:00,2025-01-10 22:54:00,13
M1,ST2,CNC,2025-01-10,Blocked,,,2025-01-10 23:22:00,2025-01-10 23:27:00,6
M1,ST2,CNC,2025-01-10,Blocked,,,2025-01-10 23:57:00,2025-01-11 00:06:00,10
M1,ST2,CNC,2025-01-11,Blocked,,,2025-01-11 00:35:00,2025-01-11 00:56:00,22
M1,ST2,CNC,2025-01-11,Blocked,,,2025-01-11 01:34:00,2025-01-11 01:46:00,13
M1,ST2,CNC,2025-01-11,Blocked,,,2025-01-11 02:48:00,2025-01-11 02:56:00,9
M1,ST2,CNC,2025-01-11,Blocked,,,2025-01-11 03:02:00,2025-01-11 03:03:00,2
M1,ST2,CNC,2025-01-11,Blocked,,,2025-01-11 03:10:00,2025-01-11 03:32:00,23
M1,ST2,CNC,2025-01-11,Blocked,,,2025-01-11 03:49:00,2025-01-11 03:58:00,10
M1,ST2,CNC,2025-01-11,Blocked,,,2025-01-11 06:48:00,2025-01-11 06:51:00,4
M1,ST2,CNC,2025-01-11,Blocked,,,2025-01-11 08:30:00,2025-01-11 08:57:00,28
M1,ST2,CNC,2025-01-11,Blocked,,,2025-01-11 09:26:00,2025-01-11 09:38:00,13
M1,ST2,CNC,2025-01-11,Blocked,,,2025-01-11 10:13:00,2025-01-11 10:36:00,24
M1,ST2,CNC,2025-01-11,Blocked,,,2025-01-11 12:26:00,2025-01-11 12:49:00,24
M1,ST2,CNC,2025-01-11,Blocked,,,2025-01-11 14:46:00,2025-01-11 14:52:00,7
M1,ST2,CNC,2025-01-11,Blocked,,,2025-01-11 15:16:00,2025-01-11 15:33:00,18
M1,ST2,CNC,2025-01-11,Blocked,,,2025-01-11 17:05:00,2025-01-11 17:12:00,8
M1,ST2,CNC,2025-01-11,Blocked,,,2025-01-11 17:49:00,2025-01-11 17:56:00,8
M1,ST2,CNC,2025-01-11,Blocked,,,2025-01-11 18:33:00,2025-01-11 18:47:00,15
M1,ST2,CNC,2025-01-11,Blocked,,,2025-01-11 18:49:00,2025-01-11 19:01:00,13
M1,ST2,CNC,2025-01-11,Blocked,,,2025-01-11 19:39:00,2025-01-11 19:44:00,6
M1,ST2,CNC,2025-01-11,Blocked,,,2025-01-11 20:52:00,2025-01-11 20:52:00,1
M1,ST2,CNC,2025-01-11,Blocked,,,2025-01-11 21:34:00,2025-01-11 21:34:00,1
M1,ST2,CNC,2025-01-11,Blocked,,,2025-01-11 21:52:00,2025-01-11 21:58:00,7
M1,ST2,CNC,2025-01-11,Blocked,,,2025-01-11 22:02:00,2025-01-11 22:05:00,4
M1,ST2,CNC,2025-01-11,Blocked,,,2025-01-11 23:06:00,2025-01-11 23:14:00,9
M1,ST2,CNC,2025-01-12,Blocked,,,2025-01-12 00:13:00,2025-01-12 00:38:00,26
M1,ST2,CNC,2025-01-12,Blocked,,,2025-01-12 00:51:00,2025-01-12 01:03:00,13
M1,ST2,CNC,2025-01-12,Blocked,,,2025-01-12 02:55:00,2025-01-12 03:19:00,25
M1,ST2,CNC,2025-01-12,Blocked,,,2025-01-12 05:01:00,2025-01-12 05:12:00,12
M1,ST2,CNC,2025-01-12,Blocked,,,2025-01-12 05:29:00,2025-01-12 05:39:00,11
M1,ST2,CNC,2025-01-12,Blocked,,,2025-01-12 06:30:00,2025-01-12 06:57:00,28
M1,ST2,CNC,2025-01-12,Blocked,,,2025-01-12 07:10:00,2025-01-12 07:19:00,10
M1,ST2,CNC,2025-01-12,Blocked,,,2025-01-12 07:23:00,2025-01-12 07:32:00,10
M1,ST2,CNC,2025-01-12,Blocked,,,2025-01-12 07:45:00,2025-01-12 08:16:00,32
M1,ST2,CNC,2025-01-12,Blocked,,,2025-01-12 09:35:00,2025-01-12 09:44:00,10
M1,ST2,CNC,2025-01-12,Blocked,,,2025-01-12 10:09:00,2025-01-12 10:32:00,24
M1,ST2,CNC,2025-01-12,Blocked,,,2025-01-12 11:17:00,2025-01-12 11:21:00,5
M1,ST2,CNC,2025-01-12,Blocked,,,2025-01-12 11:50:00,2025-01-12 12:19:00,30
M1,ST2,CNC,2025-01-12,Blocked,,,2025-01-12 13:05:00,2025-01-12 13:11:00,7
M1,ST2,CNC,2025-01-12,Blocked,,,2025-01-12 13:21:00,2025-01-12 13:24:00,4
M1,ST2,CNC,2025-01-12,Blocked,,,2025-01-12 14:13:00,2025-01-12 14:26:00,14
M1,ST2,CNC,2025-01-12,Blocked,,,2025-01-12 16:15:00,2025-01-12 16:41:00,27
M1,ST2,CNC,2025-01-12,Blocked,,,2025-01-12 16:45:00,2025-01-12 16:53:00,9
M1,ST2,CNC,2025-01-12,Blocked,,,2025-01-12 19:08:00,2025-01-12 19:29:00,22
M1,ST2,CNC,2025-01-12,Blocked,,,2025-01-12 19:47:00,2025-01-12 20:33:00,47
M1,ST2,CNC,2025-01-12,Blocked,,,2025-01-12 22:05:00,2025-01-12 22:23:00,19
M1,ST2,CNC,2025-01-12,Blocked,,,2025-01-12 22:56:00,2025-01-12 23:03:00,8
M1,ST2,CNC,2025-01-12,Blocked,,,2025-01-12 23:07:00,2025-01-12 23:53:00,47
M1,ST2,CNC,2025-01-13,Blocked,,,2025-01-13 00:16:00,2025-01-13 00:20:00,5
M1,ST2,CNC,2025-01-13,Blocked,,,2025-01-13 01:06:00,2025-01-13 01:23:00,18
M1,ST2,CNC,2025-01-13,Blocked,,,2025-01-13 02:11:00,2025-01-13 02:26:00,16
M1,ST2,CNC,2025-01-13,Blocked,,,2025-01-13 03:16:00,2025-01-13 03:38:00,23
M1,ST2,CNC,2025-01-13,Blocked,,,2025-01-13 04:11:00,2025-01-13 04:12:00,2
M1,ST2,CNC,2025-01-13,Blocked,,,2025-01-13 04:53:00,2025-01-13 05:31:00,39
M1,ST2,CNC,2025-01-13,Blocked,,,2025-01-13 06:21:00,2025-01-13 06:49:00,29
M1,ST2,CNC,2025-01-13,Blocked,,,2025-01-13 06:53:00,2025-01-13 07:02:00,10
M1,ST2,CNC,2025-01-13,Blocked,,,2025-01-13 07:10:00,2025-01-13 07:15:00,6
M1,ST2,CNC,2025-01-13,Blocked,,,2025-01-13 07:19:00,2025-01-13 07:29:00,11
M1,ST2,CNC,2025-01-13,Blocked,,,2025-01-13 07:50:00,2025-01-13 08:50:00,61
M1,ST2,CNC,2025-01-13,Blocked,,,2025-01-13 09:01:00,2025-01-13 09:26:00,26
M1,ST2,CNC,2025-01-13,Blocked,,,2025-01-13 10:30:00,2025-01-13 10:31:00,2
M1,ST2,CNC,2025-01-13,Blocked,,,2025-01-13 10:37:00,2025-01-13 10:52:00,16
M1,ST2,CNC,2025-01-13,Blocked,,,2025-01-13 11:29:00,2025-01-13 11:31:00,3
M1,ST2,CNC,2025-01-13,Blocked,,,2025-01-13 11:42:00,2025-01-13 12:05:00,24
M1,ST2,CNC,2025-01-13,Blocked,,,2025-01-13 12:31:00,2025-01-13 12:39:00,9
M1,ST2,CNC,2025-01-13,Blocked,,,2025-01-13 13:10:00,2025-01-13 13:11:00,2
M1,ST2,CNC,2025-01-13,Blocked,,,2025-01-13 13:46:00,2025-01-13 13:55:00,10
M1,ST2,CNC,2025-01-13,Blocked,,,2025-01-13 14:22:00,2025-01-13 14:47:00,26
M1,ST2,CNC,2025-01-13,Blocked,,,2025-01-13 15:13:00,2025-01-13 15:54:00,42
M1,ST2,CNC,2025-01-13,Blocked,,,2025-01-13 16:23:00,2025-01-13 16:38:00,16
M1,ST2,CNC,2025-01-13,Blocked,,,2025-01-13 17:35:00,2025-01-13 17:46:00,12
M1,ST2,CNC,2025-01-13,Blocked,,,2025-01-13 17:54:00,2025-01-13 18:24:00,31
M1,ST2,CNC,2025-01-13,Blocked,,,2025-01-13 18:28:00,2025-01-13 19:05:00,38
M1,ST2,CNC,2025-01-13,Blocked,,,2025-01-13 19:13:00,2025-01-13 19:17:00,5
M1,ST2,CNC,2025-01-13,Blocked,,,2025-01-13 20:30:00,2025-01-13 20:39:00,10
M1,ST2,CNC,2025-01-13,Blocked,,,2025-01-13 21:24:00,2025-01-13 21:30:00,7
M1,ST2,CNC,2025-01-13,Blocked,,,2025-01-13 22:30:00,2025-01-13 22:31:00,2
M1,ST2,CNC,2025-01-13,Blocked,,,2025-01-13 23:15:00,2025-01-13 23:30:00,16
M1,ST2,CNC,2025-01-14,Blocked,,,2025-01-14 00:10:00,2025-01-14 00:32:00,23
M1,ST2,CNC,2025-01-14,Blocked,,,2025-01-14 01:53:00,2025-01-14 02:21:00,29
M1,ST2,CNC,2025-01-14,Blocked,,,2025-01-14 02:25:00,2025-01-14 02:28:00,4
M1,ST2,CNC,2025-01-14,Blocked,,,2025-01-14 02:32:00,2025-01-14 02:54:00,23
M1,ST2,CNC,2025-01-14,Blocked,,,2025-01-14 03:09:00,2025-01-14 03:41:00,33
M1,ST2,CNC,2025-01-14,Blocked,,,2025-01-14 04:12:00,2025-01-14 04:20:00,9
M1,ST2,CNC,2025-01-14,Blocked,,,2025-01-14 04:56:00,2025-01-14 05:07:00,12
M1,ST2,CNC,2025-01-14,Blocked,,,2025-01-14 06:29:00,2025-01-14 06:59:00,31
M1,ST2,CNC,2025-01-14,Blocked,,,2025-01-14 07:15:00,2025-01-14 07:19:00,5
M1,ST2,CNC,2025-01-14,Blocked,,,2025-01-14 08:44:00,2025-01-14 09:00:00,17
M1,ST2,CNC,2025-01-14,Blocked,,,2025-01-14 09:41:00,2025-01-14 09:50:00,10
M1,ST2,CNC,2025-01-14,Blocked,,,2025-01-14 10:02:00,2025-01-14 10:25:00,24
M1,ST2,CNC,2025-01-14,Blocked,,,2025-01-14 10:32:00,2025-01-14 10:43:00,12
M1,ST2,CNC,2025-01-14,Blocked,,,2025-01-14 10:46:00,2025-01-14 10:54:00,9
M1,ST2,CNC,2025-01-14,Blocked,,,2025-01-14 11:05:00,2025-01-14 11:19:00,15
M1,ST2,CNC,2025-01-14,Blocked,,,2025-01-14 12:11:00,2025-01-14 12:44:00,34
M1,ST2,CNC,2025-01-14,Blocked,,,2025-01-14 13:20:00,2025-01-14 13:38:00,19
M1,ST2,CNC,2025-01-14,Blocked,,,2025-01-14 15:42:00,2025-01-14 15:54:00,13
M1,ST2,CNC,2025-01-14,Blocked,,,2025-01-14 16:44:00,2025-01-14 17:04:00,21
M1,ST2,CNC,2025-01-14,Blocked,,,2025-01-14 17:08:00,2025-01-14 17:10:00,3
M1,ST2,CNC,2025-01-14,Blocked,,,2025-01-14 17:45:00,2025-01-14 18:08:00,24
M1,ST2,CNC,2025-01-14,Blocked,,,2025-01-14 18:25:00,2025-01-14 18:56:00,32
M1,ST2,CNC,2025-01-14,Blocked,,,2025-01-14 19:02:00,2025-01-14 19:37:00,36
M1,ST2,CNC,2025-01-14,Blocked,,,2025-01-14 20:03:00,2025-01-14 20:07:00,5
M1,ST2,CNC,2025-01-14,Blocked,,,2025-01-14 20:28:00,2025-01-14 20:47:00,20
M1,ST2,CNC,2025-01-14,Blocked,,,2025-01-14 22:11:00,2025-01-14 22:12:00,2
M1,ST2,CNC,2025-01-15,Blocked,,,2025-01-15 00:15:00,2025-01-15 00:39:00,25
M1,ST2,CNC,2025-01-15,Blocked,,,2025-01-15 01:35:00,2025-01-15 01:37:00,3
M1,ST2,CNC,2025-01-15,Blocked,,,2025-01-15 01:55:00,2025-01-15 02:00:00,6
M1,ST2,CNC,2025-01-15,Blocked,,,2025-01-15 02:03:00,2025-01-15 02:03:00,1
M1,ST2,CNC,2025-01-15,Blocked,,,2025-01-15 03:40:00,2025-01-15 03:45:00,6
M1,ST2,CNC,2025-01-15,Blocked,,,2025-01-15 03:51:00,2025-01-15 04:14:00,24
M1,ST2,CNC,2025-01-15,Blocked,,,2025-01-15 04:16:00,2025-01-15 04:22:00,7
M1,ST2,CNC,2025-01-15,Blocked,,,2025-01-15 04:41:00,2025-01-15 04:45:00,5
M1,ST2,CNC,2025-01-15,Blocked,,,2025-01-15 05:30:00,2025-01-15 05:43:00,14
M1,ST2,CNC,2025-01-15,Blocked,,,2025-01-15 05:49:00,2025-01-15 06:10:00,22
M1,ST2,CNC,2025-01-15,Blocked,,,2025-01-15 06:18:00,2025-01-15 06:40:00,23
M1,ST2,CNC,2025-01-15,Blocked,,,2025-01-15 06:57:00,2025-01-15 07:22:00,26
M1,ST2,CNC,2025-01-15,Blocked,,,2025-01-15 07:36:00,2025-01-15 08:00:00,25
M1,ST2,CNC,2025-01-15,Blocked,,,2025-01-15 08:06:00,2025-01-15 08:08:00,3
M1,ST2,CNC,2025-01-15,Blocked,,,2025-01-15 09:13:00,2025-01-15 09:15:00,3
M1,ST2,CNC,2025-01-15,Blocked,,,2025-01-15 13:04:00,2025-01-15 13:05:00,2
M1,ST2,CNC,2025-01-15,Blocked,,,2025-01-15 13:10:00,2025-01-15 13:17:00,8
M1,ST2,CNC,2025-01-15,Blocked,,,2025-01-15 13:50:00,2025-01-15 14:00:00,11
M1,ST2,CNC,2025-01-15,Blocked,,,2025-01-15 14:46:00,2025-01-15 15:17:00,32
M1,ST2,CNC,2025-01-15,Blocked,,,2025-01-15 15:19:00,2025-01-15 15:24:00,6
M1,ST2,CNC,2025-01-15,Blocked,,,2025-01-15 16:01:00,2025-01-15 16:04:00,4
M1,ST2,CNC,2025-01-15,Blocked,,,2025-01-15 16:06:00,2025-01-15 16:32:00,27
M1,ST2,CNC,2025-01-15,Blocked,,,2025-01-15 16:37:00,2025-01-15 17:01:00,25
M1,ST2,CNC,2025-01-15,Blocked,,,2025-01-15 17:14:00,2025-01-15 17:46:00,33
M1,ST2,CNC,2025-01-15,Blocked,,,2025-01-15 18:56:00,2025-01-15 19:16:00,21
M1,ST2,CNC,2025-01-15,Blocked,,,2025-01-15 20:08:00,2025-01-15 20:35:00,28
M1,ST2,CNC,2025-01-15,Blocked,,,2025-01-15 22:06:00,2025-01-15 22:19:00,14
M1,ST2,CNC,2025-01-15,Blocked,,,2025-01-15 22:28:00,2025-01-15 22:35:00,8
M1,ST2,CNC,2025-01-15,Blocked,,,2025-01-15 22:39:00,2025-01-15 22:53:00,15
M1,ST2,CNC,2025-01-15,Blocked,,,2025-01-15 23:54:00,2025-01-16 00:18:00,25
M1,ST2,CNC,2025-01-16,Blocked,,,2025-01-16 01:24:00,2025-01-16 01:57:00,34
M1,ST2,CNC,2025-01-16,Blocked,,,2025-01-16 02:04:00,2025-01-16 02:22:00,19
M1,ST2,CNC,2025-01-16,Blocked,,,2025-01-16 02:28:00,2025-01-16 02:31:00,4
M1,ST2,CNC,2025-01-16,Blocked,,,2025-01-16 02:43:00,2025-01-16 03:01:00,19
M1,ST2,CNC,2025-01-16,Blocked,,,2025-01-16 03:06:00,2025-01-16 03:18:00,13
M1,ST2,CNC,2025-01-16,Blocked,,,2025-01-16 03:49:00,2025-01-16 04:07:00,19
M1,ST2,CNC,2025-01-16,Blocked,,,2025-01-16 05:49:00,2025-01-16 06:27:00,39
M1,ST2,CNC,2025-01-16,Blocked,,,2025-01-16 07:16:00,2025-01-16 07:22:00,7
M1,ST2,CNC,2025-01-16,Blocked,,,2025-01-16 07:24:00,2025-01-16 07:57:00,34
M1,ST2,CNC,2025-01-16,Blocked,,,2025-01-16 08:54:00,2025-01-16 09:04:00,11
M1,ST2,CNC,2025-01-16,Blocked,,,2025-01-16 09:38:00,2025-01-16 10:04:00,27
M1,ST2,CNC,2025-01-16,Blocked,,,2025-01-16 10:28:00,2025-01-16 10:54:00,27
M1,ST2,CNC,2025-01-16,Blocked,,,2025-01-16 11:40:00,2025-01-16 11:46:00,7
M1,ST2,CNC,2025-01-16,Blocked,,,2025-01-16 12:02:00,2025-01-16 12:33:00,32
M1,ST2,CNC,2025-01-16,Blocked,,,2025-01-16 13:10:00,2025-01-16 13:10:00,1
M1,ST2,CNC,2025-01-16,Blocked,,,2025-01-16 13:25:00,2025-01-16 13:26:00,2
M1,ST2,CNC,2025-01-16,Blocked,,,2025-01-16 13:54:00,2025-01-16 13:55:00,2
M1,ST2,CNC,2025-01-16,Blocked,,,2025-01-16 15:01:00,2025-01-16 15:30:00,30
M1,ST2,CNC,2025-01-16,Blocked,,,2025-01-16 15:36:00,2025-01-16 15:49:00,14
M1,ST2,CNC,2025-01-16,Blocked,,,2025-01-16 16:01:00,2025-01-16 16:22:00,22
M1,ST2,CNC,2025-01-16,Blocked,,,2025-01-16 16:26:00,2025-01-16 16:37:00,12
M1,ST2,CNC,2025-01-16,Blocked,,,2025-01-16 16:51:00,2025-01-16 17:20:00,30
M1,ST2,CNC,2025-01-16,Blocked,,,2025-01-16 17:30:00,2025-01-16 17:44:00,15
M1,ST2,CNC,2025-01-16,Blocked,,,2025-01-16 18:54:00,2025-01-16 19:02:00,9
M1,ST2,CNC,2025-01-16,Blocked,,,2025-01-16 19:20:00,2025-01-16 19:48:00,29
M1,ST2,CNC,2025-01-16,Blocked,,,2025-01-16 20:15:00,2025-01-16 20:37:00,23
M1,ST2,CNC,2025-01-16,Blocked,,,2025-01-16 20:48:00,2025-01-16 20:49:00,2
M1,ST2,CNC,2025-01-16,Blocked,,,2025-01-16 21:02:00,2025-01-16 21:28:00,27
M1,ST2,CNC,2025-01-16,Blocked,,,2025-01-16 21:52:00,2025-01-16 21:57:00,6
M1,ST2,CNC,2025-01-16,Blocked,,,2025-01-16 23:03:00,2025-01-16 23:05:00,3
M1,ST2,CNC,2025-01-16,Blocked,,,2025-01-16 23:14:00,2025-01-16 23:26:00,13
M1,ST2,CNC,2025-01-16,Blocked,,,2025-01-16 23:42:00,2025-01-17 00:07:00,26
M1,ST2,CNC,2025-01-17,Blocked,,,2025-01-17 00:11:00,2025-01-17 00:14:00,4
M1,ST2,CNC,2025-01-17,Blocked,,,2025-01-17 00:22:00,2025-01-17 00:26:00,5
M1,ST2,CNC,2025-01-17,Blocked,,,2025-01-17 00:28:00,2025-01-17 01:12:00,45
M1,ST2,CNC,2025-01-17,Blocked,,,2025-01-17 01:50:00,2025-01-17 02:07:00,18
M1,ST2,CNC,2025-01-17,Blocked,,,2025-01-17 03:40:00,2025-01-17 03:51:00,12
M1,ST2,CNC,2025-01-17,Blocked,,,2025-01-17 03:55:00,2025-01-17 04:32:00,38
M1,ST2,CNC,2025-01-17,Blocked,,,2025-01-17 05:31:00,2025-01-17 05:47:00,17
M1,ST2,CNC,2025-01-17,Blocked,,,2025-01-17 06:09:00,2025-01-17 07:01:00,53
M1,ST2,CNC,2025-01-17,Blocked,,,2025-01-17 07:05:00,2025-01-17 07:06:00,2
M1,ST2,CNC,2025-01-17,Blocked,,,2025-01-17 08:51:00,2025-01-17 09:14:00,24
M1,ST2,CNC,2025-01-17,Blocked,,,2025-01-17 09:30:00,2025-01-17 09:46:00,17
M1,ST2,CNC,2025-01-17,Blocked,,,2025-01-17 11:08:00,2025-01-17 11:28:00,21
M1,ST2,CNC,2025-01-17,Blocked,,,2025-01-17 11:43:00,2025-01-17 12:03:00,21
M1,ST2,CNC,2025-01-17,Blocked,,,2025-01-17 12:53:00,2025-01-17 12:56:00,4
M1,ST2,CNC,2025-01-17,Blocked,,,2025-01-17 13:02:00,2025-01-17 13:16:00,15
M1,ST2,CNC,2025-01-17,Blocked,,,2025-01-17 14:23:00,2025-01-17 14:33:00,11
M1,ST2,CNC,2025-01-17,Blocked,,,2025-01-17 14:42:00,2025-01-17 14:52:00,11
M1,ST2,CNC,2025-01-17,Blocked,,,2025-01-17 16:45:00,2025-01-17 17:04:00,20
M1,ST2,CNC,2025-01-17,Blocked,,,2025-01-17 17:18:00,2025-01-17 17:44:00,27
M1,ST2,CNC,2025-01-17,Blocked,,,2025-01-17 17:52:00,2025-01-17 18:00:00,9
M1,ST2,CNC,2025-01-17,Blocked,,,2025-01-17 19:18:00,2025-01-17 19:32:00,15
M1,ST2,CNC,2025-01-17,Blocked,,,2025-01-17 19:55:00,2025-01-17 20:12:00,18
M1,ST2,CNC,2025-01-17,Blocked,,,2025-01-17 20:25:00,2025-01-17 20:54:00,30
M1,ST2,CNC,2025-01-17,Blocked,,,2025-01-17 21:56:00,2025-01-17 22:32:00,37
M1,ST2,CNC,2025-01-17,Blocked,,,2025-01-17 23:24:00,2025-01-17 23:25:00,2
M1,ST2,CNC,2025-01-17,Blocked,,,2025-01-17 23:27:00,2025-01-17 23:51:00,25
M1,ST2,CNC,2025-01-17,Blocked,,,2025-01-17 23:57:00,2025-01-17 23:57:00,1
M1,ST2,CNC,2025-01-18,Blocked,,,2025-01-18 01:33:00,2025-01-18 01:53:00,21
M1,ST2,CNC,2025-01-18,Blocked,,,2025-01-18 02:06:00,2025-01-18 02:25:00,20
M1,ST2,CNC,2025-01-18,Blocked,,,2025-01-18 03:45:00,2025-01-18 03:49:00,5
M1,ST2,CNC,2025-01-18,Blocked,,,2025-01-18 03:58:00,2025-01-18 04:34:00,37
M1,ST2,CNC,2025-01-18,Blocked,,,2025-01-18 04:52:00,2025-01-18 05:25:00,34
M1,ST2,CNC,2025-01-18,Blocked,,,2025-01-18 05:42:00,2025-01-18 06:07:00,26
M1,ST2,CNC,2025-01-18,Blocked,,,2025-01-18 06:16:00,2025-01-18 06:16:00,1
M1,ST2,CNC,2025-01-18,Blocked,,,2025-01-18 06:26:00,2025-01-18 06:39:00,14
M1,ST2,CNC,2025-01-18,Blocked,,,2025-01-18 07:05:00,2025-01-18 07:09:00,5
M1,ST2,CNC,2025-01-18,Blocked,,,2025-01-18 07:22:00,2025-01-18 07:26:00,5
M1,ST2,CNC,2025-01-18,Blocked,,,2025-01-18 07:34:00,2025-01-18 07:54:00,21
M1,ST2,CNC,2025-01-18,Blocked,,,2025-01-18 07:58:00,2025-01-18 07:59:00,2
M1,ST2,CNC,2025-01-18,Blocked,,,2025-01-18 08:28:00,2025-01-18 08:41:00,14
M1,ST2,CNC,2025-01-18,Blocked,,,2025-01-18 09:50:00,2025-01-18 10:03:00,14
M1,ST2,CNC,2025-01-18,Blocked,,,2025-01-18 12:15:00,2025-01-18 12:18:00,4
M1,ST2,CNC,2025-01-18,Blocked,,,2025-01-18 13:11:00,2025-01-18 13:11:00,1
M1,ST2,CNC,2025-01-18,Blocked,,,2025-01-18 14:53:00,2025-01-18 15:54:00,62
M1,ST2,CNC,2025-01-18,Blocked,,,2025-01-18 16:20:00,2025-01-18 16:52:00,33
M1,ST2,CNC,2025-01-18,Blocked,,,2025-01-18 17:18:00,2025-01-18 17:29:00,12
M1,ST2,CNC,2025-01-18,Blocked,,,2025-01-18 17:39:00,2025-01-18 18:01:00,23
M1,ST2,CNC,2025-01-18,Blocked,,,2025-01-18 18:14:00,2025-01-18 18:23:00,10
M1,ST2,CNC,2025-01-18,Blocked,,,2025-01-18 18:25:00,2025-01-18 18:35:00,11
M1,ST2,CNC,2025-01-18,Blocked,,,2025-01-18 19:03:00,2025-01-18 19:20:00,18
M1,ST2,CNC,2025-01-18,Blocked,,,2025-01-18 20:45:00,2025-01-18 20:45:00,1
M1,ST2,CNC,2025-01-18,Blocked,,,2025-01-18 22:17:00,2025-01-18 22:21:00,5
M1,ST2,CNC,2025-01-18,Blocked,,,2025-01-18 23:25:00,2025-01-18 23:44:00,20
M1,ST2,CNC,2025-01-19,Blocked,,,2025-01-19 00:10:00,2025-01-19 00:15:00,6
M1,ST2,CNC,2025-01-19,Blocked,,,2025-01-19 03:02:00,2025-01-19 03:19:00,18
M1,ST2,CNC,2025-01-19,Blocked,,,2025-01-19 03:22:00,2025-01-19 03:41:00,20
M1,ST2,CNC,2025-01-19,Blocked,,,2025-01-19 04:27:00,2025-01-19 04:34:00,8
M1,ST2,CNC,2025-01-19,Blocked,,,2025-01-19 04:44:00,2025-01-19 05:18:00,35
M1,ST2,CNC,2025-01-19,Blocked,,,2025-01-19 05:24:00,2025-01-19 05:25:00,2
M1,ST2,CNC,2025-01-19,Blocked,,,2025-01-19 05:46:00,2025-01-19 05:49:00,4
M1,ST2,CNC,2025-01-19,Blocked,,,2025-01-19 06:52:00,2025-01-19 06:52:00,1
M1,ST2,CNC,2025-01-19,Blocked,,,2025-01-19 08:19:00,2025-01-19 08:54:00,36
M1,ST2,CNC,2025-01-19,Blocked,,,2025-01-19 09:58:00,2025-01-19 10:09:00,12
M1,ST2,CNC,2025-01-19,Blocked,,,2025-01-19 11:26:00,2025-01-19 11:45:00,20
M1,ST2,CNC,2025-01-19,Blocked,,,2025-01-19 12:40:00,2025-01-19 13:15:00,36
M1,ST2,CNC,2025-01-19,Blocked,,,2025-01-19 13:23:00,2025-01-19 13:34:00,12
M1,ST2,CNC,2025-01-19,Blocked,,,2025-01-19 14:31:00,2025-01-19 14:32:00,2
M1,ST2,CNC,2025-01-19,Blocked,,,2025-01-19 14:53:00,2025-01-19 15:06:00,14
M1,ST2,CNC,2025-01-19,Blocked,,,2025-01-19 15:10:00,2025-01-19 15:43:00,34
M1,ST2,CNC,2025-01-19,Blocked,,,2025-01-19 16:15:00,2025-01-19 16:48:00,34
M1,ST2,CNC,2025-01-19,Blocked,,,2025-01-19 17:32:00,2025-01-19 17:47:00,16
M1,ST2,CNC,2025-01-19,Blocked,,,2025-01-19 18:16:00,2025-01-19 18:31:00,16
M1,ST2,CNC,2025-01-19,Blocked,,,2025-01-19 19:15:00,2025-01-19 19:26:00,12
M1,ST2,CNC,2025-01-19,Blocked,,,2025-01-19 20:07:00,2025-01-19 20:19:00,13
M1,ST2,CNC,2025-01-19,Blocked,,,2025-01-19 21:43:00,2025-01-19 21:57:00,15
M1,ST2,CNC,2025-01-19,Blocked,,,2025-01-19 22:08:00,2025-01-19 22:43:00,36
M1,ST2,CNC,2025-01-19,Blocked,,,2025-01-19 23:32:00,2025-01-19 23:50:00,19
M1,ST2,CNC,2025-01-20,Blocked,,,2025-01-20 00:22:00,2025-01-20 00:36:00,15
M1,ST2,CNC,2025-01-20,Blocked,,,2025-01-20 01:56:00,2025-01-20 02:25:00,30
M1,ST2,CNC,2025-01-20,Blocked,,,2025-01-20 02:28:00,2025-01-20 02:36:00,9
M1,ST2,CNC,2025-01-20,Blocked,,,2025-01-20 04:59:00,2025-01-20 05:19:00,21
M1,ST2,CNC,2025-01-20,Blocked,,,2025-01-20 05:43:00,2025-01-20 06:35:00,53
M1,ST2,CNC,2025-01-20,Blocked,,,2025-01-20 08:24:00,2025-01-20 08:43:00,20
M1,ST2,CNC,2025-01-20,Blocked,,,2025-01-20 08:47:00,2025-01-20 08:50:00,4
M1,ST2,CNC,2025-01-20,Blocked,,,2025-01-20 09:37:00,2025-01-20 10:18:00,42
M1,ST2,CNC,2025-01-20,Blocked,,,2025-01-20 10:44:00,2025-01-20 10:56:00,13
M1,ST2,CNC,2025-01-20,Blocked,,,2025-01-20 11:11:00,2025-01-20 11:13:00,3
M1,ST2,CNC,2025-01-20,Blocked,,,2025-01-20 11:33:00,2025-01-20 11:39:00,7
M1,ST2,CNC,2025-01-20,Blocked,,,2025-01-20 12:23:00,2025-01-20 12:38:00,16
M1,ST2,CNC,2025-01-20,Blocked,,,2025-01-20 13:18:00,2025-01-20 13:54:00,37
M1,ST2,CNC,2025-01-20,Blocked,,,2025-01-20 13:58:00,2025-01-20 14:25:00,28
M1,ST2,CNC,2025-01-20,Blocked,,,2025-01-20 15:42:00,2025-01-20 16:11:00,30
M1,ST2,CNC,2025-01-20,Blocked,,,2025-01-20 17:09:00,2025-01-20 17:27:00,19
M1,ST2,CNC,2025-01-20,Blocked,,,2025-01-20 19:01:00,2025-01-20 19:16:00,16
M1,ST2,CNC,2025-01-20,Blocked,,,2025-01-20 19:24:00,2025-01-20 19:53:00,30
M1,ST2,CNC,2025-01-20,Blocked,,,2025-01-20 19:57:00,2025-01-20 20:05:00,9
M1,ST2,CNC,2025-01-20,Blocked,,,2025-01-20 20:17:00,2025-01-20 20:25:00,9
M1,ST2,CNC,2025-01-20,Blocked,,,2025-01-20 22:19:00,2025-01-20 22:43:00,25
M1,ST2,CNC,2025-01-20,Blocked,,,2025-01-20 23:17:00,2025-01-20 23:41:00,25
M1,ST2,CNC,2025-01-21,Blocked,,,2025-01-21 00:41:00,2025-01-21 01:07:00,27
M1,ST2,CNC,2025-01-21,Blocked,,,2025-01-21 03:07:00,2025-01-21 03:10:00,4
M1,ST2,CNC,2025-01-21,Blocked,,,2025-01-21 03:28:00,2025-01-21 03:50:00,23
M1,ST2,CNC,2025-01-21,Blocked,,,2025-01-21 04:19:00,2025-01-21 04:25:00,7
M1,ST2,CNC,2025-01-21,Blocked,,,2025-01-21 04:49:00,2025-01-21 05:14:00,26
M1,ST2,CNC,2025-01-21,Blocked,,,2025-01-21 05:19:00,2025-01-21 05:26:00,8
M1,ST2,CNC,2025-01-21,Blocked,,,2025-01-21 06:35:00,2025-01-21 06:58:00,24
M1,ST2,CNC,2025-01-21,Blocked,,,2025-01-21 07:17:00,2025-01-21 07:38:00,22
M1,ST2,CNC,2025-01-21,Blocked,,,2025-01-21 08:18:00,2025-01-21 08:22:00,5
M1,ST2,CNC,2025-01-21,Blocked,,,2025-01-21 11:10:00,2025-01-21 11:29:00,20
M1,ST2,CNC,2025-01-21,Blocked,,,2025-01-21 11:33:00,2025-01-21 11:38:00,6
M1,ST2,CNC,2025-01-21,Blocked,,,2025-01-21 11:41:00,2025-01-21 11:57:00,17
M1,ST2,CNC,2025-01-21,Blocked,,,2025-01-21 12:02:00,2025-01-21 12:19:00,18
M1,ST2,CNC,2025-01-21,Blocked,,,2025-01-21 12:55:00,2025-01-21 13:10:00,16
M1,ST2,CNC,2025-01-21,Blocked,,,2025-01-21 14:17:00,2025-01-21 14:27:00,11
M1,ST2,CNC,2025-01-21,Blocked,,,2025-01-21 14:30:00,2025-01-21 14:36:00,7
M1,ST2,CNC,2025-01-21,Blocked,,,2025-01-21 14:51:00,2025-01-21 15:16:00,26
M1,ST2,CNC,2025-01-21,Blocked,,,2025-01-21 15:55:00,2025-01-21 15:57:00,3
M1,ST2,CNC,2025-01-21,Blocked,,,2025-01-21 16:03:00,2025-01-21 16:46:00,44
M1,ST2,CNC,2025-01-21,Blocked,,,2025-01-21 17:33:00,2025-01-21 17:43:00,11
M1,ST2,CNC,2025-01-21,Blocked,,,2025-01-21 17:54:00,2025-01-21 18:32:00,39
M1,ST2,CNC,2025-01-21,Blocked,,,2025-01-21 19:21:00,2025-01-21 19:22:00,2
M1,ST2,CNC,2025-01-21,Blocked,,,2025-01-21 19:52:00,2025-01-21 20:10:00,19
M1,ST2,CNC,2025-01-21,Blocked,,,2025-01-21 22:21:00,2025-01-21 22:33:00,13
M1,ST2,CNC,2025-01-22,Blocked,,,2025-01-22 00:04:00,2025-01-22 00:38:00,35
M1,ST2,CNC,2025-01-22,Blocked,,,2025-01-22 00:42:00,2025-01-22 01:08:00,27
M1,ST2,CNC,2025-01-22,Blocked,,,2025-01-22 01:14:00,2025-01-22 01:31:00,18
M1,ST2,CNC,2025-01-22,Blocked,,,2025-01-22 01:51:00,2025-01-22 02:06:00,16
M1,ST2,CNC,2025-01-22,Blocked,,,2025-01-22 03:32:00,2025-01-22 03:50:00,19
M1,ST2,CNC,2025-01-22,Blocked,,,2025-01-22 03:56:00,2025-01-22 04:38:00,43
M1,ST2,CNC,2025-01-22,Blocked,,,2025-01-22 04:53:00,2025-01-22 05:25:00,33
M1,ST2,CNC,2025-01-22,Blocked,,,2025-01-22 05:35:00,2025-01-22 05:37:00,3
M1,ST2,CNC,2025-01-22,Blocked,,,2025-01-22 05:57:00,2025-01-22 06:04:00,8
M1,ST2,CNC,2025-01-22,Blocked,,,2025-01-22 07:05:00,2025-01-22 08:16:00,72
M1,ST2,CNC,2025-01-22,Blocked,,,2025-01-22 08:27:00,2025-01-22 08:27:00,1
M1,ST2,CNC,2025-01-22,Blocked,,,2025-01-22 09:32:00,2025-01-22 09:35:00,4
M1,ST2,CNC,2025-01-22,Blocked,,,2025-01-22 10:30:00,2025-01-22 11:25:00,56
M1,ST2,CNC,2025-01-22,Blocked,,,2025-01-22 12:57:00,2025-01-22 13:20:00,24
M1,ST2,CNC,2025-01-22,Blocked,,,2025-01-22 14:17:00,2025-01-22 14:24:00,8
M1,ST2,CNC,2025-01-22,Blocked,,,2025-01-22 14:30:00,2025-01-22 14:39:00,10
M1,ST2,CNC,2025-01-22,Blocked,,,2025-01-22 14:43:00,2025-01-22 15:02:00,20
M1,ST2,CNC,2025-01-22,Blocked,,,2025-01-22 15:19:00,2025-01-22 15:52:00,34
M1,ST2,CNC,2025-01-22,Blocked,,,2025-01-22 18:00:00,2025-01-22 18:28:00,29
M1,ST2,CNC,2025-01-22,Blocked,,,2025-01-22 18:39:00,2025-01-22 18:52:00,14
M1,ST2,CNC,2025-01-22,Blocked,,,2025-01-22 19:53:00,2025-01-22 20:26:00,34
M1,ST2,CNC,2025-01-22,Blocked,,,2025-01-22 20:30:00,2025-01-22 20:53:00,24
M1,ST2,CNC,2025-01-22,Blocked,,,2025-01-22 21:25:00,2025-01-22 22:09:00,45
M1,ST2,CNC,2025-01-22,Blocked,,,2025-01-22 22:13:00,2025-01-22 22:16:00,4
M1,ST2,CNC,2025-01-22,Blocked,,,2025-01-22 22:20:00,2025-01-22 22:46:00,27
M1,ST2,CNC,2025-01-23,Blocked,,,2025-01-23 00:12:00,2025-01-23 00:16:00,5
M1,ST2,CNC,2025-01-23,Blocked,,,2025-01-23 01:03:00,2025-01-23 01:16:00,14
M1,ST2,CNC,2025-01-23,Blocked,,,2025-01-23 02:01:00,2025-01-23 02:15:00,15
M1,ST2,CNC,2025-01-23,Blocked,,,2025-01-23 02:18:00,2025-01-23 02:27:00,10
M1,ST2,CNC,2025-01-23,Blocked,,,2025-01-23 02:55:00,2025-01-23 03:25:00,31
M1,ST2,CNC,2025-01-23,Blocked,,,2025-01-23 04:00:00,2025-01-23 04:00:00,1
M1,ST2,CNC,2025-01-23,Blocked,,,2025-01-23 04:40:00,2025-01-23 04:49:00,10
M1,ST2,CNC,2025-01-23,Blocked,,,2025-01-23 04:55:00,2025-01-23 05:14:00,20
M1,ST2,CNC,2025-01-23,Blocked,,,2025-01-23 05:47:00,2025-01-23 05:47:00,1
M1,ST2,CNC,2025-01-23,Blocked,,,2025-01-23 05:54:00,2025-01-23 05:54:00,1
M1,ST2,CNC,2025-01-23,Blocked,,,2025-01-23 07:13:00,2025-01-23 07:47:00,35
M1,ST2,CNC,2025-01-23,Blocked,,,2025-01-23 07:59:00,2025-01-23 07:59:00,1
M1,ST2,CNC,2025-01-23,Blocked,,,2025-01-23 08:03:00,2025-01-23 08:53:00,51
M1,ST2,CNC,2025-01-23,Blocked,,,2025-01-23 08:59:00,2025-01-23 09:06:00,8
M1,ST2,CNC,2025-01-23,Blocked,,,2025-01-23 09:32:00,2025-01-23 09:35:00,4
M1,ST2,CNC,2025-01-23,Blocked,,,2025-01-23 09:59:00,2025-01-23 10:21:00,23
M1,ST2,CNC,2025-01-23,Blocked,,,2025-01-23 10:52:00,2025-01-23 11:15:00,24
M1,ST2,CNC,2025-01-23,Blocked,,,2025-01-23 12:22:00,2025-01-23 12:40:00,19
M1,ST2,CNC,2025-01-23,Blocked,,,2025-01-23 13:54:00,2025-01-23 14:01:00,8
M1,ST2,CNC,2025-01-23,Blocked,,,2025-01-23 14:37:00,2025-01-23 14:48:00,12
M1,ST2,CNC,2025-01-23,Blocked,,,2025-01-23 15:23:00,2025-01-23 15:30:00,8
M1,ST2,CNC,2025-01-23,Blocked,,,2025-01-23 17:05:00,2025-01-23 17:24:00,20
M1,ST2,CNC,2025-01-23,Blocked,,,2025-01-23 17:44:00,2025-01-23 18:05:00,22
M1,ST2,CNC,2025-01-23,Blocked,,,2025-01-23 18:42:00,2025-01-23 18:57:00,16
M1,ST2,CNC,2025-01-23,Blocked,,,2025-01-23 19:01:00,2025-01-23 19:14:00,14
M1,ST2,CNC,2025-01-23,Blocked,,,2025-01-23 22:30:00,2025-01-23 23:05:00,36
M1,ST2,CNC,2025-01-24,Blocked,,,2025-01-24 00:21:00,2025-01-24 00:45:00,25
M1,ST2,CNC,2025-01-24,Blocked,,,2025-01-24 00:57:00,2025-01-24 01:42:00,46
M1,ST2,CNC,2025-01-24,Blocked,,,2025-01-24 02:22:00,2025-01-24 02:25:00,4
M1,ST2,CNC,2025-01-24,Blocked,,,2025-01-24 04:16:00,2025-01-24 04:38:00,23
M1,ST2,CNC,2025-01-24,Blocked,,,2025-01-24 04:47:00,2025-01-24 05:05:00,19
M1,ST2,CNC,2025-01-24,Blocked,,,2025-01-24 05:11:00,2025-01-24 05:30:00,20
M1,ST2,CNC,2025-01-24,Blocked,,,2025-01-24 05:37:00,2025-01-24 06:37:00,61
M1,ST2,CNC,2025-01-24,Blocked,,,2025-01-24 08:03:00,2025-01-24 08:05:00,3
M1,ST2,CNC,2025-01-24,Blocked,,,2025-01-24 09:15:00,2025-01-24 09:20:00,6
M1,ST2,CNC,2025-01-24,Blocked,,,2025-01-24 10:13:00,2025-01-24 10:38:00,26
M1,ST2,CNC,2025-01-24,Blocked,,,2025-01-24 11:38:00,2025-01-24 11:53:00,16
M1,ST2,CNC,2025-01-24,Blocked,,,2025-01-24 12:09:00,2025-01-24 12:19:00,11
M1,ST2,CNC,2025-01-24,Blocked,,,2025-01-24 12:46:00,2025-01-24 12:51:00,6
M1,ST2,CNC,2025-01-24,Blocked,,,2025-01-24 14:40:00,2025-01-24 15:14:00,35
M1,ST2,CNC,2025-01-24,Blocked,,,2025-01-24 15:18:00,2025-01-24 15:50:00,33
M1,ST2,CNC,2025-01-24,Blocked,,,2025-01-24 16:25:00,2025-01-24 16:40:00,16
M1,ST2,CNC,2025-01-24,Blocked,,,2025-01-24 16:50:00,2025-01-24 17:17:00,28
M1,ST2,CNC,2025-01-24,Blocked,,,2025-01-24 17:30:00,2025-01-24 17:34:00,5
M1,ST2,CNC,2025-01-24,Blocked,,,2025-01-24 17:47:00,2025-01-24 18:23:00,37
M1,ST2,CNC,2025-01-24,Blocked,,,2025-01-24 20:20:00,2025-01-24 20:37:00,18
M1,ST2,CNC,2025-01-24,Blocked,,,2025-01-24 21:08:00,2025-01-24 21:17:00,10
M1,ST2,CNC,2025-01-24,Blocked,,,2025-01-24 22:07:00,2025-01-24 23:06:00,60
M1,ST2,CNC,2025-01-24,Blocked,,,2025-01-24 23:40:00,2025-01-24 23:58:00,19
M1,ST2,CNC,2025-01-25,Blocked,,,2025-01-25 00:23:00,2025-01-25 01:14:00,52
M1,ST2,CNC,2025-01-25,Blocked,,,2025-01-25 01:46:00,2025-01-25 01:53:00,8
M1,ST2,CNC,2025-01-25,Blocked,,,2025-01-25 01:57:00,2025-01-25 02:06:00,10
M1,ST2,CNC,2025-01-25,Blocked,,,2025-01-25 02:32:00,2025-01-25 02:39:00,8
M1,ST2,CNC,2025-01-25,Blocked,,,2025-01-25 03:17:00,2025-01-25 03:45:00,29
M1,ST2,CNC,2025-01-25,Blocked,,,2025-01-25 04:12:00,2025-01-25 04:32:00,21
M1,ST2,CNC,2025-01-25,Blocked,,,2025-01-25 04:58:00,2025-01-25 05:01:00,4
M1,ST2,CNC,2025-01-25,Blocked,,,2025-01-25 05:05:00,2025-01-25 05:30:00,26
M1,ST2,CNC,2025-01-25,Blocked,,,2025-01-25 05:32:00,2025-01-25 05:57:00,26
M1,ST2,CNC,2025-01-25,Blocked,,,2025-01-25 07:27:00,2025-01-25 07:37:00,11
M1,ST2,CNC,2025-01-25,Blocked,,,2025-01-25 09:25:00,2025-01-25 09:52:00,28
M1,ST2,CNC,2025-01-25,Blocked,,,2025-01-25 10:47:00,2025-01-25 11:21:00,35
M1,ST2,CNC,2025-01-25,Blocked,,,2025-01-25 11:27:00,2025-01-25 11:27:00,1
M1,ST2,CNC,2025-01-25,Blocked,,,2025-01-25 11:48:00,2025-01-25 12:18:00,31
M1,ST2,CNC,2025-01-25,Blocked,,,2025-01-25 13:09:00,2025-01-25 13:19:00,11
M1,ST2,CNC,2025-01-25,Blocked,,,2025-01-25 15:06:00,2025-01-25 15:34:00,29
M1,ST2,CNC,2025-01-25,Blocked,,,2025-01-25 17:52:00,2025-01-25 18:27:00,36
M1,ST2,CNC,2025-01-25,Blocked,,,2025-01-25 18:38:00,2025-01-25 19:00:00,23
M1,ST2,CNC,2025-01-25,Blocked,,,2025-01-25 19:14:00,2025-01-25 19:22:00,9
M1,ST2,CNC,2025-01-25,Blocked,,,2025-01-25 19:26:00,2025-01-25 19:30:00,5
M1,ST2,CNC,2025-01-25,Blocked,,,2025-01-25 19:36:00,2025-01-25 19:54:00,19
M1,ST2,CNC,2025-01-25,Blocked,,,2025-01-25 19:57:00,2025-01-25 20:02:00,6
M1,ST2,CNC,2025-01-25,Blocked,,,2025-01-25 20:22:00,2025-01-25 20:49:00,28
M1,ST2,CNC,2025-01-25,Blocked,,,2025-01-25 21:15:00,2025-01-25 21:28:00,14
M1,ST2,CNC,2025-01-25,Blocked,,,2025-01-25 21:49:00,2025-01-25 22:13:00,25
M1,ST2,CNC,2025-01-25,Blocked,,,2025-01-25 22:17:00,2025-01-25 23:00:00,44
M1,ST2,CNC,2025-01-25,Blocked,,,2025-01-25 23:31:00,2025-01-25 23:51:00,21
M1,ST2,CNC,2025-01-26,Blocked,,,2025-01-26 00:12:00,2025-01-26 00:39:00,28
M1,ST2,CNC,2025-01-26,Blocked,,,2025-01-26 02:04:00,2025-01-26 02:15:00,12
M1,ST2,CNC,2025-01-26,Blocked,,,2025-01-26 02:29:00,2025-01-26 02:34:00,6
M1,ST2,CNC,2025-01-26,Blocked,,,2025-01-26 02:38:00,2025-01-26 02:56:00,19
M1,ST2,CNC,2025-01-26,Blocked,,,2025-01-26 04:48:00,2025-01-26 04:52:00,5
M1,ST2,CNC,2025-01-26,Blocked,,,2025-01-26 05:25:00,2025-01-26 05:52:00,28
M1,ST2,CNC,2025-01-26,Blocked,,,2025-01-26 06:05:00,2025-01-26 06:34:00,30
M1,ST2,CNC,2025-01-26,Blocked,,,2025-01-26 07:27:00,2025-01-26 08:05:00,39
M1,ST2,CNC,2025-01-26,Blocked,,,2025-01-26 08:19:00,2025-01-26 08:53:00,35
M1,ST2,CNC,2025-01-26,Blocked,,,2025-01-26 09:06:00,2025-01-26 09:23:00,18
M1,ST2,CNC,2025-01-26,Blocked,,,2025-01-26 09:27:00,2025-01-26 09:53:00,27
M1,ST2,CNC,2025-01-26,Blocked,,,2025-01-26 10:01:00,2025-01-26 10:15:00,15
M1,ST2,CNC,2025-01-26,Blocked,,,2025-01-26 11:10:00,2025-01-26 11:12:00,3
M1,ST2,CNC,2025-01-26,Blocked,,,2025-01-26 11:18:00,2025-01-26 11:47:00,30
M1,ST2,CNC,2025-01-26,Blocked,,,2025-01-26 13:03:00,2025-01-26 13:33:00,31
M1,ST2,CNC,2025-01-26,Blocked,,,2025-01-26 15:09:00,2025-01-26 15:45:00,37
M1,ST2,CNC,2025-01-26,Blocked,,,2025-01-26 15:49:00,2025-01-26 15:58:00,10
M1,ST2,CNC,2025-01-26,Blocked,,,2025-01-26 16:08:00,2025-01-26 16:41:00,34
M1,ST2,CNC,2025-01-26,Blocked,,,2025-01-26 16:54:00,2025-01-26 17:17:00,24
M1,ST2,CNC,2025-01-26,Blocked,,,2025-01-26 17:31:00,2025-01-26 17:38:00,8
M1,ST2,CNC,2025-01-26,Blocked,,,2025-01-26 18:31:00,2025-01-26 18:37:00,7
M1,ST2,CNC,2025-01-26,Blocked,,,2025-01-26 18:45:00,2025-01-26 18:56:00,12
M1,ST2,CNC,2025-01-26,Blocked,,,2025-01-26 19:03:00,2025-01-26 19:17:00,15
M1,ST2,CNC,2025-01-26,Blocked,,,2025-01-26 19:29:00,2025-01-26 19:34:00,6
M1,ST2,CNC,2025-01-26,Blocked,,,2025-01-26 20:03:00,2025-01-26 20:31:00,29
M1,ST2,CNC,2025-01-26,Blocked,,,2025-01-26 20:54:00,2025-01-26 20:59:00,6
M1,ST2,CNC,2025-01-26,Blocked,,,2025-01-26 22:10:00,2025-01-26 22:24:00,15
M1,ST2,CNC,2025-01-26,Blocked,,,2025-01-26 22:35:00,2025-01-26 22:49:00,15
M1,ST2,CNC,2025-01-26,Blocked,,,2025-01-26 22:57:00,2025-01-26 23:11:00,15
M1,ST2,CNC,2025-01-27,Blocked,,,2025-01-27 01:46:00,2025-01-27 02:16:00,31
M1,ST2,CNC,2025-01-27,Blocked,,,2025-01-27 02:52:00,2025-01-27 03:20:00,29
M1,ST2,CNC,2025-01-27,Blocked,,,2025-01-27 03:26:00,2025-01-27 03:26:00,1
M1,ST2,CNC,2025-01-27,Blocked,,,2025-01-27 03:37:00,2025-01-27 03:44:00,8
M1,ST2,CNC,2025-01-27,Blocked,,,2025-01-27 03:48:00,2025-01-27 04:14:00,27
M1,ST2,CNC,2025-01-27,Blocked,,,2025-01-27 06:31:00,2025-01-27 06:43:00,13
M1,ST2,CNC,2025-01-27,Blocked,,,2025-01-27 08:20:00,2025-01-27 08:49:00,30
M1,ST2,CNC,2025-01-27,Blocked,,,2025-01-27 10:06:00,2025-01-27 10:37:00,32
M1,ST2,CNC,2025-01-27,Blocked,,,2025-01-27 10:46:00,2025-01-27 11:20:00,35
M1,ST2,CNC,2025-01-27,Blocked,,,2025-01-27 14:04:00,2025-01-27 14:04:00,1
M1,ST2,CNC,2025-01-27,Blocked,,,2025-01-27 14:39:00,2025-01-27 15:04:00,26
M1,ST2,CNC,2025-01-27,Blocked,,,2025-01-27 15:48:00,2025-01-27 15:56:00,9
M1,ST2,CNC,2025-01-27,Blocked,,,2025-01-27 16:16:00,2025-01-27 16:32:00,17
M1,ST2,CNC,2025-01-27,Blocked,,,2025-01-27 17:11:00,2025-01-27 17:16:00,6
M1,ST2,CNC,2025-01-27,Blocked,,,2025-01-27 17:30:00,2025-01-27 17:53:00,24
M1,ST2,CNC,2025-01-27,Blocked,,,2025-01-27 18:11:00,2025-01-27 18:46:00,36
M1,ST2,CNC,2025-01-27,Blocked,,,2025-01-27 21:35:00,2025-01-27 21:37:00,3
M1,ST2,CNC,2025-01-27,Blocked,,,2025-01-27 21:57:00,2025-01-27 22:01:00,5
M1,ST2,CNC,2025-01-27,Blocked,,,2025-01-27 23:43:00,2025-01-27 23:57:00,15
M1,ST2,CNC,2025-01-28,Blocked,,,2025-01-28 00:16:00,2025-01-28 00:47:00,32
M1,ST2,CNC,2025-01-28,Blocked,,,2025-01-28 01:36:00,2025-01-28 01:45:00,10
M1,ST2,CNC,2025-01-28,Blocked,,,2025-01-28 01:47:00,2025-01-28 01:50:00,4
M1,ST2,CNC,2025-01-28,Blocked,,,2025-01-28 02:16:00,2025-01-28 02:21:00,6
M1,ST2,CNC,2025-01-28,Blocked,,,2025-01-28 02:53:00,2025-01-28 02:57:00,5
M1,ST2,CNC,2025-01-28,Blocked,,,2025-01-28 05:02:00,2025-01-28 05:32:00,31
M1,ST2,CNC,2025-01-28,Blocked,,,2025-01-28 06:26:00,2025-01-28 06:56:00,31
M1,ST2,CNC,2025-01-28,Blocked,,,2025-01-28 07:16:00,2025-01-28 07:41:00,26
M1,ST2,CNC,2025-01-28,Blocked,,,2025-01-28 08:28:00,2025-01-28 08:54:00,27
M1,ST2,CNC,2025-01-28,Blocked,,,2025-01-28 09:36:00,2025-01-28 09:44:00,9
M1,ST2,CNC,2025-01-28,Blocked,,,2025-01-28 09:52:00,2025-01-28 10:23:00,32
M1,ST2,CNC,2025-01-28,Blocked,,,2025-01-28 10:48:00,2025-01-28 10:59:00,12
M1,ST2,CNC,2025-01-28,Blocked,,,2025-01-28 11:35:00,2025-01-28 11:42:00,8
M1,ST2,CNC,2025-01-28,Blocked,,,2025-01-28 12:45:00,2025-01-28 13:11:00,27
M1,ST2,CNC,2025-01-28,Blocked,,,2025-01-28 13:16:00,2025-01-28 13:21:00,6
M1,ST2,CNC,2025-01-28,Blocked,,,2025-01-28 14:02:00,2025-01-28 14:21:00,20
M1,ST2,CNC,2025-01-28,Blocked,,,2025-01-28 14:28:00,2025-01-28 14:51:00,24
M1,ST2,CNC,2025-01-28,Blocked,,,2025-01-28 14:58:00,2025-01-28 15:01:00,4
M1,ST2,CNC,2025-01-28,Blocked,,,2025-01-28 15:56:00,2025-01-28 16:26:00,31
M1,ST2,CNC,2025-01-28,Blocked,,,2025-01-28 16:37:00,2025-01-28 17:34:00,58
M1,ST2,CNC,2025-01-28,Blocked,,,2025-01-28 19:13:00,2025-01-28 19:40:00,28
M1,ST2,CNC,2025-01-28,Blocked,,,2025-01-28 19:42:00,2025-01-28 20:32:00,51
M1,ST2,CNC,2025-01-28,Blocked,,,2025-01-28 20:36:00,2025-01-28 20:46:00,11
M1,ST2,CNC,2025-01-28,Blocked,,,2025-01-28 22:51:00,2025-01-28 22:53:00,3
M1,ST2,CNC,2025-01-28,Blocked,,,2025-01-28 22:59:00,2025-01-28 22:59:00,1
M1,ST2,CNC,2025-01-29,Blocked,,,2025-01-29 01:25:00,2025-01-29 02:06:00,42
M1,ST2,CNC,2025-01-29,Blocked,,,2025-01-29 02:26:00,2025-01-29 02:41:00,16
M1,ST2,CNC,2025-01-29,Blocked,,,2025-01-29 02:45:00,2025-01-29 02:57:00,13
M1,ST2,CNC,2025-01-29,Blocked,,,2025-01-29 03:05:00,2025-01-29 03:49:00,45
M1,ST2,CNC,2025-01-29,Blocked,,,2025-01-29 03:53:00,2025-01-29 04:38:00,46
M1,ST2,CNC,2025-01-29,Blocked,,,2025-01-29 05:37:00,2025-01-29 05:46:00,10
M1,ST2,CNC,2025-01-29,Blocked,,,2025-01-29 07:06:00,2025-01-29 07:12:00,7
M1,ST2,CNC,2025-01-29,Blocked,,,2025-01-29 09:59:00,2025-01-29 10:02:00,4
M1,ST2,CNC,2025-01-29,Blocked,,,2025-01-29 11:09:00,2025-01-29 11:26:00,18
M1,ST2,CNC,2025-01-29,Blocked,,,2025-01-29 12:44:00,2025-01-29 13:06:00,23
M1,ST2,CNC,2025-01-29,Blocked,,,2025-01-29 14:16:00,2025-01-29 15:13:00,58
M1,ST2,CNC,2025-01-29,Blocked,,,2025-01-29 15:47:00,2025-01-29 16:05:00,19
M1,ST2,CNC,2025-01-29,Blocked,,,2025-01-29 16:19:00,2025-01-29 16:34:00,16
M1,ST2,CNC,2025-01-29,Blocked,,,2025-01-29 16:45:00,2025-01-29 17:12:00,28
M1,ST2,CNC,2025-01-29,Blocked,,,2025-01-29 17:18:00,2025-01-29 17:43:00,26
M1,ST2,CNC,2025-01-29,Blocked,,,2025-01-29 18:21:00,2025-01-29 18:30:00,10
M1,ST2,CNC,2025-01-29,Blocked,,,2025-01-29 18:43:00,2025-01-29 18:47:00,5
M1,ST2,CNC,2025-01-29,Blocked,,,2025-01-29 19:37:00,2025-01-29 20:01:00,25
M1,ST2,CNC,2025-01-29,Blocked,,,2025-01-29 20:13:00,2025-01-29 20:31:00,19
M1,ST2,CNC,2025-01-29,Blocked,,,2025-01-29 21:38:00,2025-01-29 21:46:00,9
M1,ST2,CNC,2025-01-29,Blocked,,,2025-01-29 22:54:00,2025-01-29 23:07:00,14
M1,ST2,CNC,2025-01-29,Blocked,,,2025-01-29 23:24:00,2025-01-30 00:06:00,43
M1,ST2,CNC,2025-01-30,Blocked,,,2025-01-30 00:08:00,2025-01-30 00:34:00,27
M1,ST2,CNC,2025-01-30,Blocked,,,2025-01-30 00:43:00,2025-01-30 00:48:00,6
M1,ST2,CNC,2025-01-30,Blocked,,,2025-01-30 00:55:00,2025-01-30 01:00:00,6
M1,ST2,CNC,2025-01-30,Blocked,,,2025-01-30 02:01:00,2025-01-30 02:04:00,4
M1,ST2,CNC,2025-01-30,Blocked,,,2025-01-30 02:43:00,2025-01-30 02:49:00,7
M1,ST2,CNC,2025-01-30,Blocked,,,2025-01-30 03:56:00,2025-01-30 04:18:00,23
M1,ST2,CNC,2025-01-30,Blocked,,,2025-01-30 04:50:00,2025-01-30 04:57:00,8
M1,ST2,CNC,2025-01-30,Blocked,,,2025-01-30 05:01:00,2025-01-30 05:25:00,25
M1,ST2,CNC,2025-01-30,Blocked,,,2025-01-30 05:29:00,2025-01-30 05:29:00,1
M1,ST2,CNC,2025-01-30,Blocked,,,2025-01-30 06:01:00,2025-01-30 06:08:00,8
M1,ST2,CNC,2025-01-30,Blocked,,,2025-01-30 07:27:00,2025-01-30 07:33:00,7
M1,ST2,CNC,2025-01-30,Blocked,,,2025-01-30 07:37:00,2025-01-30 07:47:00,11
M1,ST2,CNC,2025-01-30,Blocked,,,2025-01-30 08:27:00,2025-01-30 08:58:00,32
M1,ST2,CNC,2025-01-30,Blocked,,,2025-01-30 09:10:00,2025-01-30 09:28:00,19
M1,ST2,CNC,2025-01-30,Blocked,,,2025-01-30 10:00:00,2025-01-30 10:10:00,11
M1,ST2,CNC,2025-01-30,Blocked,,,2025-01-30 10:17:00,2025-01-30 10:41:00,25
M1,ST2,CNC,2025-01-30,Blocked,,,2025-01-30 11:38:00,2025-01-30 11:54:00,17
M1,ST2,CNC,2025-01-30,Blocked,,,2025-01-30 12:29:00,2025-01-30 12:40:00,12
M1,ST2,CNC,2025-01-30,Blocked,,,2025-01-30 13:23:00,2025-01-30 13:51:00,29
M1,ST2,CNC,2025-01-30,Blocked,,,2025-01-30 14:16:00,2025-01-30 14:48:00,33
M1,ST2,CNC,2025-01-30,Blocked,,,2025-01-30 15:46:00,2025-01-30 16:15:00,30
M1,ST2,CNC,2025-01-30,Blocked,,,2025-01-30 16:47:00,2025-01-30 17:02:00,16
M1,ST2,CNC,2025-01-30,Blocked,,,2025-01-30 17:42:00,2025-01-30 18:02:00,21
M1,ST2,CNC,2025-01-30,Blocked,,,2025-01-30 18:14:00,2025-01-30 18:42:00,29
M1,ST2,CNC,2025-01-30,Blocked,,,2025-01-30 19:23:00,2025-01-30 19:28:00,6
M1,ST2,CNC,2025-01-30,Blocked,,,2025-01-30 19:36:00,2025-01-30 19:55:00,20
M1,ST2,CNC,2025-01-30,Blocked,,,2025-01-30 21:50:00,2025-01-30 21:55:00,6
M1,ST2,CNC,2025-01-30,Blocked,,,2025-01-30 22:02:00,2025-01-30 22:43:00,42
M1,ST2,CNC,2025-01-30,Blocked,,,2025-01-30 23:45:00,2025-01-31 00:14:00,30
M1,ST2,CNC,2025-01-31,Blocked,,,2025-01-31 00:18:00,2025-01-31 00:50:00,33
M1,ST2,CNC,2025-01-31,Blocked,,,2025-01-31 01:19:00,2025-01-31 01:29:00,11
M1,ST2,CNC,2025-01-31,Blocked,,,2025-01-31 03:50:00,2025-01-31 04:16:00,27
M1,ST2,CNC,2025-01-31,Blocked,,,2025-01-31 04:51:00,2025-01-31 05:03:00,13
M1,ST2,CNC,2025-01-31,Blocked,,,2025-01-31 05:28:00,2025-01-31 05:52:00,25
M1,ST2,CNC,2025-01-01,Starved,,,2025-01-01 07:12:00,2025-01-01 07:42:00,31
M1,ST2,CNC,2025-01-01,Starved,,,2025-01-01 08:47:00,2025-01-01 09:16:00,30
M1,ST2,CNC,2025-01-01,Starved,,,2025-01-01 13:42:00,2025-01-01 13:52:00,11
M1,ST2,CNC,2025-01-01,Starved,,,2025-01-01 17:38:00,2025-01-01 17:48:00,11
M1,ST2,CNC,2025-01-01,Starved,,,2025-01-01 20:26:00,2025-01-01 20:36:00,11
M1,ST2,CNC,2025-01-01,Starved,,,2025-01-01 21:29:00,2025-01-01 21:47:00,19
M1,ST2,CNC,2025-01-02,Starved,,,2025-01-02 00:05:00,2025-01-02 00:17:00,13
M1,ST2,CNC,2025-01-02,Starved,,,2025-01-02 01:51:00,2025-01-02 01:54:00,4
M1,ST2,CNC,2025-01-02,Starved,,,2025-01-02 01:58:00,2025-01-02 02:04:00,7
M1,ST2,CNC,2025-01-02,Starved,,,2025-01-02 06:27:00,2025-01-02 06:39:00,13
M1,ST2,CNC,2025-01-02,Starved,,,2025-01-02 07:55:00,2025-01-02 08:28:00,34
M1,ST2,CNC,2025-01-02,Starved,,,2025-01-02 16:34:00,2025-01-02 16:34:00,1
M1,ST2,CNC,2025-01-02,Starved,,,2025-01-02 17:12:00,2025-01-02 17:22:00,11
M1,ST2,CNC,2025-01-02,Starved,,,2025-01-02 18:59:00,2025-01-02 19:04:00,6
M1,ST2,CNC,2025-01-03,Starved,,,2025-01-03 01:15:00,2025-01-03 01:33:00,19
M1,ST2,CNC,2025-01-03,Starved,,,2025-01-03 03:32:00,2025-01-03 03:33:00,2
M1,ST2,CNC,2025-01-03,Starved,,,2025-01-03 08:43:00,2025-01-03 09:00:00,18
M1,ST2,CNC,2025-01-03,Starved,,,2025-01-03 15:31:00,2025-01-03 16:05:00,35
M1,ST2,CNC,2025-01-04,Starved,,,2025-01-04 05:34:00,2025-01-04 05:54:00,21
M1,ST2,CNC,2025-01-04,Starved,,,2025-01-04 06:19:00,2025-01-04 06:29:00,11
M1,ST2,CNC,2025-01-04,Starved,,,2025-01-04 06:33:00,2025-01-04 06:37:00,5
M1,ST2,CNC,2025-01-04,Starved,,,2025-01-04 15:54:00,2025-01-04 15:59:00,6
M1,ST2,CNC,2025-01-04,Starved,,,2025-01-04 16:16:00,2025-01-04 16:16:00,1
M1,ST2,CNC,2025-01-04,Starved,,,2025-01-04 18:16:00,2025-01-04 18:26:00,11
M1,ST2,CNC,2025-01-05,Starved,,,2025-01-05 03:25:00,2025-01-05 03:28:00,4
M1,ST2,CNC,2025-01-05,Starved,,,2025-01-05 12:27:00,2025-01-05 12:29:00,3
M1,ST2,CNC,2025-01-05,Starved,,,2025-01-05 14:00:00,2025-01-05 14:09:00,10
M1,ST2,CNC,2025-01-05,Starved,,,2025-01-05 20:29:00,2025-01-05 20:48:00,20
M1,ST2,CNC,2025-01-05,Starved,,,2025-01-05 22:18:00,2025-01-05 22:25:00,8
M1,ST2,CNC,2025-01-05,Starved,,,2025-01-05 23:49:00,2025-01-06 00:04:00,16
M1,ST2,CNC,2025-01-06,Starved,,,2025-01-06 00:43:00,2025-01-06 00:55:00,13
M1,ST2,CNC,2025-01-06,Starved,,,2025-01-06 06:51:00,2025-01-06 07:15:00,25
M1,ST2,CNC,2025-01-06,Starved,,,2025-01-06 07:38:00,2025-01-06 08:00:00,23
M1,ST2,CNC,2025-01-06,Starved,,,2025-01-06 09:31:00,2025-01-06 09:38:00,8
M1,ST2,CNC,2025-01-06,Starved,,,2025-01-06 10:14:00,2025-01-06 10:49:00,36
M1,ST2,CNC,2025-01-06,Starved,,,2025-01-06 14:25:00,2025-01-06 14:36:00,12
M1,ST2,CNC,2025-01-06,Starved,,,2025-01-06 16:25:00,2025-01-06 16:49:00,25
M1,ST2,CNC,2025-01-06,Starved,,,2025-01-06 19:11:00,2025-01-06 19:36:00,26
M1,ST2,CNC,2025-01-06,Starved,,,2025-01-06 20:37:00,2025-01-06 20:53:00,17
M1,ST2,CNC,2025-01-06,Starved,,,2025-01-06 22:38:00,2025-01-06 22:49:00,12
M1,ST2,CNC,2025-01-07,Starved,,,2025-01-07 00:35:00,2025-01-07 00:36:00,2
M1,ST2,CNC,2025-01-07,Starved,,,2025-01-07 01:35:00,2025-01-07 01:39:00,5
M1,ST2,CNC,2025-01-07,Starved,,,2025-01-07 03:09:00,2025-01-07 03:15:00,7
M1,ST2,CNC,2025-01-07,Starved,,,2025-01-07 12:31:00,2025-01-07 12:44:00,14
M1,ST2,CNC,2025-01-07,Starved,,,2025-01-07 14:38:00,2025-01-07 14:54:00,17
M1,ST2,CNC,2025-01-07,Starved,,,2025-01-07 15:58:00,2025-01-07 16:00:00,3
M1,ST2,CNC,2025-01-07,Starved,,,2025-01-07 19:08:00,2025-01-07 19:38:00,31
M1,ST2,CNC,2025-01-07,Starved,,,2025-01-07 20:20:00,2025-01-07 20:30:00,11
M1,ST2,CNC,2025-01-07,Starved,,,2025-01-07 23:39:00,2025-01-07 23:45:00,7
M1,ST2,CNC,2025-01-08,Starved,,,2025-01-08 00:08:00,2025-01-08 00:08:00,1
M1,ST2,CNC,2025-01-08,Starved,,,2025-01-08 00:26:00,2025-01-08 00:43:00,18
M1,ST2,CNC,2025-01-08,Starved,,,2025-01-08 04:49:00,2025-01-08 05:25:00,37
M1,ST2,CNC,2025-01-08,Starved,,,2025-01-08 05:48:00,2025-01-08 06:14:00,27
M1,ST2,CNC,2025-01-08,Starved,,,2025-01-08 07:13:00,2025-01-08 07:26:00,14
M1,ST2,CNC,2025-01-08,Starved,,,2025-01-08 12:41:00,2025-01-08 12:47:00,7
M1,ST2,CNC,2025-01-08,Starved,,,2025-01-08 13:09:00,2025-01-08 13:16:00,8
M1,ST2,CNC,2025-01-08,Starved,,,2025-01-08 16:16:00,2025-01-08 16:30:00,15
M1,ST2,CNC,2025-01-08,Starved,,,2025-01-08 20:24:00,2025-01-08 20:31:00,8
M1,ST2,CNC,2025-01-08,Starved,,,2025-01-08 21:44:00,2025-01-08 22:14:00,31
M1,ST2,CNC,2025-01-09,Starved,,,2025-01-09 00:45:00,2025-01-09 00:58:00,14
M1,ST2,CNC,2025-01-09,Starved,,,2025-01-09 04:42:00,2025-01-09 05:00:00,19
M1,ST2,CNC,2025-01-09,Starved,,,2025-01-09 05:06:00,2025-01-09 05:17:00,12
M1,ST2,CNC,2025-01-09,Starved,,,2025-01-09 08:06:00,2025-01-09 08:34:00,29
M1,ST2,CNC,2025-01-09,Starved,,,2025-01-09 11:48:00,2025-01-09 11:48:00,1
M1,ST2,CNC,2025-01-09,Starved,,,2025-01-09 14:12:00,2025-01-09 14:14:00,3
M1,ST2,CNC,2025-01-10,Starved,,,2025-01-10 00:56:00,2025-01-10 00:59:00,4
M1,ST2,CNC,2025-01-10,Starved,,,2025-01-10 01:13:00,2025-01-10 01:30:00,18
M1,ST2,CNC,2025-01-10,Starved,,,2025-01-10 02:59:00,2025-01-10 03:25:00,27
M1,ST2,CNC,2025-01-10,Starved,,,2025-01-10 10:00:00,2025-01-10 10:01:00,2
M1,ST2,CNC,2025-01-10,Starved,,,2025-01-10 10:15:00,2025-01-10 10:24:00,10
M1,ST2,CNC,2025-01-10,Starved,,,2025-01-10 13:27:00,2025-01-10 13:42:00,16
M1,ST2,CNC,2025-01-10,Starved,,,2025-01-10 13:45:00,2025-01-10 14:21:00,37
M1,ST2,CNC,2025-01-10,Starved,,,2025-01-10 15:32:00,2025-01-10 15:39:00,8
M1,ST2,CNC,2025-01-10,Starved,,,2025-01-10 18:33:00,2025-01-10 18:54:00,22
M1,ST2,CNC,2025-01-10,Starved,,,2025-01-10 19:43:00,2025-01-10 20:03:00,21
M1,ST2,CNC,2025-01-10,Starved,,,2025-01-10 22:57:00,2025-01-10 23:18:00,22
M1,ST2,CNC,2025-01-11,Starved,,,2025-01-11 02:27:00,2025-01-11 02:44:00,18
M1,ST2,CNC,2025-01-11,Starved,,,2025-01-11 05:17:00,2025-01-11 05:45:00,29
M1,ST2,CNC,2025-01-11,Starved,,,2025-01-11 07:48:00,2025-01-11 08:16:00,29
M1,ST2,CNC,2025-01-11,Starved,,,2025-01-11 09:01:00,2025-01-11 09:22:00,22
M1,ST2,CNC,2025-01-11,Starved,,,2025-01-11 12:53:00,2025-01-11 13:08:00,16
M1,ST2,CNC,2025-01-11,Starved,,,2025-01-11 14:12:00,2025-01-11 14:16:00,5
M1,ST2,CNC,2025-01-11,Starved,,,2025-01-11 17:15:00,2025-01-11 17:35:00,21
M1,ST2,CNC,2025-01-11,Starved,,,2025-01-11 19:05:00,2025-01-11 19:14:00,10
M1,ST2,CNC,2025-01-11,Starved,,,2025-01-11 22:39:00,2025-01-11 22:54:00,16
M1,ST2,CNC,2025-01-12,Starved,,,2025-01-12 00:02:00,2025-01-12 00:11:00,10
M1,ST2,CNC,2025-01-12,Starved,,,2025-01-12 01:10:00,2025-01-12 01:23:00,14
M1,ST2,CNC,2025-01-12,Starved,,,2025-01-12 03:36:00,2025-01-12 03:39:00,4
M1,ST2,CNC,2025-01-12,Starved,,,2025-01-12 04:49:00,2025-01-12 04:57:00,9
M1,ST2,CNC,2025-01-12,Starved,,,2025-01-12 08:54:00,2025-01-12 09:07:00,14
M1,ST2,CNC,2025-01-12,Starved,,,2025-01-12 12:23:00,2025-01-12 12:33:00,11
M1,ST2,CNC,2025-01-12,Starved,,,2025-01-12 13:28:00,2025-01-12 14:00:00,33
M1,ST2,CNC,2025-01-12,Starved,,,2025-01-12 17:02:00,2025-01-12 17:23:00,22
M1,ST2,CNC,2025-01-12,Starved,,,2025-01-12 17:58:00,2025-01-12 18:10:00,13
M1,ST2,CNC,2025-01-13,Starved,,,2025-01-13 01:42:00,2025-01-13 02:07:00,26
M1,ST2,CNC,2025-01-13,Starved,,,2025-01-13 06:02:00,2025-01-13 06:12:00,11
M1,ST2,CNC,2025-01-13,Starved,,,2025-01-13 09:53:00,2025-01-13 10:22:00,30
M1,ST2,CNC,2025-01-13,Starved,,,2025-01-13 12:43:00,2025-01-13 12:48:00,6
M1,ST2,CNC,2025-01-13,Starved,,,2025-01-13 16:10:00,2025-01-13 16:17:00,8
M1,ST2,CNC,2025-01-13,Starved,,,2025-01-13 17:10:00,2025-01-13 17:14:00,5
M1,ST2,CNC,2025-01-13,Starved,,,2025-01-13 20:03:00,2025-01-13 20:04:00,2
M1,ST2,CNC,2025-01-13,Starved,,,2025-01-13 21:08:00,2025-01-13 21:13:00,6
M1,ST2,CNC,2025-01-14,Starved,,,2025-01-14 01:05:00,2025-01-14 01:14:00,10
M1,ST2,CNC,2025-01-14,Starved,,,2025-01-14 01:24:00,2025-01-14 01:49:00,26
M1,ST2,CNC,2025-01-14,Starved,,,2025-01-14 05:47:00,2025-01-14 06:18:00,32
M1,ST2,CNC,2025-01-14,Starved,,,2025-01-14 07:03:00,2025-01-14 07:10:00,8
M1,ST2,CNC,2025-01-14,Starved,,,2025-01-14 07:41:00,2025-01-14 08:26:00,46
M1,ST2,CNC,2025-01-14,Starved,,,2025-01-14 10:56:00,2025-01-14 10:58:00,3
M1,ST2,CNC,2025-01-14,Starved,,,2025-01-14 14:49:00,2025-01-14 15:00:00,12
M1,ST2,CNC,2025-01-14,Starved,,,2025-01-14 15:07:00,2025-01-14 15:36:00,30
M1,ST2,CNC,2025-01-14,Starved,,,2025-01-14 17:29:00,2025-01-14 17:40:00,12
M1,ST2,CNC,2025-01-15,Starved,,,2025-01-15 01:20:00,2025-01-15 01:25:00,6
M1,ST2,CNC,2025-01-15,Starved,,,2025-01-15 03:00:00,2025-01-15 03:36:00,37
M1,ST2,CNC,2025-01-15,Starved,,,2025-01-15 04:49:00,2025-01-15 05:22:00,34
M1,ST2,CNC,2025-01-15,Starved,,,2025-01-15 07:26:00,2025-01-15 07:34:00,9
M1,ST2,CNC,2025-01-15,Starved,,,2025-01-15 10:33:00,2025-01-15 10:33:00,1
M1,ST2,CNC,2025-01-15,Starved,,,2025-01-15 12:28:00,2025-01-15 12:54:00,27
M1,ST2,CNC,2025-01-15,Starved,,,2025-01-15 19:30:00,2025-01-15 19:43:00,14
M1,ST2,CNC,2025-01-15,Starved,,,2025-01-15 19:48:00,2025-01-15 19:57:00,10
M1,ST2,CNC,2025-01-15,Starved,,,2025-01-15 21:23:00,2025-01-15 21:45:00,23
M1,ST2,CNC,2025-01-16,Starved,,,2025-01-16 00:22:00,2025-01-16 00:25:00,4
M1,ST2,CNC,2025-01-16,Starved,,,2025-01-16 06:31:00,2025-01-16 06:34:00,4
M1,ST2,CNC,2025-01-16,Starved,,,2025-01-16 08:20:00,2025-01-16 08:50:00,31
M1,ST2,CNC,2025-01-16,Starved,,,2025-01-16 18:23:00,2025-01-16 18:50:00,28
M1,ST2,CNC,2025-01-16,Starved,,,2025-01-16 22:20:00,2025-01-16 22:43:00,24
M1,ST2,CNC,2025-01-16,Starved,,,2025-01-16 23:30:00,2025-01-16 23:40:00,11
M1,ST2,CNC,2025-01-17,Starved,,,2025-01-17 03:08:00,2025-01-17 03:36:00,29
M1,ST2,CNC,2025-01-17,Starved,,,2025-01-17 12:06:00,2025-01-17 12:13:00,8
M1,ST2,CNC,2025-01-17,Starved,,,2025-01-17 13:41:00,2025-01-17 14:14:00,34
M1,ST2,CNC,2025-01-17,Starved,,,2025-01-17 15:39:00,2025-01-17 15:55:00,17
M1,ST2,CNC,2025-01-18,Starved,,,2025-01-18 01:15:00,2025-01-18 01:18:00,4
M1,ST2,CNC,2025-01-18,Starved,,,2025-01-18 02:04:00,2025-01-18 02:04:00,1
M1,ST2,CNC,2025-01-18,Starved,,,2025-01-18 02:47:00,2025-01-18 03:00:00,14
M1,ST2,CNC,2025-01-18,Starved,,,2025-01-18 06:43:00,2025-01-18 07:01:00,19
M1,ST2,CNC,2025-01-18,Starved,,,2025-01-18 10:45:00,2025-01-18 10:47:00,3
M1,ST2,CNC,2025-01-18,Starved,,,2025-01-18 11:34:00,2025-01-18 11:41:00,8
M1,ST2,CNC,2025-01-18,Starved,,,2025-01-18 18:05:00,2025-01-18 18:08:00,4
M1,ST2,CNC,2025-01-18,Starved,,,2025-01-18 21:38:00,2025-01-18 22:06:00,29
M1,ST2,CNC,2025-01-18,Starved,,,2025-01-18 23:48:00,2025-01-18 23:51:00,4
M1,ST2,CNC,2025-01-19,Starved,,,2025-01-19 00:53:00,2025-01-19 01:13:00,21
M1,ST2,CNC,2025-01-19,Starved,,,2025-01-19 01:33:00,2025-01-19 01:55:00,23
M1,ST2,CNC,2025-01-19,Starved,,,2025-01-19 02:37:00,2025-01-19 02:58:00,22
M1,ST2,CNC,2025-01-19,Starved,,,2025-01-19 06:05:00,2025-01-19 06:30:00,26
M1,ST2,CNC,2025-01-19,Starved,,,2025-01-19 07:50:00,2025-01-19 07:59:00,10
M1,ST2,CNC,2025-01-19,Starved,,,2025-01-19 09:22:00,2025-01-19 09:51:00,30
M1,ST2,CNC,2025-01-19,Starved,,,2025-01-19 10:13:00,2025-01-19 10:13:00,1
M1,ST2,CNC,2025-01-19,Starved,,,2025-01-19 10:52:00,2025-01-19 11:17:00,26
M1,ST2,CNC,2025-01-19,Starved,,,2025-01-19 16:53:00,2025-01-19 16:54:00,2
M1,ST2,CNC,2025-01-19,Starved,,,2025-01-19 19:35:00,2025-01-19 20:03:00,29
M1,ST2,CNC,2025-01-19,Starved,,,2025-01-19 21:20:00,2025-01-19 21:28:00,9
M1,ST2,CNC,2025-01-20,Starved,,,2025-01-20 00:54:00,2025-01-20 01:01:00,8
M1,ST2,CNC,2025-01-20,Starved,,,2025-01-20 01:46:00,2025-01-20 01:51:00,6
M1,ST2,CNC,2025-01-20,Starved,,,2025-01-20 04:10:00,2025-01-20 04:47:00,38
M1,ST2,CNC,2025-01-20,Starved,,,2025-01-20 06:48:00,2025-01-20 07:15:00,28
M1,ST2,CNC,2025-01-20,Starved,,,2025-01-20 08:07:00,2025-01-20 08:22:00,16
M1,ST2,CNC,2025-01-20,Starved,,,2025-01-20 12:57:00,2025-01-20 13:02:00,6
M1,ST2,CNC,2025-01-20,Starved,,,2025-01-20 15:08:00,2025-01-20 15:35:00,28
M1,ST2,CNC,2025-01-20,Starved,,,2025-01-20 16:34:00,2025-01-20 16:58:00,25
M1,ST2,CNC,2025-01-20,Starved,,,2025-01-20 18:17:00,2025-01-20 18:21:00,5
M1,ST2,CNC,2025-01-20,Starved,,,2025-01-20 20:46:00,2025-01-20 21:20:00,35
M1,ST2,CNC,2025-01-21,Starved,,,2025-01-21 01:50:00,2025-01-21 02:23:00,34
M1,ST2,CNC,2025-01-21,Starved,,,2025-01-21 02:28:00,2025-01-21 02:56:00,29
M1,ST2,CNC,2025-01-21,Starved,,,2025-01-21 05:30:00,2025-01-21 06:01:00,32
M1,ST2,CNC,2025-01-21,Starved,,,2025-01-21 09:16:00,2025-01-21 09:25:00,10
M1,ST2,CNC,2025-01-21,Starved,,,2025-01-21 09:52:00,2025-01-21 10:13:00,22
M1,ST2,CNC,2025-01-21,Starved,,,2025-01-21 10:35:00,2025-01-21 10:35:00,1
M1,ST2,CNC,2025-01-21,Starved,,,2025-01-21 13:25:00,2025-01-21 13:42:00,18
M1,ST2,CNC,2025-01-21,Starved,,,2025-01-21 15:20:00,2025-01-21 15:51:00,32
M1,ST2,CNC,2025-01-21,Starved,,,2025-01-21 20:14:00,2025-01-21 20:17:00,4
M1,ST2,CNC,2025-01-21,Starved,,,2025-01-21 21:52:00,2025-01-21 22:11:00,20
M1,ST2,CNC,2025-01-22,Starved,,,2025-01-22 03:12:00,2025-01-22 03:24:00,13
M1,ST2,CNC,2025-01-22,Starved,,,2025-01-22 08:35:00,2025-01-22 08:41:00,7
M1,ST2,CNC,2025-01-22,Starved,,,2025-01-22 12:16:00,2025-01-22 12:35:00,20
M1,ST2,CNC,2025-01-22,Starved,,,2025-01-22 16:17:00,2025-01-22 16:39:00,23
M1,ST2,CNC,2025-01-22,Starved,,,2025-01-22 19:18:00,2025-01-22 19:23:00,6
M1,ST2,CNC,2025-01-22,Starved,,,2025-01-22 23:23:00,2025-01-22 23:42:00,20
M1,ST2,CNC,2025-01-23,Starved,,,2025-01-23 05:28:00,2025-01-23 05:28:00,1
M1,ST2,CNC,2025-01-23,Starved,,,2025-01-23 06:30:00,2025-01-23 06:58:00,29
M1,ST2,CNC,2025-01-23,Starved,,,2025-01-23 13:20:00,2025-01-23 13:50:00,31
M1,ST2,CNC,2025-01-23,Starved,,,2025-01-23 14:30:00,2025-01-23 14:30:00,1
M1,ST2,CNC,2025-01-23,Starved,,,2025-01-23 15:19:00,2025-01-23 15:19:00,1
M1,ST2,CNC,2025-01-23,Starved,,,2025-01-23 16:36:00,2025-01-23 16:48:00,13
M1,ST2,CNC,2025-01-23,Starved,,,2025-01-23 18:10:00,2025-01-23 18:13:00,4
M1,ST2,CNC,2025-01-23,Starved,,,2025-01-23 19:18:00,2025-01-23 19:40:00,23
M1,ST2,CNC,2025-01-23,Starved,,,2025-01-23 19:55:00,2025-01-23 19:56:00,2
M1,ST2,CNC,2025-01-23,Starved,,,2025-01-23 21:27:00,2025-01-23 21:27:00,1
M1,ST2,CNC,2025-01-24,Starved,,,2025-01-24 02:39:00,2025-01-24 03:19:00,41
M1,ST2,CNC,2025-01-24,Starved,,,2025-01-24 03:30:00,2025-01-24 04:06:00,37
M1,ST2,CNC,2025-01-24,Starved,,,2025-01-24 08:42:00,2025-01-24 09:07:00,26
M1,ST2,CNC,2025-01-24,Starved,,,2025-01-24 10:46:00,2025-01-24 10:48:00,3
M1,ST2,CNC,2025-01-24,Starved,,,2025-01-24 10:50:00,2025-01-24 11:18:00,29
M1,ST2,CNC,2025-01-24,Starved,,,2025-01-24 11:22:00,2025-01-24 11:34:00,13
M1,ST2,CNC,2025-01-24,Starved,,,2025-01-24 12:55:00,2025-01-24 13:04:00,10
M1,ST2,CNC,2025-01-24,Starved,,,2025-01-24 21:37:00,2025-01-24 21:52:00,16
M1,ST2,CNC,2025-01-25,Starved,,,2025-01-25 00:07:00,2025-01-25 00:14:00,8
M1,ST2,CNC,2025-01-25,Starved,,,2025-01-25 02:45:00,2025-01-25 02:58:00,14
M1,ST2,CNC,2025-01-25,Starved,,,2025-01-25 06:44:00,2025-01-25 06:51:00,8
M1,ST2,CNC,2025-01-25,Starved,,,2025-01-25 08:04:00,2025-01-25 08:15:00,12
M1,ST2,CNC,2025-01-25,Starved,,,2025-01-25 10:15:00,2025-01-25 10:41:00,27
M1,ST2,CNC,2025-01-25,Starved,,,2025-01-25 14:04:00,2025-01-25 14:19:00,16
M1,ST2,CNC,2025-01-25,Starved,,,2025-01-25 15:57:00,2025-01-25 15:57:00,1
M1,ST2,CNC,2025-01-25,Starved,,,2025-01-25 16:16:00,2025-01-25 16:43:00,28
M1,ST2,CNC,2025-01-26,Starved,,,2025-01-26 02:19:00,2025-01-26 02:20:00,2
M1,ST2,CNC,2025-01-26,Starved,,,2025-01-26 03:36:00,2025-01-26 03:44:00,9
M1,ST2,CNC,2025-01-26,Starved,,,2025-01-26 03:57:00,2025-01-26 04:08:00,12
M1,ST2,CNC,2025-01-26,Starved,,,2025-01-26 07:11:00,2025-01-26 07:16:00,6
M1,ST2,CNC,2025-01-26,Starved,,,2025-01-26 10:28:00,2025-01-26 10:39:00,12
M1,ST2,CNC,2025-01-26,Starved,,,2025-01-26 16:45:00,2025-01-26 16:47:00,3
M1,ST2,CNC,2025-01-26,Starved,,,2025-01-26 18:05:00,2025-01-26 18:26:00,22
M1,ST2,CNC,2025-01-26,Starved,,,2025-01-26 23:15:00,2025-01-26 23:15:00,1
M1,ST2,CNC,2025-01-26,Starved,,,2025-01-26 23:48:00,2025-01-26 23:57:00,10
M1,ST2,CNC,2025-01-27,Starved,,,2025-01-27 04:21:00,2025-01-27 04:54:00,34
M1,ST2,CNC,2025-01-27,Starved,,,2025-01-27 05:45:00,2025-01-27 05:54:00,10
M1,ST2,CNC,2025-01-27,Starved,,,2025-01-27 12:07:00,2025-01-27 12:07:00,1
M1,ST2,CNC,2025-01-27,Starved,,,2025-01-27 13:15:00,2025-01-27 13:17:00,3
M1,ST2,CNC,2025-01-27,Starved,,,2025-01-27 15:19:00,2025-01-27 15:44:00,26
M1,ST2,CNC,2025-01-27,Starved,,,2025-01-27 19:36:00,2025-01-27 19:57:00,22
M1,ST2,CNC,2025-01-27,Starved,,,2025-01-27 22:33:00,2025-01-27 22:40:00,8
M1,ST2,CNC,2025-01-28,Starved,,,2025-01-28 00:02:00,2025-01-28 00:05:00,4
M1,ST2,CNC,2025-01-28,Starved,,,2025-01-28 00:51:00,2025-01-28 01:10:00,20
M1,ST2,CNC,2025-01-28,Starved,,,2025-01-28 02:01:00,2025-01-28 02:05:00,5
M1,ST2,CNC,2025-01-28,Starved,,,2025-01-28 06:15:00,2025-01-28 06:17:00,3
M1,ST2,CNC,2025-01-28,Starved,,,2025-01-28 07:46:00,2025-01-28 08:07:00,22
M1,ST2,CNC,2025-01-28,Starved,,,2025-01-28 10:38:00,2025-01-28 10:44:00,7
M1,ST2,CNC,2025-01-28,Starved,,,2025-01-28 17:38:00,2025-01-28 17:48:00,11
M1,ST2,CNC,2025-01-28,Starved,,,2025-01-28 18:20:00,2025-01-28 18:55:00,36
M1,ST2,CNC,2025-01-29,Starved,,,2025-01-29 04:53:00,2025-01-29 05:22:00,30
M1,ST2,CNC,2025-01-29,Starved,,,2025-01-29 07:59:00,2025-01-29 08:33:00,35
M1,ST2,CNC,2025-01-29,Starved,,,2025-01-29 09:16:00,2025-01-29 09:39:00,24
M1,ST2,CNC,2025-01-29,Starved,,,2025-01-29 11:30:00,2025-01-29 11:49:00,20
M1,ST2,CNC,2025-01-29,Starved,,,2025-01-29 12:04:00,2025-01-29 12:40:00,37
M1,ST2,CNC,2025-01-29,Starved,,,2025-01-29 13:45:00,2025-01-29 14:07:00,23
M1,ST2,CNC,2025-01-29,Starved,,,2025-01-29 20:05:00,2025-01-29 20:11:00,7
M1,ST2,CNC,2025-01-29,Starved,,,2025-01-29 22:17:00,2025-01-29 22:50:00,34
M1,ST2,CNC,2025-01-29,Starved,,,2025-01-29 23:14:00,2025-01-29 23:17:00,4
M1,ST2,CNC,2025-01-30,Starved,,,2025-01-30 04:30:00,2025-01-30 04:31:00,2
M1,ST2,CNC,2025-01-30,Starved,,,2025-01-30 06:47:00,2025-01-30 06:48:00,2
M1,ST2,CNC,2025-01-30,Starved,,,2025-01-30 09:36:00,2025-01-30 09:58:00,23
M1,ST2,CNC,2025-01-30,Starved,,,2025-01-30 10:50:00,2025-01-30 11:32:00,43
M1,ST2,CNC,2025-01-30,Starved,,,2025-01-30 17:06:00,2025-01-30 17:30:00,25
M1,ST2,CNC,2025-01-30,Starved,,,2025-01-30 21:24:00,2025-01-30 21:48:00,25
M1,ST2,CNC,2025-01-31,Starved,,,2025-01-31 00:59:00,2025-01-31 01:14:00,16
M1,ST2,CNC,2025-01-31,Starved,,,2025-01-31 02:03:00,2025-01-31 02:11:00,9
M1,ST2,CNC,2025-01-31,Starved,,,2025-01-31 05:07:00,2025-01-31 05:24:00,18
M1,ST2,CNC,2025-01-04,Quality,,,2025-01-04 02:56:00,2025-01-04 03:19:00,24
M1,ST2,CNC,2025-01-05,Quality,,,2025-01-05 07:29:00,2025-01-05 08:08:00,40
M1,ST2,CNC,2025-01-08,Quality,,,2025-01-08 08:43:00,2025-01-08 08:56:00,14
M1,ST2,CNC,2025-01-11,Quality,,,2025-01-11 22:06:00,2025-01-11 22:35:00,30
M1,ST2,CNC,2025-01-12,Quality,,,2025-01-12 05:57:00,2025-01-12 06:11:00,15
M1,ST2,CNC,2025-01-14,Quality,,,2025-01-14 19:38:00,2025-01-14 19:59:00,22
M1,ST2,CNC,2025-01-14,Quality,,,2025-01-14 23:47:00,2025-01-15 00:07:00,21
M1,ST2,CNC,2025-01-16,Quality,,,2025-01-16 13:27:00,2025-01-16 13:50:00,24
M1,ST2,CNC,2025-01-18,Quality,,,2025-01-18 20:59:00,2025-01-18 21:34:00,36
M1,ST2,CNC,2025-01-21,Quality,,,2025-01-21 18:45:00,2025-01-21 19:19:00,35
M1,ST2,CNC,2025-01-25,Quality,,,2025-01-25 06:01:00,2025-01-25 06:17:00,17
M1,ST2,CNC,2025-01-26,Quality,,,2025-01-26 14:06:00,2025-01-26 14:40:00,35
M1,ST2,CNC,2025-01-27,Quality,,,2025-01-27 13:18:00,2025-01-27 13:53:00,36
M1,ST2,CNC,2025-01-28,Quality,,,2025-01-28 20:47:00,2025-01-28 21:20:00,34
M1,ST2,CNC,2025-01-30,Quality,,,2025-01-30 20:39:00,2025-01-30 20:53:00,15
M1,ST3,Robotics,2025-01-01,Mechanical,vibration,,2025-01-01 12:45:00,2025-01-01 13:15:00,31
M1,ST3,Robotics,2025-01-01,Mechanical,air_pressure,,2025-01-01 16:46:00,2025-01-01 16:57:00,12
M1,ST3,Robotics,2025-01-02,Mechanical,vibration,,2025-01-02 00:29:00,2025-01-02 00:53:00,25
M1,ST3,Robotics,2025-01-02,Mechanical,air_pressure,,2025-01-02 10:04:00,2025-01-02 10:41:00,38
M1,ST3,Robotics,2025-01-02,Mechanical,vibration,,2025-01-02 12:28:00,2025-01-02 12:56:00,29
M1,ST3,Robotics,2025-01-02,Mechanical,vibration,,2025-01-02 23:50:00,2025-01-03 00:06:00,17
M1,ST3,Robotics,2025-01-03,Mechanical,vibration,,2025-01-03 08:22:00,2025-01-03 08:38:00,17
M1,ST3,Robotics,2025-01-03,Mechanical,air_pressure,,2025-01-03 19:14:00,2025-01-03 19:41:00,28
M1,ST3,Robotics,2025-01-04,Mechanical,vibration,,2025-01-04 01:34:00,2025-01-04 01:59:00,26
M1,ST3,Robotics,2025-01-04,Mechanical,air_pressure,,2025-01-04 08:32:00,2025-01-04 08:58:00,27
M1,ST3,Robotics,2025-01-04,Mechanical,vibration,,2025-01-04 12:56:00,2025-01-04 13:15:00,20
M1,ST3,Robotics,2025-01-04,Mechanical,air_pressure,,2025-01-04 18:04:00,2025-01-04 18:09:00,6
M1,ST3,Robotics,2025-01-04,Mechanical,vibration,,2025-01-04 23:41:00,2025-01-04 23:56:00,16
M1,ST3,Robotics,2025-01-05,Mechanical,air_pressure,,2025-01-05 02:07:00,2025-01-05 02:43:00,37
M1,ST3,Robotics,2025-01-05,Mechanical,vibration,,2025-01-05 07:44:00,2025-01-05 08:07:00,24
M1,ST3,Robotics,2025-01-05,Mechanical,vibration,,2025-01-05 17:14:00,2025-01-05 17:46:00,33
M1,ST3,Robotics,2025-01-05,Mechanical,air_pressure,,2025-01-05 18:08:00,2025-01-05 18:32:00,25
M1,ST3,Robotics,2025-01-06,Mechanical,vibration,,2025-01-06 03:57:00,2025-01-06 04:15:00,19
M1,ST3,Robotics,2025-01-06,Mechanical,air_pressure,,2025-01-06 07:45:00,2025-01-06 08:00:00,16
M1,ST3,Robotics,2025-01-06,Mechanical,vibration,,2025-01-06 11:58:00,2025-01-06 12:23:00,26
M1,ST3,Robotics,2025-01-06,Mechanical,vibration,,2025-01-06 21:09:00,2025-01-06 21:25:00,17
M1,ST3,Robotics,2025-01-07,Mechanical,air_pressure,,2025-01-07 02:18:00,2025-01-07 02:49:00,32
M1,ST3,Robotics,2025-01-07,Mechanical,vibration,,2025-01-07 04:19:00,2025-01-07 04:51:00,33
M1,ST3,Robotics,2025-01-07,Mechanical,vibration,,2025-01-07 12:50:00,2025-01-07 13:08:00,19
M1,ST3,Robotics,2025-01-07,Mechanical,air_pressure,,2025-01-07 17:03:00,2025-01-07 17:25:00,23
M1,ST3,Robotics,2025-01-07,Mechanical,vibration,,2025-01-07 20:58:00,2025-01-07 21:09:00,12
M1,ST3,Robotics,2025-01-08,Mechanical,vibration,,2025-01-08 05:20:00,2025-01-08 05:43:00,24
M1,ST3,Robotics,2025-01-08,Mechanical,air_pressure,,2025-01-08 09:09:00,2025-01-08 09:39:00,31
M1,ST3,Robotics,2025-01-08,Mechanical,vibration,,2025-01-08 15:04:00,2025-01-08 15:19:00,16
M1,ST3,Robotics,2025-01-08,Mechanical,vibration,,2025-01-08 23:54:00,2025-01-09 00:27:00,34
M1,ST3,Robotics,2025-01-09,Mechanical,air_pressure,,2025-01-09 01:11:00,2025-01-09 01:36:00,26
M1,ST3,Robotics,2025-01-09,Mechanical,vibration,,2025-01-09 11:00:00,2025-01-09 11:09:00,10
M1,ST3,Robotics,2025-01-09,Mechanical,air_pressure,,2025-01-09 13:38:00,2025-01-09 13:56:00,19
M1,ST3,Robotics,2025-01-09,Mechanical,vibration,,2025-01-09 19:25:00,2025-01-09 19:32:00,8
M1,ST3,Robotics,2025-01-10,Mechanical,air_pressure,,2025-01-10 07:02:00,2025-01-10 07:19:00,18
M1,ST3,Robotics,2025-01-10,Mechanical,vibration,,2025-01-10 07:20:00,2025-01-10 07:36:00,17
M1,ST3,Robotics,2025-01-10,Mechanical,vibration,,2025-01-10 15:04:00,2025-01-10 15:27:00,24
M1,ST3,Robotics,2025-01-10,Mechanical,air_pressure,,2025-01-10 21:30:00,2025-01-10 22:03:00,34
M1,ST3,Robotics,2025-01-10,Mechanical,vibration,,2025-01-10 23:10:00,2025-01-10 23:26:00,17
M1,ST3,Robotics,2025-01-11,Mechanical,air_pressure,,2025-01-11 10:22:00,2025-01-11 10:42:00,21
M1,ST3,Robotics,2025-01-11,Mechanical,vibration,,2025-01-11 10:46:00,2025-01-11 11:06:00,21
M1,ST3,Robotics,2025-01-11,Mechanical,vibration,,2025-01-11 20:42:00,2025-01-11 20:53:00,12
M1,ST3,Robotics,2025-01-12,Mechanical,air_pressure,,2025-01-12 00:17:00,2025-01-12 00:37:00,21
M1,ST3,Robotics,2025-01-12,Mechanical,vibration,,2025-01-12 05:27:00,2025-01-12 05:38:00,12
M1,ST3,Robotics,2025-01-12,Mechanical,air_pressure,,2025-01-12 11:46:00,2025-01-12 12:18:00,33
M1,ST3,Robotics,2025-01-12,Mechanical,vibration,,2025-01-12 13:47:00,2025-01-12 14:00:00,14
M1,ST3,Robotics,2025-01-12,Mechanical,vibration,,2025-01-12 23:36:00,2025-01-12 23:52:00,17
M1,ST3,Robotics,2025-01-13,Mechanical,air_pressure,,2025-01-13 01:23:00,2025-01-13 01:28:00,6
M1,ST3,Robotics,2025-01-13,Mechanical,vibration,,2025-01-13 07:49:00,2025-01-13 08:15:00,27
M1,ST3,Robotics,2025-01-13,Mechanical,air_pressure,,2025-01-13 11:08:00,2025-01-13 11:30:00,23
M1,ST3,Robotics,2025-01-13,Mechanical,vibration,,2025-01-13 17:32:00,2025-01-13 17:45:00,14
M1,ST3,Robotics,2025-01-14,Mechanical,air_pressure,,2025-01-14 03:08:00,2025-01-14 03:40:00,33
M1,ST3,Robotics,2025-01-14,Mechanical,vibration,,2025-01-14 04:05:00,2025-01-14 04:38:00,34
M1,ST3,Robotics,2025-01-14,Mechanical,air_pressure,,2025-01-14 13:18:00,2025-01-14 13:37:00,20
M1,ST3,Robotics,2025-01-14,Mechanical,vibration,,2025-01-14 20:26:00,2025-01-14 20:46:00,21
M1,ST3,Robotics,2025-01-15,Mechanical,air_pressure,,2025-01-15 03:18:00,2025-01-15 03:44:00,27
M1,ST3,Robotics,2025-01-15,Mechanical,vibration,,2025-01-15 07:25:00,2025-01-15 07:59:00,35
M1,ST3,Robotics,2025-01-15,Mechanical,vibration,,2025-01-15 17:13:00,2025-01-15 17:45:00,33
M1,ST3,Robotics,2025-01-15,Mechanical,air_pressure,,2025-01-15 21:33:00,2025-01-15 21:45:00,13
M1,ST3,Robotics,2025-01-16,Mechanical,vibration,,2025-01-16 03:49:00,2025-01-16 04:28:00,40
M1,ST3,Robotics,2025-01-16,Mechanical,air_pressure,,2025-01-16 07:13:00,2025-01-16 07:21:00,9
M1,ST3,Robotics,2025-01-16,Mechanical,vibration,,2025-01-16 10:26:00,2025-01-16 10:53:00,28
M1,ST3,Robotics,2025-01-16,Mechanical,vibration,,2025-01-16 18:25:00,2025-01-16 19:01:00,37
M1,ST3,Robotics,2025-01-16,Mechanical,air_pressure,,2025-01-16 23:29:00,2025-01-17 00:06:00,38
M1,ST3,Robotics,2025-01-17,Mechanical,vibration,,2025-01-17 03:12:00,2025-01-17 03:50:00,39
M1,ST3,Robotics,2025-01-17,Mechanical,air_pressure,,2025-01-17 11:22:00,2025-01-17 11:27:00,6
M1,ST3,Robotics,2025-01-17,Mechanical,vibration,,2025-01-17 13:43:00,2025-01-17 14:14:00,32
M1,ST3,Robotics,2025-01-17,Mechanical,vibration,,2025-01-17 23:26:00,2025-01-17 23:50:00,25
M1,ST3,Robotics,2025-01-18,Mechanical,air_pressure,,2025-01-18 03:34:00,2025-01-18 03:48:00,15
M1,ST3,Robotics,2025-01-18,Mechanical,vibration,,2025-01-18 08:25:00,2025-01-18 08:40:00,16
M1,ST3,Robotics,2025-01-18,Mechanical,air_pressure,,2025-01-18 18:24:00,2025-01-18 18:49:00,26
M1,ST3,Robotics,2025-01-19,Mechanical,vibration,,2025-01-19 03:21:00,2025-01-19 03:50:00,30
M1,ST3,Robotics,2025-01-19,Mechanical,air_pressure,,2025-01-19 08:17:00,2025-01-19 08:53:00,37
M1,ST3,Robotics,2025-01-19,Mechanical,vibration,,2025-01-19 13:21:00,2025-01-19 13:34:00,14
M1,ST3,Robotics,2025-01-19,Mechanical,vibration,,2025-01-19 20:04:00,2025-01-19 20:17:00,14
M1,ST3,Robotics,2025-01-19,Mechanical,air_pressure,,2025-01-19 20:45:00,2025-01-19 21:15:00,31
M1,ST3,Robotics,2025-01-20,Mechanical,air_pressure,,2025-01-20 08:12:00,2025-01-20 08:42:00,31
M1,ST3,Robotics,2025-01-20,Mechanical,vibration,,2025-01-20 08:45:00,2025-01-20 09:23:00,39
M1,ST3,Robotics,2025-01-20,Mechanical,vibration,,2025-01-20 19:33:00,2025-01-20 19:52:00,20
M1,ST3,Robotics,2025-01-20,Mechanical,air_pressure,,2025-01-20 22:16:00,2025-01-20 22:54:00,39
M1,ST3,Robotics,2025-01-21,Mechanical,vibration,,2025-01-21 05:18:00,2025-01-21 05:25:00,8
M1,ST3,Robotics,2025-01-21,Mechanical,air_pressure,,2025-01-21 10:57:00,2025-01-21 11:28:00,32
M1,ST3,Robotics,2025-01-21,Mechanical,vibration,,2025-01-21 16:08:00,2025-01-21 16:45:00,38
M1,ST3,Robotics,2025-01-22,Mechanical,air_pressure,,2025-01-22 00:40:00,2025-01-22 01:07:00,28
M1,ST3,Robotics,2025-01-22,Mechanical,vibration,,2025-01-22 04:12:00,2025-01-22 04:37:00,26
M1,ST3,Robotics,2025-01-22,Mechanical,vibration,,2025-01-22 12:53:00,2025-01-22 13:28:00,36
M1,ST3,Robotics,2025-01-22,Mechanical,air_pressure,,2025-01-22 17:57:00,2025-01-22 18:27:00,31
M1,ST3,Robotics,2025-01-22,Mechanical,vibration,,2025-01-22 21:23:00,2025-01-22 21:56:00,34
M1,ST3,Robotics,2025-01-23,Mechanical,vibration,,2025-01-23 03:56:00,2025-01-23 04:14:00,19
M1,ST3,Robotics,2025-01-23,Mechanical,air_pressure,,2025-01-23 04:57:00,2025-01-23 05:16:00,20
M1,ST3,Robotics,2025-01-23,Mechanical,vibration,,2025-01-23 14:52:00,2025-01-23 15:14:00,23
M1,ST3,Robotics,2025-01-23,Mechanical,air_pressure,,2025-01-23 15:24:00,2025-01-23 16:02:00,39
M1,ST3,Robotics,2025-01-24,Mechanical,vibration,,2025-01-24 01:05:00,2025-01-24 01:41:00,37
M1,ST3,Robotics,2025-01-24,Mechanical,air_pressure,,2025-01-24 05:58:00,2025-01-24 06:36:00,39
M1,ST3,Robotics,2025-01-24,Mechanical,vibration,,2025-01-24 11:33:00,2025-01-24 11:52:00,20
M1,ST3,Robotics,2025-01-24,Mechanical,air_pressure,,2025-01-24 16:17:00,2025-01-24 16:39:00,23
M1,ST3,Robotics,2025-01-24,Mechanical,vibration,,2025-01-24 21:06:00,2025-01-24 21:16:00,11
M1,ST3,Robotics,2025-01-25,Mechanical,air_pressure,,2025-01-25 04:09:00,2025-01-25 04:41:00,33
M1,ST3,Robotics,2025-01-25,Mechanical,vibration,,2025-01-25 05:31:00,2025-01-25 05:56:00,26
M1,ST3,Robotics,2025-01-25,Mechanical,vibration,,2025-01-25 22:41:00,2025-01-25 22:59:00,19
M1,ST3,Robotics,2025-01-26,Mechanical,vibration,,2025-01-26 07:34:00,2025-01-26 08:04:00,31
M1,ST3,Robotics,2025-01-26,Mechanical,air_pressure,,2025-01-26 13:00:00,2025-01-26 13:32:00,33
M1,ST3,Robotics,2025-01-26,Mechanical,vibration,,2025-01-26 18:29:00,2025-01-26 18:36:00,8
M1,ST3,Robotics,2025-01-27,Mechanical,vibration,,2025-01-27 03:35:00,2025-01-27 03:43:00,9
M1,ST3,Robotics,2025-01-27,Mechanical,air_pressure,,2025-01-27 06:37:00,2025-01-27 07:09:00,33
M1,ST3,Robotics,2025-01-27,Mechanical,vibration,,2025-01-27 16:12:00,2025-01-27 16:30:00,19
M1,ST3,Robotics,2025-01-27,Mechanical,air_pressure,,2025-01-27 23:40:00,2025-01-27 23:56:00,17
M1,ST3,Robotics,2025-01-28,Mechanical,vibration,,2025-01-28 02:13:00,2025-01-28 02:20:00,8
M1,ST3,Robotics,2025-01-28,Mechanical,vibration,,2025-01-28 09:49:00,2025-01-28 10:22:00,34
M1,ST3,Robotics,2025-01-28,Mechanical,air_pressure,,2025-01-28 13:21:00,2025-01-28 13:34:00,14
M1,ST3,Robotics,2025-01-28,Mechanical,vibration,,2025-01-28 18:20:00,2025-01-28 18:53:00,34
M1,ST3,Robotics,2025-01-29,Mechanical,vibration,,2025-01-29 01:30:00,2025-01-29 02:05:00,36
M1,ST3,Robotics,2025-01-29,Mechanical,air_pressure,,2025-01-29 03:06:00,2025-01-29 03:48:00,43
M1,ST3,Robotics,2025-01-29,Mechanical,vibration,,2025-01-29 12:45:00,2025-01-29 13:05:00,21
M1,ST3,Robotics,2025-01-29,Mechanical,air_pressure,,2025-01-29 19:03:00,2025-01-29 19:17:00,15
M1,ST3,Robotics,2025-01-29,Mechanical,vibration,,2025-01-29 22:39:00,2025-01-29 23:06:00,28
M1,ST3,Robotics,2025-01-30,Mechanical,air_pressure,,2025-01-30 06:00:00,2025-01-30 06:32:00,33
M1,ST3,Robotics,2025-01-30,Mechanical,vibration,,2025-01-30 09:35:00,2025-01-30 10:09:00,35
M1,ST3,Robotics,2025-01-30,Mechanical,air_pressure,,2025-01-30 16:34:00,2025-01-30 17:01:00,28
M1,ST3,Robotics,2025-01-30,Mechanical,vibration,,2025-01-30 19:04:00,2025-01-30 19:27:00,24
M1,ST3,Robotics,2025-01-31,Mechanical,air_pressure,,2025-01-31 03:47:00,2025-01-31 04:22:00,36
M1,ST3,Robotics,2025-01-31,Mechanical,vibration,,2025-01-31 04:48:00,2025-01-31 05:02:00,15
M1,ST3,Robotics,2025-01-01,Electrical,energy_consumption,,2025-01-01 16:22:00,2025-01-01 16:42:00,21
M1,ST3,Robotics,2025-01-02,Electrical,energy_consumption,,2025-01-02 01:17:00,2025-01-02 01:39:00,23
M1,ST3,Robotics,2025-01-02,Electrical,temperature,,2025-01-02 02:14:00,2025-01-02 02:47:00,34
M1,ST3,Robotics,2025-01-02,Electrical,temperature,,2025-01-02 13:14:00,2025-01-02 13:39:00,26
M1,ST3,Robotics,2025-01-03,Electrical,energy_consumption,,2025-01-03 02:23:00,2025-01-03 02:49:00,27
M1,ST3,Robotics,2025-01-03,Electrical,temperature,,2025-01-03 03:02:00,2025-01-03 03:29:00,28
M1,ST3,Robotics,2025-01-03,Electrical,energy_consumption,,2025-01-03 11:09:00,2025-01-03 11:47:00,39
M1,ST3,Robotics,2025-01-03,Electrical,temperature,,2025-01-03 16:06:00,2025-01-03 16:36:00,31
M1,ST3,Robotics,2025-01-04,Electrical,energy_consumption,,2025-01-04 01:04:00,2025-01-04 01:16:00,13
M1,ST3,Robotics,2025-01-04,Electrical,temperature,,2025-01-04 03:42:00,2025-01-04 03:50:00,9
M1,ST3,Robotics,2025-01-04,Electrical,temperature,,2025-01-04 13:20:00,2025-01-04 14:04:00,45
M1,ST3,Robotics,2025-01-04,Electrical,energy_consumption,,2025-01-04 14:25:00,2025-01-04 14:36:00,12
M1,ST3,Robotics,2025-01-04,Electrical,temperature,,2025-01-04 21:04:00,2025-01-04 21:34:00,31
M1,ST3,Robotics,2025-01-05,Electrical,energy_consumption,,2025-01-05 00:03:00,2025-01-05 00:09:00,7
M1,ST3,Robotics,2025-01-05,Electrical,energy_consumption,,2025-01-05 09:04:00,2025-01-05 09:13:00,10
M1,ST3,Robotics,2025-01-05,Electrical,temperature,,2025-01-05 12:47:00,2025-01-05 13:07:00,21
M1,ST3,Robotics,2025-01-05,Electrical,energy_consumption,,2025-01-05 22:23:00,2025-01-05 22:47:00,25
M1,ST3,Robotics,2025-01-06,Electrical,temperature,,2025-01-06 04:26:00,2025-01-06 04:54:00,29
M1,ST3,Robotics,2025-01-06,Electrical,energy_consumption,,2025-01-06 09:56:00,2025-01-06 10:10:00,15
M1,ST3,Robotics,2025-01-06,Electrical,temperature,,2025-01-06 14:50:00,2025-01-06 15:06:00,17
M1,ST3,Robotics,2025-01-06,Electrical,temperature,,2025-01-06 23:32:00,2025-01-06 23:53:00,22
M1,ST3,Robotics,2025-01-06,Electrical,energy_consumption,,2025-01-06 23:54:00,2025-01-07 00:14:00,21
M1,ST3,Robotics,2025-01-07,Electrical,temperature,,2025-01-07 09:30:00,2025-01-07 10:10:00,41
M1,ST3,Robotics,2025-01-07,Electrical,energy_consumption,,2025-01-07 13:44:00,2025-01-07 14:02:00,19
M1,ST3,Robotics,2025-01-07,Electrical,temperature,,2025-01-07 19:46:00,2025-01-07 20:09:00,24
M1,ST3,Robotics,2025-01-08,Electrical,energy_consumption,,2025-01-08 02:28:00,2025-01-08 03:06:00,39
M1,ST3,Robotics,2025-01-08,Electrical,temperature,,2025-01-08 03:45:00,2025-01-08 04:21:00,37
M1,ST3,Robotics,2025-01-08,Electrical,energy_consumption,,2025-01-08 15:44:00,2025-01-08 16:11:00,28
M1,ST3,Robotics,2025-01-08,Electrical,temperature,,2025-01-08 19:50:00,2025-01-08 20:19:00,30
M1,ST3,Robotics,2025-01-09,Electrical,temperature,,2025-01-09 03:16:00,2025-01-09 03:26:00,11
M1,ST3,Robotics,2025-01-09,Electrical,energy_consumption,,2025-01-09 06:30:00,2025-01-09 06:57:00,28
M1,ST3,Robotics,2025-01-09,Electrical,temperature,,2025-01-09 11:54:00,2025-01-09 12:03:00,10
M1,ST3,Robotics,2025-01-09,Electrical,energy_consumption,,2025-01-09 21:43:00,2025-01-09 22:09:00,27
M1,ST3,Robotics,2025-01-10,Electrical,temperature,,2025-01-10 08:37:00,2025-01-10 09:01:00,25
M1,ST3,Robotics,2025-01-10,Electrical,energy_consumption,,2025-01-10 09:17:00,2025-01-10 09:36:00,20
M1,ST3,Robotics,2025-01-10,Electrical,temperature,,2025-01-10 17:10:00,2025-01-10 17:25:00,16
M1,ST3,Robotics,2025-01-10,Electrical,energy_consumption,,2025-01-10 19:13:00,2025-01-10 19:33:00,21
M1,ST3,Robotics,2025-01-11,Electrical,temperature,,2025-01-11 02:44:00,2025-01-11 02:55:00,12
M1,ST3,Robotics,2025-01-11,Electrical,energy_consumption,,2025-01-11 05:31:00,2025-01-11 05:57:00,27
M1,ST3,Robotics,2025-01-11,Electrical,temperature,,2025-01-11 15:26:00,2025-01-11 15:32:00,7
M1,ST3,Robotics,2025-01-11,Electrical,energy_consumption,,2025-01-11 19:36:00,2025-01-11 19:43:00,8
M1,ST3,Robotics,2025-01-12,Electrical,temperature,,2025-01-12 04:49:00,2025-01-12 05:11:00,23
M1,ST3,Robotics,2025-01-12,Electrical,energy_consumption,,2025-01-12 08:15:00,2025-01-12 08:33:00,19
M1,ST3,Robotics,2025-01-12,Electrical,temperature,,2025-01-12 14:14:00,2025-01-12 14:44:00,31
M1,ST3,Robotics,2025-01-13,Electrical,temperature,,2025-01-13 02:00:00,2025-01-13 02:25:00,26
M1,ST3,Robotics,2025-01-13,Electrical,energy_consumption,,2025-01-13 07:09:00,2025-01-13 07:14:00,6
M1,ST3,Robotics,2025-01-13,Electrical,temperature,,2025-01-13 13:02:00,2025-01-13 13:10:00,9
M1,ST3,Robotics,2025-01-13,Electrical,energy_consumption,,2025-01-13 15:12:00,2025-01-13 15:50:00,39
M1,ST3,Robotics,2025-01-14,Electrical,temperature,,2025-01-14 00:13:00,2025-01-14 00:50:00,38
M1,ST3,Robotics,2025-01-14,Electrical,energy_consumption,,2025-01-14 01:45:00,2025-01-14 02:20:00,36
M1,ST3,Robotics,2025-01-14,Electrical,temperature,,2025-01-14 10:31:00,2025-01-14 10:42:00,12
M1,ST3,Robotics,2025-01-14,Electrical,energy_consumption,,2025-01-14 11:09:00,2025-01-14 11:18:00,10
M1,ST3,Robotics,2025-01-14,Electrical,energy_consumption,,2025-01-14 22:52:00,2025-01-14 23:14:00,23
M1,ST3,Robotics,2025-01-15,Electrical,temperature,,2025-01-15 00:12:00,2025-01-15 00:39:00,28
M1,ST3,Robotics,2025-01-15,Electrical,energy_consumption,,2025-01-15 06:56:00,2025-01-15 07:21:00,26
M1,ST3,Robotics,2025-01-15,Electrical,temperature,,2025-01-15 09:07:00,2025-01-15 09:14:00,8
M1,ST3,Robotics,2025-01-15,Electrical,temperature,,2025-01-15 17:57:00,2025-01-15 18:15:00,19
M1,ST3,Robotics,2025-01-16,Electrical,energy_consumption,,2025-01-16 02:02:00,2025-01-16 02:21:00,20
M1,ST3,Robotics,2025-01-16,Electrical,energy_consumption,,2025-01-16 14:55:00,2025-01-16 15:29:00,35
M1,ST3,Robotics,2025-01-16,Electrical,temperature,,2025-01-16 15:52:00,2025-01-16 16:21:00,30
M1,ST3,Robotics,2025-01-17,Electrical,energy_consumption,,2025-01-17 03:56:00,2025-01-17 04:31:00,36
M1,ST3,Robotics,2025-01-17,Electrical,temperature,,2025-01-17 06:26:00,2025-01-17 07:00:00,35
M1,ST3,Robotics,2025-01-17,Electrical,energy_consumption,,2025-01-17 17:17:00,2025-01-17 17:43:00,27
M1,ST3,Robotics,2025-01-17,Electrical,temperature,,2025-01-17 18:55:00,2025-01-17 19:31:00,37
M1,ST3,Robotics,2025-01-18,Electrical,energy_consumption,,2025-01-18 04:21:00,2025-01-18 04:33:00,13
M1,ST3,Robotics,2025-01-18,Electrical,temperature,,2025-01-18 07:02:00,2025-01-18 07:08:00,7
M1,ST3,Robotics,2025-01-18,Electrical,energy_consumption,,2025-01-18 17:16:00,2025-01-18 17:28:00,13
M1,ST3,Robotics,2025-01-18,Electrical,temperature,,2025-01-18 17:38:00,2025-01-18 18:00:00,23
M1,ST3,Robotics,2025-01-19,Electrical,energy_consumption,,2025-01-19 04:49:00,2025-01-19 05:17:00,29
M1,ST3,Robotics,2025-01-19,Electrical,energy_consumption,,2025-01-19 14:14:00,2025-01-19 14:31:00,18
M1,ST3,Robotics,2025-01-19,Electrical,temperature,,2025-01-19 15:13:00,2025-01-19 15:42:00,30
M1,ST3,Robotics,2025-01-20,Electrical,energy_consumption,,2025-01-20 00:20:00,2025-01-20 00:35:00,16
M1,ST3,Robotics,2025-01-20,Electrical,temperature,,2025-01-20 02:27:00,2025-01-20 03:05:00,39
M1,ST3,Robotics,2025-01-20,Electrical,temperature,,2025-01-20 10:42:00,2025-01-20 10:55:00,14
M1,ST3,Robotics,2025-01-20,Electrical,energy_consumption,,2025-01-20 13:57:00,2025-01-20 14:28:00,32
M1,ST3,Robotics,2025-01-20,Electrical,temperature,,2025-01-20 18:45:00,2025-01-20 19:14:00,30
M1,ST3,Robotics,2025-01-21,Electrical,energy_consumption,,2025-01-21 06:32:00,2025-01-21 06:57:00,26
M1,ST3,Robotics,2025-01-21,Electrical,temperature,,2025-01-21 08:17:00,2025-01-21 08:34:00,18
M1,ST3,Robotics,2025-01-21,Electrical,temperature,,2025-01-21 17:53:00,2025-01-21 18:31:00,39
M1,ST3,Robotics,2025-01-21,Electrical,energy_consumption,,2025-01-21 22:18:00,2025-01-21 22:32:00,15
M1,ST3,Robotics,2025-01-22,Electrical,temperature,,2025-01-22 07:52:00,2025-01-22 08:15:00,24
M1,ST3,Robotics,2025-01-23,Electrical,energy_consumption,,2025-01-23 01:00:00,2025-01-23 01:16:00,17
M1,ST3,Robotics,2025-01-23,Electrical,temperature,,2025-01-23 05:32:00,2025-01-23 05:46:00,15
M1,ST3,Robotics,2025-01-23,Electrical,energy_consumption,,2025-01-23 12:40:00,2025-01-23 13:15:00,36
M1,ST3,Robotics,2025-01-23,Electrical,temperature,,2025-01-23 17:02:00,2025-01-23 17:23:00,22
M1,ST3,Robotics,2025-01-24,Electrical,energy_consumption,,2025-01-24 00:18:00,2025-01-24 00:36:00,19
M1,ST3,Robotics,2025-01-24,Electrical,temperature,,2025-01-24 04:24:00,2025-01-24 04:37:00,14
M1,ST3,Robotics,2025-01-24,Electrical,energy_consumption,,2025-01-24 15:34:00,2025-01-24 16:02:00,29
M1,ST3,Robotics,2025-01-24,Electrical,temperature,,2025-01-24 16:49:00,2025-01-24 17:16:00,28
M1,ST3,Robotics,2025-01-25,Electrical,energy_consumption,,2025-01-25 00:46:00,2025-01-25 01:17:00,32
M1,ST3,Robotics,2025-01-25,Electrical,temperature,,2025-01-25 02:29:00,2025-01-25 02:38:00,10
M1,ST3,Robotics,2025-01-25,Electrical,energy_consumption,,2025-01-25 10:44:00,2025-01-25 11:18:00,35
M1,ST3,Robotics,2025-01-25,Electrical,temperature,,2025-01-25 13:06:00,2025-01-25 13:20:00,15
M1,ST3,Robotics,2025-01-25,Electrical,temperature,,2025-01-25 23:28:00,2025-01-25 23:50:00,23
M1,ST3,Robotics,2025-01-26,Electrical,energy_consumption,,2025-01-26 02:26:00,2025-01-26 02:33:00,8
M1,ST3,Robotics,2025-01-26,Electrical,energy_consumption,,2025-01-26 16:08:00,2025-01-26 16:40:00,33
M1,ST3,Robotics,2025-01-26,Electrical,temperature,,2025-01-26 22:34:00,2025-01-26 22:48:00,15
M1,ST3,Robotics,2025-01-27,Electrical,energy_consumption,,2025-01-27 04:25:00,2025-01-27 04:54:00,30
M1,ST3,Robotics,2025-01-27,Electrical,temperature,,2025-01-27 08:09:00,2025-01-27 08:48:00,40
M1,ST3,Robotics,2025-01-27,Electrical,energy_consumption,,2025-01-27 16:59:00,2025-01-27 17:15:00,17
M1,ST3,Robotics,2025-01-27,Electrical,temperature,,2025-01-27 17:29:00,2025-01-27 17:52:00,24
M1,ST3,Robotics,2025-01-28,Electrical,energy_consumption,,2025-01-28 05:01:00,2025-01-28 05:38:00,38
M1,ST3,Robotics,2025-01-28,Electrical,temperature,,2025-01-28 06:26:00,2025-01-28 06:55:00,30
M1,ST3,Robotics,2025-01-28,Electrical,temperature,,2025-01-28 20:05:00,2025-01-28 20:31:00,27
M1,ST3,Robotics,2025-01-29,Electrical,energy_consumption,,2025-01-29 04:01:00,2025-01-29 04:37:00,37
M1,ST3,Robotics,2025-01-29,Electrical,temperature,,2025-01-29 06:35:00,2025-01-29 06:56:00,22
M1,ST3,Robotics,2025-01-29,Electrical,energy_consumption,,2025-01-29 14:36:00,2025-01-29 15:12:00,37
M1,ST3,Robotics,2025-01-29,Electrical,temperature,,2025-01-29 16:44:00,2025-01-29 17:11:00,28
M1,ST3,Robotics,2025-01-29,Electrical,energy_consumption,,2025-01-29 23:46:00,2025-01-30 00:05:00,20
M1,ST3,Robotics,2025-01-30,Electrical,temperature,,2025-01-30 02:19:00,2025-01-30 02:34:00,16
M1,ST3,Robotics,2025-01-30,Electrical,temperature,,2025-01-30 13:19:00,2025-01-30 13:50:00,32
M1,ST3,Robotics,2025-01-30,Electrical,energy_consumption,,2025-01-30 14:15:00,2025-01-30 14:47:00,33
M1,ST3,Robotics,2025-01-30,Electrical,temperature,,2025-01-30 22:14:00,2025-01-30 22:42:00,29
M1,ST3,Robotics,2025-01-01,Changeover,,,2025-01-01 07:20:00,2025-01-01 07:50:00,31
M1,ST3,Robotics,2025-01-01,Changeover,,,2025-01-01 10:16:00,2025-01-01 10:45:00,30
M1,ST3,Robotics,2025-01-04,Changeover,,,2025-01-04 19:37:00,2025-01-04 19:56:00,20
M1,ST3,Robotics,2025-01-05,Changeover,,,2025-01-05 07:05:00,2025-01-05 07:17:00,13
M1,ST3,Robotics,2025-01-05,Changeover,,,2025-01-05 21:33:00,2025-01-05 22:00:00,28
M1,ST3,Robotics,2025-01-06,Changeover,,,2025-01-06 13:40:00,2025-01-06 13:50:00,11
M1,ST3,Robotics,2025-01-07,Changeover,,,2025-01-07 15:33:00,2025-01-07 15:53:00,21
M1,ST3,Robotics,2025-01-13,Changeover,,,2025-01-13 08:16:00,2025-01-13 08:49:00,34
M1,ST3,Robotics,2025-01-14,Changeover,,,2025-01-14 18:24:00,2025-01-14 18:55:00,32
M1,ST3,Robotics,2025-01-15,Changeover,,,2025-01-15 14:44:00,2025-01-15 15:16:00,33
M1,ST3,Robotics,2025-01-15,Changeover,,,2025-01-15 23:53:00,2025-01-16 00:17:00,25
M1,ST3,Robotics,2025-01-17,Changeover,,,2025-01-17 00:35:00,2025-01-17 01:11:00,37
M1,ST3,Robotics,2025-01-18,Changeover,,,2025-01-18 15:27:00,2025-01-18 15:53:00,27
M1,ST3,Robotics,2025-01-19,Changeover,,,2025-01-19 20:18:00,2025-01-19 20:44:00,27
M1,ST3,Robotics,2025-01-21,Changeover,,,2025-01-21 00:56:00,2025-01-21 01:29:00,34
M1,ST3,Robotics,2025-01-21,Changeover,,,2025-01-21 01:50:00,2025-01-21 02:14:00,25
M1,ST3,Robotics,2025-01-23,Changeover,,,2025-01-23 13:41:00,2025-01-23 14:00:00,20
M1,ST3,Robotics,2025-01-26,Changeover,,,2025-01-26 03:02:00,2025-01-26 03:16:00,15
M1,ST3,Robotics,2025-01-26,Changeover,,,2025-01-26 20:03:00,2025-01-26 20:30:00,28
M1,ST3,Robotics,2025-01-28,Changeover,,,2025-01-28 00:12:00,2025-01-28 00:46:00,35
M1,ST3,Robotics,2025-01-29,Changeover,,,2025-01-29 12:36:00,2025-01-29 12:44:00,9
M1,ST3,Robotics,2025-01-30,Changeover,,,2025-01-30 02:39:00,2025-01-30 02:48:00,10
M1,ST3,Robotics,2025-01-01,Blocked,,,2025-01-01 08:12:00,2025-01-01 08:16:00,5
M1,ST3,Robotics,2025-01-01,Blocked,,,2025-01-01 14:01:00,2025-01-01 14:50:00,50
M1,ST3,Robotics,2025-01-01,Blocked,,,2025-01-01 15:46:00,2025-01-01 15:56:00,11
M1,ST3,Robotics,2025-01-01,Blocked,,,2025-01-01 17:52:00,2025-01-01 18:11:00,20
M1,ST3,Robotics,2025-01-01,Blocked,,,2025-01-01 18:17:00,2025-01-01 18:22:00,6
M1,ST3,Robotics,2025-01-01,Blocked,,,2025-01-01 20:02:00,2025-01-01 20:09:00,8
M1,ST3,Robotics,2025-01-01,Blocked,,,2025-01-01 20:26:00,2025-01-01 20:47:00,22
M1,ST3,Robotics,2025-01-01,Blocked,,,2025-01-01 21:21:00,2025-01-01 21:25:00,5
M1,ST3,Robotics,2025-01-01,Blocked,,,2025-01-01 22:00:00,2025-01-01 22:40:00,41
M1,ST3,Robotics,2025-01-02,Blocked,,,2025-01-02 00:24:00,2025-01-02 00:28:00,5
M1,ST3,Robotics,2025-01-02,Blocked,,,2025-01-02 01:01:00,2025-01-02 01:16:00,16
M1,ST3,Robotics,2025-01-02,Blocked,,,2025-01-02 01:43:00,2025-01-02 01:44:00,2
M1,ST3,Robotics,2025-01-02,Blocked,,,2025-01-02 02:10:00,2025-01-02 02:13:00,4
M1,ST3,Robotics,2025-01-02,Blocked,,,2025-01-02 03:20:00,2025-01-02 03:36:00,17
M1,ST3,Robotics,2025-01-02,Blocked,,,2025-01-02 03:47:00,2025-01-02 04:23:00,37
M1,ST3,Robotics,2025-01-02,Blocked,,,2025-01-02 05:28:00,2025-01-02 05:44:00,17
M1,ST3,Robotics,2025-01-02,Blocked,,,2025-01-02 05:59:00,2025-01-02 06:22:00,24
M1,ST3,Robotics,2025-01-02,Blocked,,,2025-01-02 07:22:00,2025-01-02 07:35:00,14
M1,ST3,Robotics,2025-01-02,Blocked,,,2025-01-02 09:46:00,2025-01-02 10:03:00,18
M1,ST3,Robotics,2025-01-02,Blocked,,,2025-01-02 10:48:00,2025-01-02 11:12:00,25
M1,ST3,Robotics,2025-01-02,Blocked,,,2025-01-02 11:19:00,2025-01-02 12:09:00,51
M1,ST3,Robotics,2025-01-02,Blocked,,,2025-01-02 12:12:00,2025-01-02 12:27:00,16
M1,ST3,Robotics,2025-01-02,Blocked,,,2025-01-02 13:07:00,2025-01-02 13:07:00,1
M1,ST3,Robotics,2025-01-02,Blocked,,,2025-01-02 14:18:00,2025-01-02 14:56:00,39
M1,ST3,Robotics,2025-01-02,Blocked,,,2025-01-02 15:39:00,2025-01-02 16:29:00,51
M1,ST3,Robotics,2025-01-02,Blocked,,,2025-01-02 16:39:00,2025-01-02 16:47:00,9
M1,ST3,Robotics,2025-01-02,Blocked,,,2025-01-02 17:53:00,2025-01-02 18:22:00,30
M1,ST3,Robotics,2025-01-02,Blocked,,,2025-01-02 19:36:00,2025-01-02 20:09:00,34
M1,ST3,Robotics,2025-01-02,Blocked,,,2025-01-02 20:50:00,2025-01-02 22:10:00,81
M1,ST3,Robotics,2025-01-02,Blocked,,,2025-01-02 23:01:00,2025-01-02 23:20:00,20
M1,ST3,Robotics,2025-01-02,Blocked,,,2025-01-02 23:31:00,2025-01-02 23:49:00,19
M1,ST3,Robotics,2025-01-03,Blocked,,,2025-01-03 00:10:00,2025-01-03 00:10:00,1
M1,ST3,Robotics,2025-01-03,Blocked,,,2025-01-03 01:15:00,2025-01-03 01:48:00,34
M1,ST3,Robotics,2025-01-03,Blocked,,,2025-01-03 01:59:00,2025-01-03 02:02:00,4
M1,ST3,Robotics,2025-01-03,Blocked,,,2025-01-03 02:55:00,2025-01-03 03:01:00,7
M1,ST3,Robotics,2025-01-03,Blocked,,,2025-01-03 04:11:00,2025-01-03 04:16:00,6
M1,ST3,Robotics,2025-01-03,Blocked,,,2025-01-03 04:24:00,2025-01-03 04:37:00,14
M1,ST3,Robotics,2025-01-03,Blocked,,,2025-01-03 04:40:00,2025-01-03 05:13:00,34
M1,ST3,Robotics,2025-01-03,Blocked,,,2025-01-03 05:20:00,2025-01-03 05:22:00,3
M1,ST3,Robotics,2025-01-03,Blocked,,,2025-01-03 05:41:00,2025-01-03 05:59:00,19
M1,ST3,Robotics,2025-01-03,Blocked,,,2025-01-03 07:17:00,2025-01-03 07:36:00,20
M1,ST3,Robotics,2025-01-03,Blocked,,,2025-01-03 08:11:00,2025-01-03 08:13:00,3
M1,ST3,Robotics,2025-01-03,Blocked,,,2025-01-03 10:07:00,2025-01-03 10:12:00,6
M1,ST3,Robotics,2025-01-03,Blocked,,,2025-01-03 10:30:00,2025-01-03 10:58:00,29
M1,ST3,Robotics,2025-01-03,Blocked,,,2025-01-03 11:08:00,2025-01-03 11:08:00,1
M1,ST3,Robotics,2025-01-03,Blocked,,,2025-01-03 12:03:00,2025-01-03 12:08:00,6
M1,ST3,Robotics,2025-01-03,Blocked,,,2025-01-03 13:14:00,2025-01-03 13:26:00,13
M1,ST3,Robotics,2025-01-03,Blocked,,,2025-01-03 13:36:00,2025-01-03 13:47:00,12
M1,ST3,Robotics,2025-01-03,Blocked,,,2025-01-03 14:05:00,2025-01-03 14:09:00,5
M1,ST3,Robotics,2025-01-03,Blocked,,,2025-01-03 16:59:00,2025-01-03 17:35:00,37
M1,ST3,Robotics,2025-01-03,Blocked,,,2025-01-03 17:39:00,2025-01-03 17:47:00,9
M1,ST3,Robotics,2025-01-03,Blocked,,,2025-01-03 17:49:00,2025-01-03 18:23:00,35
M1,ST3,Robotics,2025-01-03,Blocked,,,2025-01-03 19:03:00,2025-01-03 19:13:00,11
M1,ST3,Robotics,2025-01-03,Blocked,,,2025-01-03 19:46:00,2025-01-03 20:05:00,20
M1,ST3,Robotics,2025-01-03,Blocked,,,2025-01-03 20:09:00,2025-01-03 20:16:00,8
M1,ST3,Robotics,2025-01-03,Blocked,,,2025-01-03 21:02:00,2025-01-03 21:30:00,29
M1,ST3,Robotics,2025-01-03,Blocked,,,2025-01-03 23:20:00,2025-01-03 23:30:00,11
M1,ST3,Robotics,2025-01-04,Blocked,,,2025-01-04 00:35:00,2025-01-04 00:56:00,22
M1,ST3,Robotics,2025-01-04,Blocked,,,2025-01-04 02:29:00,2025-01-04 03:18:00,50
M1,ST3,Robotics,2025-01-04,Blocked,,,2025-01-04 03:20:00,2025-01-04 03:40:00,21
M1,ST3,Robotics,2025-01-04,Blocked,,,2025-01-04 04:34:00,2025-01-04 05:04:00,31
M1,ST3,Robotics,2025-01-04,Blocked,,,2025-01-04 05:19:00,2025-01-04 05:24:00,6
M1,ST3,Robotics,2025-01-04,Blocked,,,2025-01-04 05:58:00,2025-01-04 05:59:00,2
M1,ST3,Robotics,2025-01-04,Blocked,,,2025-01-04 06:54:00,2025-01-04 06:54:00,1
M1,ST3,Robotics,2025-01-04,Blocked,,,2025-01-04 07:10:00,2025-01-04 07:35:00,26
M1,ST3,Robotics,2025-01-04,Blocked,,,2025-01-04 07:44:00,2025-01-04 07:47:00,4
M1,ST3,Robotics,2025-01-04,Blocked,,,2025-01-04 08:06:00,2025-01-04 08:31:00,26
M1,ST3,Robotics,2025-01-04,Blocked,,,2025-01-04 10:50:00,2025-01-04 10:58:00,9
M1,ST3,Robotics,2025-01-04,Blocked,,,2025-01-04 11:02:00,2025-01-04 11:10:00,9
M1,ST3,Robotics,2025-01-04,Blocked,,,2025-01-04 12:05:00,2025-01-04 12:18:00,14
M1,ST3,Robotics,2025-01-04,Blocked,,,2025-01-04 12:31:00,2025-01-04 12:55:00,25
M1,ST3,Robotics,2025-01-04,Blocked,,,2025-01-04 13:18:00,2025-01-04 13:19:00,2
M1,ST3,Robotics,2025-01-04,Blocked,,,2025-01-04 14:06:00,2025-01-04 14:06:00,1
M1,ST3,Robotics,2025-01-04,Blocked,,,2025-01-04 16:32:00,2025-01-04 17:07:00,36
M1,ST3,Robotics,2025-01-04,Blocked,,,2025-01-04 17:18:00,2025-01-04 17:44:00,27
M1,ST3,Robotics,2025-01-04,Blocked,,,2025-01-04 18:32:00,2025-01-04 18:56:00,25
M1,ST3,Robotics,2025-01-04,Blocked,,,2025-01-04 19:06:00,2025-01-04 19:21:00,16
M1,ST3,Robotics,2025-01-04,Blocked,,,2025-01-04 21:40:00,2025-01-04 22:26:00,47
M1,ST3,Robotics,2025-01-04,Blocked,,,2025-01-04 22:36:00,2025-01-04 22:42:00,7
M1,ST3,Robotics,2025-01-04,Blocked,,,2025-01-04 23:15:00,2025-01-04 23:26:00,12
M1,ST3,Robotics,2025-01-05,Blocked,,,2025-01-05 00:11:00,2025-01-05 00:12:00,2
M1,ST3,Robotics,2025-01-05,Blocked,,,2025-01-05 00:38:00,2025-01-05 01:02:00,25
M1,ST3,Robotics,2025-01-05,Blocked,,,2025-01-05 04:48:00,2025-01-05 04:53:00,6
M1,ST3,Robotics,2025-01-05,Blocked,,,2025-01-05 06:36:00,2025-01-05 06:41:00,6
M1,ST3,Robotics,2025-01-05,Blocked,,,2025-01-05 06:45:00,2025-01-05 07:04:00,20
M1,ST3,Robotics,2025-01-05,Blocked,,,2025-01-05 07:21:00,2025-01-05 07:43:00,23
M1,ST3,Robotics,2025-01-05,Blocked,,,2025-01-05 09:19:00,2025-01-05 09:45:00,27
M1,ST3,Robotics,2025-01-05,Blocked,,,2025-01-05 10:36:00,2025-01-05 11:12:00,37
M1,ST3,Robotics,2025-01-05,Blocked,,,2025-01-05 12:15:00,2025-01-05 12:23:00,9
M1,ST3,Robotics,2025-01-05,Blocked,,,2025-01-05 12:27:00,2025-01-05 12:46:00,20
M1,ST3,Robotics,2025-01-05,Blocked,,,2025-01-05 13:16:00,2025-01-05 13:24:00,9
M1,ST3,Robotics,2025-01-05,Blocked,,,2025-01-05 19:03:00,2025-01-05 19:28:00,26
M1,ST3,Robotics,2025-01-05,Blocked,,,2025-01-05 19:34:00,2025-01-05 20:23:00,50
M1,ST3,Robotics,2025-01-05,Blocked,,,2025-01-05 23:13:00,2025-01-05 23:43:00,31
M1,ST3,Robotics,2025-01-06,Blocked,,,2025-01-06 02:29:00,2025-01-06 02:30:00,2
M1,ST3,Robotics,2025-01-06,Blocked,,,2025-01-06 02:39:00,2025-01-06 02:57:00,19
M1,ST3,Robotics,2025-01-06,Blocked,,,2025-01-06 03:32:00,2025-01-06 03:35:00,4
M1,ST3,Robotics,2025-01-06,Blocked,,,2025-01-06 05:27:00,2025-01-06 05:46:00,20
M1,ST3,Robotics,2025-01-06,Blocked,,,2025-01-06 05:51:00,2025-01-06 06:29:00,39
M1,ST3,Robotics,2025-01-06,Blocked,,,2025-01-06 07:26:00,2025-01-06 07:33:00,8
M1,ST3,Robotics,2025-01-06,Blocked,,,2025-01-06 10:14:00,2025-01-06 10:49:00,36
M1,ST3,Robotics,2025-01-06,Blocked,,,2025-01-06 11:18:00,2025-01-06 11:19:00,2
M1,ST3,Robotics,2025-01-06,Blocked,,,2025-01-06 11:23:00,2025-01-06 11:57:00,35
M1,ST3,Robotics,2025-01-06,Blocked,,,2025-01-06 12:30:00,2025-01-06 12:40:00,11
M1,ST3,Robotics,2025-01-06,Blocked,,,2025-01-06 13:56:00,2025-01-06 14:10:00,15
M1,ST3,Robotics,2025-01-06,Blocked,,,2025-01-06 17:21:00,2025-01-06 17:41:00,21
M1,ST3,Robotics,2025-01-06,Blocked,,,2025-01-06 17:46:00,2025-01-06 18:14:00,29
M1,ST3,Robotics,2025-01-06,Blocked,,,2025-01-06 18:27:00,2025-01-06 18:55:00,29
M1,ST3,Robotics,2025-01-06,Blocked,,,2025-01-06 20:57:00,2025-01-06 21:08:00,12
M1,ST3,Robotics,2025-01-06,Blocked,,,2025-01-06 21:40:00,2025-01-06 22:00:00,21
M1,ST3,Robotics,2025-01-07,Blocked,,,2025-01-07 00:40:00,2025-01-07 00:58:00,19
M1,ST3,Robotics,2025-01-07,Blocked,,,2025-01-07 01:20:00,2025-01-07 01:30:00,11
M1,ST3,Robotics,2025-01-07,Blocked,,,2025-01-07 02:00:00,2025-01-07 02:02:00,3
M1,ST3,Robotics,2025-01-07,Blocked,,,2025-01-07 02:08:00,2025-01-07 02:17:00,10
M1,ST3,Robotics,2025-01-07,Blocked,,,2025-01-07 05:07:00,2025-01-07 05:11:00,5
M1,ST3,Robotics,2025-01-07,Blocked,,,2025-01-07 06:13:00,2025-01-07 06:25:00,13
M1,ST3,Robotics,2025-01-07,Blocked,,,2025-01-07 06:30:00,2025-01-07 06:46:00,17
M1,ST3,Robotics,2025-01-07,Blocked,,,2025-01-07 06:57:00,2025-01-07 07:30:00,34
M1,ST3,Robotics,2025-01-07,Blocked,,,2025-01-07 08:39:00,2025-01-07 08:47:00,9
M1,ST3,Robotics,2025-01-07,Blocked,,,2025-01-07 08:51:00,2025-01-07 08:51:00,1
M1,ST3,Robotics,2025-01-07,Blocked,,,2025-01-07 09:26:00,2025-01-07 09:29:00,4
M1,ST3,Robotics,2025-01-07,Blocked,,,2025-01-07 10:20:00,2025-01-07 11:18:00,59
M1,ST3,Robotics,2025-01-07,Blocked,,,2025-01-07 12:10:00,2025-01-07 12:16:00,7
M1,ST3,Robotics,2025-01-07,Blocked,,,2025-01-07 13:39:00,2025-01-07 13:42:00,4
M1,ST3,Robotics,2025-01-07,Blocked,,,2025-01-07 14:06:00,2025-01-07 14:33:00,28
M1,ST3,Robotics,2025-01-07,Blocked,,,2025-01-07 16:13:00,2025-01-07 17:00:00,48
M1,ST3,Robotics,2025-01-07,Blocked,,,2025-01-07 17:49:00,2025-01-07 18:24:00,36
M1,ST3,Robotics,2025-01-07,Blocked,,,2025-01-07 18:53:00,2025-01-07 18:57:00,5
M1,ST3,Robotics,2025-01-07,Blocked,,,2025-01-07 20:34:00,2025-01-07 20:36:00,3
M1,ST3,Robotics,2025-01-07,Blocked,,,2025-01-07 21:26:00,2025-01-07 21:53:00,28
M1,ST3,Robotics,2025-01-07,Blocked,,,2025-01-07 22:08:00,2025-01-07 22:35:00,28
M1,ST3,Robotics,2025-01-07,Blocked,,,2025-01-07 22:39:00,2025-01-07 23:32:00,54
M1,ST3,Robotics,2025-01-08,Blocked,,,2025-01-08 01:35:00,2025-01-08 01:51:00,17
M1,ST3,Robotics,2025-01-08,Blocked,,,2025-01-08 02:06:00,2025-01-08 02:27:00,22
M1,ST3,Robotics,2025-01-08,Blocked,,,2025-01-08 03:12:00,2025-01-08 03:15:00,4
M1,ST3,Robotics,2025-01-08,Blocked,,,2025-01-08 03:25:00,2025-01-08 03:44:00,20
M1,ST3,Robotics,2025-01-08,Blocked,,,2025-01-08 06:25:00,2025-01-08 06:32:00,8
M1,ST3,Robotics,2025-01-08,Blocked,,,2025-01-08 06:48:00,2025-01-08 07:00:00,13
M1,ST3,Robotics,2025-01-08,Blocked,,,2025-01-08 09:02:00,2025-01-08 09:08:00,7
M1,ST3,Robotics,2025-01-08,Blocked,,,2025-01-08 10:08:00,2025-01-08 10:19:00,12
M1,ST3,Robotics,2025-01-08,Blocked,,,2025-01-08 10:28:00,2025-01-08 10:56:00,29
M1,ST3,Robotics,2025-01-08,Blocked,,,2025-01-08 10:59:00,2025-01-08 11:13:00,15
M1,ST3,Robotics,2025-01-08,Blocked,,,2025-01-08 11:23:00,2025-01-08 11:34:00,12
M1,ST3,Robotics,2025-01-08,Blocked,,,2025-01-08 11:44:00,2025-01-08 12:14:00,31
M1,ST3,Robotics,2025-01-08,Blocked,,,2025-01-08 16:42:00,2025-01-08 16:43:00,2
M1,ST3,Robotics,2025-01-08,Blocked,,,2025-01-08 17:08:00,2025-01-08 17:29:00,22
M1,ST3,Robotics,2025-01-08,Blocked,,,2025-01-08 18:08:00,2025-01-08 18:29:00,22
M1,ST3,Robotics,2025-01-08,Blocked,,,2025-01-08 18:57:00,2025-01-08 19:14:00,18
M1,ST3,Robotics,2025-01-08,Blocked,,,2025-01-08 20:46:00,2025-01-08 21:13:00,28
M1,ST3,Robotics,2025-01-08,Blocked,,,2025-01-08 21:15:00,2025-01-08 21:24:00,10
M1,ST3,Robotics,2025-01-08,Blocked,,,2025-01-08 22:32:00,2025-01-08 22:33:00,2
M1,ST3,Robotics,2025-01-08,Blocked,,,2025-01-08 23:33:00,2025-01-08 23:37:00,5
M1,ST3,Robotics,2025-01-09,Blocked,,,2025-01-09 00:40:00,2025-01-09 00:40:00,1
M1,ST3,Robotics,2025-01-09,Blocked,,,2025-01-09 02:31:00,2025-01-09 03:11:00,41
M1,ST3,Robotics,2025-01-09,Blocked,,,2025-01-09 04:02:00,2025-01-09 04:36:00,35
M1,ST3,Robotics,2025-01-09,Blocked,,,2025-01-09 05:06:00,2025-01-09 05:24:00,19
M1,ST3,Robotics,2025-01-09,Blocked,,,2025-01-09 05:28:00,2025-01-09 05:49:00,22
M1,ST3,Robotics,2025-01-09,Blocked,,,2025-01-09 05:57:00,2025-01-09 06:25:00,29
M1,ST3,Robotics,2025-01-09,Blocked,,,2025-01-09 07:08:00,2025-01-09 07:16:00,9
M1,ST3,Robotics,2025-01-09,Blocked,,,2025-01-09 07:23:00,2025-01-09 07:34:00,12
M1,ST3,Robotics,2025-01-09,Blocked,,,2025-01-09 07:36:00,2025-01-09 07:56:00,21
M1,ST3,Robotics,2025-01-09,Blocked,,,2025-01-09 09:21:00,2025-01-09 09:42:00,22
M1,ST3,Robotics,2025-01-09,Blocked,,,2025-01-09 10:19:00,2025-01-09 10:38:00,20
M1,ST3,Robotics,2025-01-09,Blocked,,,2025-01-09 11:15:00,2025-01-09 11:17:00,3
M1,ST3,Robotics,2025-01-09,Blocked,,,2025-01-09 12:14:00,2025-01-09 12:23:00,10
M1,ST3,Robotics,2025-01-09,Blocked,,,2025-01-09 12:41:00,2025-01-09 13:06:00,26
M1,ST3,Robotics,2025-01-09,Blocked,,,2025-01-09 13:11:00,2025-01-09 13:32:00,22
M1,ST3,Robotics,2025-01-09,Blocked,,,2025-01-09 14:25:00,2025-01-09 14:40:00,16
M1,ST3,Robotics,2025-01-09,Blocked,,,2025-01-09 15:00:00,2025-01-09 15:33:00,34
M1,ST3,Robotics,2025-01-09,Blocked,,,2025-01-09 16:21:00,2025-01-09 16:30:00,10
M1,ST3,Robotics,2025-01-09,Blocked,,,2025-01-09 17:24:00,2025-01-09 17:43:00,20
M1,ST3,Robotics,2025-01-09,Blocked,,,2025-01-09 17:49:00,2025-01-09 18:12:00,24
M1,ST3,Robotics,2025-01-09,Blocked,,,2025-01-09 19:36:00,2025-01-09 19:48:00,13
M1,ST3,Robotics,2025-01-09,Blocked,,,2025-01-09 20:07:00,2025-01-09 20:35:00,29
M1,ST3,Robotics,2025-01-09,Blocked,,,2025-01-09 20:38:00,2025-01-09 21:11:00,34
M1,ST3,Robotics,2025-01-09,Blocked,,,2025-01-09 21:15:00,2025-01-09 21:42:00,28
M1,ST3,Robotics,2025-01-09,Blocked,,,2025-01-09 22:42:00,2025-01-09 22:48:00,7
M1,ST3,Robotics,2025-01-09,Blocked,,,2025-01-09 23:05:00,2025-01-09 23:32:00,28
M1,ST3,Robotics,2025-01-10,Blocked,,,2025-01-10 00:24:00,2025-01-10 00:28:00,5
M1,ST3,Robotics,2025-01-10,Blocked,,,2025-01-10 00:30:00,2025-01-10 00:51:00,22
M1,ST3,Robotics,2025-01-10,Blocked,,,2025-01-10 00:57:00,2025-01-10 01:08:00,12
M1,ST3,Robotics,2025-01-10,Blocked,,,2025-01-10 02:35:00,2025-01-10 02:50:00,16
M1,ST3,Robotics,2025-01-10,Blocked,,,2025-01-10 03:29:00,2025-01-10 03:37:00,9
M1,ST3,Robotics,2025-01-10,Blocked,,,2025-01-10 03:45:00,2025-01-10 03:48:00,4
M1,ST3,Robotics,2025-01-10,Blocked,,,2025-01-10 03:59:00,2025-01-10 04:06:00,8
M1,ST3,Robotics,2025-01-10,Blocked,,,2025-01-10 04:50:00,2025-01-10 05:39:00,50
M1,ST3,Robotics,2025-01-10,Blocked,,,2025-01-10 06:40:00,2025-01-10 07:01:00,22
M1,ST3,Robotics,2025-01-10,Blocked,,,2025-01-10 09:11:00,2025-01-10 09:16:00,6
M1,ST3,Robotics,2025-01-10,Blocked,,,2025-01-10 09:40:00,2025-01-10 09:55:00,16
M1,ST3,Robotics,2025-01-10,Blocked,,,2025-01-10 10:05:00,2025-01-10 10:12:00,8
M1,ST3,Robotics,2025-01-10,Blocked,,,2025-01-10 10:38:00,2025-01-10 11:03:00,26
M1,ST3,Robotics,2025-01-10,Blocked,,,2025-01-10 11:28:00,2025-01-10 11:56:00,29
M1,ST3,Robotics,2025-01-10,Blocked,,,2025-01-10 12:32:00,2025-01-10 12:56:00,25
M1,ST3,Robotics,2025-01-10,Blocked,,,2025-01-10 13:03:00,2025-01-10 13:10:00,8
M1,ST3,Robotics,2025-01-10,Blocked,,,2025-01-10 14:25:00,2025-01-10 14:32:00,8
M1,ST3,Robotics,2025-01-10,Blocked,,,2025-01-10 14:38:00,2025-01-10 15:03:00,26
M1,ST3,Robotics,2025-01-10,Blocked,,,2025-01-10 20:10:00,2025-01-10 20:38:00,29
M1,ST3,Robotics,2025-01-10,Blocked,,,2025-01-10 20:42:00,2025-01-10 20:50:00,9
M1,ST3,Robotics,2025-01-10,Blocked,,,2025-01-10 21:14:00,2025-01-10 21:29:00,16
M1,ST3,Robotics,2025-01-10,Blocked,,,2025-01-10 23:56:00,2025-01-11 00:05:00,10
M1,ST3,Robotics,2025-01-11,Blocked,,,2025-01-11 00:33:00,2025-01-11 01:22:00,50
M1,ST3,Robotics,2025-01-11,Blocked,,,2025-01-11 01:26:00,2025-01-11 01:54:00,29
M1,ST3,Robotics,2025-01-11,Blocked,,,2025-01-11 03:01:00,2025-01-11 03:02:00,2
M1,ST3,Robotics,2025-01-11,Blocked,,,2025-01-11 03:09:00,2025-01-11 03:31:00,23
M1,ST3,Robotics,2025-01-11,Blocked,,,2025-01-11 03:48:00,2025-01-11 04:35:00,48
M1,ST3,Robotics,2025-01-11,Blocked,,,2025-01-11 06:19:00,2025-01-11 06:24:00,6
M1,ST3,Robotics,2025-01-11,Blocked,,,2025-01-11 06:46:00,2025-01-11 06:48:00,3
M1,ST3,Robotics,2025-01-11,Blocked,,,2025-01-11 08:27:00,2025-01-11 08:56:00,30
M1,ST3,Robotics,2025-01-11,Blocked,,,2025-01-11 09:03:00,2025-01-11 09:37:00,35
M1,ST3,Robotics,2025-01-11,Blocked,,,2025-01-11 10:11:00,2025-01-11 10:21:00,11
M1,ST3,Robotics,2025-01-11,Blocked,,,2025-01-11 12:04:00,2025-01-11 12:15:00,12
M1,ST3,Robotics,2025-01-11,Blocked,,,2025-01-11 12:24:00,2025-01-11 12:31:00,8
M1,ST3,Robotics,2025-01-11,Blocked,,,2025-01-11 12:54:00,2025-01-11 13:08:00,15
M1,ST3,Robotics,2025-01-11,Blocked,,,2025-01-11 14:44:00,2025-01-11 14:51:00,8
M1,ST3,Robotics,2025-01-11,Blocked,,,2025-01-11 15:15:00,2025-01-11 15:25:00,11
M1,ST3,Robotics,2025-01-11,Blocked,,,2025-01-11 17:02:00,2025-01-11 17:11:00,10
M1,ST3,Robotics,2025-01-11,Blocked,,,2025-01-11 17:47:00,2025-01-11 17:55:00,9
M1,ST3,Robotics,2025-01-11,Blocked,,,2025-01-11 18:31:00,2025-01-11 18:31:00,1
M1,ST3,Robotics,2025-01-11,Blocked,,,2025-01-11 18:48:00,2025-01-11 19:00:00,13
M1,ST3,Robotics,2025-01-11,Blocked,,,2025-01-11 21:33:00,2025-01-11 21:33:00,1
M1,ST3,Robotics,2025-01-11,Blocked,,,2025-01-11 21:51:00,2025-01-11 21:57:00,7
M1,ST3,Robotics,2025-01-11,Blocked,,,2025-01-11 22:01:00,2025-01-11 22:16:00,16
M1,ST3,Robotics,2025-01-11,Blocked,,,2025-01-11 23:04:00,2025-01-11 23:13:00,10
M1,ST3,Robotics,2025-01-12,Blocked,,,2025-01-12 00:02:00,2025-01-12 00:16:00,15
M1,ST3,Robotics,2025-01-12,Blocked,,,2025-01-12 00:50:00,2025-01-12 01:02:00,13
M1,ST3,Robotics,2025-01-12,Blocked,,,2025-01-12 02:34:00,2025-01-12 02:34:00,1
M1,ST3,Robotics,2025-01-12,Blocked,,,2025-01-12 02:53:00,2025-01-12 03:18:00,26
M1,ST3,Robotics,2025-01-12,Blocked,,,2025-01-12 07:09:00,2025-01-12 07:18:00,10
M1,ST3,Robotics,2025-01-12,Blocked,,,2025-01-12 07:22:00,2025-01-12 07:40:00,19
M1,ST3,Robotics,2025-01-12,Blocked,,,2025-01-12 07:44:00,2025-01-12 07:52:00,9
M1,ST3,Robotics,2025-01-12,Blocked,,,2025-01-12 08:54:00,2025-01-12 09:27:00,34
M1,ST3,Robotics,2025-01-12,Blocked,,,2025-01-12 09:33:00,2025-01-12 09:43:00,11
M1,ST3,Robotics,2025-01-12,Blocked,,,2025-01-12 10:08:00,2025-01-12 10:27:00,20
M1,ST3,Robotics,2025-01-12,Blocked,,,2025-01-12 12:40:00,2025-01-12 12:40:00,1
M1,ST3,Robotics,2025-01-12,Blocked,,,2025-01-12 13:04:00,2025-01-12 13:10:00,7
M1,ST3,Robotics,2025-01-12,Blocked,,,2025-01-12 14:12:00,2025-01-12 14:13:00,2
M1,ST3,Robotics,2025-01-12,Blocked,,,2025-01-12 16:14:00,2025-01-12 16:40:00,27
M1,ST3,Robotics,2025-01-12,Blocked,,,2025-01-12 16:44:00,2025-01-12 16:52:00,9
M1,ST3,Robotics,2025-01-12,Blocked,,,2025-01-12 19:05:00,2025-01-12 19:28:00,24
M1,ST3,Robotics,2025-01-12,Blocked,,,2025-01-12 19:46:00,2025-01-12 20:32:00,47
M1,ST3,Robotics,2025-01-12,Blocked,,,2025-01-12 22:03:00,2025-01-12 22:49:00,47
M1,ST3,Robotics,2025-01-12,Blocked,,,2025-01-12 22:55:00,2025-01-12 23:02:00,8
M1,ST3,Robotics,2025-01-12,Blocked,,,2025-01-12 23:06:00,2025-01-12 23:35:00,30
M1,ST3,Robotics,2025-01-13,Blocked,,,2025-01-13 00:15:00,2025-01-13 00:19:00,5
M1,ST3,Robotics,2025-01-13,Blocked,,,2025-01-13 01:03:00,2025-01-13 01:22:00,20
M1,ST3,Robotics,2025-01-13,Blocked,,,2025-01-13 03:15:00,2025-01-13 03:38:00,24
M1,ST3,Robotics,2025-01-13,Blocked,,,2025-01-13 04:09:00,2025-01-13 04:11:00,3
M1,ST3,Robotics,2025-01-13,Blocked,,,2025-01-13 04:51:00,2025-01-13 05:23:00,33
M1,ST3,Robotics,2025-01-13,Blocked,,,2025-01-13 06:18:00,2025-01-13 06:48:00,31
M1,ST3,Robotics,2025-01-13,Blocked,,,2025-01-13 06:52:00,2025-01-13 07:01:00,10
M1,ST3,Robotics,2025-01-13,Blocked,,,2025-01-13 07:18:00,2025-01-13 07:28:00,11
M1,ST3,Robotics,2025-01-13,Blocked,,,2025-01-13 08:59:00,2025-01-13 09:25:00,27
M1,ST3,Robotics,2025-01-13,Blocked,,,2025-01-13 10:28:00,2025-01-13 10:30:00,3
M1,ST3,Robotics,2025-01-13,Blocked,,,2025-01-13 10:36:00,2025-01-13 11:04:00,29
M1,ST3,Robotics,2025-01-13,Blocked,,,2025-01-13 11:41:00,2025-01-13 12:05:00,25
M1,ST3,Robotics,2025-01-13,Blocked,,,2025-01-13 12:15:00,2025-01-13 12:38:00,24
M1,ST3,Robotics,2025-01-13,Blocked,,,2025-01-13 13:44:00,2025-01-13 13:54:00,11
M1,ST3,Robotics,2025-01-13,Blocked,,,2025-01-13 14:21:00,2025-01-13 14:46:00,26
M1,ST3,Robotics,2025-01-13,Blocked,,,2025-01-13 15:57:00,2025-01-13 15:59:00,3
M1,ST3,Robotics,2025-01-13,Blocked,,,2025-01-13 16:21:00,2025-01-13 16:37:00,17
M1,ST3,Robotics,2025-01-13,Blocked,,,2025-01-13 17:53:00,2025-01-13 18:23:00,31
M1,ST3,Robotics,2025-01-13,Blocked,,,2025-01-13 18:27:00,2025-01-13 19:04:00,38
M1,ST3,Robotics,2025-01-13,Blocked,,,2025-01-13 19:12:00,2025-01-13 19:16:00,5
M1,ST3,Robotics,2025-01-13,Blocked,,,2025-01-13 20:28:00,2025-01-13 20:57:00,30
M1,ST3,Robotics,2025-01-13,Blocked,,,2025-01-13 21:22:00,2025-01-13 21:29:00,8
M1,ST3,Robotics,2025-01-13,Blocked,,,2025-01-13 22:29:00,2025-01-13 22:34:00,6
M1,ST3,Robotics,2025-01-13,Blocked,,,2025-01-13 23:13:00,2025-01-13 23:29:00,17
M1,ST3,Robotics,2025-01-14,Blocked,,,2025-01-14 00:08:00,2025-01-14 00:12:00,5
M1,ST3,Robotics,2025-01-14,Blocked,,,2025-01-14 02:24:00,2025-01-14 02:27:00,4
M1,ST3,Robotics,2025-01-14,Blocked,,,2025-01-14 02:31:00,2025-01-14 02:40:00,10
M1,ST3,Robotics,2025-01-14,Blocked,,,2025-01-14 04:42:00,2025-01-14 05:06:00,25
M1,ST3,Robotics,2025-01-14,Blocked,,,2025-01-14 06:26:00,2025-01-14 06:58:00,33
M1,ST3,Robotics,2025-01-14,Blocked,,,2025-01-14 07:13:00,2025-01-14 07:18:00,6
M1,ST3,Robotics,2025-01-14,Blocked,,,2025-01-14 08:42:00,2025-01-14 08:59:00,18
M1,ST3,Robotics,2025-01-14,Blocked,,,2025-01-14 09:40:00,2025-01-14 09:49:00,10
M1,ST3,Robotics,2025-01-14,Blocked,,,2025-01-14 10:45:00,2025-01-14 10:53:00,9
M1,ST3,Robotics,2025-01-14,Blocked,,,2025-01-14 11:03:00,2025-01-14 11:08:00,6
M1,ST3,Robotics,2025-01-14,Blocked,,,2025-01-14 12:10:00,2025-01-14 12:43:00,34
M1,ST3,Robotics,2025-01-14,Blocked,,,2025-01-14 14:36:00,2025-01-14 14:36:00,1
M1,ST3,Robotics,2025-01-14,Blocked,,,2025-01-14 15:40:00,2025-01-14 15:53:00,14
M1,ST3,Robotics,2025-01-14,Blocked,,,2025-01-14 16:43:00,2025-01-14 17:03:00,21
M1,ST3,Robotics,2025-01-14,Blocked,,,2025-01-14 17:07:00,2025-01-14 17:09:00,3
M1,ST3,Robotics,2025-01-14,Blocked,,,2025-01-14 17:42:00,2025-01-14 18:07:00,26
M1,ST3,Robotics,2025-01-14,Blocked,,,2025-01-14 19:01:00,2025-01-14 19:22:00,22
M1,ST3,Robotics,2025-01-14,Blocked,,,2025-01-14 20:01:00,2025-01-14 20:06:00,6
M1,ST3,Robotics,2025-01-14,Blocked,,,2025-01-14 22:10:00,2025-01-14 22:49:00,40
M1,ST3,Robotics,2025-01-15,Blocked,,,2025-01-15 02:02:00,2025-01-15 02:02:00,1
M1,ST3,Robotics,2025-01-15,Blocked,,,2025-01-15 03:50:00,2025-01-15 04:13:00,24
M1,ST3,Robotics,2025-01-15,Blocked,,,2025-01-15 04:15:00,2025-01-15 04:21:00,7
M1,ST3,Robotics,2025-01-15,Blocked,,,2025-01-15 04:40:00,2025-01-15 04:44:00,5
M1,ST3,Robotics,2025-01-15,Blocked,,,2025-01-15 05:28:00,2025-01-15 05:42:00,15
M1,ST3,Robotics,2025-01-15,Blocked,,,2025-01-15 05:48:00,2025-01-15 06:09:00,22
M1,ST3,Robotics,2025-01-15,Blocked,,,2025-01-15 06:17:00,2025-01-15 06:39:00,23
M1,ST3,Robotics,2025-01-15,Blocked,,,2025-01-15 08:05:00,2025-01-15 08:07:00,3
M1,ST3,Robotics,2025-01-15,Blocked,,,2025-01-15 13:09:00,2025-01-15 13:16:00,8
M1,ST3,Robotics,2025-01-15,Blocked,,,2025-01-15 13:49:00,2025-01-15 13:59:00,11
M1,ST3,Robotics,2025-01-15,Blocked,,,2025-01-15 15:18:00,2025-01-15 15:23:00,6
M1,ST3,Robotics,2025-01-15,Blocked,,,2025-01-15 15:44:00,2025-01-15 16:03:00,20
M1,ST3,Robotics,2025-01-15,Blocked,,,2025-01-15 16:05:00,2025-01-15 16:31:00,27
M1,ST3,Robotics,2025-01-15,Blocked,,,2025-01-15 16:36:00,2025-01-15 17:00:00,25
M1,ST3,Robotics,2025-01-15,Blocked,,,2025-01-15 17:50:00,2025-01-15 17:56:00,7
M1,ST3,Robotics,2025-01-15,Blocked,,,2025-01-15 18:53:00,2025-01-15 19:15:00,23
M1,ST3,Robotics,2025-01-15,Blocked,,,2025-01-15 20:05:00,2025-01-15 20:34:00,30
M1,ST3,Robotics,2025-01-15,Blocked,,,2025-01-15 22:26:00,2025-01-15 22:34:00,9
M1,ST3,Robotics,2025-01-15,Blocked,,,2025-01-15 22:38:00,2025-01-15 22:52:00,15
M1,ST3,Robotics,2025-01-16,Blocked,,,2025-01-16 00:47:00,2025-01-16 00:53:00,7
M1,ST3,Robotics,2025-01-16,Blocked,,,2025-01-16 01:22:00,2025-01-16 01:56:00,35
M1,ST3,Robotics,2025-01-16,Blocked,,,2025-01-16 02:27:00,2025-01-16 02:30:00,4
M1,ST3,Robotics,2025-01-16,Blocked,,,2025-01-16 02:42:00,2025-01-16 03:00:00,19
M1,ST3,Robotics,2025-01-16,Blocked,,,2025-01-16 03:05:00,2025-01-16 03:27:00,23
M1,ST3,Robotics,2025-01-16,Blocked,,,2025-01-16 03:31:00,2025-01-16 03:48:00,18
M1,ST3,Robotics,2025-01-16,Blocked,,,2025-01-16 05:47:00,2025-01-16 06:26:00,40
M1,ST3,Robotics,2025-01-16,Blocked,,,2025-01-16 07:23:00,2025-01-16 07:56:00,34
M1,ST3,Robotics,2025-01-16,Blocked,,,2025-01-16 09:37:00,2025-01-16 10:03:00,27
M1,ST3,Robotics,2025-01-16,Blocked,,,2025-01-16 11:38:00,2025-01-16 11:45:00,8
M1,ST3,Robotics,2025-01-16,Blocked,,,2025-01-16 12:01:00,2025-01-16 12:32:00,32
M1,ST3,Robotics,2025-01-16,Blocked,,,2025-01-16 13:09:00,2025-01-16 13:20:00,12
M1,ST3,Robotics,2025-01-16,Blocked,,,2025-01-16 13:52:00,2025-01-16 13:54:00,3
M1,ST3,Robotics,2025-01-16,Blocked,,,2025-01-16 15:35:00,2025-01-16 15:48:00,14
M1,ST3,Robotics,2025-01-16,Blocked,,,2025-01-16 16:25:00,2025-01-16 16:36:00,12
M1,ST3,Robotics,2025-01-16,Blocked,,,2025-01-16 16:50:00,2025-01-16 17:19:00,30
M1,ST3,Robotics,2025-01-16,Blocked,,,2025-01-16 17:29:00,2025-01-16 17:43:00,15
M1,ST3,Robotics,2025-01-16,Blocked,,,2025-01-16 19:19:00,2025-01-16 19:47:00,29
M1,ST3,Robotics,2025-01-16,Blocked,,,2025-01-16 20:14:00,2025-01-16 20:36:00,23
M1,ST3,Robotics,2025-01-16,Blocked,,,2025-01-16 20:47:00,2025-01-16 20:48:00,2
M1,ST3,Robotics,2025-01-16,Blocked,,,2025-01-16 21:01:00,2025-01-16 21:32:00,32
M1,ST3,Robotics,2025-01-16,Blocked,,,2025-01-16 21:50:00,2025-01-16 21:56:00,7
M1,ST3,Robotics,2025-01-16,Blocked,,,2025-01-16 23:01:00,2025-01-16 23:04:00,4
M1,ST3,Robotics,2025-01-16,Blocked,,,2025-01-16 23:13:00,2025-01-16 23:25:00,13
M1,ST3,Robotics,2025-01-17,Blocked,,,2025-01-17 00:10:00,2025-01-17 00:13:00,4
M1,ST3,Robotics,2025-01-17,Blocked,,,2025-01-17 00:27:00,2025-01-17 00:34:00,8
M1,ST3,Robotics,2025-01-17,Blocked,,,2025-01-17 01:47:00,2025-01-17 02:17:00,31
M1,ST3,Robotics,2025-01-17,Blocked,,,2025-01-17 03:54:00,2025-01-17 03:55:00,2
M1,ST3,Robotics,2025-01-17,Blocked,,,2025-01-17 05:30:00,2025-01-17 05:46:00,17
M1,ST3,Robotics,2025-01-17,Blocked,,,2025-01-17 06:08:00,2025-01-17 06:25:00,18
M1,ST3,Robotics,2025-01-17,Blocked,,,2025-01-17 07:04:00,2025-01-17 07:15:00,12
M1,ST3,Robotics,2025-01-17,Blocked,,,2025-01-17 08:50:00,2025-01-17 09:13:00,24
M1,ST3,Robotics,2025-01-17,Blocked,,,2025-01-17 09:29:00,2025-01-17 09:30:00,2
M1,ST3,Robotics,2025-01-17,Blocked,,,2025-01-17 11:07:00,2025-01-17 11:21:00,15
M1,ST3,Robotics,2025-01-17,Blocked,,,2025-01-17 11:42:00,2025-01-17 12:02:00,21
M1,ST3,Robotics,2025-01-17,Blocked,,,2025-01-17 13:01:00,2025-01-17 13:15:00,15
M1,ST3,Robotics,2025-01-17,Blocked,,,2025-01-17 14:21:00,2025-01-17 14:32:00,12
M1,ST3,Robotics,2025-01-17,Blocked,,,2025-01-17 14:41:00,2025-01-17 15:16:00,36
M1,ST3,Robotics,2025-01-17,Blocked,,,2025-01-17 15:39:00,2025-01-17 15:45:00,7
M1,ST3,Robotics,2025-01-17,Blocked,,,2025-01-17 16:43:00,2025-01-17 17:03:00,21
M1,ST3,Robotics,2025-01-17,Blocked,,,2025-01-17 17:51:00,2025-01-17 17:59:00,9
M1,ST3,Robotics,2025-01-17,Blocked,,,2025-01-17 19:54:00,2025-01-17 20:11:00,18
M1,ST3,Robotics,2025-01-17,Blocked,,,2025-01-17 20:23:00,2025-01-17 20:53:00,31
M1,ST3,Robotics,2025-01-17,Blocked,,,2025-01-17 21:55:00,2025-01-17 22:31:00,37
M1,ST3,Robotics,2025-01-17,Blocked,,,2025-01-17 23:22:00,2025-01-17 23:24:00,3
M1,ST3,Robotics,2025-01-17,Blocked,,,2025-01-17 23:56:00,2025-01-17 23:58:00,3
M1,ST3,Robotics,2025-01-18,Blocked,,,2025-01-18 00:02:00,2025-01-18 00:37:00,36
M1,ST3,Robotics,2025-01-18,Blocked,,,2025-01-18 01:31:00,2025-01-18 01:52:00,22
M1,ST3,Robotics,2025-01-18,Blocked,,,2025-01-18 02:03:00,2025-01-18 02:08:00,6
M1,ST3,Robotics,2025-01-18,Blocked,,,2025-01-18 03:56:00,2025-01-18 04:20:00,25
M1,ST3,Robotics,2025-01-18,Blocked,,,2025-01-18 04:51:00,2025-01-18 05:24:00,34
M1,ST3,Robotics,2025-01-18,Blocked,,,2025-01-18 05:41:00,2025-01-18 05:52:00,12
M1,ST3,Robotics,2025-01-18,Blocked,,,2025-01-18 06:15:00,2025-01-18 06:15:00,1
M1,ST3,Robotics,2025-01-18,Blocked,,,2025-01-18 06:25:00,2025-01-18 06:38:00,14
M1,ST3,Robotics,2025-01-18,Blocked,,,2025-01-18 07:21:00,2025-01-18 07:25:00,5
M1,ST3,Robotics,2025-01-18,Blocked,,,2025-01-18 07:33:00,2025-01-18 07:53:00,21
M1,ST3,Robotics,2025-01-18,Blocked,,,2025-01-18 07:57:00,2025-01-18 07:58:00,2
M1,ST3,Robotics,2025-01-18,Blocked,,,2025-01-18 09:48:00,2025-01-18 10:40:00,53
M1,ST3,Robotics,2025-01-18,Blocked,,,2025-01-18 12:13:00,2025-01-18 12:17:00,5
M1,ST3,Robotics,2025-01-18,Blocked,,,2025-01-18 13:10:00,2025-01-18 13:16:00,7
M1,ST3,Robotics,2025-01-18,Blocked,,,2025-01-18 14:52:00,2025-01-18 15:26:00,35
M1,ST3,Robotics,2025-01-18,Blocked,,,2025-01-18 16:18:00,2025-01-18 16:51:00,34
M1,ST3,Robotics,2025-01-18,Blocked,,,2025-01-18 18:11:00,2025-01-18 18:22:00,12
M1,ST3,Robotics,2025-01-18,Blocked,,,2025-01-18 19:02:00,2025-01-18 19:35:00,34
M1,ST3,Robotics,2025-01-18,Blocked,,,2025-01-18 20:44:00,2025-01-18 20:44:00,1
M1,ST3,Robotics,2025-01-18,Blocked,,,2025-01-18 22:14:00,2025-01-18 22:20:00,7
M1,ST3,Robotics,2025-01-18,Blocked,,,2025-01-18 23:22:00,2025-01-18 23:43:00,22
M1,ST3,Robotics,2025-01-19,Blocked,,,2025-01-19 00:08:00,2025-01-19 00:14:00,7
M1,ST3,Robotics,2025-01-19,Blocked,,,2025-01-19 00:19:00,2025-01-19 00:29:00,11
M1,ST3,Robotics,2025-01-19,Blocked,,,2025-01-19 02:02:00,2025-01-19 02:09:00,8
M1,ST3,Robotics,2025-01-19,Blocked,,,2025-01-19 03:00:00,2025-01-19 03:18:00,19
M1,ST3,Robotics,2025-01-19,Blocked,,,2025-01-19 04:24:00,2025-01-19 04:33:00,10
M1,ST3,Robotics,2025-01-19,Blocked,,,2025-01-19 04:42:00,2025-01-19 04:48:00,7
M1,ST3,Robotics,2025-01-19,Blocked,,,2025-01-19 05:23:00,2025-01-19 05:24:00,2
M1,ST3,Robotics,2025-01-19,Blocked,,,2025-01-19 09:55:00,2025-01-19 10:08:00,14
M1,ST3,Robotics,2025-01-19,Blocked,,,2025-01-19 11:23:00,2025-01-19 11:44:00,22
M1,ST3,Robotics,2025-01-19,Blocked,,,2025-01-19 12:39:00,2025-01-19 13:14:00,36
M1,ST3,Robotics,2025-01-19,Blocked,,,2025-01-19 14:52:00,2025-01-19 15:05:00,14
M1,ST3,Robotics,2025-01-19,Blocked,,,2025-01-19 15:09:00,2025-01-19 15:12:00,4
M1,ST3,Robotics,2025-01-19,Blocked,,,2025-01-19 18:13:00,2025-01-19 18:30:00,18
M1,ST3,Robotics,2025-01-19,Blocked,,,2025-01-19 18:36:00,2025-01-19 18:44:00,9
M1,ST3,Robotics,2025-01-19,Blocked,,,2025-01-19 21:41:00,2025-01-19 21:56:00,16
M1,ST3,Robotics,2025-01-19,Blocked,,,2025-01-19 22:07:00,2025-01-19 22:42:00,36
M1,ST3,Robotics,2025-01-20,Blocked,,,2025-01-20 01:54:00,2025-01-20 02:24:00,31
M1,ST3,Robotics,2025-01-20,Blocked,,,2025-01-20 04:02:00,2025-01-20 04:02:00,1
M1,ST3,Robotics,2025-01-20,Blocked,,,2025-01-20 04:58:00,2025-01-20 05:18:00,21
M1,ST3,Robotics,2025-01-20,Blocked,,,2025-01-20 05:42:00,2025-01-20 06:34:00,53
M1,ST3,Robotics,2025-01-20,Blocked,,,2025-01-20 08:05:00,2025-01-20 08:11:00,7
M1,ST3,Robotics,2025-01-20,Blocked,,,2025-01-20 09:36:00,2025-01-20 10:17:00,42
M1,ST3,Robotics,2025-01-20,Blocked,,,2025-01-20 11:32:00,2025-01-20 11:38:00,7
M1,ST3,Robotics,2025-01-20,Blocked,,,2025-01-20 12:22:00,2025-01-20 12:37:00,16
M1,ST3,Robotics,2025-01-20,Blocked,,,2025-01-20 13:16:00,2025-01-20 13:53:00,38
M1,ST3,Robotics,2025-01-20,Blocked,,,2025-01-20 15:40:00,2025-01-20 15:46:00,7
M1,ST3,Robotics,2025-01-20,Blocked,,,2025-01-20 17:08:00,2025-01-20 17:26:00,19
M1,ST3,Robotics,2025-01-20,Blocked,,,2025-01-20 19:22:00,2025-01-20 19:32:00,11
M1,ST3,Robotics,2025-01-20,Blocked,,,2025-01-20 19:56:00,2025-01-20 20:04:00,9
M1,ST3,Robotics,2025-01-20,Blocked,,,2025-01-20 20:16:00,2025-01-20 20:24:00,9
M1,ST3,Robotics,2025-01-20,Blocked,,,2025-01-20 23:14:00,2025-01-20 23:40:00,27
M1,ST3,Robotics,2025-01-21,Blocked,,,2025-01-21 00:38:00,2025-01-21 00:55:00,18
M1,ST3,Robotics,2025-01-21,Blocked,,,2025-01-21 03:05:00,2025-01-21 03:09:00,5
M1,ST3,Robotics,2025-01-21,Blocked,,,2025-01-21 03:27:00,2025-01-21 03:50:00,24
M1,ST3,Robotics,2025-01-21,Blocked,,,2025-01-21 04:47:00,2025-01-21 05:13:00,27
M1,ST3,Robotics,2025-01-21,Blocked,,,2025-01-21 07:16:00,2025-01-21 07:37:00,22
M1,ST3,Robotics,2025-01-21,Blocked,,,2025-01-21 08:38:00,2025-01-21 08:53:00,16
M1,ST3,Robotics,2025-01-21,Blocked,,,2025-01-21 11:32:00,2025-01-21 11:37:00,6
M1,ST3,Robotics,2025-01-21,Blocked,,,2025-01-21 12:00:00,2025-01-21 12:18:00,19
M1,ST3,Robotics,2025-01-21,Blocked,,,2025-01-21 12:53:00,2025-01-21 13:09:00,17
M1,ST3,Robotics,2025-01-21,Blocked,,,2025-01-21 14:15:00,2025-01-21 14:26:00,12
M1,ST3,Robotics,2025-01-21,Blocked,,,2025-01-21 14:50:00,2025-01-21 15:15:00,26
M1,ST3,Robotics,2025-01-21,Blocked,,,2025-01-21 15:20:00,2025-01-21 15:38:00,19
M1,ST3,Robotics,2025-01-21,Blocked,,,2025-01-21 15:53:00,2025-01-21 15:56:00,4
M1,ST3,Robotics,2025-01-21,Blocked,,,2025-01-21 16:02:00,2025-01-21 16:07:00,6
M1,ST3,Robotics,2025-01-21,Blocked,,,2025-01-21 17:32:00,2025-01-21 17:42:00,11
M1,ST3,Robotics,2025-01-21,Blocked,,,2025-01-21 18:45:00,2025-01-21 19:21:00,37
M1,ST3,Robotics,2025-01-21,Blocked,,,2025-01-21 19:51:00,2025-01-21 20:09:00,19
M1,ST3,Robotics,2025-01-22,Blocked,,,2025-01-22 00:01:00,2025-01-22 00:37:00,37
M1,ST3,Robotics,2025-01-22,Blocked,,,2025-01-22 01:13:00,2025-01-22 01:30:00,18
M1,ST3,Robotics,2025-01-22,Blocked,,,2025-01-22 01:50:00,2025-01-22 02:12:00,23
M1,ST3,Robotics,2025-01-22,Blocked,,,2025-01-22 03:30:00,2025-01-22 03:49:00,20
M1,ST3,Robotics,2025-01-22,Blocked,,,2025-01-22 03:55:00,2025-01-22 04:11:00,17
M1,ST3,Robotics,2025-01-22,Blocked,,,2025-01-22 05:34:00,2025-01-22 05:36:00,3
M1,ST3,Robotics,2025-01-22,Blocked,,,2025-01-22 05:56:00,2025-01-22 06:03:00,8
M1,ST3,Robotics,2025-01-22,Blocked,,,2025-01-22 07:04:00,2025-01-22 07:31:00,28
M1,ST3,Robotics,2025-01-22,Blocked,,,2025-01-22 09:30:00,2025-01-22 09:34:00,5
M1,ST3,Robotics,2025-01-22,Blocked,,,2025-01-22 10:29:00,2025-01-22 10:36:00,8
M1,ST3,Robotics,2025-01-22,Blocked,,,2025-01-22 12:16:00,2025-01-22 12:35:00,20
M1,ST3,Robotics,2025-01-22,Blocked,,,2025-01-22 13:48:00,2025-01-22 14:23:00,36
M1,ST3,Robotics,2025-01-22,Blocked,,,2025-01-22 14:29:00,2025-01-22 14:38:00,10
M1,ST3,Robotics,2025-01-22,Blocked,,,2025-01-22 14:42:00,2025-01-22 15:01:00,20
M1,ST3,Robotics,2025-01-22,Blocked,,,2025-01-22 15:18:00,2025-01-22 15:51:00,34
M1,ST3,Robotics,2025-01-22,Blocked,,,2025-01-22 19:51:00,2025-01-22 20:25:00,35
M1,ST3,Robotics,2025-01-22,Blocked,,,2025-01-22 20:29:00,2025-01-22 20:42:00,14
M1,ST3,Robotics,2025-01-22,Blocked,,,2025-01-22 22:12:00,2025-01-22 22:15:00,4
M1,ST3,Robotics,2025-01-22,Blocked,,,2025-01-22 22:19:00,2025-01-22 22:45:00,27
M1,ST3,Robotics,2025-01-23,Blocked,,,2025-01-23 00:10:00,2025-01-23 00:15:00,6
M1,ST3,Robotics,2025-01-23,Blocked,,,2025-01-23 00:33:00,2025-01-23 00:38:00,6
M1,ST3,Robotics,2025-01-23,Blocked,,,2025-01-23 02:17:00,2025-01-23 02:26:00,10
M1,ST3,Robotics,2025-01-23,Blocked,,,2025-01-23 02:54:00,2025-01-23 03:09:00,16
M1,ST3,Robotics,2025-01-23,Blocked,,,2025-01-23 04:54:00,2025-01-23 04:56:00,3
M1,ST3,Robotics,2025-01-23,Blocked,,,2025-01-23 07:11:00,2025-01-23 07:46:00,36
M1,ST3,Robotics,2025-01-23,Blocked,,,2025-01-23 07:54:00,2025-01-23 07:54:00,1
M1,ST3,Robotics,2025-01-23,Blocked,,,2025-01-23 07:58:00,2025-01-23 07:58:00,1
M1,ST3,Robotics,2025-01-23,Blocked,,,2025-01-23 08:02:00,2025-01-23 08:52:00,51
M1,ST3,Robotics,2025-01-23,Blocked,,,2025-01-23 08:58:00,2025-01-23 09:24:00,27
M1,ST3,Robotics,2025-01-23,Blocked,,,2025-01-23 09:31:00,2025-01-23 09:34:00,4
M1,ST3,Robotics,2025-01-23,Blocked,,,2025-01-23 09:58:00,2025-01-23 10:20:00,23
M1,ST3,Robotics,2025-01-23,Blocked,,,2025-01-23 10:51:00,2025-01-23 11:14:00,24
M1,ST3,Robotics,2025-01-23,Blocked,,,2025-01-23 12:14:00,2025-01-23 12:15:00,2
M1,ST3,Robotics,2025-01-23,Blocked,,,2025-01-23 12:20:00,2025-01-23 12:39:00,20
M1,ST3,Robotics,2025-01-23,Blocked,,,2025-01-23 14:35:00,2025-01-23 14:51:00,17
M1,ST3,Robotics,2025-01-23,Blocked,,,2025-01-23 15:20:00,2025-01-23 15:23:00,4
M1,ST3,Robotics,2025-01-23,Blocked,,,2025-01-23 17:43:00,2025-01-23 18:04:00,22
M1,ST3,Robotics,2025-01-23,Blocked,,,2025-01-23 18:40:00,2025-01-23 18:41:00,2
M1,ST3,Robotics,2025-01-23,Blocked,,,2025-01-23 19:00:00,2025-01-23 19:13:00,14
M1,ST3,Robotics,2025-01-23,Blocked,,,2025-01-23 19:18:00,2025-01-23 19:27:00,10
M1,ST3,Robotics,2025-01-23,Blocked,,,2025-01-23 22:29:00,2025-01-23 23:04:00,36
M1,ST3,Robotics,2025-01-24,Blocked,,,2025-01-24 00:55:00,2025-01-24 01:04:00,10
M1,ST3,Robotics,2025-01-24,Blocked,,,2025-01-24 02:21:00,2025-01-24 02:24:00,4
M1,ST3,Robotics,2025-01-24,Blocked,,,2025-01-24 04:13:00,2025-01-24 04:23:00,11
M1,ST3,Robotics,2025-01-24,Blocked,,,2025-01-24 04:46:00,2025-01-24 05:04:00,19
M1,ST3,Robotics,2025-01-24,Blocked,,,2025-01-24 05:10:00,2025-01-24 05:29:00,20
M1,ST3,Robotics,2025-01-24,Blocked,,,2025-01-24 05:36:00,2025-01-24 05:57:00,22
M1,ST3,Robotics,2025-01-24,Blocked,,,2025-01-24 08:00:00,2025-01-24 08:24:00,25
M1,ST3,Robotics,2025-01-24,Blocked,,,2025-01-24 08:28:00,2025-01-24 08:38:00,11
M1,ST3,Robotics,2025-01-24,Blocked,,,2025-01-24 09:13:00,2025-01-24 09:19:00,7
M1,ST3,Robotics,2025-01-24,Blocked,,,2025-01-24 10:12:00,2025-01-24 10:37:00,26
M1,ST3,Robotics,2025-01-24,Blocked,,,2025-01-24 12:08:00,2025-01-24 12:18:00,11
M1,ST3,Robotics,2025-01-24,Blocked,,,2025-01-24 14:38:00,2025-01-24 15:13:00,36
M1,ST3,Robotics,2025-01-24,Blocked,,,2025-01-24 15:17:00,2025-01-24 15:33:00,17
M1,ST3,Robotics,2025-01-24,Blocked,,,2025-01-24 16:07:00,2025-01-24 16:16:00,10
M1,ST3,Robotics,2025-01-24,Blocked,,,2025-01-24 17:29:00,2025-01-24 17:33:00,5
M1,ST3,Robotics,2025-01-24,Blocked,,,2025-01-24 17:46:00,2025-01-24 18:22:00,37
M1,ST3,Robotics,2025-01-24,Blocked,,,2025-01-24 20:19:00,2025-01-24 20:36:00,18
M1,ST3,Robotics,2025-01-24,Blocked,,,2025-01-24 22:05:00,2025-01-24 23:05:00,61
M1,ST3,Robotics,2025-01-24,Blocked,,,2025-01-24 23:39:00,2025-01-24 23:57:00,19
M1,ST3,Robotics,2025-01-25,Blocked,,,2025-01-25 00:21:00,2025-01-25 00:45:00,25
M1,ST3,Robotics,2025-01-25,Blocked,,,2025-01-25 01:44:00,2025-01-25 01:52:00,9
M1,ST3,Robotics,2025-01-25,Blocked,,,2025-01-25 01:56:00,2025-01-25 02:14:00,19
M1,ST3,Robotics,2025-01-25,Blocked,,,2025-01-25 03:14:00,2025-01-25 03:15:00,2
M1,ST3,Robotics,2025-01-25,Blocked,,,2025-01-25 03:50:00,2025-01-25 04:08:00,19
M1,ST3,Robotics,2025-01-25,Blocked,,,2025-01-25 05:04:00,2025-01-25 05:29:00,26
M1,ST3,Robotics,2025-01-25,Blocked,,,2025-01-25 06:00:00,2025-01-25 06:06:00,7
M1,ST3,Robotics,2025-01-25,Blocked,,,2025-01-25 07:26:00,2025-01-25 07:36:00,11
M1,ST3,Robotics,2025-01-25,Blocked,,,2025-01-25 09:24:00,2025-01-25 09:51:00,28
M1,ST3,Robotics,2025-01-25,Blocked,,,2025-01-25 11:26:00,2025-01-25 11:26:00,1
M1,ST3,Robotics,2025-01-25,Blocked,,,2025-01-25 11:47:00,2025-01-25 12:18:00,32
M1,ST3,Robotics,2025-01-25,Blocked,,,2025-01-25 15:04:00,2025-01-25 15:40:00,37
M1,ST3,Robotics,2025-01-25,Blocked,,,2025-01-25 18:37:00,2025-01-25 18:59:00,23
M1,ST3,Robotics,2025-01-25,Blocked,,,2025-01-25 19:13:00,2025-01-25 19:21:00,9
M1,ST3,Robotics,2025-01-25,Blocked,,,2025-01-25 19:35:00,2025-01-25 19:53:00,19
M1,ST3,Robotics,2025-01-25,Blocked,,,2025-01-25 19:56:00,2025-01-25 20:01:00,6
M1,ST3,Robotics,2025-01-25,Blocked,,,2025-01-25 20:21:00,2025-01-25 20:26:00,6
M1,ST3,Robotics,2025-01-25,Blocked,,,2025-01-25 21:14:00,2025-01-25 21:27:00,14
M1,ST3,Robotics,2025-01-25,Blocked,,,2025-01-25 21:48:00,2025-01-25 22:12:00,25
M1,ST3,Robotics,2025-01-25,Blocked,,,2025-01-25 22:16:00,2025-01-25 22:40:00,25
M1,ST3,Robotics,2025-01-26,Blocked,,,2025-01-26 00:09:00,2025-01-26 00:38:00,30
M1,ST3,Robotics,2025-01-26,Blocked,,,2025-01-26 00:46:00,2025-01-26 00:59:00,14
M1,ST3,Robotics,2025-01-26,Blocked,,,2025-01-26 02:02:00,2025-01-26 02:14:00,13
M1,ST3,Robotics,2025-01-26,Blocked,,,2025-01-26 02:37:00,2025-01-26 03:01:00,25
M1,ST3,Robotics,2025-01-26,Blocked,,,2025-01-26 04:45:00,2025-01-26 04:51:00,7
M1,ST3,Robotics,2025-01-26,Blocked,,,2025-01-26 05:24:00,2025-01-26 05:51:00,28
M1,ST3,Robotics,2025-01-26,Blocked,,,2025-01-26 06:04:00,2025-01-26 06:45:00,42
M1,ST3,Robotics,2025-01-26,Blocked,,,2025-01-26 07:24:00,2025-01-26 07:33:00,10
M1,ST3,Robotics,2025-01-26,Blocked,,,2025-01-26 08:18:00,2025-01-26 08:52:00,35
M1,ST3,Robotics,2025-01-26,Blocked,,,2025-01-26 09:05:00,2025-01-26 09:22:00,18
M1,ST3,Robotics,2025-01-26,Blocked,,,2025-01-26 09:26:00,2025-01-26 09:52:00,27
M1,ST3,Robotics,2025-01-26,Blocked,,,2025-01-26 10:00:00,2025-01-26 10:14:00,15
M1,ST3,Robotics,2025-01-26,Blocked,,,2025-01-26 11:08:00,2025-01-26 11:11:00,4
M1,ST3,Robotics,2025-01-26,Blocked,,,2025-01-26 11:17:00,2025-01-26 11:46:00,30
M1,ST3,Robotics,2025-01-26,Blocked,,,2025-01-26 15:06:00,2025-01-26 15:44:00,39
M1,ST3,Robotics,2025-01-26,Blocked,,,2025-01-26 15:48:00,2025-01-26 15:57:00,10
M1,ST3,Robotics,2025-01-26,Blocked,,,2025-01-26 16:07:00,2025-01-26 16:07:00,1
M1,ST3,Robotics,2025-01-26,Blocked,,,2025-01-26 16:52:00,2025-01-26 17:16:00,25
M1,ST3,Robotics,2025-01-26,Blocked,,,2025-01-26 17:30:00,2025-01-26 17:37:00,8
M1,ST3,Robotics,2025-01-26,Blocked,,,2025-01-26 18:44:00,2025-01-26 18:55:00,12
M1,ST3,Robotics,2025-01-26,Blocked,,,2025-01-26 19:20:00,2025-01-26 19:36:00,17
M1,ST3,Robotics,2025-01-26,Blocked,,,2025-01-26 19:38:00,2025-01-26 20:02:00,25
M1,ST3,Robotics,2025-01-26,Blocked,,,2025-01-26 20:53:00,2025-01-26 21:17:00,25
M1,ST3,Robotics,2025-01-26,Blocked,,,2025-01-26 22:08:00,2025-01-26 22:23:00,16
M1,ST3,Robotics,2025-01-26,Blocked,,,2025-01-26 22:56:00,2025-01-26 23:10:00,15
M1,ST3,Robotics,2025-01-27,Blocked,,,2025-01-27 01:44:00,2025-01-27 02:15:00,32
M1,ST3,Robotics,2025-01-27,Blocked,,,2025-01-27 02:51:00,2025-01-27 03:19:00,29
M1,ST3,Robotics,2025-01-27,Blocked,,,2025-01-27 03:25:00,2025-01-27 03:25:00,1
M1,ST3,Robotics,2025-01-27,Blocked,,,2025-01-27 03:47:00,2025-01-27 04:13:00,27
M1,ST3,Robotics,2025-01-27,Blocked,,,2025-01-27 05:57:00,2025-01-27 06:04:00,8
M1,ST3,Robotics,2025-01-27,Blocked,,,2025-01-27 06:30:00,2025-01-27 06:36:00,7
M1,ST3,Robotics,2025-01-27,Blocked,,,2025-01-27 10:05:00,2025-01-27 10:35:00,31
M1,ST3,Robotics,2025-01-27,Blocked,,,2025-01-27 10:45:00,2025-01-27 11:19:00,35
M1,ST3,Robotics,2025-01-27,Blocked,,,2025-01-27 14:01:00,2025-01-27 14:03:00,3
M1,ST3,Robotics,2025-01-27,Blocked,,,2025-01-27 14:36:00,2025-01-27 15:03:00,28
M1,ST3,Robotics,2025-01-27,Blocked,,,2025-01-27 15:10:00,2025-01-27 15:10:00,1
M1,ST3,Robotics,2025-01-27,Blocked,,,2025-01-27 15:20:00,2025-01-27 15:55:00,36
M1,ST3,Robotics,2025-01-27,Blocked,,,2025-01-27 18:10:00,2025-01-27 18:45:00,36
M1,ST3,Robotics,2025-01-27,Blocked,,,2025-01-27 21:34:00,2025-01-27 21:36:00,3
M1,ST3,Robotics,2025-01-27,Blocked,,,2025-01-27 21:56:00,2025-01-27 22:00:00,5
M1,ST3,Robotics,2025-01-27,Blocked,,,2025-01-27 23:13:00,2025-01-27 23:13:00,1
M1,ST3,Robotics,2025-01-28,Blocked,,,2025-01-28 00:52:00,2025-01-28 01:10:00,19
M1,ST3,Robotics,2025-01-28,Blocked,,,2025-01-28 01:35:00,2025-01-28 01:44:00,10
M1,ST3,Robotics,2025-01-28,Blocked,,,2025-01-28 01:46:00,2025-01-28 01:49:00,4
M1,ST3,Robotics,2025-01-28,Blocked,,,2025-01-28 02:51:00,2025-01-28 03:40:00,50
M1,ST3,Robotics,2025-01-28,Blocked,,,2025-01-28 06:25:00,2025-01-28 06:25:00,1
M1,ST3,Robotics,2025-01-28,Blocked,,,2025-01-28 07:15:00,2025-01-28 07:40:00,26
M1,ST3,Robotics,2025-01-28,Blocked,,,2025-01-28 08:25:00,2025-01-28 08:53:00,29
M1,ST3,Robotics,2025-01-28,Blocked,,,2025-01-28 09:33:00,2025-01-28 09:43:00,11
M1,ST3,Robotics,2025-01-28,Blocked,,,2025-01-28 10:46:00,2025-01-28 10:58:00,13
M1,ST3,Robotics,2025-01-28,Blocked,,,2025-01-28 11:34:00,2025-01-28 11:34:00,1
M1,ST3,Robotics,2025-01-28,Blocked,,,2025-01-28 12:43:00,2025-01-28 13:10:00,28
M1,ST3,Robotics,2025-01-28,Blocked,,,2025-01-28 13:15:00,2025-01-28 13:18:00,4
M1,ST3,Robotics,2025-01-28,Blocked,,,2025-01-28 14:00:00,2025-01-28 14:20:00,21
M1,ST3,Robotics,2025-01-28,Blocked,,,2025-01-28 14:27:00,2025-01-28 14:50:00,24
M1,ST3,Robotics,2025-01-28,Blocked,,,2025-01-28 14:57:00,2025-01-28 15:26:00,30
M1,ST3,Robotics,2025-01-28,Blocked,,,2025-01-28 15:54:00,2025-01-28 16:25:00,32
M1,ST3,Robotics,2025-01-28,Blocked,,,2025-01-28 16:36:00,2025-01-28 17:33:00,58
M1,ST3,Robotics,2025-01-28,Blocked,,,2025-01-28 19:10:00,2025-01-28 19:39:00,30
M1,ST3,Robotics,2025-01-28,Blocked,,,2025-01-28 19:41:00,2025-01-28 20:04:00,24
M1,ST3,Robotics,2025-01-28,Blocked,,,2025-01-28 20:35:00,2025-01-28 20:57:00,23
M1,ST3,Robotics,2025-01-28,Blocked,,,2025-01-28 21:01:00,2025-01-28 21:20:00,20
M1,ST3,Robotics,2025-01-28,Blocked,,,2025-01-28 22:50:00,2025-01-28 22:52:00,3
M1,ST3,Robotics,2025-01-28,Blocked,,,2025-01-28 22:58:00,2025-01-28 23:16:00,19
M1,ST3,Robotics,2025-01-29,Blocked,,,2025-01-29 01:23:00,2025-01-29 01:29:00,7
M1,ST3,Robotics,2025-01-29,Blocked,,,2025-01-29 02:25:00,2025-01-29 02:40:00,16
M1,ST3,Robotics,2025-01-29,Blocked,,,2025-01-29 02:44:00,2025-01-29 02:56:00,13
M1,ST3,Robotics,2025-01-29,Blocked,,,2025-01-29 03:04:00,2025-01-29 03:05:00,2
M1,ST3,Robotics,2025-01-29,Blocked,,,2025-01-29 03:52:00,2025-01-29 04:00:00,9
M1,ST3,Robotics,2025-01-29,Blocked,,,2025-01-29 04:53:00,2025-01-29 05:19:00,27
M1,ST3,Robotics,2025-01-29,Blocked,,,2025-01-29 05:35:00,2025-01-29 05:45:00,11
M1,ST3,Robotics,2025-01-29,Blocked,,,2025-01-29 06:03:00,2025-01-29 06:34:00,32
M1,ST3,Robotics,2025-01-29,Blocked,,,2025-01-29 07:05:00,2025-01-29 07:11:00,7
M1,ST3,Robotics,2025-01-29,Blocked,,,2025-01-29 09:57:00,2025-01-29 10:07:00,11
M1,ST3,Robotics,2025-01-29,Blocked,,,2025-01-29 11:06:00,2025-01-29 11:25:00,20
M1,ST3,Robotics,2025-01-29,Blocked,,,2025-01-29 12:05:00,2025-01-29 12:16:00,12
M1,ST3,Robotics,2025-01-29,Blocked,,,2025-01-29 14:13:00,2025-01-29 14:35:00,23
M1,ST3,Robotics,2025-01-29,Blocked,,,2025-01-29 15:46:00,2025-01-29 16:04:00,19
M1,ST3,Robotics,2025-01-29,Blocked,,,2025-01-29 16:18:00,2025-01-29 16:33:00,16
M1,ST3,Robotics,2025-01-29,Blocked,,,2025-01-29 17:17:00,2025-01-29 18:09:00,53
M1,ST3,Robotics,2025-01-29,Blocked,,,2025-01-29 18:13:00,2025-01-29 18:29:00,17
M1,ST3,Robotics,2025-01-29,Blocked,,,2025-01-29 18:42:00,2025-01-29 18:46:00,5
M1,ST3,Robotics,2025-01-29,Blocked,,,2025-01-29 19:36:00,2025-01-29 20:00:00,25
M1,ST3,Robotics,2025-01-29,Blocked,,,2025-01-29 20:05:00,2025-01-29 20:30:00,26
M1,ST3,Robotics,2025-01-29,Blocked,,,2025-01-29 23:22:00,2025-01-29 23:45:00,24
M1,ST3,Robotics,2025-01-30,Blocked,,,2025-01-30 00:07:00,2025-01-30 00:33:00,27
M1,ST3,Robotics,2025-01-30,Blocked,,,2025-01-30 00:42:00,2025-01-30 00:47:00,6
M1,ST3,Robotics,2025-01-30,Blocked,,,2025-01-30 00:54:00,2025-01-30 00:59:00,6
M1,ST3,Robotics,2025-01-30,Blocked,,,2025-01-30 01:59:00,2025-01-30 02:18:00,20
M1,ST3,Robotics,2025-01-30,Blocked,,,2025-01-30 03:55:00,2025-01-30 04:17:00,23
M1,ST3,Robotics,2025-01-30,Blocked,,,2025-01-30 04:49:00,2025-01-30 04:56:00,8
M1,ST3,Robotics,2025-01-30,Blocked,,,2025-01-30 05:00:00,2025-01-30 05:24:00,25
M1,ST3,Robotics,2025-01-30,Blocked,,,2025-01-30 05:28:00,2025-01-30 05:28:00,1
M1,ST3,Robotics,2025-01-30,Blocked,,,2025-01-30 07:24:00,2025-01-30 07:32:00,9
M1,ST3,Robotics,2025-01-30,Blocked,,,2025-01-30 07:36:00,2025-01-30 07:53:00,18
M1,ST3,Robotics,2025-01-30,Blocked,,,2025-01-30 08:24:00,2025-01-30 08:57:00,34
M1,ST3,Robotics,2025-01-30,Blocked,,,2025-01-30 09:08:00,2025-01-30 09:27:00,20
M1,ST3,Robotics,2025-01-30,Blocked,,,2025-01-30 11:36:00,2025-01-30 11:53:00,18
M1,ST3,Robotics,2025-01-30,Blocked,,,2025-01-30 12:28:00,2025-01-30 12:56:00,29
M1,ST3,Robotics,2025-01-30,Blocked,,,2025-01-30 15:44:00,2025-01-30 15:44:00,1
M1,ST3,Robotics,2025-01-30,Blocked,,,2025-01-30 17:40:00,2025-01-30 18:01:00,22
M1,ST3,Robotics,2025-01-30,Blocked,,,2025-01-30 18:12:00,2025-01-30 18:41:00,30
M1,ST3,Robotics,2025-01-30,Blocked,,,2025-01-30 19:33:00,2025-01-30 19:54:00,22
M1,ST3,Robotics,2025-01-30,Blocked,,,2025-01-30 21:23:00,2025-01-30 21:54:00,32
M1,ST3,Robotics,2025-01-30,Blocked,,,2025-01-30 22:01:00,2025-01-30 22:13:00,13
M1,ST3,Robotics,2025-01-30,Blocked,,,2025-01-30 23:44:00,2025-01-31 00:13:00,30
M1,ST3,Robotics,2025-01-31,Blocked,,,2025-01-31 00:17:00,2025-01-31 00:49:00,33
M1,ST3,Robotics,2025-01-31,Blocked,,,2025-01-31 01:17:00,2025-01-31 01:28:00,12
M1,ST3,Robotics,2025-01-31,Blocked,,,2025-01-31 02:20:00,2025-01-31 02:34:00,15
M1,ST3,Robotics,2025-01-01,Starved,,Operator supply gap (infeed not replenished),2025-01-01 07:14:00,2025-01-01 07:19:00,6
M1,ST3,Robotics,2025-01-01,Starved,,Operator supply gap (infeed not replenished),2025-01-01 08:48:00,2025-01-01 09:16:00,29
M1,ST3,Robotics,2025-01-01,Starved,,Operator supply gap (infeed not replenished),2025-01-01 09:55:00,2025-01-01 10:04:00,10
M1,ST3,Robotics,2025-01-01,Starved,,Operator supply gap (infeed not replenished),2025-01-01 12:02:00,2025-01-01 12:29:00,28
M1,ST3,Robotics,2025-01-01,Starved,,Operator supply gap (infeed not replenished),2025-01-01 13:42:00,2025-01-01 13:52:00,11
M1,ST3,Robotics,2025-01-01,Starved,,Operator supply gap (infeed not replenished),2025-01-01 14:55:00,2025-01-01 15:12:00,18
M1,ST3,Robotics,2025-01-01,Starved,,Operator supply gap (infeed not replenished),2025-01-01 15:57:00,2025-01-01 16:21:00,25
M1,ST3,Robotics,2025-01-01,Starved,,Operator supply gap (infeed not replenished),2025-01-01 17:01:00,2025-01-01 17:07:00,7
M1,ST3,Robotics,2025-01-01,Starved,,Operator supply gap (infeed not replenished),2025-01-01 17:23:00,2025-01-01 17:33:00,11
M1,ST3,Robotics,2025-01-01,Starved,,Operator supply gap (infeed not replenished),2025-01-01 17:39:00,2025-01-01 17:48:00,10
M1,ST3,Robotics,2025-01-01,Starved,,Operator supply gap (infeed not replenished),2025-01-01 19:07:00,2025-01-01 19:16:00,10
M1,ST3,Robotics,2025-01-01,Starved,,Operator supply gap (infeed not replenished),2025-01-01 20:10:00,2025-01-01 20:17:00,8
M1,ST3,Robotics,2025-01-01,Starved,,Operator supply gap (infeed not replenished),2025-01-01 20:48:00,2025-01-01 20:55:00,8
M1,ST3,Robotics,2025-01-01,Starved,,Operator supply gap (infeed not replenished),2025-01-01 21:30:00,2025-01-01 21:47:00,18
M1,ST3,Robotics,2025-01-01,Starved,,Operator supply gap (infeed not replenished),2025-01-01 23:22:00,2025-01-02 00:01:00,40
M1,ST3,Robotics,2025-01-02,Starved,,Operator supply gap (infeed not replenished),2025-01-02 00:05:00,2025-01-02 00:17:00,13
M1,ST3,Robotics,2025-01-02,Starved,,Operator supply gap (infeed not replenished),2025-01-02 01:52:00,2025-01-02 01:54:00,3
M1,ST3,Robotics,2025-01-02,Starved,,Operator supply gap (infeed not replenished),2025-01-02 01:58:00,2025-01-02 02:04:00,7
M1,ST3,Robotics,2025-01-02,Starved,,Operator supply gap (infeed not replenished),2025-01-02 05:45:00,2025-01-02 05:50:00,6
M1,ST3,Robotics,2025-01-02,Starved,,Operator supply gap (infeed not replenished),2025-01-02 06:29:00,2025-01-02 07:16:00,48
M1,ST3,Robotics,2025-01-02,Starved,,Operator supply gap (infeed not replenished),2025-01-02 07:41:00,2025-01-02 07:51:00,11
M1,ST3,Robotics,2025-01-02,Starved,,Operator supply gap (infeed not replenished),2025-01-02 07:55:00,2025-01-02 07:58:00,4
M1,ST3,Robotics,2025-01-02,Starved,,Operator supply gap (infeed not replenished),2025-01-02 07:59:00,2025-01-02 08:28:00,30
M1,ST3,Robotics,2025-01-02,Starved,,Operator supply gap (infeed not replenished),2025-01-02 08:34:00,2025-01-02 09:11:00,38
M1,ST3,Robotics,2025-01-02,Starved,,Operator supply gap (infeed not replenished),2025-01-02 16:48:00,2025-01-02 16:54:00,7
M1,ST3,Robotics,2025-01-02,Starved,,Operator supply gap (infeed not replenished),2025-01-02 17:15:00,2025-01-02 17:22:00,8
M1,ST3,Robotics,2025-01-02,Starved,,Operator supply gap (infeed not replenished),2025-01-02 18:27:00,2025-01-02 18:44:00,18
M1,ST3,Robotics,2025-01-02,Starved,,Operator supply gap (infeed not replenished),2025-01-02 18:59:00,2025-01-02 19:02:00,4
M1,ST3,Robotics,2025-01-02,Starved,,Operator supply gap (infeed not replenished),2025-01-02 20:22:00,2025-01-02 20:27:00,6
M1,ST3,Robotics,2025-01-02,Starved,,Operator supply gap (infeed not replenished),2025-01-02 22:15:00,2025-01-02 22:32:00,18
M1,ST3,Robotics,2025-01-03,Starved,,Operator supply gap (infeed not replenished),2025-01-03 00:42:00,2025-01-03 00:56:00,15
M1,ST3,Robotics,2025-01-03,Starved,,Operator supply gap (infeed not replenished),2025-01-03 02:13:00,2025-01-03 02:22:00,10
M1,ST3,Robotics,2025-01-03,Starved,,Operator supply gap (infeed not replenished),2025-01-03 03:33:00,2025-01-03 03:33:00,1
M1,ST3,Robotics,2025-01-03,Starved,,Operator supply gap (infeed not replenished),2025-01-03 05:14:00,2025-01-03 05:16:00,3
M1,ST3,Robotics,2025-01-03,Starved,,Operator supply gap (infeed not replenished),2025-01-03 05:26:00,2025-01-03 05:26:00,1
M1,ST3,Robotics,2025-01-03,Starved,,Operator supply gap (infeed not replenished),2025-01-03 08:44:00,2025-01-03 09:30:00,47
M1,ST3,Robotics,2025-01-03,Starved,,Operator supply gap (infeed not replenished),2025-01-03 12:45:00,2025-01-03 13:04:00,20
M1,ST3,Robotics,2025-01-03,Starved,,Operator supply gap (infeed not replenished),2025-01-03 14:10:00,2025-01-03 14:30:00,21
M1,ST3,Robotics,2025-01-03,Starved,,Operator supply gap (infeed not replenished),2025-01-03 15:31:00,2025-01-03 16:05:00,35
M1,ST3,Robotics,2025-01-03,Starved,,Operator supply gap (infeed not replenished),2025-01-03 16:40:00,2025-01-03 16:50:00,11
M1,ST3,Robotics,2025-01-03,Starved,,Operator supply gap (infeed not replenished),2025-01-03 18:28:00,2025-01-03 18:59:00,32
M1,ST3,Robotics,2025-01-03,Starved,,Operator supply gap (infeed not replenished),2025-01-03 23:31:00,2025-01-04 00:20:00,50
M1,ST3,Robotics,2025-01-04,Starved,,Operator supply gap (infeed not replenished),2025-01-04 01:22:00,2025-01-04 01:24:00,3
M1,ST3,Robotics,2025-01-04,Starved,,Operator supply gap (infeed not replenished),2025-01-04 05:36:00,2025-01-04 05:54:00,19
M1,ST3,Robotics,2025-01-04,Starved,,Operator supply gap (infeed not replenished),2025-01-04 06:21:00,2025-01-04 06:29:00,9
M1,ST3,Robotics,2025-01-04,Starved,,Operator supply gap (infeed not replenished),2025-01-04 06:33:00,2025-01-04 06:50:00,18
M1,ST3,Robotics,2025-01-04,Starved,,Operator supply gap (infeed not replenished),2025-01-04 07:51:00,2025-01-04 07:54:00,4
M1,ST3,Robotics,2025-01-04,Starved,,Operator supply gap (infeed not replenished),2025-01-04 12:22:00,2025-01-04 12:24:00,3
M1,ST3,Robotics,2025-01-04,Starved,,Operator supply gap (infeed not replenished),2025-01-04 15:56:00,2025-01-04 15:59:00,4
M1,ST3,Robotics,2025-01-04,Starved,,Operator supply gap (infeed not replenished),2025-01-04 18:17:00,2025-01-04 18:26:00,10
M1,ST3,Robotics,2025-01-04,Starved,,Operator supply gap (infeed not replenished),2025-01-04 20:31:00,2025-01-04 21:03:00,33
M1,ST3,Robotics,2025-01-04,Starved,,Operator supply gap (infeed not replenished),2025-01-04 22:53:00,2025-01-04 23:11:00,19
M1,ST3,Robotics,2025-01-04,Starved,,Operator supply gap (infeed not replenished),2025-01-04 23:28:00,2025-01-04 23:31:00,4
M1,ST3,Robotics,2025-01-05,Starved,,Operator supply gap (infeed not replenished),2025-01-05 01:06:00,2025-01-05 01:17:00,12
M1,ST3,Robotics,2025-01-05,Starved,,Operator supply gap (infeed not replenished),2025-01-05 03:26:00,2025-01-05 03:28:00,3
M1,ST3,Robotics,2025-01-05,Starved,,Operator supply gap (infeed not replenished),2025-01-05 04:09:00,2025-01-05 04:43:00,35
M1,ST3,Robotics,2025-01-05,Starved,,Operator supply gap (infeed not replenished),2025-01-05 05:24:00,2025-01-05 05:31:00,8
M1,ST3,Robotics,2025-01-05,Starved,,Operator supply gap (infeed not replenished),2025-01-05 06:00:00,2025-01-05 06:29:00,30
M1,ST3,Robotics,2025-01-05,Starved,,Operator supply gap (infeed not replenished),2025-01-05 10:01:00,2025-01-05 10:29:00,29
M1,ST3,Robotics,2025-01-05,Starved,,Operator supply gap (infeed not replenished),2025-01-05 14:02:00,2025-01-05 14:09:00,8
M1,ST3,Robotics,2025-01-05,Starved,,Operator supply gap (infeed not replenished),2025-01-05 15:22:00,2025-01-05 15:44:00,23
M1,ST3,Robotics,2025-01-05,Starved,,Operator supply gap (infeed not replenished),2025-01-05 16:44:00,2025-01-05 16:49:00,6
M1,ST3,Robotics,2025-01-05,Starved,,Operator supply gap (infeed not replenished),2025-01-05 16:53:00,2025-01-05 17:13:00,21
M1,ST3,Robotics,2025-01-05,Starved,,Operator supply gap (infeed not replenished),2025-01-05 17:50:00,2025-01-05 18:07:00,18
M1,ST3,Robotics,2025-01-05,Starved,,Operator supply gap (infeed not replenished),2025-01-05 18:36:00,2025-01-05 18:55:00,20
M1,ST3,Robotics,2025-01-05,Starved,,Operator supply gap (infeed not replenished),2025-01-05 20:31:00,2025-01-05 20:48:00,18
M1,ST3,Robotics,2025-01-05,Starved,,Operator supply gap (infeed not replenished),2025-01-05 22:01:00,2025-01-05 22:07:00,7
M1,ST3,Robotics,2025-01-05,Starved,,Operator supply gap (infeed not replenished),2025-01-05 22:20:00,2025-01-05 22:22:00,3
M1,ST3,Robotics,2025-01-05,Starved,,Operator supply gap (infeed not replenished),2025-01-05 23:50:00,2025-01-06 00:04:00,15
M1,ST3,Robotics,2025-01-06,Starved,,Operator supply gap (infeed not replenished),2025-01-06 00:06:00,2025-01-06 00:14:00,9
M1,ST3,Robotics,2025-01-06,Starved,,Operator supply gap (infeed not replenished),2025-01-06 00:15:00,2025-01-06 00:24:00,10
M1,ST3,Robotics,2025-01-06,Starved,,Operator supply gap (infeed not replenished),2025-01-06 00:43:00,2025-01-06 01:33:00,51
M1,ST3,Robotics,2025-01-06,Starved,,Operator supply gap (infeed not replenished),2025-01-06 02:08:00,2025-01-06 02:23:00,16
M1,ST3,Robotics,2025-01-06,Starved,,Operator supply gap (infeed not replenished),2025-01-06 03:26:00,2025-01-06 03:27:00,2
M1,ST3,Robotics,2025-01-06,Starved,,Operator supply gap (infeed not replenished),2025-01-06 04:20:00,2025-01-06 04:25:00,6
M1,ST3,Robotics,2025-01-06,Starved,,Operator supply gap (infeed not replenished),2025-01-06 06:52:00,2025-01-06 07:15:00,24
M1,ST3,Robotics,2025-01-06,Starved,,Operator supply gap (infeed not replenished),2025-01-06 07:39:00,2025-01-06 07:44:00,6
M1,ST3,Robotics,2025-01-06,Starved,,Operator supply gap (infeed not replenished),2025-01-06 09:31:00,2025-01-06 09:38:00,8
M1,ST3,Robotics,2025-01-06,Starved,,Operator supply gap (infeed not replenished),2025-01-06 09:53:00,2025-01-06 09:55:00,3
M1,ST3,Robotics,2025-01-06,Starved,,Operator supply gap (infeed not replenished),2025-01-06 11:06:00,2025-01-06 11:14:00,9
M1,ST3,Robotics,2025-01-06,Starved,,Operator supply gap (infeed not replenished),2025-01-06 14:11:00,2025-01-06 14:20:00,10
M1,ST3,Robotics,2025-01-06,Starved,,Operator supply gap (infeed not replenished),2025-01-06 14:26:00,2025-01-06 14:49:00,24
M1,ST3,Robotics,2025-01-06,Starved,,Operator supply gap (infeed not replenished),2025-01-06 15:08:00,2025-01-06 15:27:00,20
M1,ST3,Robotics,2025-01-06,Starved,,Operator supply gap (infeed not replenished),2025-01-06 15:56:00,2025-01-06 16:05:00,10
M1,ST3,Robotics,2025-01-06,Starved,,Operator supply gap (infeed not replenished),2025-01-06 16:09:00,2025-01-06 16:21:00,13
M1,ST3,Robotics,2025-01-06,Starved,,Operator supply gap (infeed not replenished),2025-01-06 16:25:00,2025-01-06 16:49:00,25
M1,ST3,Robotics,2025-01-06,Starved,,Operator supply gap (infeed not replenished),2025-01-06 19:13:00,2025-01-06 19:36:00,24
M1,ST3,Robotics,2025-01-06,Starved,,Operator supply gap (infeed not replenished),2025-01-06 20:37:00,2025-01-06 20:53:00,17
M1,ST3,Robotics,2025-01-06,Starved,,Operator supply gap (infeed not replenished),2025-01-06 22:40:00,2025-01-06 22:49:00,10
M1,ST3,Robotics,2025-01-07,Starved,,Operator supply gap (infeed not replenished),2025-01-07 00:28:00,2025-01-07 00:28:00,1
M1,ST3,Robotics,2025-01-07,Starved,,Operator supply gap (infeed not replenished),2025-01-07 00:36:00,2025-01-07 00:36:00,1
M1,ST3,Robotics,2025-01-07,Starved,,Operator supply gap (infeed not replenished),2025-01-07 00:59:00,2025-01-07 01:01:00,3
M1,ST3,Robotics,2025-01-07,Starved,,Operator supply gap (infeed not replenished),2025-01-07 01:36:00,2025-01-07 01:39:00,4
M1,ST3,Robotics,2025-01-07,Starved,,Operator supply gap (infeed not replenished),2025-01-07 02:53:00,2025-01-07 02:55:00,3
M1,ST3,Robotics,2025-01-07,Starved,,Operator supply gap (infeed not replenished),2025-01-07 02:56:00,2025-01-07 03:05:00,10
M1,ST3,Robotics,2025-01-07,Starved,,Operator supply gap (infeed not replenished),2025-01-07 03:09:00,2025-01-07 03:15:00,7
M1,ST3,Robotics,2025-01-07,Starved,,Operator supply gap (infeed not replenished),2025-01-07 03:18:00,2025-01-07 03:36:00,19
M1,ST3,Robotics,2025-01-07,Starved,,Operator supply gap (infeed not replenished),2025-01-07 07:35:00,2025-01-07 07:46:00,12
M1,ST3,Robotics,2025-01-07,Starved,,Operator supply gap (infeed not replenished),2025-01-07 08:58:00,2025-01-07 09:17:00,20
M1,ST3,Robotics,2025-01-07,Starved,,Operator supply gap (infeed not replenished),2025-01-07 12:32:00,2025-01-07 12:44:00,13
M1,ST3,Robotics,2025-01-07,Starved,,Operator supply gap (infeed not replenished),2025-01-07 14:39:00,2025-01-07 14:54:00,16
M1,ST3,Robotics,2025-01-07,Starved,,Operator supply gap (infeed not replenished),2025-01-07 15:59:00,2025-01-07 16:00:00,2
M1,ST3,Robotics,2025-01-07,Starved,,Operator supply gap (infeed not replenished),2025-01-07 17:29:00,2025-01-07 17:36:00,8
M1,ST3,Robotics,2025-01-07,Starved,,Operator supply gap (infeed not replenished),2025-01-07 18:46:00,2025-01-07 18:51:00,6
M1,ST3,Robotics,2025-01-07,Starved,,Operator supply gap (infeed not replenished),2025-01-07 19:09:00,2025-01-07 19:38:00,30
M1,ST3,Robotics,2025-01-07,Starved,,Operator supply gap (infeed not replenished),2025-01-07 20:21:00,2025-01-07 20:30:00,10
M1,ST3,Robotics,2025-01-07,Starved,,Operator supply gap (infeed not replenished),2025-01-07 23:40:00,2025-01-07 23:45:00,6
M1,ST3,Robotics,2025-01-08,Starved,,Operator supply gap (infeed not replenished),2025-01-08 00:28:00,2025-01-08 00:43:00,16
M1,ST3,Robotics,2025-01-08,Starved,,Operator supply gap (infeed not replenished),2025-01-08 00:54:00,2025-01-08 01:12:00,19
M1,ST3,Robotics,2025-01-08,Starved,,Operator supply gap (infeed not replenished),2025-01-08 04:51:00,2025-01-08 05:19:00,29
M1,ST3,Robotics,2025-01-08,Starved,,Operator supply gap (infeed not replenished),2025-01-08 05:49:00,2025-01-08 06:14:00,26
M1,ST3,Robotics,2025-01-08,Starved,,Operator supply gap (infeed not replenished),2025-01-08 07:13:00,2025-01-08 07:26:00,14
M1,ST3,Robotics,2025-01-08,Starved,,Operator supply gap (infeed not replenished),2025-01-08 08:27:00,2025-01-08 08:28:00,2
M1,ST3,Robotics,2025-01-08,Starved,,Operator supply gap (infeed not replenished),2025-01-08 08:43:00,2025-01-08 08:56:00,14
M1,ST3,Robotics,2025-01-08,Starved,,Operator supply gap (infeed not replenished),2025-01-08 09:43:00,2025-01-08 10:04:00,22
M1,ST3,Robotics,2025-01-08,Starved,,Operator supply gap (infeed not replenished),2025-01-08 11:16:00,2025-01-08 11:20:00,5
M1,ST3,Robotics,2025-01-08,Starved,,Operator supply gap (infeed not replenished),2025-01-08 12:42:00,2025-01-08 12:47:00,6
M1,ST3,Robotics,2025-01-08,Starved,,Operator supply gap (infeed not replenished),2025-01-08 13:09:00,2025-01-08 13:29:00,21
M1,ST3,Robotics,2025-01-08,Starved,,Operator supply gap (infeed not replenished),2025-01-08 13:30:00,2025-01-08 13:52:00,23
M1,ST3,Robotics,2025-01-08,Starved,,Operator supply gap (infeed not replenished),2025-01-08 14:07:00,2025-01-08 14:29:00,23
M1,ST3,Robotics,2025-01-08,Starved,,Operator supply gap (infeed not replenished),2025-01-08 16:17:00,2025-01-08 16:30:00,14
M1,ST3,Robotics,2025-01-08,Starved,,Operator supply gap (infeed not replenished),2025-01-08 17:30:00,2025-01-08 17:42:00,13
M1,ST3,Robotics,2025-01-08,Starved,,Operator supply gap (infeed not replenished),2025-01-08 18:01:00,2025-01-08 18:04:00,4
M1,ST3,Robotics,2025-01-08,Starved,,Operator supply gap (infeed not replenished),2025-01-08 18:44:00,2025-01-08 18:53:00,10
M1,ST3,Robotics,2025-01-08,Starved,,Operator supply gap (infeed not replenished),2025-01-08 19:27:00,2025-01-08 19:37:00,11
M1,ST3,Robotics,2025-01-08,Starved,,Operator supply gap (infeed not replenished),2025-01-08 20:25:00,2025-01-08 20:31:00,7
M1,ST3,Robotics,2025-01-08,Starved,,Operator supply gap (infeed not replenished),2025-01-08 21:27:00,2025-01-08 21:40:00,14
M1,ST3,Robotics,2025-01-08,Starved,,Operator supply gap (infeed not replenished),2025-01-08 21:44:00,2025-01-08 22:14:00,31
M1,ST3,Robotics,2025-01-08,Starved,,Operator supply gap (infeed not replenished),2025-01-08 22:42:00,2025-01-08 23:29:00,48
M1,ST3,Robotics,2025-01-09,Starved,,Operator supply gap (infeed not replenished),2025-01-09 00:47:00,2025-01-09 00:58:00,12
M1,ST3,Robotics,2025-01-09,Starved,,Operator supply gap (infeed not replenished),2025-01-09 04:44:00,2025-01-09 05:00:00,17
M1,ST3,Robotics,2025-01-09,Starved,,Operator supply gap (infeed not replenished),2025-01-09 05:52:00,2025-01-09 05:53:00,2
M1,ST3,Robotics,2025-01-09,Starved,,Operator supply gap (infeed not replenished),2025-01-09 08:07:00,2025-01-09 08:34:00,28
M1,ST3,Robotics,2025-01-09,Starved,,Operator supply gap (infeed not replenished),2025-01-09 09:54:00,2025-01-09 10:15:00,22
M1,ST3,Robotics,2025-01-09,Starved,,Operator supply gap (infeed not replenished),2025-01-09 13:57:00,2025-01-09 14:07:00,11
M1,ST3,Robotics,2025-01-09,Starved,,Operator supply gap (infeed not replenished),2025-01-09 14:13:00,2025-01-09 14:14:00,2
M1,ST3,Robotics,2025-01-09,Starved,,Operator supply gap (infeed not replenished),2025-01-09 14:41:00,2025-01-09 14:58:00,18
M1,ST3,Robotics,2025-01-09,Starved,,Operator supply gap (infeed not replenished),2025-01-09 15:34:00,2025-01-09 16:08:00,35
M1,ST3,Robotics,2025-01-09,Starved,,Operator supply gap (infeed not replenished),2025-01-09 18:16:00,2025-01-09 18:50:00,35
M1,ST3,Robotics,2025-01-09,Starved,,Operator supply gap (infeed not replenished),2025-01-09 22:10:00,2025-01-09 22:18:00,9
M1,ST3,Robotics,2025-01-09,Starved,,Operator supply gap (infeed not replenished),2025-01-09 22:49:00,2025-01-09 22:55:00,7
M1,ST3,Robotics,2025-01-09,Starved,,Operator supply gap (infeed not replenished),2025-01-09 23:36:00,2025-01-09 23:52:00,17
M1,ST3,Robotics,2025-01-10,Starved,,Operator supply gap (infeed not replenished),2025-01-10 01:14:00,2025-01-10 01:30:00,17
M1,ST3,Robotics,2025-01-10,Starved,,Operator supply gap (infeed not replenished),2025-01-10 01:34:00,2025-01-10 01:37:00,4
M1,ST3,Robotics,2025-01-10,Starved,,Operator supply gap (infeed not replenished),2025-01-10 01:55:00,2025-01-10 02:27:00,33
M1,ST3,Robotics,2025-01-10,Starved,,Operator supply gap (infeed not replenished),2025-01-10 03:01:00,2025-01-10 03:25:00,25
M1,ST3,Robotics,2025-01-10,Starved,,Operator supply gap (infeed not replenished),2025-01-10 03:53:00,2025-01-10 03:56:00,4
M1,ST3,Robotics,2025-01-10,Starved,,Operator supply gap (infeed not replenished),2025-01-10 08:05:00,2025-01-10 08:11:00,7
M1,ST3,Robotics,2025-01-10,Starved,,Operator supply gap (infeed not replenished),2025-01-10 08:22:00,2025-01-10 08:36:00,15
M1,ST3,Robotics,2025-01-10,Starved,,Operator supply gap (infeed not replenished),2025-01-10 10:17:00,2025-01-10 10:24:00,8
M1,ST3,Robotics,2025-01-10,Starved,,Operator supply gap (infeed not replenished),2025-01-10 12:02:00,2025-01-10 12:05:00,4
M1,ST3,Robotics,2025-01-10,Starved,,Operator supply gap (infeed not replenished),2025-01-10 13:28:00,2025-01-10 13:42:00,15
M1,ST3,Robotics,2025-01-10,Starved,,Operator supply gap (infeed not replenished),2025-01-10 13:45:00,2025-01-10 14:21:00,37
M1,ST3,Robotics,2025-01-10,Starved,,Operator supply gap (infeed not replenished),2025-01-10 15:33:00,2025-01-10 15:39:00,7
M1,ST3,Robotics,2025-01-10,Starved,,Operator supply gap (infeed not replenished),2025-01-10 16:25:00,2025-01-10 16:29:00,5
M1,ST3,Robotics,2025-01-10,Starved,,Operator supply gap (infeed not replenished),2025-01-10 16:52:00,2025-01-10 17:09:00,18
M1,ST3,Robotics,2025-01-10,Starved,,Operator supply gap (infeed not replenished),2025-01-10 17:26:00,2025-01-10 17:29:00,4
M1,ST3,Robotics,2025-01-10,Starved,,Operator supply gap (infeed not replenished),2025-01-10 18:33:00,2025-01-10 19:12:00,40
M1,ST3,Robotics,2025-01-10,Starved,,Operator supply gap (infeed not replenished),2025-01-10 19:45:00,2025-01-10 20:03:00,19
M1,ST3,Robotics,2025-01-10,Starved,,Operator supply gap (infeed not replenished),2025-01-10 22:41:00,2025-01-10 22:53:00,13
M1,ST3,Robotics,2025-01-10,Starved,,Operator supply gap (infeed not replenished),2025-01-10 22:58:00,2025-01-10 23:09:00,12
M1,ST3,Robotics,2025-01-11,Starved,,Operator supply gap (infeed not replenished),2025-01-11 01:58:00,2025-01-11 01:59:00,2
M1,ST3,Robotics,2025-01-11,Starved,,Operator supply gap (infeed not replenished),2025-01-11 02:28:00,2025-01-11 02:43:00,16
M1,ST3,Robotics,2025-01-11,Starved,,Operator supply gap (infeed not replenished),2025-01-11 04:39:00,2025-01-11 05:08:00,30
M1,ST3,Robotics,2025-01-11,Starved,,Operator supply gap (infeed not replenished),2025-01-11 05:17:00,2025-01-11 05:30:00,14
M1,ST3,Robotics,2025-01-11,Starved,,Operator supply gap (infeed not replenished),2025-01-11 06:28:00,2025-01-11 06:42:00,15
M1,ST3,Robotics,2025-01-11,Starved,,Operator supply gap (infeed not replenished),2025-01-11 06:49:00,2025-01-11 06:50:00,2
M1,ST3,Robotics,2025-01-11,Starved,,Operator supply gap (infeed not replenished),2025-01-11 07:49:00,2025-01-11 08:16:00,28
M1,ST3,Robotics,2025-01-11,Starved,,Operator supply gap (infeed not replenished),2025-01-11 12:20:00,2025-01-11 12:22:00,3
M1,ST3,Robotics,2025-01-11,Starved,,Operator supply gap (infeed not replenished),2025-01-11 12:32:00,2025-01-11 12:48:00,17
M1,ST3,Robotics,2025-01-11,Starved,,Operator supply gap (infeed not replenished),2025-01-11 13:34:00,2025-01-11 14:08:00,35
M1,ST3,Robotics,2025-01-11,Starved,,Operator supply gap (infeed not replenished),2025-01-11 14:12:00,2025-01-11 14:16:00,5
M1,ST3,Robotics,2025-01-11,Starved,,Operator supply gap (infeed not replenished),2025-01-11 17:16:00,2025-01-11 17:35:00,20
M1,ST3,Robotics,2025-01-11,Starved,,Operator supply gap (infeed not replenished),2025-01-11 18:03:00,2025-01-11 18:27:00,25
M1,ST3,Robotics,2025-01-11,Starved,,Operator supply gap (infeed not replenished),2025-01-11 18:32:00,2025-01-11 18:46:00,15
M1,ST3,Robotics,2025-01-11,Starved,,Operator supply gap (infeed not replenished),2025-01-11 19:06:00,2025-01-11 19:14:00,9
M1,ST3,Robotics,2025-01-11,Starved,,Operator supply gap (infeed not replenished),2025-01-11 20:20:00,2025-01-11 20:41:00,22
M1,ST3,Robotics,2025-01-11,Starved,,Operator supply gap (infeed not replenished),2025-01-11 20:57:00,2025-01-11 21:26:00,30
M1,ST3,Robotics,2025-01-11,Starved,,Operator supply gap (infeed not replenished),2025-01-11 22:20:00,2025-01-11 22:35:00,16
M1,ST3,Robotics,2025-01-11,Starved,,Operator supply gap (infeed not replenished),2025-01-11 22:39:00,2025-01-11 22:54:00,16
M1,ST3,Robotics,2025-01-12,Starved,,Operator supply gap (infeed not replenished),2025-01-12 01:11:00,2025-01-12 01:23:00,13
M1,ST3,Robotics,2025-01-12,Starved,,Operator supply gap (infeed not replenished),2025-01-12 03:36:00,2025-01-12 03:39:00,4
M1,ST3,Robotics,2025-01-12,Starved,,Operator supply gap (infeed not replenished),2025-01-12 05:59:00,2025-01-12 06:25:00,27
M1,ST3,Robotics,2025-01-12,Starved,,Operator supply gap (infeed not replenished),2025-01-12 06:27:00,2025-01-12 06:37:00,11
M1,ST3,Robotics,2025-01-12,Starved,,Operator supply gap (infeed not replenished),2025-01-12 06:41:00,2025-01-12 06:57:00,17
M1,ST3,Robotics,2025-01-12,Starved,,Operator supply gap (infeed not replenished),2025-01-12 07:53:00,2025-01-12 08:14:00,22
M1,ST3,Robotics,2025-01-12,Starved,,Operator supply gap (infeed not replenished),2025-01-12 10:28:00,2025-01-12 10:31:00,4
M1,ST3,Robotics,2025-01-12,Starved,,Operator supply gap (infeed not replenished),2025-01-12 11:14:00,2025-01-12 11:20:00,7
M1,ST3,Robotics,2025-01-12,Starved,,Operator supply gap (infeed not replenished),2025-01-12 12:24:00,2025-01-12 12:33:00,10
M1,ST3,Robotics,2025-01-12,Starved,,Operator supply gap (infeed not replenished),2025-01-12 13:19:00,2025-01-12 13:23:00,5
M1,ST3,Robotics,2025-01-12,Starved,,Operator supply gap (infeed not replenished),2025-01-12 13:29:00,2025-01-12 13:46:00,18
M1,ST3,Robotics,2025-01-12,Starved,,Operator supply gap (infeed not replenished),2025-01-12 14:48:00,2025-01-12 15:00:00,13
M1,ST3,Robotics,2025-01-12,Starved,,Operator supply gap (infeed not replenished),2025-01-12 17:03:00,2025-01-12 17:23:00,21
M1,ST3,Robotics,2025-01-12,Starved,,Operator supply gap (infeed not replenished),2025-01-12 17:58:00,2025-01-12 18:10:00,13
M1,ST3,Robotics,2025-01-12,Starved,,Operator supply gap (infeed not replenished),2025-01-12 18:23:00,2025-01-12 18:54:00,32
M1,ST3,Robotics,2025-01-13,Starved,,Operator supply gap (infeed not replenished),2025-01-13 00:30:00,2025-01-13 00:46:00,17
M1,ST3,Robotics,2025-01-13,Starved,,Operator supply gap (infeed not replenished),2025-01-13 01:32:00,2025-01-13 01:32:00,1
M1,ST3,Robotics,2025-01-13,Starved,,Operator supply gap (infeed not replenished),2025-01-13 01:42:00,2025-01-13 01:59:00,18
M1,ST3,Robotics,2025-01-13,Starved,,Operator supply gap (infeed not replenished),2025-01-13 03:42:00,2025-01-13 04:04:00,23
M1,ST3,Robotics,2025-01-13,Starved,,Operator supply gap (infeed not replenished),2025-01-13 05:24:00,2025-01-13 05:30:00,7
M1,ST3,Robotics,2025-01-13,Starved,,Operator supply gap (infeed not replenished),2025-01-13 06:03:00,2025-01-13 06:12:00,10
M1,ST3,Robotics,2025-01-13,Starved,,Operator supply gap (infeed not replenished),2025-01-13 09:53:00,2025-01-13 10:22:00,30
M1,ST3,Robotics,2025-01-13,Starved,,Operator supply gap (infeed not replenished),2025-01-13 12:09:00,2025-01-13 12:11:00,3
M1,ST3,Robotics,2025-01-13,Starved,,Operator supply gap (infeed not replenished),2025-01-13 12:44:00,2025-01-13 13:01:00,18
M1,ST3,Robotics,2025-01-13,Starved,,Operator supply gap (infeed not replenished),2025-01-13 15:51:00,2025-01-13 15:53:00,3
M1,ST3,Robotics,2025-01-13,Starved,,Operator supply gap (infeed not replenished),2025-01-13 16:03:00,2025-01-13 16:06:00,4
M1,ST3,Robotics,2025-01-13,Starved,,Operator supply gap (infeed not replenished),2025-01-13 16:10:00,2025-01-13 16:17:00,8
M1,ST3,Robotics,2025-01-13,Starved,,Operator supply gap (infeed not replenished),2025-01-13 17:10:00,2025-01-13 17:14:00,5
M1,ST3,Robotics,2025-01-13,Starved,,Operator supply gap (infeed not replenished),2025-01-13 19:39:00,2025-01-13 19:59:00,21
M1,ST3,Robotics,2025-01-13,Starved,,Operator supply gap (infeed not replenished),2025-01-13 20:03:00,2025-01-13 20:04:00,2
M1,ST3,Robotics,2025-01-13,Starved,,Operator supply gap (infeed not replenished),2025-01-13 21:01:00,2025-01-13 21:04:00,4
M1,ST3,Robotics,2025-01-13,Starved,,Operator supply gap (infeed not replenished),2025-01-13 21:08:00,2025-01-13 21:13:00,6
M1,ST3,Robotics,2025-01-13,Starved,,Operator supply gap (infeed not replenished),2025-01-13 22:35:00,2025-01-13 22:58:00,24
M1,ST3,Robotics,2025-01-13,Starved,,Operator supply gap (infeed not replenished),2025-01-13 23:02:00,2025-01-13 23:09:00,8
M1,ST3,Robotics,2025-01-14,Starved,,Operator supply gap (infeed not replenished),2025-01-14 01:05:00,2025-01-14 01:14:00,10
M1,ST3,Robotics,2025-01-14,Starved,,Operator supply gap (infeed not replenished),2025-01-14 01:24:00,2025-01-14 01:44:00,21
M1,ST3,Robotics,2025-01-14,Starved,,Operator supply gap (infeed not replenished),2025-01-14 02:41:00,2025-01-14 02:53:00,13
M1,ST3,Robotics,2025-01-14,Starved,,Operator supply gap (infeed not replenished),2025-01-14 04:00:00,2025-01-14 04:04:00,5
M1,ST3,Robotics,2025-01-14,Starved,,Operator supply gap (infeed not replenished),2025-01-14 05:47:00,2025-01-14 06:18:00,32
M1,ST3,Robotics,2025-01-14,Starved,,Operator supply gap (infeed not replenished),2025-01-14 07:04:00,2025-01-14 07:10:00,7
M1,ST3,Robotics,2025-01-14,Starved,,Operator supply gap (infeed not replenished),2025-01-14 07:43:00,2025-01-14 08:26:00,44
M1,ST3,Robotics,2025-01-14,Starved,,Operator supply gap (infeed not replenished),2025-01-14 08:32:00,2025-01-14 08:37:00,6
M1,ST3,Robotics,2025-01-14,Starved,,Operator supply gap (infeed not replenished),2025-01-14 10:00:00,2025-01-14 10:24:00,25
M1,ST3,Robotics,2025-01-14,Starved,,Operator supply gap (infeed not replenished),2025-01-14 10:58:00,2025-01-14 10:58:00,1
M1,ST3,Robotics,2025-01-14,Starved,,Operator supply gap (infeed not replenished),2025-01-14 13:42:00,2025-01-14 14:00:00,19
M1,ST3,Robotics,2025-01-14,Starved,,Operator supply gap (infeed not replenished),2025-01-14 14:49:00,2025-01-14 15:00:00,12
M1,ST3,Robotics,2025-01-14,Starved,,Operator supply gap (infeed not replenished),2025-01-14 15:07:00,2025-01-14 15:36:00,30
M1,ST3,Robotics,2025-01-14,Starved,,Operator supply gap (infeed not replenished),2025-01-14 16:16:00,2025-01-14 16:37:00,22
M1,ST3,Robotics,2025-01-14,Starved,,Operator supply gap (infeed not replenished),2025-01-14 17:31:00,2025-01-14 17:31:00,1
M1,ST3,Robotics,2025-01-14,Starved,,Operator supply gap (infeed not replenished),2025-01-14 17:32:00,2025-01-14 17:40:00,9
M1,ST3,Robotics,2025-01-14,Starved,,Operator supply gap (infeed not replenished),2025-01-14 19:23:00,2025-01-14 19:41:00,19
M1,ST3,Robotics,2025-01-14,Starved,,Operator supply gap (infeed not replenished),2025-01-14 19:45:00,2025-01-14 19:59:00,15
M1,ST3,Robotics,2025-01-14,Starved,,Operator supply gap (infeed not replenished),2025-01-14 23:16:00,2025-01-14 23:24:00,9
M1,ST3,Robotics,2025-01-14,Starved,,Operator supply gap (infeed not replenished),2025-01-14 23:48:00,2025-01-15 00:07:00,20
M1,ST3,Robotics,2025-01-15,Starved,,Operator supply gap (infeed not replenished),2025-01-15 00:43:00,2025-01-15 01:16:00,34
M1,ST3,Robotics,2025-01-15,Starved,,Operator supply gap (infeed not replenished),2025-01-15 01:20:00,2025-01-15 01:25:00,6
M1,ST3,Robotics,2025-01-15,Starved,,Operator supply gap (infeed not replenished),2025-01-15 01:52:00,2025-01-15 01:59:00,8
M1,ST3,Robotics,2025-01-15,Starved,,Operator supply gap (infeed not replenished),2025-01-15 02:40:00,2025-01-15 02:51:00,12
M1,ST3,Robotics,2025-01-15,Starved,,Operator supply gap (infeed not replenished),2025-01-15 03:00:00,2025-01-15 03:17:00,18
M1,ST3,Robotics,2025-01-15,Starved,,Operator supply gap (infeed not replenished),2025-01-15 04:50:00,2025-01-15 05:22:00,33
M1,ST3,Robotics,2025-01-15,Starved,,Operator supply gap (infeed not replenished),2025-01-15 09:01:00,2025-01-15 09:06:00,6
M1,ST3,Robotics,2025-01-15,Starved,,Operator supply gap (infeed not replenished),2025-01-15 09:55:00,2025-01-15 10:26:00,32
M1,ST3,Robotics,2025-01-15,Starved,,Operator supply gap (infeed not replenished),2025-01-15 10:33:00,2025-01-15 10:56:00,24
M1,ST3,Robotics,2025-01-15,Starved,,Operator supply gap (infeed not replenished),2025-01-15 12:02:00,2025-01-15 12:24:00,23
M1,ST3,Robotics,2025-01-15,Starved,,Operator supply gap (infeed not replenished),2025-01-15 12:28:00,2025-01-15 12:54:00,27
M1,ST3,Robotics,2025-01-15,Starved,,Operator supply gap (infeed not replenished),2025-01-15 13:01:00,2025-01-15 13:04:00,4
M1,ST3,Robotics,2025-01-15,Starved,,Operator supply gap (infeed not replenished),2025-01-15 19:30:00,2025-01-15 19:43:00,14
M1,ST3,Robotics,2025-01-15,Starved,,Operator supply gap (infeed not replenished),2025-01-15 19:48:00,2025-01-15 19:57:00,10
M1,ST3,Robotics,2025-01-15,Starved,,Operator supply gap (infeed not replenished),2025-01-15 20:54:00,2025-01-15 21:15:00,22
M1,ST3,Robotics,2025-01-15,Starved,,Operator supply gap (infeed not replenished),2025-01-15 21:23:00,2025-01-15 21:32:00,10
M1,ST3,Robotics,2025-01-15,Starved,,Operator supply gap (infeed not replenished),2025-01-15 22:03:00,2025-01-15 22:18:00,16
M1,ST3,Robotics,2025-01-16,Starved,,Operator supply gap (infeed not replenished),2025-01-16 00:23:00,2025-01-16 00:25:00,3
M1,ST3,Robotics,2025-01-16,Starved,,Operator supply gap (infeed not replenished),2025-01-16 00:56:00,2025-01-16 01:14:00,19
M1,ST3,Robotics,2025-01-16,Starved,,Operator supply gap (infeed not replenished),2025-01-16 04:32:00,2025-01-16 04:33:00,2
M1,ST3,Robotics,2025-01-16,Starved,,Operator supply gap (infeed not replenished),2025-01-16 05:08:00,2025-01-16 05:16:00,9
M1,ST3,Robotics,2025-01-16,Starved,,Operator supply gap (infeed not replenished),2025-01-16 06:32:00,2025-01-16 07:07:00,36
M1,ST3,Robotics,2025-01-16,Starved,,Operator supply gap (infeed not replenished),2025-01-16 08:22:00,2025-01-16 08:48:00,27
M1,ST3,Robotics,2025-01-16,Starved,,Operator supply gap (infeed not replenished),2025-01-16 08:49:00,2025-01-16 09:03:00,15
M1,ST3,Robotics,2025-01-16,Starved,,Operator supply gap (infeed not replenished),2025-01-16 11:03:00,2025-01-16 11:32:00,30
M1,ST3,Robotics,2025-01-16,Starved,,Operator supply gap (infeed not replenished),2025-01-16 13:24:00,2025-01-16 13:39:00,16
M1,ST3,Robotics,2025-01-16,Starved,,Operator supply gap (infeed not replenished),2025-01-16 13:43:00,2025-01-16 13:50:00,8
M1,ST3,Robotics,2025-01-16,Starved,,Operator supply gap (infeed not replenished),2025-01-16 14:23:00,2025-01-16 14:54:00,32
M1,ST3,Robotics,2025-01-16,Starved,,Operator supply gap (infeed not replenished),2025-01-16 18:12:00,2025-01-16 18:20:00,9
M1,ST3,Robotics,2025-01-16,Starved,,Operator supply gap (infeed not replenished),2025-01-16 18:23:00,2025-01-16 18:24:00,2
M1,ST3,Robotics,2025-01-16,Starved,,Operator supply gap (infeed not replenished),2025-01-16 21:36:00,2025-01-16 21:38:00,3
M1,ST3,Robotics,2025-01-16,Starved,,Operator supply gap (infeed not replenished),2025-01-16 22:21:00,2025-01-16 22:43:00,23
M1,ST3,Robotics,2025-01-17,Starved,,Operator supply gap (infeed not replenished),2025-01-17 00:21:00,2025-01-17 00:25:00,5
M1,ST3,Robotics,2025-01-17,Starved,,Operator supply gap (infeed not replenished),2025-01-17 02:21:00,2025-01-17 02:25:00,5
M1,ST3,Robotics,2025-01-17,Starved,,Operator supply gap (infeed not replenished),2025-01-17 02:33:00,2025-01-17 02:50:00,18
M1,ST3,Robotics,2025-01-17,Starved,,Operator supply gap (infeed not replenished),2025-01-17 03:08:00,2025-01-17 03:11:00,4
M1,ST3,Robotics,2025-01-17,Starved,,Operator supply gap (infeed not replenished),2025-01-17 07:19:00,2025-01-17 07:24:00,6
M1,ST3,Robotics,2025-01-17,Starved,,Operator supply gap (infeed not replenished),2025-01-17 09:31:00,2025-01-17 09:45:00,15
M1,ST3,Robotics,2025-01-17,Starved,,Operator supply gap (infeed not replenished),2025-01-17 09:49:00,2025-01-17 10:04:00,16
M1,ST3,Robotics,2025-01-17,Starved,,Operator supply gap (infeed not replenished),2025-01-17 12:08:00,2025-01-17 12:13:00,6
M1,ST3,Robotics,2025-01-17,Starved,,Operator supply gap (infeed not replenished),2025-01-17 12:18:00,2025-01-17 12:25:00,8
M1,ST3,Robotics,2025-01-17,Starved,,Operator supply gap (infeed not replenished),2025-01-17 12:26:00,2025-01-17 12:55:00,30
M1,ST3,Robotics,2025-01-17,Starved,,Operator supply gap (infeed not replenished),2025-01-17 13:32:00,2025-01-17 13:33:00,2
M1,ST3,Robotics,2025-01-17,Starved,,Operator supply gap (infeed not replenished),2025-01-17 13:42:00,2025-01-17 13:42:00,1
M1,ST3,Robotics,2025-01-17,Starved,,Operator supply gap (infeed not replenished),2025-01-17 15:47:00,2025-01-17 15:55:00,9
M1,ST3,Robotics,2025-01-17,Starved,,Operator supply gap (infeed not replenished),2025-01-17 18:46:00,2025-01-17 18:54:00,9
M1,ST3,Robotics,2025-01-17,Starved,,Operator supply gap (infeed not replenished),2025-01-17 22:55:00,2025-01-17 23:18:00,24
M1,ST3,Robotics,2025-01-18,Starved,,Operator supply gap (infeed not replenished),2025-01-18 01:05:00,2025-01-18 01:12:00,8
M1,ST3,Robotics,2025-01-18,Starved,,Operator supply gap (infeed not replenished),2025-01-18 01:15:00,2025-01-18 01:18:00,4
M1,ST3,Robotics,2025-01-18,Starved,,Operator supply gap (infeed not replenished),2025-01-18 02:48:00,2025-01-18 03:00:00,13
M1,ST3,Robotics,2025-01-18,Starved,,Operator supply gap (infeed not replenished),2025-01-18 03:21:00,2025-01-18 03:33:00,13
M1,ST3,Robotics,2025-01-18,Starved,,Operator supply gap (infeed not replenished),2025-01-18 05:53:00,2025-01-18 06:06:00,14
M1,ST3,Robotics,2025-01-18,Starved,,Operator supply gap (infeed not replenished),2025-01-18 06:44:00,2025-01-18 07:01:00,18
M1,ST3,Robotics,2025-01-18,Starved,,Operator supply gap (infeed not replenished),2025-01-18 10:46:00,2025-01-18 10:47:00,2
M1,ST3,Robotics,2025-01-18,Starved,,Operator supply gap (infeed not replenished),2025-01-18 10:54:00,2025-01-18 10:55:00,2
M1,ST3,Robotics,2025-01-18,Starved,,Operator supply gap (infeed not replenished),2025-01-18 10:56:00,2025-01-18 11:23:00,28
M1,ST3,Robotics,2025-01-18,Starved,,Operator supply gap (infeed not replenished),2025-01-18 11:34:00,2025-01-18 12:03:00,30
M1,ST3,Robotics,2025-01-18,Starved,,Operator supply gap (infeed not replenished),2025-01-18 13:20:00,2025-01-18 13:21:00,2
M1,ST3,Robotics,2025-01-18,Starved,,Operator supply gap (infeed not replenished),2025-01-18 18:06:00,2025-01-18 18:08:00,3
M1,ST3,Robotics,2025-01-18,Starved,,Operator supply gap (infeed not replenished),2025-01-18 19:39:00,2025-01-18 19:49:00,11
M1,ST3,Robotics,2025-01-18,Starved,,Operator supply gap (infeed not replenished),2025-01-18 21:01:00,2025-01-18 21:34:00,34
M1,ST3,Robotics,2025-01-18,Starved,,Operator supply gap (infeed not replenished),2025-01-18 21:38:00,2025-01-18 22:06:00,29
M1,ST3,Robotics,2025-01-18,Starved,,Operator supply gap (infeed not replenished),2025-01-18 22:31:00,2025-01-18 22:39:00,9
M1,ST3,Robotics,2025-01-18,Starved,,Operator supply gap (infeed not replenished),2025-01-18 23:49:00,2025-01-18 23:51:00,3
M1,ST3,Robotics,2025-01-19,Starved,,Operator supply gap (infeed not replenished),2025-01-19 00:32:00,2025-01-19 00:49:00,18
M1,ST3,Robotics,2025-01-19,Starved,,Operator supply gap (infeed not replenished),2025-01-19 00:53:00,2025-01-19 01:13:00,21
M1,ST3,Robotics,2025-01-19,Starved,,Operator supply gap (infeed not replenished),2025-01-19 01:34:00,2025-01-19 01:55:00,22
M1,ST3,Robotics,2025-01-19,Starved,,Operator supply gap (infeed not replenished),2025-01-19 02:13:00,2025-01-19 02:33:00,21
M1,ST3,Robotics,2025-01-19,Starved,,Operator supply gap (infeed not replenished),2025-01-19 02:37:00,2025-01-19 02:58:00,22
M1,ST3,Robotics,2025-01-19,Starved,,Operator supply gap (infeed not replenished),2025-01-19 03:54:00,2025-01-19 04:18:00,25
M1,ST3,Robotics,2025-01-19,Starved,,Operator supply gap (infeed not replenished),2025-01-19 05:45:00,2025-01-19 05:48:00,4
M1,ST3,Robotics,2025-01-19,Starved,,Operator supply gap (infeed not replenished),2025-01-19 05:56:00,2025-01-19 06:03:00,8
M1,ST3,Robotics,2025-01-19,Starved,,Operator supply gap (infeed not replenished),2025-01-19 06:05:00,2025-01-19 06:30:00,26
M1,ST3,Robotics,2025-01-19,Starved,,Operator supply gap (infeed not replenished),2025-01-19 06:35:00,2025-01-19 06:46:00,12
M1,ST3,Robotics,2025-01-19,Starved,,Operator supply gap (infeed not replenished),2025-01-19 06:47:00,2025-01-19 06:51:00,5
M1,ST3,Robotics,2025-01-19,Starved,,Operator supply gap (infeed not replenished),2025-01-19 07:52:00,2025-01-19 07:59:00,8
M1,ST3,Robotics,2025-01-19,Starved,,Operator supply gap (infeed not replenished),2025-01-19 09:22:00,2025-01-19 09:51:00,30
M1,ST3,Robotics,2025-01-19,Starved,,Operator supply gap (infeed not replenished),2025-01-19 10:52:00,2025-01-19 11:17:00,26
M1,ST3,Robotics,2025-01-19,Starved,,Operator supply gap (infeed not replenished),2025-01-19 11:52:00,2025-01-19 12:22:00,31
M1,ST3,Robotics,2025-01-19,Starved,,Operator supply gap (infeed not replenished),2025-01-19 13:39:00,2025-01-19 14:13:00,35
M1,ST3,Robotics,2025-01-19,Starved,,Operator supply gap (infeed not replenished),2025-01-19 17:30:00,2025-01-19 17:46:00,17
M1,ST3,Robotics,2025-01-19,Starved,,Operator supply gap (infeed not replenished),2025-01-19 18:47:00,2025-01-19 19:09:00,23
M1,ST3,Robotics,2025-01-19,Starved,,Operator supply gap (infeed not replenished),2025-01-19 19:10:00,2025-01-19 19:25:00,16
M1,ST3,Robotics,2025-01-19,Starved,,Operator supply gap (infeed not replenished),2025-01-19 19:36:00,2025-01-19 20:03:00,28
M1,ST3,Robotics,2025-01-19,Starved,,Operator supply gap (infeed not replenished),2025-01-19 21:21:00,2025-01-19 21:28:00,8
M1,ST3,Robotics,2025-01-19,Starved,,Operator supply gap (infeed not replenished),2025-01-19 23:00:00,2025-01-19 23:24:00,25
M1,ST3,Robotics,2025-01-20,Starved,,Operator supply gap (infeed not replenished),2025-01-20 00:55:00,2025-01-20 01:01:00,7
M1,ST3,Robotics,2025-01-20,Starved,,Operator supply gap (infeed not replenished),2025-01-20 01:48:00,2025-01-20 01:51:00,4
M1,ST3,Robotics,2025-01-20,Starved,,Operator supply gap (infeed not replenished),2025-01-20 03:40:00,2025-01-20 03:54:00,15
M1,ST3,Robotics,2025-01-20,Starved,,Operator supply gap (infeed not replenished),2025-01-20 04:12:00,2025-01-20 04:47:00,36
M1,ST3,Robotics,2025-01-20,Starved,,Operator supply gap (infeed not replenished),2025-01-20 06:49:00,2025-01-20 07:15:00,27
M1,ST3,Robotics,2025-01-20,Starved,,Operator supply gap (infeed not replenished),2025-01-20 07:25:00,2025-01-20 07:56:00,32
M1,ST3,Robotics,2025-01-20,Starved,,Operator supply gap (infeed not replenished),2025-01-20 11:10:00,2025-01-20 11:12:00,3
M1,ST3,Robotics,2025-01-20,Starved,,Operator supply gap (infeed not replenished),2025-01-20 12:59:00,2025-01-20 13:02:00,4
M1,ST3,Robotics,2025-01-20,Starved,,Operator supply gap (infeed not replenished),2025-01-20 13:04:00,2025-01-20 13:14:00,11
M1,ST3,Robotics,2025-01-20,Starved,,Operator supply gap (infeed not replenished),2025-01-20 14:32:00,2025-01-20 14:58:00,27
M1,ST3,Robotics,2025-01-20,Starved,,Operator supply gap (infeed not replenished),2025-01-20 15:11:00,2025-01-20 15:35:00,25
M1,ST3,Robotics,2025-01-20,Starved,,Operator supply gap (infeed not replenished),2025-01-20 15:47:00,2025-01-20 16:10:00,24
M1,ST3,Robotics,2025-01-20,Starved,,Operator supply gap (infeed not replenished),2025-01-20 16:36:00,2025-01-20 16:49:00,14
M1,ST3,Robotics,2025-01-20,Starved,,Operator supply gap (infeed not replenished),2025-01-20 16:50:00,2025-01-20 16:59:00,10
M1,ST3,Robotics,2025-01-20,Starved,,Operator supply gap (infeed not replenished),2025-01-20 18:19:00,2025-01-20 18:44:00,26
M1,ST3,Robotics,2025-01-20,Starved,,Operator supply gap (infeed not replenished),2025-01-20 20:47:00,2025-01-20 21:20:00,34
M1,ST3,Robotics,2025-01-20,Starved,,Operator supply gap (infeed not replenished),2025-01-20 22:58:00,2025-01-20 23:10:00,13
M1,ST3,Robotics,2025-01-20,Starved,,Operator supply gap (infeed not replenished),2025-01-20 23:46:00,2025-01-21 00:22:00,37
M1,ST3,Robotics,2025-01-21,Starved,,Operator supply gap (infeed not replenished),2025-01-21 02:16:00,2025-01-21 02:23:00,8
M1,ST3,Robotics,2025-01-21,Starved,,Operator supply gap (infeed not replenished),2025-01-21 02:28:00,2025-01-21 02:56:00,29
M1,ST3,Robotics,2025-01-21,Starved,,Operator supply gap (infeed not replenished),2025-01-21 03:55:00,2025-01-21 04:13:00,19
M1,ST3,Robotics,2025-01-21,Starved,,Operator supply gap (infeed not replenished),2025-01-21 04:14:00,2025-01-21 04:24:00,11
M1,ST3,Robotics,2025-01-21,Starved,,Operator supply gap (infeed not replenished),2025-01-21 04:37:00,2025-01-21 04:42:00,6
M1,ST3,Robotics,2025-01-21,Starved,,Operator supply gap (infeed not replenished),2025-01-21 05:32:00,2025-01-21 05:32:00,1
M1,ST3,Robotics,2025-01-21,Starved,,Operator supply gap (infeed not replenished),2025-01-21 05:33:00,2025-01-21 06:01:00,29
M1,ST3,Robotics,2025-01-21,Starved,,Operator supply gap (infeed not replenished),2025-01-21 09:16:00,2025-01-21 09:25:00,10
M1,ST3,Robotics,2025-01-21,Starved,,Operator supply gap (infeed not replenished),2025-01-21 09:52:00,2025-01-21 10:13:00,22
M1,ST3,Robotics,2025-01-21,Starved,,Operator supply gap (infeed not replenished),2025-01-21 10:35:00,2025-01-21 10:56:00,22
M1,ST3,Robotics,2025-01-21,Starved,,Operator supply gap (infeed not replenished),2025-01-21 11:40:00,2025-01-21 11:56:00,17
M1,ST3,Robotics,2025-01-21,Starved,,Operator supply gap (infeed not replenished),2025-01-21 12:45:00,2025-01-21 12:51:00,7
M1,ST3,Robotics,2025-01-21,Starved,,Operator supply gap (infeed not replenished),2025-01-21 13:27:00,2025-01-21 13:42:00,16
M1,ST3,Robotics,2025-01-21,Starved,,Operator supply gap (infeed not replenished),2025-01-21 13:45:00,2025-01-21 14:09:00,25
M1,ST3,Robotics,2025-01-21,Starved,,Operator supply gap (infeed not replenished),2025-01-21 14:29:00,2025-01-21 14:35:00,7
M1,ST3,Robotics,2025-01-21,Starved,,Operator supply gap (infeed not replenished),2025-01-21 15:41:00,2025-01-21 15:51:00,11
M1,ST3,Robotics,2025-01-21,Starved,,Operator supply gap (infeed not replenished),2025-01-21 20:15:00,2025-01-21 20:17:00,3
M1,ST3,Robotics,2025-01-21,Starved,,Operator supply gap (infeed not replenished),2025-01-21 21:15:00,2025-01-21 21:48:00,34
M1,ST3,Robotics,2025-01-21,Starved,,Operator supply gap (infeed not replenished),2025-01-21 21:52:00,2025-01-21 22:11:00,20
M1,ST3,Robotics,2025-01-21,Starved,,Operator supply gap (infeed not replenished),2025-01-21 22:50:00,2025-01-21 23:11:00,22
M1,ST3,Robotics,2025-01-21,Starved,,Operator supply gap (infeed not replenished),2025-01-21 23:17:00,2025-01-21 23:31:00,15
M1,ST3,Robotics,2025-01-22,Starved,,Operator supply gap (infeed not replenished),2025-01-22 02:16:00,2025-01-22 02:43:00,28
M1,ST3,Robotics,2025-01-22,Starved,,Operator supply gap (infeed not replenished),2025-01-22 03:12:00,2025-01-22 03:24:00,13
M1,ST3,Robotics,2025-01-22,Starved,,Operator supply gap (infeed not replenished),2025-01-22 06:33:00,2025-01-22 06:37:00,5
M1,ST3,Robotics,2025-01-22,Starved,,Operator supply gap (infeed not replenished),2025-01-22 07:32:00,2025-01-22 07:51:00,20
M1,ST3,Robotics,2025-01-22,Starved,,Operator supply gap (infeed not replenished),2025-01-22 08:25:00,2025-01-22 08:26:00,2
M1,ST3,Robotics,2025-01-22,Starved,,Operator supply gap (infeed not replenished),2025-01-22 08:36:00,2025-01-22 08:41:00,6
M1,ST3,Robotics,2025-01-22,Starved,,Operator supply gap (infeed not replenished),2025-01-22 11:45:00,2025-01-22 12:12:00,28
M1,ST3,Robotics,2025-01-22,Starved,,Operator supply gap (infeed not replenished),2025-01-22 13:32:00,2025-01-22 13:35:00,4
M1,ST3,Robotics,2025-01-22,Starved,,Operator supply gap (infeed not replenished),2025-01-22 16:19:00,2025-01-22 16:39:00,21
M1,ST3,Robotics,2025-01-22,Starved,,Operator supply gap (infeed not replenished),2025-01-22 17:20:00,2025-01-22 17:54:00,35
M1,ST3,Robotics,2025-01-22,Starved,,Operator supply gap (infeed not replenished),2025-01-22 18:37:00,2025-01-22 18:51:00,15
M1,ST3,Robotics,2025-01-22,Starved,,Operator supply gap (infeed not replenished),2025-01-22 19:19:00,2025-01-22 19:43:00,25
M1,ST3,Robotics,2025-01-22,Starved,,Operator supply gap (infeed not replenished),2025-01-22 20:43:00,2025-01-22 20:52:00,10
M1,ST3,Robotics,2025-01-22,Starved,,Operator supply gap (infeed not replenished),2025-01-22 20:59:00,2025-01-22 21:19:00,21
M1,ST3,Robotics,2025-01-22,Starved,,Operator supply gap (infeed not replenished),2025-01-22 21:57:00,2025-01-22 22:08:00,12
M1,ST3,Robotics,2025-01-22,Starved,,Operator supply gap (infeed not replenished),2025-01-22 23:23:00,2025-01-23 00:04:00,42
M1,ST3,Robotics,2025-01-23,Starved,,Operator supply gap (infeed not replenished),2025-01-23 00:39:00,2025-01-23 00:49:00,11
M1,ST3,Robotics,2025-01-23,Starved,,Operator supply gap (infeed not replenished),2025-01-23 00:52:00,2025-01-23 00:58:00,7
M1,ST3,Robotics,2025-01-23,Starved,,Operator supply gap (infeed not replenished),2025-01-23 01:20:00,2025-01-23 01:56:00,37
M1,ST3,Robotics,2025-01-23,Starved,,Operator supply gap (infeed not replenished),2025-01-23 01:58:00,2025-01-23 02:14:00,17
M1,ST3,Robotics,2025-01-23,Starved,,Operator supply gap (infeed not replenished),2025-01-23 03:10:00,2025-01-23 03:24:00,15
M1,ST3,Robotics,2025-01-23,Starved,,Operator supply gap (infeed not replenished),2025-01-23 04:18:00,2025-01-23 04:23:00,6
M1,ST3,Robotics,2025-01-23,Starved,,Operator supply gap (infeed not replenished),2025-01-23 04:37:00,2025-01-23 04:48:00,12
M1,ST3,Robotics,2025-01-23,Starved,,Operator supply gap (infeed not replenished),2025-01-23 05:20:00,2025-01-23 05:24:00,5
M1,ST3,Robotics,2025-01-23,Starved,,Operator supply gap (infeed not replenished),2025-01-23 05:28:00,2025-01-23 05:31:00,4
M1,ST3,Robotics,2025-01-23,Starved,,Operator supply gap (infeed not replenished),2025-01-23 05:53:00,2025-01-23 05:53:00,1
M1,ST3,Robotics,2025-01-23,Starved,,Operator supply gap (infeed not replenished),2025-01-23 06:32:00,2025-01-23 06:58:00,27
M1,ST3,Robotics,2025-01-23,Starved,,Operator supply gap (infeed not replenished),2025-01-23 11:22:00,2025-01-23 11:26:00,5
M1,ST3,Robotics,2025-01-23,Starved,,Operator supply gap (infeed not replenished),2025-01-23 13:21:00,2025-01-23 13:40:00,20
M1,ST3,Robotics,2025-01-23,Starved,,Operator supply gap (infeed not replenished),2025-01-23 16:38:00,2025-01-23 16:48:00,11
M1,ST3,Robotics,2025-01-23,Starved,,Operator supply gap (infeed not replenished),2025-01-23 18:12:00,2025-01-23 18:13:00,2
M1,ST3,Robotics,2025-01-23,Starved,,Operator supply gap (infeed not replenished),2025-01-23 18:42:00,2025-01-23 18:56:00,15
M1,ST3,Robotics,2025-01-23,Starved,,Operator supply gap (infeed not replenished),2025-01-23 19:30:00,2025-01-23 19:40:00,11
M1,ST3,Robotics,2025-01-23,Starved,,Operator supply gap (infeed not replenished),2025-01-23 19:55:00,2025-01-23 19:56:00,2
M1,ST3,Robotics,2025-01-23,Starved,,Operator supply gap (infeed not replenished),2025-01-23 20:50:00,2025-01-23 21:23:00,34
M1,ST3,Robotics,2025-01-23,Starved,,Operator supply gap (infeed not replenished),2025-01-23 21:27:00,2025-01-23 21:41:00,15
M1,ST3,Robotics,2025-01-23,Starved,,Operator supply gap (infeed not replenished),2025-01-23 22:03:00,2025-01-23 22:04:00,2
M1,ST3,Robotics,2025-01-23,Starved,,Operator supply gap (infeed not replenished),2025-01-23 22:05:00,2025-01-23 22:16:00,12
M1,ST3,Robotics,2025-01-23,Starved,,Operator supply gap (infeed not replenished),2025-01-23 23:08:00,2025-01-23 23:20:00,13
M1,ST3,Robotics,2025-01-24,Starved,,Operator supply gap (infeed not replenished),2025-01-24 00:40:00,2025-01-24 00:45:00,6
M1,ST3,Robotics,2025-01-24,Starved,,Operator supply gap (infeed not replenished),2025-01-24 02:40:00,2025-01-24 03:19:00,40
M1,ST3,Robotics,2025-01-24,Starved,,Operator supply gap (infeed not replenished),2025-01-24 03:30:00,2025-01-24 03:42:00,13
M1,ST3,Robotics,2025-01-24,Starved,,Operator supply gap (infeed not replenished),2025-01-24 03:43:00,2025-01-24 04:06:00,24
M1,ST3,Robotics,2025-01-24,Starved,,Operator supply gap (infeed not replenished),2025-01-24 07:05:00,2025-01-24 07:12:00,8
M1,ST3,Robotics,2025-01-24,Starved,,Operator supply gap (infeed not replenished),2025-01-24 08:42:00,2025-01-24 09:07:00,26
M1,ST3,Robotics,2025-01-24,Starved,,Operator supply gap (infeed not replenished),2025-01-24 10:48:00,2025-01-24 10:48:00,1
M1,ST3,Robotics,2025-01-24,Starved,,Operator supply gap (infeed not replenished),2025-01-24 10:51:00,2025-01-24 11:18:00,28
M1,ST3,Robotics,2025-01-24,Starved,,Operator supply gap (infeed not replenished),2025-01-24 11:22:00,2025-01-24 11:32:00,11
M1,ST3,Robotics,2025-01-24,Starved,,Operator supply gap (infeed not replenished),2025-01-24 12:34:00,2025-01-24 12:50:00,17
M1,ST3,Robotics,2025-01-24,Starved,,Operator supply gap (infeed not replenished),2025-01-24 12:56:00,2025-01-24 13:04:00,9
M1,ST3,Robotics,2025-01-24,Starved,,Operator supply gap (infeed not replenished),2025-01-24 13:44:00,2025-01-24 14:03:00,20
M1,ST3,Robotics,2025-01-24,Starved,,Operator supply gap (infeed not replenished),2025-01-24 16:03:00,2025-01-24 16:03:00,1
M1,ST3,Robotics,2025-01-24,Starved,,Operator supply gap (infeed not replenished),2025-01-24 21:38:00,2025-01-24 21:52:00,15
M1,ST3,Robotics,2025-01-25,Starved,,Operator supply gap (infeed not replenished),2025-01-25 00:08:00,2025-01-25 00:14:00,7
M1,ST3,Robotics,2025-01-25,Starved,,Operator supply gap (infeed not replenished),2025-01-25 01:21:00,2025-01-25 01:38:00,18
M1,ST3,Robotics,2025-01-25,Starved,,Operator supply gap (infeed not replenished),2025-01-25 02:45:00,2025-01-25 02:58:00,14
M1,ST3,Robotics,2025-01-25,Starved,,Operator supply gap (infeed not replenished),2025-01-25 03:16:00,2025-01-25 03:45:00,30
M1,ST3,Robotics,2025-01-25,Starved,,Operator supply gap (infeed not replenished),2025-01-25 04:46:00,2025-01-25 04:54:00,9
M1,ST3,Robotics,2025-01-25,Starved,,Operator supply gap (infeed not replenished),2025-01-25 04:55:00,2025-01-25 05:00:00,6
M1,ST3,Robotics,2025-01-25,Starved,,Operator supply gap (infeed not replenished),2025-01-25 06:10:00,2025-01-25 06:17:00,8
M1,ST3,Robotics,2025-01-25,Starved,,Operator supply gap (infeed not replenished),2025-01-25 06:46:00,2025-01-25 06:51:00,6
M1,ST3,Robotics,2025-01-25,Starved,,Operator supply gap (infeed not replenished),2025-01-25 08:05:00,2025-01-25 08:15:00,11
M1,ST3,Robotics,2025-01-25,Starved,,Operator supply gap (infeed not replenished),2025-01-25 08:50:00,2025-01-25 08:50:00,1
M1,ST3,Robotics,2025-01-25,Starved,,Operator supply gap (infeed not replenished),2025-01-25 10:16:00,2025-01-25 10:41:00,26
M1,ST3,Robotics,2025-01-25,Starved,,Operator supply gap (infeed not replenished),2025-01-25 11:19:00,2025-01-25 11:20:00,2
M1,ST3,Robotics,2025-01-25,Starved,,Operator supply gap (infeed not replenished),2025-01-25 12:22:00,2025-01-25 12:44:00,23
M1,ST3,Robotics,2025-01-25,Starved,,Operator supply gap (infeed not replenished),2025-01-25 13:24:00,2025-01-25 13:50:00,27
M1,ST3,Robotics,2025-01-25,Starved,,Operator supply gap (infeed not replenished),2025-01-25 14:04:00,2025-01-25 14:59:00,56
M1,ST3,Robotics,2025-01-25,Starved,,Operator supply gap (infeed not replenished),2025-01-25 15:44:00,2025-01-25 15:53:00,10
M1,ST3,Robotics,2025-01-25,Starved,,Operator supply gap (infeed not replenished),2025-01-25 15:57:00,2025-01-25 15:57:00,1
M1,ST3,Robotics,2025-01-25,Starved,,Operator supply gap (infeed not replenished),2025-01-25 16:18:00,2025-01-25 16:43:00,26
M1,ST3,Robotics,2025-01-25,Starved,,Operator supply gap (infeed not replenished),2025-01-25 19:25:00,2025-01-25 19:29:00,5
M1,ST3,Robotics,2025-01-25,Starved,,Operator supply gap (infeed not replenished),2025-01-25 20:27:00,2025-01-25 20:48:00,22
M1,ST3,Robotics,2025-01-26,Starved,,Operator supply gap (infeed not replenished),2025-01-26 01:01:00,2025-01-26 01:17:00,17
M1,ST3,Robotics,2025-01-26,Starved,,Operator supply gap (infeed not replenished),2025-01-26 02:20:00,2025-01-26 02:20:00,1
M1,ST3,Robotics,2025-01-26,Starved,,Operator supply gap (infeed not replenished),2025-01-26 03:20:00,2025-01-26 03:32:00,13
M1,ST3,Robotics,2025-01-26,Starved,,Operator supply gap (infeed not replenished),2025-01-26 03:36:00,2025-01-26 03:44:00,9
M1,ST3,Robotics,2025-01-26,Starved,,Operator supply gap (infeed not replenished),2025-01-26 03:57:00,2025-01-26 04:08:00,12
M1,ST3,Robotics,2025-01-26,Starved,,Operator supply gap (infeed not replenished),2025-01-26 04:23:00,2025-01-26 04:35:00,13
M1,ST3,Robotics,2025-01-26,Starved,,Operator supply gap (infeed not replenished),2025-01-26 06:49:00,2025-01-26 07:07:00,19
M1,ST3,Robotics,2025-01-26,Starved,,Operator supply gap (infeed not replenished),2025-01-26 07:11:00,2025-01-26 07:16:00,6
M1,ST3,Robotics,2025-01-26,Starved,,Operator supply gap (infeed not replenished),2025-01-26 10:30:00,2025-01-26 11:04:00,35
M1,ST3,Robotics,2025-01-26,Starved,,Operator supply gap (infeed not replenished),2025-01-26 12:16:00,2025-01-26 12:45:00,30
M1,ST3,Robotics,2025-01-26,Starved,,Operator supply gap (infeed not replenished),2025-01-26 14:08:00,2025-01-26 14:40:00,33
M1,ST3,Robotics,2025-01-26,Starved,,Operator supply gap (infeed not replenished),2025-01-26 16:46:00,2025-01-26 16:47:00,2
M1,ST3,Robotics,2025-01-26,Starved,,Operator supply gap (infeed not replenished),2025-01-26 18:07:00,2025-01-26 18:26:00,20
M1,ST3,Robotics,2025-01-26,Starved,,Operator supply gap (infeed not replenished),2025-01-26 21:23:00,2025-01-26 21:59:00,37
M1,ST3,Robotics,2025-01-26,Starved,,Operator supply gap (infeed not replenished),2025-01-26 23:49:00,2025-01-27 00:10:00,22
M1,ST3,Robotics,2025-01-27,Starved,,Operator supply gap (infeed not replenished),2025-01-27 04:22:00,2025-01-27 04:24:00,3
M1,ST3,Robotics,2025-01-27,Starved,,Operator supply gap (infeed not replenished),2025-01-27 05:47:00,2025-01-27 05:54:00,8
M1,ST3,Robotics,2025-01-27,Starved,,Operator supply gap (infeed not replenished),2025-01-27 06:06:00,2025-01-27 06:23:00,18
M1,ST3,Robotics,2025-01-27,Starved,,Operator supply gap (infeed not replenished),2025-01-27 07:44:00,2025-01-27 08:08:00,25
M1,ST3,Robotics,2025-01-27,Starved,,Operator supply gap (infeed not replenished),2025-01-27 10:36:00,2025-01-27 10:36:00,1
M1,ST3,Robotics,2025-01-27,Starved,,Operator supply gap (infeed not replenished),2025-01-27 11:25:00,2025-01-27 11:32:00,8
M1,ST3,Robotics,2025-01-27,Starved,,Operator supply gap (infeed not replenished),2025-01-27 12:08:00,2025-01-27 12:40:00,33
M1,ST3,Robotics,2025-01-27,Starved,,Operator supply gap (infeed not replenished),2025-01-27 13:15:00,2025-01-27 13:53:00,39
M1,ST3,Robotics,2025-01-27,Starved,,Operator supply gap (infeed not replenished),2025-01-27 14:09:00,2025-01-27 14:28:00,20
M1,ST3,Robotics,2025-01-27,Starved,,Operator supply gap (infeed not replenished),2025-01-27 16:31:00,2025-01-27 16:31:00,1
M1,ST3,Robotics,2025-01-27,Starved,,Operator supply gap (infeed not replenished),2025-01-27 16:35:00,2025-01-27 16:58:00,24
M1,ST3,Robotics,2025-01-27,Starved,,Operator supply gap (infeed not replenished),2025-01-27 19:15:00,2025-01-27 19:32:00,18
M1,ST3,Robotics,2025-01-27,Starved,,Operator supply gap (infeed not replenished),2025-01-27 19:36:00,2025-01-27 19:57:00,22
M1,ST3,Robotics,2025-01-27,Starved,,Operator supply gap (infeed not replenished),2025-01-27 20:22:00,2025-01-27 20:59:00,38
M1,ST3,Robotics,2025-01-27,Starved,,Operator supply gap (infeed not replenished),2025-01-27 22:34:00,2025-01-27 22:40:00,7
M1,ST3,Robotics,2025-01-28,Starved,,Operator supply gap (infeed not replenished),2025-01-28 00:02:00,2025-01-28 00:05:00,4
M1,ST3,Robotics,2025-01-28,Starved,,Operator supply gap (infeed not replenished),2025-01-28 02:02:00,2025-01-28 02:05:00,4
M1,ST3,Robotics,2025-01-28,Starved,,Operator supply gap (infeed not replenished),2025-01-28 02:27:00,2025-01-28 02:42:00,16
M1,ST3,Robotics,2025-01-28,Starved,,Operator supply gap (infeed not replenished),2025-01-28 05:40:00,2025-01-28 06:02:00,23
M1,ST3,Robotics,2025-01-28,Starved,,Operator supply gap (infeed not replenished),2025-01-28 06:05:00,2025-01-28 06:11:00,7
M1,ST3,Robotics,2025-01-28,Starved,,Operator supply gap (infeed not replenished),2025-01-28 06:16:00,2025-01-28 06:17:00,2
M1,ST3,Robotics,2025-01-28,Starved,,Operator supply gap (infeed not replenished),2025-01-28 07:47:00,2025-01-28 08:07:00,21
M1,ST3,Robotics,2025-01-28,Starved,,Operator supply gap (infeed not replenished),2025-01-28 08:57:00,2025-01-28 09:22:00,26
M1,ST3,Robotics,2025-01-28,Starved,,Operator supply gap (infeed not replenished),2025-01-28 10:38:00,2025-01-28 10:44:00,7
M1,ST3,Robotics,2025-01-28,Starved,,Operator supply gap (infeed not replenished),2025-01-28 12:12:00,2025-01-28 12:37:00,26
M1,ST3,Robotics,2025-01-28,Starved,,Operator supply gap (infeed not replenished),2025-01-28 13:19:00,2025-01-28 13:20:00,2
M1,ST3,Robotics,2025-01-28,Starved,,Operator supply gap (infeed not replenished),2025-01-28 13:38:00,2025-01-28 13:54:00,17
M1,ST3,Robotics,2025-01-28,Starved,,Operator supply gap (infeed not replenished),2025-01-28 15:30:00,2025-01-28 15:38:00,9
M1,ST3,Robotics,2025-01-28,Starved,,Operator supply gap (infeed not replenished),2025-01-28 17:39:00,2025-01-28 17:48:00,10
M1,ST3,Robotics,2025-01-28,Starved,,Operator supply gap (infeed not replenished),2025-01-28 18:55:00,2025-01-28 18:55:00,1
M1,ST3,Robotics,2025-01-28,Starved,,Operator supply gap (infeed not replenished),2025-01-28 21:33:00,2025-01-28 22:11:00,39
M1,ST3,Robotics,2025-01-28,Starved,,Operator supply gap (infeed not replenished),2025-01-28 23:21:00,2025-01-28 23:38:00,18
M1,ST3,Robotics,2025-01-29,Starved,,Operator supply gap (infeed not replenished),2025-01-29 00:18:00,2025-01-29 00:27:00,10
M1,ST3,Robotics,2025-01-29,Starved,,Operator supply gap (infeed not replenished),2025-01-29 00:31:00,2025-01-29 01:06:00,36
M1,ST3,Robotics,2025-01-29,Starved,,Operator supply gap (infeed not replenished),2025-01-29 05:22:00,2025-01-29 05:22:00,1
M1,ST3,Robotics,2025-01-29,Starved,,Operator supply gap (infeed not replenished),2025-01-29 08:00:00,2025-01-29 08:33:00,34
M1,ST3,Robotics,2025-01-29,Starved,,Operator supply gap (infeed not replenished),2025-01-29 09:16:00,2025-01-29 09:39:00,24
M1,ST3,Robotics,2025-01-29,Starved,,Operator supply gap (infeed not replenished),2025-01-29 10:11:00,2025-01-29 10:34:00,24
M1,ST3,Robotics,2025-01-29,Starved,,Operator supply gap (infeed not replenished),2025-01-29 10:55:00,2025-01-29 11:01:00,7
M1,ST3,Robotics,2025-01-29,Starved,,Operator supply gap (infeed not replenished),2025-01-29 11:33:00,2025-01-29 11:49:00,17
M1,ST3,Robotics,2025-01-29,Starved,,Operator supply gap (infeed not replenished),2025-01-29 12:19:00,2025-01-29 12:35:00,17
M1,ST3,Robotics,2025-01-29,Starved,,Operator supply gap (infeed not replenished),2025-01-29 13:45:00,2025-01-29 14:07:00,23
M1,ST3,Robotics,2025-01-29,Starved,,Operator supply gap (infeed not replenished),2025-01-29 18:57:00,2025-01-29 19:02:00,6
M1,ST3,Robotics,2025-01-29,Starved,,Operator supply gap (infeed not replenished),2025-01-29 21:08:00,2025-01-29 21:18:00,11
M1,ST3,Robotics,2025-01-29,Starved,,Operator supply gap (infeed not replenished),2025-01-29 22:08:00,2025-01-29 22:09:00,2
M1,ST3,Robotics,2025-01-29,Starved,,Operator supply gap (infeed not replenished),2025-01-29 22:17:00,2025-01-29 22:38:00,22
M1,ST3,Robotics,2025-01-29,Starved,,Operator supply gap (infeed not replenished),2025-01-29 23:15:00,2025-01-29 23:17:00,3
M1,ST3,Robotics,2025-01-30,Starved,,Operator supply gap (infeed not replenished),2025-01-30 01:48:00,2025-01-30 01:56:00,9
M1,ST3,Robotics,2025-01-30,Starved,,Operator supply gap (infeed not replenished),2025-01-30 02:38:00,2025-01-30 02:38:00,1
M1,ST3,Robotics,2025-01-30,Starved,,Operator supply gap (infeed not replenished),2025-01-30 06:36:00,2025-01-30 06:43:00,8
M1,ST3,Robotics,2025-01-30,Starved,,Operator supply gap (infeed not replenished),2025-01-30 06:47:00,2025-01-30 06:48:00,2
M1,ST3,Robotics,2025-01-30,Starved,,Operator supply gap (infeed not replenished),2025-01-30 06:58:00,2025-01-30 07:14:00,17
M1,ST3,Robotics,2025-01-30,Starved,,Operator supply gap (infeed not replenished),2025-01-30 07:57:00,2025-01-30 08:02:00,6
M1,ST3,Robotics,2025-01-30,Starved,,Operator supply gap (infeed not replenished),2025-01-30 10:16:00,2025-01-30 10:40:00,25
M1,ST3,Robotics,2025-01-30,Starved,,Operator supply gap (infeed not replenished),2025-01-30 10:51:00,2025-01-30 11:32:00,42
M1,ST3,Robotics,2025-01-30,Starved,,Operator supply gap (infeed not replenished),2025-01-30 13:00:00,2025-01-30 13:18:00,19
M1,ST3,Robotics,2025-01-30,Starved,,Operator supply gap (infeed not replenished),2025-01-30 15:12:00,2025-01-30 15:31:00,20
M1,ST3,Robotics,2025-01-30,Starved,,Operator supply gap (infeed not replenished),2025-01-30 16:31:00,2025-01-30 16:33:00,3
M1,ST3,Robotics,2025-01-30,Starved,,Operator supply gap (infeed not replenished),2025-01-30 17:08:00,2025-01-30 17:30:00,23
M1,ST3,Robotics,2025-01-30,Starved,,Operator supply gap (infeed not replenished),2025-01-30 18:51:00,2025-01-30 19:03:00,13
M1,ST3,Robotics,2025-01-30,Starved,,Operator supply gap (infeed not replenished),2025-01-30 20:40:00,2025-01-30 20:53:00,14
M1,ST3,Robotics,2025-01-30,Starved,,Operator supply gap (infeed not replenished),2025-01-30 23:08:00,2025-01-30 23:23:00,16
M1,ST3,Robotics,2025-01-31,Starved,,Operator supply gap (infeed not replenished),2025-01-31 01:01:00,2025-01-31 01:14:00,14
M1,ST3,Robotics,2025-01-31,Starved,,Operator supply gap (infeed not replenished),2025-01-31 01:35:00,2025-01-31 01:59:00,25
M1,ST3,Robotics,2025-01-31,Starved,,Operator supply gap (infeed not replenished),2025-01-31 02:03:00,2025-01-31 02:11:00,9
M1,ST3,Robotics,2025-01-31,Starved,,Operator supply gap (infeed not replenished),2025-01-31 02:38:00,2025-01-31 03:00:00,23
M1,ST3,Robotics,2025-01-31,Starved,,Operator supply gap (infeed not replenished),2025-01-31 04:26:00,2025-01-31 04:46:00,21
M1,ST3,Robotics,2025-01-31,Starved,,Operator supply gap (infeed not replenished),2025-01-31 05:08:00,2025-01-31 05:20:00,13
M1,ST3,Robotics,2025-01-01,Quality,,,2025-01-01 12:37:00,2025-01-01 12:44:00,8
M1,ST3,Robotics,2025-01-02,Quality,,,2025-01-02 19:03:00,2025-01-02 19:10:00,8
M1,ST3,Robotics,2025-01-04,Quality,,,2025-01-04 11:12:00,2025-01-04 11:36:00,25
M1,ST3,Robotics,2025-01-04,Quality,,,2025-01-04 14:10:00,2025-01-04 14:24:00,15
M1,ST3,Robotics,2025-01-05,Quality,,,2025-01-05 02:46:00,2025-01-05 03:20:00,35
M1,ST3,Robotics,2025-01-06,Quality,,,2025-01-06 22:01:00,2025-01-06 22:33:00,33
M1,ST3,Robotics,2025-01-07,Quality,,,2025-01-07 05:12:00,2025-01-07 06:10:00,59
M1,ST3,Robotics,2025-01-15,Quality,,,2025-01-15 01:31:00,2025-01-15 01:36:00,6
M1,ST3,Robotics,2025-01-18,Quality,,,2025-01-18 02:09:00,2025-01-18 02:24:00,16
M1,ST3,Robotics,2025-01-19,Quality,,,2025-01-19 16:14:00,2025-01-19 16:47:00,34
M1,ST3,Robotics,2025-01-19,Quality,,,2025-01-19 23:29:00,2025-01-19 23:49:00,21
M1,ST3,Robotics,2025-01-22,Quality,,,2025-01-22 04:51:00,2025-01-22 05:24:00,34
M1,ST3,Robotics,2025-01-22,Quality,,,2025-01-22 10:37:00,2025-01-22 11:24:00,48
M1,ST3,Robotics,2025-01-25,Quality,,,2025-01-25 17:51:00,2025-01-25 18:26:00,36
M1,ST3,Robotics,2025-01-26,Quality,,,2025-01-26 19:02:00,2025-01-26 19:16:00,15
M1,ST3,Robotics,2025-01-28,Quality,,,2025-01-28 11:35:00,2025-01-28 11:41:00,7
M1,ST3,Robotics,2025-01-29,Quality,,,2025-01-29 21:19:00,2025-01-29 21:45:00,27
M1,ST3,Robotics,2025-01-30,Quality,,,2025-01-30 15:45:00,2025-01-30 16:14:00,30
M1,ST3,Robotics,2025-01-31,Quality,,,2025-01-31 05:21:00,2025-01-31 05:51:00,31
M1,ST4,Assembly,2025-01-01,Mechanical,air_pressure,,2025-01-01 22:11:00,2025-01-01 22:39:00,29
M1,ST4,Assembly,2025-01-02,Mechanical,vibration,,2025-01-02 03:45:00,2025-01-02 04:22:00,38
M1,ST4,Assembly,2025-01-02,Mechanical,air_pressure,,2025-01-02 11:00:00,2025-01-02 11:11:00,12
M1,ST4,Assembly,2025-01-02,Mechanical,vibration,,2025-01-02 14:17:00,2025-01-02 14:55:00,39
M1,ST4,Assembly,2025-01-02,Mechanical,vibration,,2025-01-02 21:34:00,2025-01-02 22:09:00,36
M1,ST4,Assembly,2025-01-03,Mechanical,air_pressure,,2025-01-03 01:12:00,2025-01-03 01:47:00,36
M1,ST4,Assembly,2025-01-03,Mechanical,vibration,,2025-01-03 10:36:00,2025-01-03 10:57:00,22
M1,ST4,Assembly,2025-01-03,Mechanical,air_pressure,,2025-01-03 14:11:00,2025-01-03 14:29:00,19
M1,ST4,Assembly,2025-01-03,Mechanical,vibration,,2025-01-03 18:55:00,2025-01-03 19:22:00,28
M1,ST4,Assembly,2025-01-04,Mechanical,vibration,,2025-01-04 04:40:00,2025-01-04 05:03:00,24
M1,ST4,Assembly,2025-01-04,Mechanical,air_pressure,,2025-01-04 06:37:00,2025-01-04 06:53:00,17
M1,ST4,Assembly,2025-01-04,Mechanical,vibration,,2025-01-04 16:31:00,2025-01-04 17:06:00,36
M1,ST4,Assembly,2025-01-05,Mechanical,vibration,,2025-01-05 04:14:00,2025-01-05 04:52:00,39
M1,ST4,Assembly,2025-01-05,Mechanical,air_pressure,,2025-01-05 10:33:00,2025-01-05 11:11:00,39
M1,ST4,Assembly,2025-01-05,Mechanical,vibration,,2025-01-05 12:41:00,2025-01-05 13:06:00,26
M1,ST4,Assembly,2025-01-05,Mechanical,vibration,,2025-01-05 23:12:00,2025-01-05 23:42:00,31
M1,ST4,Assembly,2025-01-06,Mechanical,air_pressure,,2025-01-06 01:01:00,2025-01-06 01:35:00,35
M1,ST4,Assembly,2025-01-06,Mechanical,vibration,,2025-01-06 11:27:00,2025-01-06 12:02:00,36
M1,ST4,Assembly,2025-01-06,Mechanical,air_pressure,,2025-01-06 13:53:00,2025-01-06 14:09:00,17
M1,ST4,Assembly,2025-01-06,Mechanical,vibration,,2025-01-06 20:54:00,2025-01-06 21:24:00,31
M1,ST4,Assembly,2025-01-07,Mechanical,air_pressure,,2025-01-07 05:42:00,2025-01-07 06:09:00,28
M1,ST4,Assembly,2025-01-07,Mechanical,vibration,,2025-01-07 06:56:00,2025-01-07 07:29:00,34
M1,ST4,Assembly,2025-01-07,Mechanical,air_pressure,,2025-01-07 17:46:00,2025-01-07 18:23:00,38
M1,ST4,Assembly,2025-01-08,Mechanical,air_pressure,,2025-01-08 10:58:00,2025-01-08 11:12:00,15
M1,ST4,Assembly,2025-01-08,Mechanical,vibration,,2025-01-08 11:42:00,2025-01-08 12:13:00,32
M1,ST4,Assembly,2025-01-09,Mechanical,vibration,,2025-01-09 00:08:00,2025-01-09 00:27:00,20
M1,ST4,Assembly,2025-01-09,Mechanical,air_pressure,,2025-01-09 02:30:00,2025-01-09 03:10:00,41
M1,ST4,Assembly,2025-01-09,Mechanical,vibration,,2025-01-09 10:08:00,2025-01-09 10:37:00,30
M1,ST4,Assembly,2025-01-09,Mechanical,vibration,,2025-01-09 19:33:00,2025-01-09 19:47:00,15
M1,ST4,Assembly,2025-01-09,Mechanical,air_pressure,,2025-01-09 20:40:00,2025-01-09 21:10:00,31
M1,ST4,Assembly,2025-01-10,Mechanical,vibration,,2025-01-10 05:06:00,2025-01-10 05:38:00,33
M1,ST4,Assembly,2025-01-10,Mechanical,air_pressure,,2025-01-10 09:09:00,2025-01-10 09:24:00,16
M1,ST4,Assembly,2025-01-10,Mechanical,vibration,,2025-01-10 13:52:00,2025-01-10 14:31:00,40
M1,ST4,Assembly,2025-01-10,Mechanical,air_pressure,,2025-01-10 18:59:00,2025-01-10 19:33:00,35
M1,ST4,Assembly,2025-01-10,Mechanical,vibration,,2025-01-10 23:54:00,2025-01-11 00:04:00,11
M1,ST4,Assembly,2025-01-11,Mechanical,air_pressure,,2025-01-11 06:16:00,2025-01-11 06:23:00,8
M1,ST4,Assembly,2025-01-11,Mechanical,vibration,,2025-01-11 12:19:00,2025-01-11 12:45:00,27
M1,ST4,Assembly,2025-01-11,Mechanical,vibration,,2025-01-11 21:48:00,2025-01-11 21:56:00,9
M1,ST4,Assembly,2025-01-11,Mechanical,air_pressure,,2025-01-11 23:01:00,2025-01-11 23:12:00,12
M1,ST4,Assembly,2025-01-12,Mechanical,vibration,,2025-01-12 07:06:00,2025-01-12 07:17:00,12
M1,ST4,Assembly,2025-01-12,Mechanical,air_pressure,,2025-01-12 13:35:00,2025-01-12 14:00:00,26
M1,ST4,Assembly,2025-01-12,Mechanical,vibration,,2025-01-12 16:10:00,2025-01-12 16:39:00,30
M1,ST4,Assembly,2025-01-13,Mechanical,vibration,,2025-01-13 04:50:00,2025-01-13 05:23:00,34
M1,ST4,Assembly,2025-01-13,Mechanical,vibration,,2025-01-13 16:11:00,2025-01-13 16:36:00,26
M1,ST4,Assembly,2025-01-13,Mechanical,air_pressure,,2025-01-13 18:29:00,2025-01-13 19:03:00,35
M1,ST4,Assembly,2025-01-14,Mechanical,vibration,,2025-01-14 02:04:00,2025-01-14 02:26:00,23
M1,ST4,Assembly,2025-01-14,Mechanical,air_pressure,,2025-01-14 07:04:00,2025-01-14 07:17:00,14
M1,ST4,Assembly,2025-01-14,Mechanical,vibration,,2025-01-14 11:00:00,2025-01-14 11:16:00,17
M1,ST4,Assembly,2025-01-14,Mechanical,air_pressure,,2025-01-14 19:11:00,2025-01-14 19:40:00,30
M1,ST4,Assembly,2025-01-15,Mechanical,vibration,,2025-01-15 04:55:00,2025-01-15 05:22:00,28
M1,ST4,Assembly,2025-01-15,Mechanical,air_pressure,,2025-01-15 07:32:00,2025-01-15 07:59:00,28
M1,ST4,Assembly,2025-01-15,Mechanical,vibration,,2025-01-15 12:32:00,2025-01-15 12:54:00,23
M1,ST4,Assembly,2025-01-15,Mechanical,vibration,,2025-01-15 20:02:00,2025-01-15 20:33:00,32
M1,ST4,Assembly,2025-01-15,Mechanical,air_pressure,,2025-01-15 22:37:00,2025-01-15 22:51:00,15
M1,ST4,Assembly,2025-01-16,Mechanical,vibration,,2025-01-16 07:19:00,2025-01-16 07:55:00,37
M1,ST4,Assembly,2025-01-16,Mechanical,air_pressure,,2025-01-16 09:36:00,2025-01-16 10:02:00,27
M1,ST4,Assembly,2025-01-16,Mechanical,vibration,,2025-01-16 16:03:00,2025-01-16 16:35:00,33
M1,ST4,Assembly,2025-01-16,Mechanical,air_pressure,,2025-01-16 23:59:00,2025-01-17 00:12:00,14
M1,ST4,Assembly,2025-01-17,Mechanical,vibration,,2025-01-17 03:37:00,2025-01-17 03:59:00,23
M1,ST4,Assembly,2025-01-17,Mechanical,air_pressure,,2025-01-17 11:41:00,2025-01-17 12:01:00,21
M1,ST4,Assembly,2025-01-17,Mechanical,vibration,,2025-01-17 14:40:00,2025-01-17 15:15:00,36
M1,ST4,Assembly,2025-01-17,Mechanical,vibration,,2025-01-17 23:02:00,2025-01-17 23:23:00,22
M1,ST4,Assembly,2025-01-18,Mechanical,air_pressure,,2025-01-18 01:28:00,2025-01-18 01:51:00,24
M1,ST4,Assembly,2025-01-18,Mechanical,vibration,,2025-01-18 09:53:00,2025-01-18 10:26:00,34
M1,ST4,Assembly,2025-01-18,Mechanical,air_pressure,,2025-01-18 10:27:00,2025-01-18 10:39:00,13
M1,ST4,Assembly,2025-01-18,Mechanical,vibration,,2025-01-18 18:05:00,2025-01-18 18:21:00,17
M1,ST4,Assembly,2025-01-18,Mechanical,air_pressure,,2025-01-18 23:19:00,2025-01-18 23:42:00,24
M1,ST4,Assembly,2025-01-19,Mechanical,vibration,,2025-01-19 04:41:00,2025-01-19 05:16:00,36
M1,ST4,Assembly,2025-01-19,Mechanical,vibration,,2025-01-19 12:49:00,2025-01-19 13:13:00,25
M1,ST4,Assembly,2025-01-19,Mechanical,air_pressure,,2025-01-19 15:24:00,2025-01-19 15:41:00,18
M1,ST4,Assembly,2025-01-19,Mechanical,vibration,,2025-01-19 22:06:00,2025-01-19 22:35:00,30
M1,ST4,Assembly,2025-01-20,Mechanical,vibration,,2025-01-20 06:03:00,2025-01-20 06:33:00,31
M1,ST4,Assembly,2025-01-20,Mechanical,air_pressure,,2025-01-20 08:13:00,2025-01-20 08:49:00,37
M1,ST4,Assembly,2025-01-20,Mechanical,vibration,,2025-01-20 17:05:00,2025-01-20 17:25:00,21
M1,ST4,Assembly,2025-01-20,Mechanical,air_pressure,,2025-01-20 19:45:00,2025-01-20 20:03:00,19
M1,ST4,Assembly,2025-01-20,Mechanical,vibration,,2025-01-20 23:57:00,2025-01-21 00:22:00,26
M1,ST4,Assembly,2025-01-21,Mechanical,air_pressure,,2025-01-21 08:29:00,2025-01-21 08:50:00,22
M1,ST4,Assembly,2025-01-21,Mechanical,vibration,,2025-01-21 11:10:00,2025-01-21 11:36:00,27
M1,ST4,Assembly,2025-01-21,Mechanical,vibration,,2025-01-21 19:48:00,2025-01-21 20:08:00,21
M1,ST4,Assembly,2025-01-21,Mechanical,air_pressure,,2025-01-21 23:57:00,2025-01-22 00:36:00,40
M1,ST4,Assembly,2025-01-22,Mechanical,vibration,,2025-01-22 05:55:00,2025-01-22 06:02:00,8
M1,ST4,Assembly,2025-01-22,Mechanical,vibration,,2025-01-22 11:55:00,2025-01-22 12:18:00,24
M1,ST4,Assembly,2025-01-22,Mechanical,air_pressure,,2025-01-22 15:16:00,2025-01-22 15:50:00,35
M1,ST4,Assembly,2025-01-22,Mechanical,vibration,,2025-01-22 22:03:00,2025-01-22 22:14:00,12
M1,ST4,Assembly,2025-01-23,Mechanical,vibration,,2025-01-23 07:08:00,2025-01-23 07:45:00,38
M1,ST4,Assembly,2025-01-23,Mechanical,air_pressure,,2025-01-23 08:30:00,2025-01-23 08:51:00,22
M1,ST4,Assembly,2025-01-23,Mechanical,vibration,,2025-01-23 18:38:00,2025-01-23 18:55:00,18
M1,ST4,Assembly,2025-01-24,Mechanical,air_pressure,,2025-01-24 00:59:00,2025-01-24 01:13:00,15
M1,ST4,Assembly,2025-01-24,Mechanical,vibration,,2025-01-24 04:43:00,2025-01-24 05:03:00,21
M1,ST4,Assembly,2025-01-24,Mechanical,vibration,,2025-01-24 15:48:00,2025-01-24 16:12:00,25
M1,ST4,Assembly,2025-01-24,Mechanical,vibration,,2025-01-24 22:38:00,2025-01-24 23:04:00,27
M1,ST4,Assembly,2025-01-25,Mechanical,air_pressure,,2025-01-25 05:35:00,2025-01-25 06:05:00,31
M1,ST4,Assembly,2025-01-25,Mechanical,vibration,,2025-01-25 15:01:00,2025-01-25 15:39:00,39
M1,ST4,Assembly,2025-01-25,Mechanical,air_pressure,,2025-01-25 19:55:00,2025-01-25 20:00:00,6
M1,ST4,Assembly,2025-01-26,Mechanical,vibration,,2025-01-26 01:59:00,2025-01-26 02:13:00,15
M1,ST4,Assembly,2025-01-26,Mechanical,vibration,,2025-01-26 09:25:00,2025-01-26 09:51:00,27
M1,ST4,Assembly,2025-01-26,Mechanical,air_pressure,,2025-01-26 10:54:00,2025-01-26 11:10:00,17
M1,ST4,Assembly,2025-01-26,Mechanical,vibration,,2025-01-26 19:37:00,2025-01-26 20:05:00,29
M1,ST4,Assembly,2025-01-27,Mechanical,air_pressure,,2025-01-27 03:37:00,2025-01-27 04:12:00,36
M1,ST4,Assembly,2025-01-27,Mechanical,vibration,,2025-01-27 07:53:00,2025-01-27 08:14:00,22
M1,ST4,Assembly,2025-01-27,Mechanical,air_pressure,,2025-01-27 14:51:00,2025-01-27 15:02:00,12
M1,ST4,Assembly,2025-01-28,Mechanical,vibration,,2025-01-28 03:05:00,2025-01-28 03:39:00,35
M1,ST4,Assembly,2025-01-28,Mechanical,air_pressure,,2025-01-28 06:21:00,2025-01-28 06:54:00,34
M1,ST4,Assembly,2025-01-28,Mechanical,vibration,,2025-01-28 13:14:00,2025-01-28 13:33:00,20
M1,ST4,Assembly,2025-01-28,Mechanical,vibration,,2025-01-28 19:40:00,2025-01-28 20:06:00,27
M1,ST4,Assembly,2025-01-28,Mechanical,air_pressure,,2025-01-28 20:18:00,2025-01-28 20:56:00,39
M1,ST4,Assembly,2025-01-29,Mechanical,vibration,,2025-01-29 05:33:00,2025-01-29 05:44:00,12
M1,ST4,Assembly,2025-01-29,Mechanical,air_pressure,,2025-01-29 06:18:00,2025-01-29 06:51:00,34
M1,ST4,Assembly,2025-01-29,Mechanical,vibration,,2025-01-29 15:43:00,2025-01-29 16:03:00,21
M1,ST4,Assembly,2025-01-29,Mechanical,air_pressure,,2025-01-29 19:34:00,2025-01-29 19:59:00,26
M1,ST4,Assembly,2025-01-30,Mechanical,vibration,,2025-01-30 04:46:00,2025-01-30 04:55:00,10
M1,ST4,Assembly,2025-01-30,Mechanical,air_pressure,,2025-01-30 08:49:00,2025-01-30 08:56:00,8
M1,ST4,Assembly,2025-01-30,Mechanical,vibration,,2025-01-30 11:22:00,2025-01-30 11:52:00,31
M1,ST4,Assembly,2025-01-30,Mechanical,air_pressure,,2025-01-30 22:12:00,2025-01-30 22:41:00,30
M1,ST4,Assembly,2025-01-01,Electrical,energy_consumption,,2025-01-01 16:04:00,2025-01-01 16:41:00,38
M1,ST4,Assembly,2025-01-02,Electrical,energy_consumption,,2025-01-02 01:00:00,2025-01-02 01:38:00,39
M1,ST4,Assembly,2025-01-02,Electrical,energy_consumption,,2025-01-02 11:45:00,2025-01-02 12:08:00,24
M1,ST4,Assembly,2025-01-03,Electrical,energy_consumption,,2025-01-03 03:20:00,2025-01-03 03:28:00,9
M1,ST4,Assembly,2025-01-03,Electrical,energy_consumption,,2025-01-03 16:56:00,2025-01-03 17:34:00,39
M1,ST4,Assembly,2025-01-04,Electrical,energy_consumption,,2025-01-04 08:04:00,2025-01-04 08:37:00,34
M1,ST4,Assembly,2025-01-04,Electrical,energy_consumption,,2025-01-04 20:33:00,2025-01-04 21:34:00,62
M1,ST4,Assembly,2025-01-05,Electrical,energy_consumption,,2025-01-05 06:34:00,2025-01-05 06:40:00,7
M1,ST4,Assembly,2025-01-05,Electrical,energy_consumption,,2025-01-05 19:53:00,2025-01-05 20:22:00,30
M1,ST4,Assembly,2025-01-06,Electrical,energy_consumption,,2025-01-06 10:03:00,2025-01-06 10:37:00,35
M1,ST4,Assembly,2025-01-07,Electrical,energy_consumption,,2025-01-07 01:17:00,2025-01-07 01:29:00,13
M1,ST4,Assembly,2025-01-07,Electrical,energy_consumption,,2025-01-07 13:58:00,2025-01-07 14:32:00,35
M1,ST4,Assembly,2025-01-08,Electrical,energy_consumption,,2025-01-08 01:32:00,2025-01-08 01:50:00,19
M1,ST4,Assembly,2025-01-08,Electrical,energy_consumption,,2025-01-08 09:46:00,2025-01-08 10:18:00,33
M1,ST4,Assembly,2025-01-08,Electrical,energy_consumption,,2025-01-08 23:08:00,2025-01-08 23:36:00,29
M1,ST4,Assembly,2025-01-09,Electrical,energy_consumption,,2025-01-09 15:28:00,2025-01-09 16:07:00,40
M1,ST4,Assembly,2025-01-10,Electrical,energy_consumption,,2025-01-10 03:23:00,2025-01-10 03:36:00,14
M1,ST4,Assembly,2025-01-10,Electrical,energy_consumption,,2025-01-10 14:55:00,2025-01-10 15:17:00,23
M1,ST4,Assembly,2025-01-11,Electrical,energy_consumption,,2025-01-11 06:32:00,2025-01-11 06:48:00,17
M1,ST4,Assembly,2025-01-11,Electrical,energy_consumption,,2025-01-11 18:15:00,2025-01-11 18:45:00,31
M1,ST4,Assembly,2025-01-12,Electrical,energy_consumption,,2025-01-12 10:07:00,2025-01-12 10:30:00,24
M1,ST4,Assembly,2025-01-12,Electrical,energy_consumption,,2025-01-12 19:59:00,2025-01-12 20:31:00,33
M1,ST4,Assembly,2025-01-13,Electrical,energy_consumption,,2025-01-13 06:22:00,2025-01-13 06:47:00,26
M1,ST4,Assembly,2025-01-13,Electrical,energy_consumption,,2025-01-13 15:36:00,2025-01-13 15:58:00,23
M1,ST4,Assembly,2025-01-14,Electrical,energy_consumption,,2025-01-14 04:29:00,2025-01-14 05:05:00,37
M1,ST4,Assembly,2025-01-14,Electrical,energy_consumption,,2025-01-14 15:28:00,2025-01-14 15:52:00,25
M1,ST4,Assembly,2025-01-15,Electrical,energy_consumption,,2025-01-15 04:14:00,2025-01-15 04:20:00,7
M1,ST4,Assembly,2025-01-15,Electrical,energy_consumption,,2025-01-15 16:04:00,2025-01-15 16:30:00,27
M1,ST4,Assembly,2025-01-16,Electrical,energy_consumption,,2025-01-16 05:49:00,2025-01-16 06:25:00,37
M1,ST4,Assembly,2025-01-16,Electrical,energy_consumption,,2025-01-16 19:16:00,2025-01-16 19:46:00,31
M1,ST4,Assembly,2025-01-17,Electrical,energy_consumption,,2025-01-17 06:24:00,2025-01-17 06:59:00,36
M1,ST4,Assembly,2025-01-17,Electrical,energy_consumption,,2025-01-17 19:51:00,2025-01-17 20:10:00,20
M1,ST4,Assembly,2025-01-18,Electrical,energy_consumption,,2025-01-18 06:24:00,2025-01-18 06:37:00,14
M1,ST4,Assembly,2025-01-18,Electrical,energy_consumption,,2025-01-18 19:05:00,2025-01-18 19:34:00,30
M1,ST4,Assembly,2025-01-19,Electrical,energy_consumption,,2025-01-19 09:44:00,2025-01-19 10:07:00,24
M1,ST4,Assembly,2025-01-19,Electrical,energy_consumption,,2025-01-19 22:36:00,2025-01-19 22:41:00,6
M1,ST4,Assembly,2025-01-20,Electrical,energy_consumption,,2025-01-20 13:25:00,2025-01-20 13:52:00,28
M1,ST4,Assembly,2025-01-20,Electrical,energy_consumption,,2025-01-20 23:04:00,2025-01-20 23:39:00,36
M1,ST4,Assembly,2025-01-21,Electrical,energy_consumption,,2025-01-21 12:50:00,2025-01-21 13:08:00,19
M1,ST4,Assembly,2025-01-22,Electrical,energy_consumption,,2025-01-22 10:55:00,2025-01-22 11:23:00,29
M1,ST4,Assembly,2025-01-23,Electrical,energy_consumption,,2025-01-23 01:52:00,2025-01-23 02:25:00,34
M1,ST4,Assembly,2025-01-23,Electrical,energy_consumption,,2025-01-23 14:31:00,2025-01-23 15:02:00,32
M1,ST4,Assembly,2025-01-23,Electrical,energy_consumption,,2025-01-23 22:28:00,2025-01-23 23:03:00,36
M1,ST4,Assembly,2025-01-24,Electrical,energy_consumption,,2025-01-24 14:35:00,2025-01-24 15:12:00,38
M1,ST4,Assembly,2025-01-25,Electrical,energy_consumption,,2025-01-25 05:01:00,2025-01-25 05:28:00,28
M1,ST4,Assembly,2025-01-25,Electrical,energy_consumption,,2025-01-25 14:48:00,2025-01-25 14:59:00,12
M1,ST4,Assembly,2025-01-26,Electrical,energy_consumption,,2025-01-26 02:28:00,2025-01-26 03:00:00,33
M1,ST4,Assembly,2025-01-26,Electrical,energy_consumption,,2025-01-26 15:15:00,2025-01-26 15:43:00,29
M1,ST4,Assembly,2025-01-27,Electrical,energy_consumption,,2025-01-27 05:48:00,2025-01-27 06:03:00,16
M1,ST4,Assembly,2025-01-27,Electrical,energy_consumption,,2025-01-27 18:07:00,2025-01-27 18:44:00,38
M1,ST4,Assembly,2025-01-28,Electrical,energy_consumption,,2025-01-28 07:23:00,2025-01-28 07:39:00,17
M1,ST4,Assembly,2025-01-28,Electrical,energy_consumption,,2025-01-28 16:58:00,2025-01-28 17:32:00,35
M1,ST4,Assembly,2025-01-29,Electrical,energy_consumption,,2025-01-29 04:50:00,2025-01-29 05:18:00,29
M1,ST4,Assembly,2025-01-29,Electrical,energy_consumption,,2025-01-29 20:03:00,2025-01-29 20:29:00,27
M1,ST4,Assembly,2025-01-30,Electrical,energy_consumption,,2025-01-30 08:33:00,2025-01-30 08:48:00,16
M1,ST4,Assembly,2025-01-30,Electrical,energy_consumption,,2025-01-30 21:20:00,2025-01-30 21:53:00,34
M1,ST4,Assembly,2025-01-02,Changeover,,,2025-01-02 12:11:00,2025-01-02 12:29:00,19
M1,ST4,Assembly,2025-01-04,Changeover,,,2025-01-04 04:33:00,2025-01-04 04:39:00,7
M1,ST4,Assembly,2025-01-06,Changeover,,,2025-01-06 07:23:00,2025-01-06 07:32:00,10
M1,ST4,Assembly,2025-01-07,Changeover,,,2025-01-07 06:29:00,2025-01-07 06:45:00,17
M1,ST4,Assembly,2025-01-09,Changeover,,,2025-01-09 16:20:00,2025-01-09 16:29:00,10
M1,ST4,Assembly,2025-01-11,Changeover,,,2025-01-11 20:26:00,2025-01-11 20:53:00,28
M1,ST4,Assembly,2025-01-12,Changeover,,,2025-01-12 17:05:00,2025-01-12 17:23:00,19
M1,ST4,Assembly,2025-01-12,Changeover,,,2025-01-12 22:16:00,2025-01-12 22:48:00,33
M1,ST4,Assembly,2025-01-14,Changeover,,,2025-01-14 15:23:00,2025-01-14 15:27:00,5
M1,ST4,Assembly,2025-01-14,Changeover,,,2025-01-14 19:44:00,2025-01-14 20:05:00,22
M1,ST4,Assembly,2025-01-16,Changeover,,,2025-01-16 01:21:00,2025-01-16 01:55:00,35
M1,ST4,Assembly,2025-01-19,Changeover,,,2025-01-19 11:30:00,2025-01-19 11:43:00,14
M1,ST4,Assembly,2025-01-21,Changeover,,,2025-01-21 05:36:00,2025-01-21 06:01:00,26
M1,ST4,Assembly,2025-01-21,Changeover,,,2025-01-21 18:42:00,2025-01-21 19:20:00,39
M1,ST4,Assembly,2025-01-22,Changeover,,,2025-01-22 22:17:00,2025-01-22 22:44:00,28
M1,ST4,Assembly,2025-01-24,Changeover,,,2025-01-24 06:23:00,2025-01-24 06:36:00,14
M1,ST4,Assembly,2025-01-24,Changeover,,,2025-01-24 13:44:00,2025-01-24 14:03:00,20
M1,ST4,Assembly,2025-01-27,Changeover,,,2025-01-27 02:50:00,2025-01-27 03:18:00,29
M1,ST4,Assembly,2025-01-28,Changeover,,,2025-01-28 01:33:00,2025-01-28 01:43:00,11
M1,ST4,Assembly,2025-01-01,Blocked,,,2025-01-01 08:10:00,2025-01-01 08:15:00,6
M1,ST4,Assembly,2025-01-01,Blocked,,,2025-01-01 13:58:00,2025-01-01 14:49:00,52
M1,ST4,Assembly,2025-01-01,Blocked,,,2025-01-01 15:45:00,2025-01-01 16:03:00,19
M1,ST4,Assembly,2025-01-01,Blocked,,,2025-01-01 16:46:00,2025-01-01 16:57:00,12
M1,ST4,Assembly,2025-01-01,Blocked,,,2025-01-01 17:39:00,2025-01-01 18:10:00,32
M1,ST4,Assembly,2025-01-01,Blocked,,,2025-01-01 18:16:00,2025-01-01 18:21:00,6
M1,ST4,Assembly,2025-01-01,Blocked,,,2025-01-01 20:00:00,2025-01-01 20:16:00,17
M1,ST4,Assembly,2025-01-01,Blocked,,,2025-01-01 20:24:00,2025-01-01 20:54:00,31
M1,ST4,Assembly,2025-01-01,Blocked,,,2025-01-01 21:20:00,2025-01-01 21:24:00,5
M1,ST4,Assembly,2025-01-01,Blocked,,,2025-01-01 21:58:00,2025-01-01 22:10:00,13
M1,ST4,Assembly,2025-01-02,Blocked,,,2025-01-02 00:21:00,2025-01-02 00:52:00,32
M1,ST4,Assembly,2025-01-02,Blocked,,,2025-01-02 01:42:00,2025-01-02 01:43:00,2
M1,ST4,Assembly,2025-01-02,Blocked,,,2025-01-02 02:08:00,2025-01-02 02:21:00,14
M1,ST4,Assembly,2025-01-02,Blocked,,,2025-01-02 03:18:00,2025-01-02 03:35:00,18
M1,ST4,Assembly,2025-01-02,Blocked,,,2025-01-02 05:27:00,2025-01-02 05:49:00,23
M1,ST4,Assembly,2025-01-02,Blocked,,,2025-01-02 05:57:00,2025-01-02 06:21:00,25
M1,ST4,Assembly,2025-01-02,Blocked,,,2025-01-02 07:20:00,2025-01-02 07:34:00,15
M1,ST4,Assembly,2025-01-02,Blocked,,,2025-01-02 10:16:00,2025-01-02 10:42:00,27
M1,ST4,Assembly,2025-01-02,Blocked,,,2025-01-02 10:47:00,2025-01-02 10:59:00,13
M1,ST4,Assembly,2025-01-02,Blocked,,,2025-01-02 11:18:00,2025-01-02 11:44:00,27
M1,ST4,Assembly,2025-01-02,Blocked,,,2025-01-02 13:04:00,2025-01-02 13:06:00,3
M1,ST4,Assembly,2025-01-02,Blocked,,,2025-01-02 13:46:00,2025-01-02 13:46:00,1
M1,ST4,Assembly,2025-01-02,Blocked,,,2025-01-02 15:37:00,2025-01-02 16:28:00,52
M1,ST4,Assembly,2025-01-02,Blocked,,,2025-01-02 16:38:00,2025-01-02 16:49:00,12
M1,ST4,Assembly,2025-01-02,Blocked,,,2025-01-02 17:52:00,2025-01-02 18:21:00,30
M1,ST4,Assembly,2025-01-02,Blocked,,,2025-01-02 19:35:00,2025-01-02 20:08:00,34
M1,ST4,Assembly,2025-01-02,Blocked,,,2025-01-02 20:49:00,2025-01-02 21:33:00,45
M1,ST4,Assembly,2025-01-02,Blocked,,,2025-01-02 23:00:00,2025-01-02 23:19:00,20
M1,ST4,Assembly,2025-01-02,Blocked,,,2025-01-02 23:30:00,2025-01-03 00:05:00,36
M1,ST4,Assembly,2025-01-03,Blocked,,,2025-01-03 00:09:00,2025-01-03 00:09:00,1
M1,ST4,Assembly,2025-01-03,Blocked,,,2025-01-03 01:58:00,2025-01-03 02:01:00,4
M1,ST4,Assembly,2025-01-03,Blocked,,,2025-01-03 02:53:00,2025-01-03 03:19:00,27
M1,ST4,Assembly,2025-01-03,Blocked,,,2025-01-03 04:09:00,2025-01-03 04:15:00,7
M1,ST4,Assembly,2025-01-03,Blocked,,,2025-01-03 04:23:00,2025-01-03 04:36:00,14
M1,ST4,Assembly,2025-01-03,Blocked,,,2025-01-03 04:39:00,2025-01-03 05:15:00,37
M1,ST4,Assembly,2025-01-03,Blocked,,,2025-01-03 05:19:00,2025-01-03 05:21:00,3
M1,ST4,Assembly,2025-01-03,Blocked,,,2025-01-03 05:39:00,2025-01-03 05:58:00,20
M1,ST4,Assembly,2025-01-03,Blocked,,,2025-01-03 07:16:00,2025-01-03 07:35:00,20
M1,ST4,Assembly,2025-01-03,Blocked,,,2025-01-03 08:10:00,2025-01-03 08:12:00,3
M1,ST4,Assembly,2025-01-03,Blocked,,,2025-01-03 10:06:00,2025-01-03 10:11:00,6
M1,ST4,Assembly,2025-01-03,Blocked,,,2025-01-03 10:28:00,2025-01-03 10:35:00,8
M1,ST4,Assembly,2025-01-03,Blocked,,,2025-01-03 11:05:00,2025-01-03 11:45:00,41
M1,ST4,Assembly,2025-01-03,Blocked,,,2025-01-03 12:01:00,2025-01-03 12:07:00,7
M1,ST4,Assembly,2025-01-03,Blocked,,,2025-01-03 12:45:00,2025-01-03 13:03:00,19
M1,ST4,Assembly,2025-01-03,Blocked,,,2025-01-03 13:12:00,2025-01-03 13:25:00,14
M1,ST4,Assembly,2025-01-03,Blocked,,,2025-01-03 13:35:00,2025-01-03 13:46:00,12
M1,ST4,Assembly,2025-01-03,Blocked,,,2025-01-03 14:04:00,2025-01-03 14:10:00,7
M1,ST4,Assembly,2025-01-03,Blocked,,,2025-01-03 17:38:00,2025-01-03 17:46:00,9
M1,ST4,Assembly,2025-01-03,Blocked,,,2025-01-03 17:48:00,2025-01-03 18:22:00,35
M1,ST4,Assembly,2025-01-03,Blocked,,,2025-01-03 19:43:00,2025-01-03 20:04:00,22
M1,ST4,Assembly,2025-01-03,Blocked,,,2025-01-03 20:08:00,2025-01-03 20:12:00,5
M1,ST4,Assembly,2025-01-03,Blocked,,,2025-01-03 21:00:00,2025-01-03 21:29:00,30
M1,ST4,Assembly,2025-01-03,Blocked,,,2025-01-03 23:19:00,2025-01-04 00:19:00,61
M1,ST4,Assembly,2025-01-04,Blocked,,,2025-01-04 00:34:00,2025-01-04 00:55:00,22
M1,ST4,Assembly,2025-01-04,Blocked,,,2025-01-04 02:26:00,2025-01-04 03:17:00,52
M1,ST4,Assembly,2025-01-04,Blocked,,,2025-01-04 03:19:00,2025-01-04 03:39:00,21
M1,ST4,Assembly,2025-01-04,Blocked,,,2025-01-04 05:18:00,2025-01-04 05:23:00,6
M1,ST4,Assembly,2025-01-04,Blocked,,,2025-01-04 05:56:00,2025-01-04 05:58:00,3
M1,ST4,Assembly,2025-01-04,Blocked,,,2025-01-04 07:09:00,2025-01-04 07:31:00,23
M1,ST4,Assembly,2025-01-04,Blocked,,,2025-01-04 07:42:00,2025-01-04 07:46:00,5
M1,ST4,Assembly,2025-01-04,Blocked,,,2025-01-04 09:02:00,2025-01-04 09:02:00,1
M1,ST4,Assembly,2025-01-04,Blocked,,,2025-01-04 10:49:00,2025-01-04 10:57:00,9
M1,ST4,Assembly,2025-01-04,Blocked,,,2025-01-04 11:01:00,2025-01-04 11:09:00,9
M1,ST4,Assembly,2025-01-04,Blocked,,,2025-01-04 12:03:00,2025-01-04 12:17:00,15
M1,ST4,Assembly,2025-01-04,Blocked,,,2025-01-04 12:28:00,2025-01-04 13:14:00,47
M1,ST4,Assembly,2025-01-04,Blocked,,,2025-01-04 13:16:00,2025-01-04 13:46:00,31
M1,ST4,Assembly,2025-01-04,Blocked,,,2025-01-04 14:05:00,2025-01-04 14:05:00,1
M1,ST4,Assembly,2025-01-04,Blocked,,,2025-01-04 14:09:00,2025-01-04 14:35:00,27
M1,ST4,Assembly,2025-01-04,Blocked,,,2025-01-04 17:17:00,2025-01-04 17:43:00,27
M1,ST4,Assembly,2025-01-04,Blocked,,,2025-01-04 18:30:00,2025-01-04 18:55:00,26
M1,ST4,Assembly,2025-01-04,Blocked,,,2025-01-04 19:05:00,2025-01-04 19:20:00,16
M1,ST4,Assembly,2025-01-04,Blocked,,,2025-01-04 21:38:00,2025-01-04 21:55:00,18
M1,ST4,Assembly,2025-01-04,Blocked,,,2025-01-04 22:35:00,2025-01-04 22:41:00,7
M1,ST4,Assembly,2025-01-04,Blocked,,,2025-01-04 22:56:00,2025-01-04 23:25:00,30
M1,ST4,Assembly,2025-01-05,Blocked,,,2025-01-05 00:02:00,2025-01-05 00:11:00,10
M1,ST4,Assembly,2025-01-05,Blocked,,,2025-01-05 00:37:00,2025-01-05 01:01:00,25
M1,ST4,Assembly,2025-01-05,Blocked,,,2025-01-05 06:44:00,2025-01-05 07:13:00,30
M1,ST4,Assembly,2025-01-05,Blocked,,,2025-01-05 07:17:00,2025-01-05 07:42:00,26
M1,ST4,Assembly,2025-01-05,Blocked,,,2025-01-05 09:17:00,2025-01-05 09:44:00,28
M1,ST4,Assembly,2025-01-05,Blocked,,,2025-01-05 12:14:00,2025-01-05 12:22:00,9
M1,ST4,Assembly,2025-01-05,Blocked,,,2025-01-05 12:26:00,2025-01-05 12:40:00,15
M1,ST4,Assembly,2025-01-05,Blocked,,,2025-01-05 13:14:00,2025-01-05 13:23:00,10
M1,ST4,Assembly,2025-01-05,Blocked,,,2025-01-05 19:01:00,2025-01-05 19:27:00,27
M1,ST4,Assembly,2025-01-05,Blocked,,,2025-01-05 19:33:00,2025-01-05 19:52:00,20
M1,ST4,Assembly,2025-01-05,Blocked,,,2025-01-05 21:34:00,2025-01-05 21:47:00,14
M1,ST4,Assembly,2025-01-06,Blocked,,,2025-01-06 02:27:00,2025-01-06 02:29:00,3
M1,ST4,Assembly,2025-01-06,Blocked,,,2025-01-06 02:38:00,2025-01-06 02:56:00,19
M1,ST4,Assembly,2025-01-06,Blocked,,,2025-01-06 03:29:00,2025-01-06 03:34:00,6
M1,ST4,Assembly,2025-01-06,Blocked,,,2025-01-06 05:25:00,2025-01-06 05:45:00,21
M1,ST4,Assembly,2025-01-06,Blocked,,,2025-01-06 05:50:00,2025-01-06 06:28:00,39
M1,ST4,Assembly,2025-01-06,Blocked,,,2025-01-06 11:08:00,2025-01-06 11:18:00,11
M1,ST4,Assembly,2025-01-06,Blocked,,,2025-01-06 11:22:00,2025-01-06 11:26:00,5
M1,ST4,Assembly,2025-01-06,Blocked,,,2025-01-06 12:28:00,2025-01-06 12:39:00,12
M1,ST4,Assembly,2025-01-06,Blocked,,,2025-01-06 15:39:00,2025-01-06 15:40:00,2
M1,ST4,Assembly,2025-01-06,Blocked,,,2025-01-06 17:19:00,2025-01-06 17:40:00,22
M1,ST4,Assembly,2025-01-06,Blocked,,,2025-01-06 17:45:00,2025-01-06 18:13:00,29
M1,ST4,Assembly,2025-01-06,Blocked,,,2025-01-06 18:26:00,2025-01-06 18:54:00,29
M1,ST4,Assembly,2025-01-06,Blocked,,,2025-01-06 21:39:00,2025-01-06 22:17:00,39
M1,ST4,Assembly,2025-01-06,Blocked,,,2025-01-06 23:30:00,2025-01-07 00:09:00,40
M1,ST4,Assembly,2025-01-07,Blocked,,,2025-01-07 00:36:00,2025-01-07 00:59:00,24
M1,ST4,Assembly,2025-01-07,Blocked,,,2025-01-07 01:57:00,2025-01-07 02:01:00,5
M1,ST4,Assembly,2025-01-07,Blocked,,,2025-01-07 02:07:00,2025-01-07 02:22:00,16
M1,ST4,Assembly,2025-01-07,Blocked,,,2025-01-07 05:05:00,2025-01-07 05:41:00,37
M1,ST4,Assembly,2025-01-07,Blocked,,,2025-01-07 06:12:00,2025-01-07 06:24:00,13
M1,ST4,Assembly,2025-01-07,Blocked,,,2025-01-07 07:37:00,2025-01-07 07:46:00,10
M1,ST4,Assembly,2025-01-07,Blocked,,,2025-01-07 08:38:00,2025-01-07 08:46:00,9
M1,ST4,Assembly,2025-01-07,Blocked,,,2025-01-07 08:50:00,2025-01-07 08:50:00,1
M1,ST4,Assembly,2025-01-07,Blocked,,,2025-01-07 09:23:00,2025-01-07 10:09:00,47
M1,ST4,Assembly,2025-01-07,Blocked,,,2025-01-07 10:19:00,2025-01-07 11:17:00,59
M1,ST4,Assembly,2025-01-07,Blocked,,,2025-01-07 12:07:00,2025-01-07 12:15:00,9
M1,ST4,Assembly,2025-01-07,Blocked,,,2025-01-07 13:37:00,2025-01-07 13:41:00,5
M1,ST4,Assembly,2025-01-07,Blocked,,,2025-01-07 16:11:00,2025-01-07 16:59:00,49
M1,ST4,Assembly,2025-01-07,Blocked,,,2025-01-07 18:45:00,2025-01-07 18:56:00,12
M1,ST4,Assembly,2025-01-07,Blocked,,,2025-01-07 20:32:00,2025-01-07 20:35:00,4
M1,ST4,Assembly,2025-01-07,Blocked,,,2025-01-07 21:24:00,2025-01-07 21:52:00,29
M1,ST4,Assembly,2025-01-07,Blocked,,,2025-01-07 22:07:00,2025-01-07 22:34:00,28
M1,ST4,Assembly,2025-01-07,Blocked,,,2025-01-07 22:38:00,2025-01-07 23:31:00,54
M1,ST4,Assembly,2025-01-08,Blocked,,,2025-01-08 02:05:00,2025-01-08 02:32:00,28
M1,ST4,Assembly,2025-01-08,Blocked,,,2025-01-08 02:35:00,2025-01-08 02:43:00,9
M1,ST4,Assembly,2025-01-08,Blocked,,,2025-01-08 03:10:00,2025-01-08 03:14:00,5
M1,ST4,Assembly,2025-01-08,Blocked,,,2025-01-08 03:24:00,2025-01-08 04:01:00,38
M1,ST4,Assembly,2025-01-08,Blocked,,,2025-01-08 04:49:00,2025-01-08 05:42:00,54
M1,ST4,Assembly,2025-01-08,Blocked,,,2025-01-08 06:22:00,2025-01-08 06:31:00,10
M1,ST4,Assembly,2025-01-08,Blocked,,,2025-01-08 06:47:00,2025-01-08 06:59:00,13
M1,ST4,Assembly,2025-01-08,Blocked,,,2025-01-08 08:04:00,2025-01-08 08:06:00,3
M1,ST4,Assembly,2025-01-08,Blocked,,,2025-01-08 09:00:00,2025-01-08 09:19:00,20
M1,ST4,Assembly,2025-01-08,Blocked,,,2025-01-08 10:27:00,2025-01-08 10:55:00,29
M1,ST4,Assembly,2025-01-08,Blocked,,,2025-01-08 11:17:00,2025-01-08 11:33:00,17
M1,ST4,Assembly,2025-01-08,Blocked,,,2025-01-08 16:39:00,2025-01-08 16:42:00,4
M1,ST4,Assembly,2025-01-08,Blocked,,,2025-01-08 17:07:00,2025-01-08 17:41:00,35
M1,ST4,Assembly,2025-01-08,Blocked,,,2025-01-08 18:02:00,2025-01-08 18:28:00,27
M1,ST4,Assembly,2025-01-08,Blocked,,,2025-01-08 18:55:00,2025-01-08 19:13:00,19
M1,ST4,Assembly,2025-01-08,Blocked,,,2025-01-08 20:45:00,2025-01-08 21:12:00,28
M1,ST4,Assembly,2025-01-08,Blocked,,,2025-01-08 21:14:00,2025-01-08 21:23:00,10
M1,ST4,Assembly,2025-01-08,Blocked,,,2025-01-08 21:44:00,2025-01-08 22:14:00,31
M1,ST4,Assembly,2025-01-08,Blocked,,,2025-01-08 22:30:00,2025-01-08 22:32:00,3
M1,ST4,Assembly,2025-01-09,Blocked,,,2025-01-09 00:38:00,2025-01-09 00:39:00,2
M1,ST4,Assembly,2025-01-09,Blocked,,,2025-01-09 02:28:00,2025-01-09 02:29:00,2
M1,ST4,Assembly,2025-01-09,Blocked,,,2025-01-09 03:59:00,2025-01-09 04:35:00,37
M1,ST4,Assembly,2025-01-09,Blocked,,,2025-01-09 05:04:00,2025-01-09 05:23:00,20
M1,ST4,Assembly,2025-01-09,Blocked,,,2025-01-09 05:27:00,2025-01-09 05:48:00,22
M1,ST4,Assembly,2025-01-09,Blocked,,,2025-01-09 05:55:00,2025-01-09 06:24:00,30
M1,ST4,Assembly,2025-01-09,Blocked,,,2025-01-09 07:05:00,2025-01-09 07:14:00,10
M1,ST4,Assembly,2025-01-09,Blocked,,,2025-01-09 07:22:00,2025-01-09 07:33:00,12
M1,ST4,Assembly,2025-01-09,Blocked,,,2025-01-09 07:35:00,2025-01-09 07:55:00,21
M1,ST4,Assembly,2025-01-09,Blocked,,,2025-01-09 08:08:00,2025-01-09 08:29:00,22
M1,ST4,Assembly,2025-01-09,Blocked,,,2025-01-09 09:18:00,2025-01-09 09:41:00,24
M1,ST4,Assembly,2025-01-09,Blocked,,,2025-01-09 11:13:00,2025-01-09 11:16:00,4
M1,ST4,Assembly,2025-01-09,Blocked,,,2025-01-09 12:12:00,2025-01-09 12:22:00,11
M1,ST4,Assembly,2025-01-09,Blocked,,,2025-01-09 12:40:00,2025-01-09 13:05:00,26
M1,ST4,Assembly,2025-01-09,Blocked,,,2025-01-09 13:10:00,2025-01-09 13:31:00,22
M1,ST4,Assembly,2025-01-09,Blocked,,,2025-01-09 14:22:00,2025-01-09 14:57:00,36
M1,ST4,Assembly,2025-01-09,Blocked,,,2025-01-09 14:59:00,2025-01-09 15:27:00,29
M1,ST4,Assembly,2025-01-09,Blocked,,,2025-01-09 17:23:00,2025-01-09 17:42:00,20
M1,ST4,Assembly,2025-01-09,Blocked,,,2025-01-09 17:48:00,2025-01-09 18:11:00,24
M1,ST4,Assembly,2025-01-09,Blocked,,,2025-01-09 20:05:00,2025-01-09 20:34:00,30
M1,ST4,Assembly,2025-01-09,Blocked,,,2025-01-09 20:36:00,2025-01-09 20:39:00,4
M1,ST4,Assembly,2025-01-09,Blocked,,,2025-01-09 21:14:00,2025-01-09 21:42:00,29
M1,ST4,Assembly,2025-01-09,Blocked,,,2025-01-09 22:40:00,2025-01-09 22:54:00,15
M1,ST4,Assembly,2025-01-09,Blocked,,,2025-01-09 23:03:00,2025-01-09 23:31:00,29
M1,ST4,Assembly,2025-01-10,Blocked,,,2025-01-10 00:23:00,2025-01-10 00:27:00,5
M1,ST4,Assembly,2025-01-10,Blocked,,,2025-01-10 00:29:00,2025-01-10 00:50:00,22
M1,ST4,Assembly,2025-01-10,Blocked,,,2025-01-10 00:56:00,2025-01-10 01:07:00,12
M1,ST4,Assembly,2025-01-10,Blocked,,,2025-01-10 02:34:00,2025-01-10 02:49:00,16
M1,ST4,Assembly,2025-01-10,Blocked,,,2025-01-10 03:44:00,2025-01-10 03:47:00,4
M1,ST4,Assembly,2025-01-10,Blocked,,,2025-01-10 03:53:00,2025-01-10 04:05:00,13
M1,ST4,Assembly,2025-01-10,Blocked,,,2025-01-10 04:49:00,2025-01-10 05:05:00,17
M1,ST4,Assembly,2025-01-10,Blocked,,,2025-01-10 06:38:00,2025-01-10 07:01:00,24
M1,ST4,Assembly,2025-01-10,Blocked,,,2025-01-10 09:28:00,2025-01-10 09:54:00,27
M1,ST4,Assembly,2025-01-10,Blocked,,,2025-01-10 10:02:00,2025-01-10 10:11:00,10
M1,ST4,Assembly,2025-01-10,Blocked,,,2025-01-10 10:36:00,2025-01-10 11:02:00,27
M1,ST4,Assembly,2025-01-10,Blocked,,,2025-01-10 11:27:00,2025-01-10 11:55:00,29
M1,ST4,Assembly,2025-01-10,Blocked,,,2025-01-10 12:29:00,2025-01-10 12:55:00,27
M1,ST4,Assembly,2025-01-10,Blocked,,,2025-01-10 13:02:00,2025-01-10 13:09:00,8
M1,ST4,Assembly,2025-01-10,Blocked,,,2025-01-10 14:37:00,2025-01-10 14:54:00,18
M1,ST4,Assembly,2025-01-10,Blocked,,,2025-01-10 17:33:00,2025-01-10 17:33:00,1
M1,ST4,Assembly,2025-01-10,Blocked,,,2025-01-10 20:07:00,2025-01-10 20:37:00,31
M1,ST4,Assembly,2025-01-10,Blocked,,,2025-01-10 20:41:00,2025-01-10 20:49:00,9
M1,ST4,Assembly,2025-01-10,Blocked,,,2025-01-10 21:12:00,2025-01-10 21:28:00,17
M1,ST4,Assembly,2025-01-11,Blocked,,,2025-01-11 00:32:00,2025-01-11 00:53:00,22
M1,ST4,Assembly,2025-01-11,Blocked,,,2025-01-11 01:25:00,2025-01-11 01:53:00,29
M1,ST4,Assembly,2025-01-11,Blocked,,,2025-01-11 02:59:00,2025-01-11 03:01:00,3
M1,ST4,Assembly,2025-01-11,Blocked,,,2025-01-11 03:08:00,2025-01-11 03:30:00,23
M1,ST4,Assembly,2025-01-11,Blocked,,,2025-01-11 03:47:00,2025-01-11 03:51:00,5
M1,ST4,Assembly,2025-01-11,Blocked,,,2025-01-11 08:24:00,2025-01-11 08:55:00,32
M1,ST4,Assembly,2025-01-11,Blocked,,,2025-01-11 09:02:00,2025-01-11 09:36:00,35
M1,ST4,Assembly,2025-01-11,Blocked,,,2025-01-11 10:10:00,2025-01-11 10:41:00,32
M1,ST4,Assembly,2025-01-11,Blocked,,,2025-01-11 12:02:00,2025-01-11 12:14:00,13
M1,ST4,Assembly,2025-01-11,Blocked,,,2025-01-11 12:53:00,2025-01-11 13:05:00,13
M1,ST4,Assembly,2025-01-11,Blocked,,,2025-01-11 14:42:00,2025-01-11 14:50:00,9
M1,ST4,Assembly,2025-01-11,Blocked,,,2025-01-11 15:14:00,2025-01-11 15:27:00,14
M1,ST4,Assembly,2025-01-11,Blocked,,,2025-01-11 17:00:00,2025-01-11 17:10:00,11
M1,ST4,Assembly,2025-01-11,Blocked,,,2025-01-11 17:45:00,2025-01-11 17:54:00,10
M1,ST4,Assembly,2025-01-11,Blocked,,,2025-01-11 18:47:00,2025-01-11 18:59:00,13
M1,ST4,Assembly,2025-01-11,Blocked,,,2025-01-11 21:30:00,2025-01-11 21:32:00,3
M1,ST4,Assembly,2025-01-11,Blocked,,,2025-01-11 22:00:00,2025-01-11 22:15:00,16
M1,ST4,Assembly,2025-01-12,Blocked,,,2025-01-12 00:01:00,2025-01-12 00:29:00,29
M1,ST4,Assembly,2025-01-12,Blocked,,,2025-01-12 00:48:00,2025-01-12 01:01:00,14
M1,ST4,Assembly,2025-01-12,Blocked,,,2025-01-12 02:32:00,2025-01-12 02:33:00,2
M1,ST4,Assembly,2025-01-12,Blocked,,,2025-01-12 02:52:00,2025-01-12 03:17:00,26
M1,ST4,Assembly,2025-01-12,Blocked,,,2025-01-12 07:21:00,2025-01-12 07:39:00,19
M1,ST4,Assembly,2025-01-12,Blocked,,,2025-01-12 07:43:00,2025-01-12 08:15:00,33
M1,ST4,Assembly,2025-01-12,Blocked,,,2025-01-12 08:52:00,2025-01-12 09:26:00,35
M1,ST4,Assembly,2025-01-12,Blocked,,,2025-01-12 09:32:00,2025-01-12 09:42:00,11
M1,ST4,Assembly,2025-01-12,Blocked,,,2025-01-12 10:45:00,2025-01-12 10:45:00,1
M1,ST4,Assembly,2025-01-12,Blocked,,,2025-01-12 12:38:00,2025-01-12 12:39:00,2
M1,ST4,Assembly,2025-01-12,Blocked,,,2025-01-12 13:03:00,2025-01-12 13:09:00,7
M1,ST4,Assembly,2025-01-12,Blocked,,,2025-01-12 13:27:00,2025-01-12 13:34:00,8
M1,ST4,Assembly,2025-01-12,Blocked,,,2025-01-12 14:11:00,2025-01-12 14:23:00,13
M1,ST4,Assembly,2025-01-12,Blocked,,,2025-01-12 16:43:00,2025-01-12 16:51:00,9
M1,ST4,Assembly,2025-01-12,Blocked,,,2025-01-12 18:21:00,2025-01-12 18:30:00,10
M1,ST4,Assembly,2025-01-12,Blocked,,,2025-01-12 19:03:00,2025-01-12 19:27:00,25
M1,ST4,Assembly,2025-01-12,Blocked,,,2025-01-12 19:45:00,2025-01-12 19:58:00,14
M1,ST4,Assembly,2025-01-12,Blocked,,,2025-01-12 22:01:00,2025-01-12 22:15:00,15
M1,ST4,Assembly,2025-01-12,Blocked,,,2025-01-12 22:54:00,2025-01-12 23:01:00,8
M1,ST4,Assembly,2025-01-12,Blocked,,,2025-01-12 23:05:00,2025-01-12 23:40:00,36
M1,ST4,Assembly,2025-01-13,Blocked,,,2025-01-13 00:13:00,2025-01-13 00:18:00,6
M1,ST4,Assembly,2025-01-13,Blocked,,,2025-01-13 01:00:00,2025-01-13 01:25:00,26
M1,ST4,Assembly,2025-01-13,Blocked,,,2025-01-13 03:14:00,2025-01-13 03:37:00,24
M1,ST4,Assembly,2025-01-13,Blocked,,,2025-01-13 04:07:00,2025-01-13 04:10:00,4
M1,ST4,Assembly,2025-01-13,Blocked,,,2025-01-13 06:16:00,2025-01-13 06:21:00,6
M1,ST4,Assembly,2025-01-13,Blocked,,,2025-01-13 06:51:00,2025-01-13 07:00:00,10
M1,ST4,Assembly,2025-01-13,Blocked,,,2025-01-13 07:08:00,2025-01-13 07:11:00,4
M1,ST4,Assembly,2025-01-13,Blocked,,,2025-01-13 07:15:00,2025-01-13 07:27:00,13
M1,ST4,Assembly,2025-01-13,Blocked,,,2025-01-13 08:57:00,2025-01-13 09:24:00,28
M1,ST4,Assembly,2025-01-13,Blocked,,,2025-01-13 10:26:00,2025-01-13 10:29:00,4
M1,ST4,Assembly,2025-01-13,Blocked,,,2025-01-13 10:34:00,2025-01-13 11:03:00,30
M1,ST4,Assembly,2025-01-13,Blocked,,,2025-01-13 11:38:00,2025-01-13 12:04:00,27
M1,ST4,Assembly,2025-01-13,Blocked,,,2025-01-13 12:13:00,2025-01-13 12:37:00,25
M1,ST4,Assembly,2025-01-13,Blocked,,,2025-01-13 13:42:00,2025-01-13 13:53:00,12
M1,ST4,Assembly,2025-01-13,Blocked,,,2025-01-13 14:20:00,2025-01-13 14:45:00,26
M1,ST4,Assembly,2025-01-13,Blocked,,,2025-01-13 17:51:00,2025-01-13 18:22:00,32
M1,ST4,Assembly,2025-01-13,Blocked,,,2025-01-13 18:26:00,2025-01-13 18:28:00,3
M1,ST4,Assembly,2025-01-13,Blocked,,,2025-01-13 19:11:00,2025-01-13 19:15:00,5
M1,ST4,Assembly,2025-01-13,Blocked,,,2025-01-13 20:26:00,2025-01-13 20:56:00,31
M1,ST4,Assembly,2025-01-13,Blocked,,,2025-01-13 21:19:00,2025-01-13 21:28:00,10
M1,ST4,Assembly,2025-01-13,Blocked,,,2025-01-13 23:03:00,2025-01-13 23:28:00,26
M1,ST4,Assembly,2025-01-14,Blocked,,,2025-01-14 00:07:00,2025-01-14 00:49:00,43
M1,ST4,Assembly,2025-01-14,Blocked,,,2025-01-14 02:30:00,2025-01-14 02:52:00,23
M1,ST4,Assembly,2025-01-14,Blocked,,,2025-01-14 06:25:00,2025-01-14 06:57:00,33
M1,ST4,Assembly,2025-01-14,Blocked,,,2025-01-14 08:39:00,2025-01-14 08:58:00,20
M1,ST4,Assembly,2025-01-14,Blocked,,,2025-01-14 09:39:00,2025-01-14 09:48:00,10
M1,ST4,Assembly,2025-01-14,Blocked,,,2025-01-14 10:31:00,2025-01-14 10:52:00,22
M1,ST4,Assembly,2025-01-14,Blocked,,,2025-01-14 12:08:00,2025-01-14 12:42:00,35
M1,ST4,Assembly,2025-01-14,Blocked,,,2025-01-14 14:33:00,2025-01-14 14:35:00,3
M1,ST4,Assembly,2025-01-14,Blocked,,,2025-01-14 16:40:00,2025-01-14 17:02:00,23
M1,ST4,Assembly,2025-01-14,Blocked,,,2025-01-14 17:06:00,2025-01-14 17:08:00,3
M1,ST4,Assembly,2025-01-14,Blocked,,,2025-01-14 17:31:00,2025-01-14 18:06:00,36
M1,ST4,Assembly,2025-01-14,Blocked,,,2025-01-14 18:23:00,2025-01-14 18:32:00,10
M1,ST4,Assembly,2025-01-14,Blocked,,,2025-01-14 18:59:00,2025-01-14 19:10:00,12
M1,ST4,Assembly,2025-01-14,Blocked,,,2025-01-14 22:08:00,2025-01-14 22:48:00,41
M1,ST4,Assembly,2025-01-15,Blocked,,,2025-01-15 01:51:00,2025-01-15 02:01:00,11
M1,ST4,Assembly,2025-01-15,Blocked,,,2025-01-15 03:48:00,2025-01-15 04:12:00,25
M1,ST4,Assembly,2025-01-15,Blocked,,,2025-01-15 04:38:00,2025-01-15 04:43:00,6
M1,ST4,Assembly,2025-01-15,Blocked,,,2025-01-15 05:26:00,2025-01-15 05:41:00,16
M1,ST4,Assembly,2025-01-15,Blocked,,,2025-01-15 06:16:00,2025-01-15 06:38:00,23
M1,ST4,Assembly,2025-01-15,Blocked,,,2025-01-15 08:03:00,2025-01-15 08:06:00,4
M1,ST4,Assembly,2025-01-15,Blocked,,,2025-01-15 09:53:00,2025-01-15 09:58:00,6
M1,ST4,Assembly,2025-01-15,Blocked,,,2025-01-15 13:06:00,2025-01-15 13:15:00,10
M1,ST4,Assembly,2025-01-15,Blocked,,,2025-01-15 13:47:00,2025-01-15 13:58:00,12
M1,ST4,Assembly,2025-01-15,Blocked,,,2025-01-15 14:44:00,2025-01-15 15:22:00,39
M1,ST4,Assembly,2025-01-15,Blocked,,,2025-01-15 15:43:00,2025-01-15 16:02:00,20
M1,ST4,Assembly,2025-01-15,Blocked,,,2025-01-15 16:35:00,2025-01-15 16:59:00,25
M1,ST4,Assembly,2025-01-15,Blocked,,,2025-01-15 18:50:00,2025-01-15 19:14:00,25
M1,ST4,Assembly,2025-01-15,Blocked,,,2025-01-15 22:24:00,2025-01-15 22:33:00,10
M1,ST4,Assembly,2025-01-16,Blocked,,,2025-01-16 00:46:00,2025-01-16 00:52:00,7
M1,ST4,Assembly,2025-01-16,Blocked,,,2025-01-16 02:25:00,2025-01-16 02:29:00,5
M1,ST4,Assembly,2025-01-16,Blocked,,,2025-01-16 02:41:00,2025-01-16 02:59:00,19
M1,ST4,Assembly,2025-01-16,Blocked,,,2025-01-16 03:04:00,2025-01-16 03:26:00,23
M1,ST4,Assembly,2025-01-16,Blocked,,,2025-01-16 03:30:00,2025-01-16 03:47:00,18
M1,ST4,Assembly,2025-01-16,Blocked,,,2025-01-16 05:45:00,2025-01-16 05:48:00,4
M1,ST4,Assembly,2025-01-16,Blocked,,,2025-01-16 07:11:00,2025-01-16 07:18:00,8
M1,ST4,Assembly,2025-01-16,Blocked,,,2025-01-16 09:14:00,2025-01-16 09:14:00,1
M1,ST4,Assembly,2025-01-16,Blocked,,,2025-01-16 11:36:00,2025-01-16 11:44:00,9
M1,ST4,Assembly,2025-01-16,Blocked,,,2025-01-16 12:00:00,2025-01-16 12:31:00,32
M1,ST4,Assembly,2025-01-16,Blocked,,,2025-01-16 13:08:00,2025-01-16 13:19:00,12
M1,ST4,Assembly,2025-01-16,Blocked,,,2025-01-16 13:41:00,2025-01-16 13:53:00,13
M1,ST4,Assembly,2025-01-16,Blocked,,,2025-01-16 15:33:00,2025-01-16 15:47:00,15
M1,ST4,Assembly,2025-01-16,Blocked,,,2025-01-16 16:49:00,2025-01-16 17:18:00,30
M1,ST4,Assembly,2025-01-16,Blocked,,,2025-01-16 17:28:00,2025-01-16 17:42:00,15
M1,ST4,Assembly,2025-01-16,Blocked,,,2025-01-16 20:11:00,2025-01-16 20:35:00,25
M1,ST4,Assembly,2025-01-16,Blocked,,,2025-01-16 20:41:00,2025-01-16 20:41:00,1
M1,ST4,Assembly,2025-01-16,Blocked,,,2025-01-16 20:45:00,2025-01-16 20:47:00,3
M1,ST4,Assembly,2025-01-16,Blocked,,,2025-01-16 20:59:00,2025-01-16 21:31:00,33
M1,ST4,Assembly,2025-01-16,Blocked,,,2025-01-16 21:48:00,2025-01-16 21:55:00,8
M1,ST4,Assembly,2025-01-16,Blocked,,,2025-01-16 22:59:00,2025-01-16 23:03:00,5
M1,ST4,Assembly,2025-01-16,Blocked,,,2025-01-16 23:12:00,2025-01-16 23:24:00,13
M1,ST4,Assembly,2025-01-17,Blocked,,,2025-01-17 00:21:00,2025-01-17 00:50:00,30
M1,ST4,Assembly,2025-01-17,Blocked,,,2025-01-17 01:44:00,2025-01-17 02:16:00,33
M1,ST4,Assembly,2025-01-17,Blocked,,,2025-01-17 05:28:00,2025-01-17 05:45:00,18
M1,ST4,Assembly,2025-01-17,Blocked,,,2025-01-17 06:07:00,2025-01-17 06:23:00,17
M1,ST4,Assembly,2025-01-17,Blocked,,,2025-01-17 07:03:00,2025-01-17 07:14:00,12
M1,ST4,Assembly,2025-01-17,Blocked,,,2025-01-17 08:14:00,2025-01-17 08:15:00,2
M1,ST4,Assembly,2025-01-17,Blocked,,,2025-01-17 08:48:00,2025-01-17 09:12:00,25
M1,ST4,Assembly,2025-01-17,Blocked,,,2025-01-17 09:28:00,2025-01-17 09:44:00,17
M1,ST4,Assembly,2025-01-17,Blocked,,,2025-01-17 11:06:00,2025-01-17 11:20:00,15
M1,ST4,Assembly,2025-01-17,Blocked,,,2025-01-17 12:17:00,2025-01-17 12:32:00,16
M1,ST4,Assembly,2025-01-17,Blocked,,,2025-01-17 12:59:00,2025-01-17 13:14:00,16
M1,ST4,Assembly,2025-01-17,Blocked,,,2025-01-17 13:41:00,2025-01-17 13:48:00,8
M1,ST4,Assembly,2025-01-17,Blocked,,,2025-01-17 14:19:00,2025-01-17 14:31:00,13
M1,ST4,Assembly,2025-01-17,Blocked,,,2025-01-17 15:38:00,2025-01-17 15:44:00,7
M1,ST4,Assembly,2025-01-17,Blocked,,,2025-01-17 17:49:00,2025-01-17 17:58:00,10
M1,ST4,Assembly,2025-01-17,Blocked,,,2025-01-17 20:20:00,2025-01-17 20:52:00,33
M1,ST4,Assembly,2025-01-17,Blocked,,,2025-01-17 21:54:00,2025-01-17 22:30:00,37
M1,ST4,Assembly,2025-01-17,Blocked,,,2025-01-17 23:54:00,2025-01-17 23:57:00,4
M1,ST4,Assembly,2025-01-18,Blocked,,,2025-01-18 00:01:00,2025-01-18 00:05:00,5
M1,ST4,Assembly,2025-01-18,Blocked,,,2025-01-18 02:02:00,2025-01-18 02:23:00,22
M1,ST4,Assembly,2025-01-18,Blocked,,,2025-01-18 03:54:00,2025-01-18 04:21:00,28
M1,ST4,Assembly,2025-01-18,Blocked,,,2025-01-18 04:49:00,2025-01-18 05:23:00,35
M1,ST4,Assembly,2025-01-18,Blocked,,,2025-01-18 05:40:00,2025-01-18 06:05:00,26
M1,ST4,Assembly,2025-01-18,Blocked,,,2025-01-18 06:13:00,2025-01-18 06:14:00,2
M1,ST4,Assembly,2025-01-18,Blocked,,,2025-01-18 07:19:00,2025-01-18 07:24:00,6
M1,ST4,Assembly,2025-01-18,Blocked,,,2025-01-18 07:32:00,2025-01-18 07:52:00,21
M1,ST4,Assembly,2025-01-18,Blocked,,,2025-01-18 07:56:00,2025-01-18 07:57:00,2
M1,ST4,Assembly,2025-01-18,Blocked,,,2025-01-18 09:45:00,2025-01-18 09:52:00,8
M1,ST4,Assembly,2025-01-18,Blocked,,,2025-01-18 11:34:00,2025-01-18 12:03:00,30
M1,ST4,Assembly,2025-01-18,Blocked,,,2025-01-18 12:11:00,2025-01-18 12:16:00,6
M1,ST4,Assembly,2025-01-18,Blocked,,,2025-01-18 13:09:00,2025-01-18 13:15:00,7
M1,ST4,Assembly,2025-01-18,Blocked,,,2025-01-18 14:51:00,2025-01-18 15:37:00,47
M1,ST4,Assembly,2025-01-18,Blocked,,,2025-01-18 16:17:00,2025-01-18 16:50:00,34
M1,ST4,Assembly,2025-01-18,Blocked,,,2025-01-18 17:16:00,2025-01-18 17:20:00,5
M1,ST4,Assembly,2025-01-18,Blocked,,,2025-01-18 18:59:00,2025-01-18 19:04:00,6
M1,ST4,Assembly,2025-01-18,Blocked,,,2025-01-18 20:43:00,2025-01-18 20:43:00,1
M1,ST4,Assembly,2025-01-18,Blocked,,,2025-01-18 22:10:00,2025-01-18 22:19:00,10
M1,ST4,Assembly,2025-01-19,Blocked,,,2025-01-19 00:05:00,2025-01-19 00:13:00,9
M1,ST4,Assembly,2025-01-19,Blocked,,,2025-01-19 00:18:00,2025-01-19 00:28:00,11
M1,ST4,Assembly,2025-01-19,Blocked,,,2025-01-19 02:00:00,2025-01-19 02:08:00,9
M1,ST4,Assembly,2025-01-19,Blocked,,,2025-01-19 04:22:00,2025-01-19 04:32:00,11
M1,ST4,Assembly,2025-01-19,Blocked,,,2025-01-19 05:22:00,2025-01-19 05:23:00,2
M1,ST4,Assembly,2025-01-19,Blocked,,,2025-01-19 11:22:00,2025-01-19 11:29:00,8
M1,ST4,Assembly,2025-01-19,Blocked,,,2025-01-19 12:38:00,2025-01-19 12:48:00,11
M1,ST4,Assembly,2025-01-19,Blocked,,,2025-01-19 13:21:00,2025-01-19 13:34:00,14
M1,ST4,Assembly,2025-01-19,Blocked,,,2025-01-19 14:50:00,2025-01-19 15:04:00,15
M1,ST4,Assembly,2025-01-19,Blocked,,,2025-01-19 15:08:00,2025-01-19 15:23:00,16
M1,ST4,Assembly,2025-01-19,Blocked,,,2025-01-19 18:35:00,2025-01-19 18:43:00,9
M1,ST4,Assembly,2025-01-19,Blocked,,,2025-01-19 19:36:00,2025-01-19 20:39:00,64
M1,ST4,Assembly,2025-01-19,Blocked,,,2025-01-19 21:39:00,2025-01-19 21:55:00,17
M1,ST4,Assembly,2025-01-20,Blocked,,,2025-01-20 01:49:00,2025-01-20 02:23:00,35
M1,ST4,Assembly,2025-01-20,Blocked,,,2025-01-20 04:00:00,2025-01-20 04:01:00,2
M1,ST4,Assembly,2025-01-20,Blocked,,,2025-01-20 04:55:00,2025-01-20 05:17:00,23
M1,ST4,Assembly,2025-01-20,Blocked,,,2025-01-20 05:40:00,2025-01-20 06:02:00,23
M1,ST4,Assembly,2025-01-20,Blocked,,,2025-01-20 08:02:00,2025-01-20 08:10:00,9
M1,ST4,Assembly,2025-01-20,Blocked,,,2025-01-20 09:34:00,2025-01-20 10:16:00,43
M1,ST4,Assembly,2025-01-20,Blocked,,,2025-01-20 11:29:00,2025-01-20 11:37:00,9
M1,ST4,Assembly,2025-01-20,Blocked,,,2025-01-20 12:21:00,2025-01-20 12:36:00,16
M1,ST4,Assembly,2025-01-20,Blocked,,,2025-01-20 13:00:00,2025-01-20 13:24:00,25
M1,ST4,Assembly,2025-01-20,Blocked,,,2025-01-20 15:09:00,2025-01-20 15:27:00,19
M1,ST4,Assembly,2025-01-20,Blocked,,,2025-01-20 15:37:00,2025-01-20 16:09:00,33
M1,ST4,Assembly,2025-01-20,Blocked,,,2025-01-20 18:19:00,2025-01-20 18:48:00,30
M1,ST4,Assembly,2025-01-20,Blocked,,,2025-01-20 19:20:00,2025-01-20 19:22:00,3
M1,ST4,Assembly,2025-01-20,Blocked,,,2025-01-20 20:15:00,2025-01-20 20:23:00,9
M1,ST4,Assembly,2025-01-20,Blocked,,,2025-01-20 22:58:00,2025-01-20 23:03:00,6
M1,ST4,Assembly,2025-01-21,Blocked,,,2025-01-21 03:03:00,2025-01-21 03:08:00,6
M1,ST4,Assembly,2025-01-21,Blocked,,,2025-01-21 03:26:00,2025-01-21 03:49:00,24
M1,ST4,Assembly,2025-01-21,Blocked,,,2025-01-21 04:44:00,2025-01-21 05:12:00,29
M1,ST4,Assembly,2025-01-21,Blocked,,,2025-01-21 07:13:00,2025-01-21 07:36:00,24
M1,ST4,Assembly,2025-01-21,Blocked,,,2025-01-21 11:58:00,2025-01-21 12:17:00,20
M1,ST4,Assembly,2025-01-21,Blocked,,,2025-01-21 12:43:00,2025-01-21 12:49:00,7
M1,ST4,Assembly,2025-01-21,Blocked,,,2025-01-21 14:12:00,2025-01-21 14:25:00,14
M1,ST4,Assembly,2025-01-21,Blocked,,,2025-01-21 14:49:00,2025-01-21 15:14:00,26
M1,ST4,Assembly,2025-01-21,Blocked,,,2025-01-21 15:19:00,2025-01-21 15:37:00,19
M1,ST4,Assembly,2025-01-21,Blocked,,,2025-01-21 15:41:00,2025-01-21 15:55:00,15
M1,ST4,Assembly,2025-01-21,Blocked,,,2025-01-21 16:01:00,2025-01-21 16:24:00,24
M1,ST4,Assembly,2025-01-21,Blocked,,,2025-01-21 17:31:00,2025-01-21 17:41:00,11
M1,ST4,Assembly,2025-01-22,Blocked,,,2025-01-22 01:11:00,2025-01-22 01:29:00,19
M1,ST4,Assembly,2025-01-22,Blocked,,,2025-01-22 01:49:00,2025-01-22 02:11:00,23
M1,ST4,Assembly,2025-01-22,Blocked,,,2025-01-22 03:28:00,2025-01-22 03:48:00,21
M1,ST4,Assembly,2025-01-22,Blocked,,,2025-01-22 03:54:00,2025-01-22 04:36:00,43
M1,ST4,Assembly,2025-01-22,Blocked,,,2025-01-22 05:33:00,2025-01-22 05:35:00,3
M1,ST4,Assembly,2025-01-22,Blocked,,,2025-01-22 07:03:00,2025-01-22 07:39:00,37
M1,ST4,Assembly,2025-01-22,Blocked,,,2025-01-22 08:46:00,2025-01-22 08:46:00,1
M1,ST4,Assembly,2025-01-22,Blocked,,,2025-01-22 09:29:00,2025-01-22 09:33:00,5
M1,ST4,Assembly,2025-01-22,Blocked,,,2025-01-22 10:28:00,2025-01-22 10:54:00,27
M1,ST4,Assembly,2025-01-22,Blocked,,,2025-01-22 13:45:00,2025-01-22 14:22:00,38
M1,ST4,Assembly,2025-01-22,Blocked,,,2025-01-22 14:28:00,2025-01-22 14:37:00,10
M1,ST4,Assembly,2025-01-22,Blocked,,,2025-01-22 14:41:00,2025-01-22 15:00:00,20
M1,ST4,Assembly,2025-01-22,Blocked,,,2025-01-22 19:19:00,2025-01-22 19:44:00,26
M1,ST4,Assembly,2025-01-22,Blocked,,,2025-01-22 19:50:00,2025-01-22 20:24:00,35
M1,ST4,Assembly,2025-01-22,Blocked,,,2025-01-22 20:28:00,2025-01-22 20:41:00,14
M1,ST4,Assembly,2025-01-23,Blocked,,,2025-01-23 00:08:00,2025-01-23 00:14:00,7
M1,ST4,Assembly,2025-01-23,Blocked,,,2025-01-23 00:32:00,2025-01-23 00:39:00,8
M1,ST4,Assembly,2025-01-23,Blocked,,,2025-01-23 02:53:00,2025-01-23 03:22:00,30
M1,ST4,Assembly,2025-01-23,Blocked,,,2025-01-23 04:52:00,2025-01-23 04:55:00,4
M1,ST4,Assembly,2025-01-23,Blocked,,,2025-01-23 07:53:00,2025-01-23 07:53:00,1
M1,ST4,Assembly,2025-01-23,Blocked,,,2025-01-23 07:57:00,2025-01-23 07:57:00,1
M1,ST4,Assembly,2025-01-23,Blocked,,,2025-01-23 08:01:00,2025-01-23 08:29:00,29
M1,ST4,Assembly,2025-01-23,Blocked,,,2025-01-23 08:57:00,2025-01-23 09:23:00,27
M1,ST4,Assembly,2025-01-23,Blocked,,,2025-01-23 09:30:00,2025-01-23 09:33:00,4
M1,ST4,Assembly,2025-01-23,Blocked,,,2025-01-23 09:57:00,2025-01-23 10:19:00,23
M1,ST4,Assembly,2025-01-23,Blocked,,,2025-01-23 10:50:00,2025-01-23 11:13:00,24
M1,ST4,Assembly,2025-01-23,Blocked,,,2025-01-23 12:11:00,2025-01-23 12:14:00,4
M1,ST4,Assembly,2025-01-23,Blocked,,,2025-01-23 12:19:00,2025-01-23 12:45:00,27
M1,ST4,Assembly,2025-01-23,Blocked,,,2025-01-23 13:20:00,2025-01-23 13:41:00,22
M1,ST4,Assembly,2025-01-23,Blocked,,,2025-01-23 15:18:00,2025-01-23 15:46:00,29
M1,ST4,Assembly,2025-01-23,Blocked,,,2025-01-23 17:42:00,2025-01-23 18:03:00,22
M1,ST4,Assembly,2025-01-23,Blocked,,,2025-01-23 18:59:00,2025-01-23 19:12:00,14
M1,ST4,Assembly,2025-01-23,Blocked,,,2025-01-23 19:16:00,2025-01-23 19:26:00,11
M1,ST4,Assembly,2025-01-23,Blocked,,,2025-01-23 19:30:00,2025-01-23 19:31:00,2
M1,ST4,Assembly,2025-01-24,Blocked,,,2025-01-24 00:53:00,2025-01-24 00:58:00,6
M1,ST4,Assembly,2025-01-24,Blocked,,,2025-01-24 01:15:00,2025-01-24 01:28:00,14
M1,ST4,Assembly,2025-01-24,Blocked,,,2025-01-24 02:18:00,2025-01-24 02:23:00,6
M1,ST4,Assembly,2025-01-24,Blocked,,,2025-01-24 04:11:00,2025-01-24 04:32:00,22
M1,ST4,Assembly,2025-01-24,Blocked,,,2025-01-24 05:09:00,2025-01-24 05:28:00,20
M1,ST4,Assembly,2025-01-24,Blocked,,,2025-01-24 05:35:00,2025-01-24 05:58:00,24
M1,ST4,Assembly,2025-01-24,Blocked,,,2025-01-24 07:57:00,2025-01-24 08:23:00,27
M1,ST4,Assembly,2025-01-24,Blocked,,,2025-01-24 08:27:00,2025-01-24 08:31:00,5
M1,ST4,Assembly,2025-01-24,Blocked,,,2025-01-24 09:11:00,2025-01-24 09:18:00,8
M1,ST4,Assembly,2025-01-24,Blocked,,,2025-01-24 10:11:00,2025-01-24 10:36:00,26
M1,ST4,Assembly,2025-01-24,Blocked,,,2025-01-24 12:06:00,2025-01-24 12:17:00,12
M1,ST4,Assembly,2025-01-24,Blocked,,,2025-01-24 15:16:00,2025-01-24 15:26:00,11
M1,ST4,Assembly,2025-01-24,Blocked,,,2025-01-24 16:50:00,2025-01-24 16:58:00,9
M1,ST4,Assembly,2025-01-24,Blocked,,,2025-01-24 17:27:00,2025-01-24 17:32:00,6
M1,ST4,Assembly,2025-01-24,Blocked,,,2025-01-24 17:45:00,2025-01-24 18:21:00,37
M1,ST4,Assembly,2025-01-24,Blocked,,,2025-01-24 20:16:00,2025-01-24 20:35:00,20
M1,ST4,Assembly,2025-01-24,Blocked,,,2025-01-24 22:03:00,2025-01-24 22:37:00,35
M1,ST4,Assembly,2025-01-24,Blocked,,,2025-01-24 23:38:00,2025-01-24 23:56:00,19
M1,ST4,Assembly,2025-01-25,Blocked,,,2025-01-25 00:19:00,2025-01-25 00:49:00,31
M1,ST4,Assembly,2025-01-25,Blocked,,,2025-01-25 01:42:00,2025-01-25 01:51:00,10
M1,ST4,Assembly,2025-01-25,Blocked,,,2025-01-25 01:55:00,2025-01-25 02:13:00,19
M1,ST4,Assembly,2025-01-25,Blocked,,,2025-01-25 03:11:00,2025-01-25 03:44:00,34
M1,ST4,Assembly,2025-01-25,Blocked,,,2025-01-25 03:49:00,2025-01-25 04:16:00,28
M1,ST4,Assembly,2025-01-25,Blocked,,,2025-01-25 07:25:00,2025-01-25 07:35:00,11
M1,ST4,Assembly,2025-01-25,Blocked,,,2025-01-25 09:22:00,2025-01-25 09:50:00,29
M1,ST4,Assembly,2025-01-25,Blocked,,,2025-01-25 11:24:00,2025-01-25 11:25:00,2
M1,ST4,Assembly,2025-01-25,Blocked,,,2025-01-25 11:46:00,2025-01-25 12:17:00,32
M1,ST4,Assembly,2025-01-25,Blocked,,,2025-01-25 14:03:00,2025-01-25 14:09:00,7
M1,ST4,Assembly,2025-01-25,Blocked,,,2025-01-25 18:34:00,2025-01-25 18:58:00,25
M1,ST4,Assembly,2025-01-25,Blocked,,,2025-01-25 19:12:00,2025-01-25 19:20:00,9
M1,ST4,Assembly,2025-01-25,Blocked,,,2025-01-25 19:33:00,2025-01-25 19:52:00,20
M1,ST4,Assembly,2025-01-25,Blocked,,,2025-01-25 20:20:00,2025-01-25 20:47:00,28
M1,ST4,Assembly,2025-01-25,Blocked,,,2025-01-25 21:13:00,2025-01-25 21:26:00,14
M1,ST4,Assembly,2025-01-25,Blocked,,,2025-01-25 21:47:00,2025-01-25 22:11:00,25
M1,ST4,Assembly,2025-01-25,Blocked,,,2025-01-25 22:15:00,2025-01-25 22:55:00,41
M1,ST4,Assembly,2025-01-26,Blocked,,,2025-01-26 00:06:00,2025-01-26 00:37:00,32
M1,ST4,Assembly,2025-01-26,Blocked,,,2025-01-26 00:45:00,2025-01-26 00:58:00,14
M1,ST4,Assembly,2025-01-26,Blocked,,,2025-01-26 04:42:00,2025-01-26 04:50:00,9
M1,ST4,Assembly,2025-01-26,Blocked,,,2025-01-26 05:22:00,2025-01-26 05:50:00,29
M1,ST4,Assembly,2025-01-26,Blocked,,,2025-01-26 06:01:00,2025-01-26 06:44:00,44
M1,ST4,Assembly,2025-01-26,Blocked,,,2025-01-26 06:50:00,2025-01-26 07:07:00,18
M1,ST4,Assembly,2025-01-26,Blocked,,,2025-01-26 07:22:00,2025-01-26 07:35:00,14
M1,ST4,Assembly,2025-01-26,Blocked,,,2025-01-26 08:15:00,2025-01-26 08:51:00,37
M1,ST4,Assembly,2025-01-26,Blocked,,,2025-01-26 09:04:00,2025-01-26 09:21:00,18
M1,ST4,Assembly,2025-01-26,Blocked,,,2025-01-26 09:59:00,2025-01-26 10:13:00,15
M1,ST4,Assembly,2025-01-26,Blocked,,,2025-01-26 11:16:00,2025-01-26 11:45:00,30
M1,ST4,Assembly,2025-01-26,Blocked,,,2025-01-26 15:04:00,2025-01-26 15:14:00,11
M1,ST4,Assembly,2025-01-26,Blocked,,,2025-01-26 15:47:00,2025-01-26 15:56:00,10
M1,ST4,Assembly,2025-01-26,Blocked,,,2025-01-26 16:06:00,2025-01-26 16:29:00,24
M1,ST4,Assembly,2025-01-26,Blocked,,,2025-01-26 16:49:00,2025-01-26 17:15:00,27
M1,ST4,Assembly,2025-01-26,Blocked,,,2025-01-26 17:29:00,2025-01-26 17:36:00,8
M1,ST4,Assembly,2025-01-26,Blocked,,,2025-01-26 18:41:00,2025-01-26 18:54:00,14
M1,ST4,Assembly,2025-01-26,Blocked,,,2025-01-26 19:02:00,2025-01-26 19:35:00,34
M1,ST4,Assembly,2025-01-26,Blocked,,,2025-01-26 20:52:00,2025-01-26 21:16:00,25
M1,ST4,Assembly,2025-01-26,Blocked,,,2025-01-26 22:06:00,2025-01-26 22:22:00,17
M1,ST4,Assembly,2025-01-26,Blocked,,,2025-01-26 22:54:00,2025-01-26 23:09:00,16
M1,ST4,Assembly,2025-01-27,Blocked,,,2025-01-27 01:41:00,2025-01-27 02:14:00,34
M1,ST4,Assembly,2025-01-27,Blocked,,,2025-01-27 03:24:00,2025-01-27 03:24:00,1
M1,ST4,Assembly,2025-01-27,Blocked,,,2025-01-27 06:27:00,2025-01-27 06:44:00,18
M1,ST4,Assembly,2025-01-27,Blocked,,,2025-01-27 07:42:00,2025-01-27 07:51:00,10
M1,ST4,Assembly,2025-01-27,Blocked,,,2025-01-27 10:04:00,2025-01-27 10:34:00,31
M1,ST4,Assembly,2025-01-27,Blocked,,,2025-01-27 10:44:00,2025-01-27 11:18:00,35
M1,ST4,Assembly,2025-01-27,Blocked,,,2025-01-27 13:59:00,2025-01-27 14:02:00,4
M1,ST4,Assembly,2025-01-27,Blocked,,,2025-01-27 14:34:00,2025-01-27 14:50:00,17
M1,ST4,Assembly,2025-01-27,Blocked,,,2025-01-27 15:09:00,2025-01-27 15:09:00,1
M1,ST4,Assembly,2025-01-27,Blocked,,,2025-01-27 15:19:00,2025-01-27 15:54:00,36
M1,ST4,Assembly,2025-01-27,Blocked,,,2025-01-27 21:15:00,2025-01-27 21:15:00,1
M1,ST4,Assembly,2025-01-27,Blocked,,,2025-01-27 21:31:00,2025-01-27 21:35:00,5
M1,ST4,Assembly,2025-01-27,Blocked,,,2025-01-27 21:53:00,2025-01-27 21:59:00,7
M1,ST4,Assembly,2025-01-27,Blocked,,,2025-01-27 23:10:00,2025-01-27 23:12:00,3
M1,ST4,Assembly,2025-01-28,Blocked,,,2025-01-28 00:50:00,2025-01-28 00:54:00,5
M1,ST4,Assembly,2025-01-28,Blocked,,,2025-01-28 01:45:00,2025-01-28 01:48:00,4
M1,ST4,Assembly,2025-01-28,Blocked,,,2025-01-28 02:48:00,2025-01-28 03:04:00,17
M1,ST4,Assembly,2025-01-28,Blocked,,,2025-01-28 07:11:00,2025-01-28 07:22:00,12
M1,ST4,Assembly,2025-01-28,Blocked,,,2025-01-28 08:22:00,2025-01-28 08:52:00,31
M1,ST4,Assembly,2025-01-28,Blocked,,,2025-01-28 09:30:00,2025-01-28 09:42:00,13
M1,ST4,Assembly,2025-01-28,Blocked,,,2025-01-28 10:36:00,2025-01-28 10:57:00,22
M1,ST4,Assembly,2025-01-28,Blocked,,,2025-01-28 11:33:00,2025-01-28 11:40:00,8
M1,ST4,Assembly,2025-01-28,Blocked,,,2025-01-28 12:41:00,2025-01-28 13:09:00,29
M1,ST4,Assembly,2025-01-28,Blocked,,,2025-01-28 13:58:00,2025-01-28 14:19:00,22
M1,ST4,Assembly,2025-01-28,Blocked,,,2025-01-28 14:26:00,2025-01-28 14:49:00,24
M1,ST4,Assembly,2025-01-28,Blocked,,,2025-01-28 14:56:00,2025-01-28 14:58:00,3
M1,ST4,Assembly,2025-01-28,Blocked,,,2025-01-28 15:52:00,2025-01-28 16:24:00,33
M1,ST4,Assembly,2025-01-28,Blocked,,,2025-01-28 16:33:00,2025-01-28 16:57:00,25
M1,ST4,Assembly,2025-01-28,Blocked,,,2025-01-28 19:07:00,2025-01-28 19:38:00,32
M1,ST4,Assembly,2025-01-28,Blocked,,,2025-01-28 21:00:00,2025-01-28 21:06:00,7
M1,ST4,Assembly,2025-01-28,Blocked,,,2025-01-28 22:49:00,2025-01-28 22:51:00,3
M1,ST4,Assembly,2025-01-28,Blocked,,,2025-01-28 22:57:00,2025-01-28 23:15:00,19
M1,ST4,Assembly,2025-01-29,Blocked,,,2025-01-29 01:21:00,2025-01-29 01:38:00,18
M1,ST4,Assembly,2025-01-29,Blocked,,,2025-01-29 02:24:00,2025-01-29 02:39:00,16
M1,ST4,Assembly,2025-01-29,Blocked,,,2025-01-29 02:43:00,2025-01-29 02:55:00,13
M1,ST4,Assembly,2025-01-29,Blocked,,,2025-01-29 03:03:00,2025-01-29 03:47:00,45
M1,ST4,Assembly,2025-01-29,Blocked,,,2025-01-29 03:51:00,2025-01-29 04:31:00,41
M1,ST4,Assembly,2025-01-29,Blocked,,,2025-01-29 06:02:00,2025-01-29 06:17:00,16
M1,ST4,Assembly,2025-01-29,Blocked,,,2025-01-29 07:03:00,2025-01-29 07:10:00,8
M1,ST4,Assembly,2025-01-29,Blocked,,,2025-01-29 09:54:00,2025-01-29 10:06:00,13
M1,ST4,Assembly,2025-01-29,Blocked,,,2025-01-29 11:04:00,2025-01-29 11:24:00,21
M1,ST4,Assembly,2025-01-29,Blocked,,,2025-01-29 12:04:00,2025-01-29 12:15:00,12
M1,ST4,Assembly,2025-01-29,Blocked,,,2025-01-29 14:11:00,2025-01-29 14:42:00,32
M1,ST4,Assembly,2025-01-29,Blocked,,,2025-01-29 16:15:00,2025-01-29 16:32:00,18
M1,ST4,Assembly,2025-01-29,Blocked,,,2025-01-29 17:15:00,2025-01-29 18:08:00,54
M1,ST4,Assembly,2025-01-29,Blocked,,,2025-01-29 18:12:00,2025-01-29 18:28:00,17
M1,ST4,Assembly,2025-01-29,Blocked,,,2025-01-29 18:41:00,2025-01-29 18:45:00,5
M1,ST4,Assembly,2025-01-29,Blocked,,,2025-01-29 23:19:00,2025-01-29 23:52:00,34
M1,ST4,Assembly,2025-01-29,Blocked,,,2025-01-29 23:54:00,2025-01-30 00:32:00,39
M1,ST4,Assembly,2025-01-30,Blocked,,,2025-01-30 00:41:00,2025-01-30 00:46:00,6
M1,ST4,Assembly,2025-01-30,Blocked,,,2025-01-30 00:53:00,2025-01-30 00:58:00,6
M1,ST4,Assembly,2025-01-30,Blocked,,,2025-01-30 01:49:00,2025-01-30 02:22:00,34
M1,ST4,Assembly,2025-01-30,Blocked,,,2025-01-30 03:52:00,2025-01-30 04:16:00,25
M1,ST4,Assembly,2025-01-30,Blocked,,,2025-01-30 04:59:00,2025-01-30 05:23:00,25
M1,ST4,Assembly,2025-01-30,Blocked,,,2025-01-30 05:27:00,2025-01-30 05:27:00,1
M1,ST4,Assembly,2025-01-30,Blocked,,,2025-01-30 07:21:00,2025-01-30 07:31:00,11
M1,ST4,Assembly,2025-01-30,Blocked,,,2025-01-30 07:35:00,2025-01-30 07:52:00,18
M1,ST4,Assembly,2025-01-30,Blocked,,,2025-01-30 08:21:00,2025-01-30 08:32:00,12
M1,ST4,Assembly,2025-01-30,Blocked,,,2025-01-30 09:07:00,2025-01-30 09:26:00,20
M1,ST4,Assembly,2025-01-30,Blocked,,,2025-01-30 09:34:00,2025-01-30 10:08:00,35
M1,ST4,Assembly,2025-01-30,Blocked,,,2025-01-30 12:27:00,2025-01-30 12:55:00,29
M1,ST4,Assembly,2025-01-30,Blocked,,,2025-01-30 15:42:00,2025-01-30 15:48:00,7
M1,ST4,Assembly,2025-01-30,Blocked,,,2025-01-30 17:38:00,2025-01-30 18:00:00,23
M1,ST4,Assembly,2025-01-30,Blocked,,,2025-01-30 18:11:00,2025-01-30 18:40:00,30
M1,ST4,Assembly,2025-01-30,Blocked,,,2025-01-30 19:31:00,2025-01-30 19:53:00,23
M1,ST4,Assembly,2025-01-30,Blocked,,,2025-01-30 20:40:00,2025-01-30 20:47:00,8
M1,ST4,Assembly,2025-01-30,Blocked,,,2025-01-30 22:00:00,2025-01-30 22:11:00,12
M1,ST4,Assembly,2025-01-30,Blocked,,,2025-01-30 23:43:00,2025-01-31 00:12:00,30
M1,ST4,Assembly,2025-01-31,Blocked,,,2025-01-31 00:16:00,2025-01-31 00:48:00,33
M1,ST4,Assembly,2025-01-31,Blocked,,,2025-01-31 01:00:00,2025-01-31 01:27:00,28
M1,ST4,Assembly,2025-01-31,Blocked,,,2025-01-31 02:17:00,2025-01-31 02:33:00,17
M1,ST4,Assembly,2025-01-31,Blocked,,,2025-01-31 04:25:00,2025-01-31 04:29:00,5
M1,ST4,Assembly,2025-01-01,Starved,,,2025-01-01 07:15:00,2025-01-01 07:50:00,36
M1,ST4,Assembly,2025-01-01,Starved,,,2025-01-01 08:49:00,2025-01-01 09:16:00,28
M1,ST4,Assembly,2025-01-01,Starved,,,2025-01-01 09:56:00,2025-01-01 10:04:00,9
M1,ST4,Assembly,2025-01-01,Starved,,,2025-01-01 10:16:00,2025-01-01 10:45:00,30
M1,ST4,Assembly,2025-01-01,Starved,,,2025-01-01 12:02:00,2025-01-01 12:29:00,28
M1,ST4,Assembly,2025-01-01,Starved,,,2025-01-01 12:37:00,2025-01-01 13:15:00,39
M1,ST4,Assembly,2025-01-01,Starved,,,2025-01-01 13:43:00,2025-01-01 13:52:00,10
M1,ST4,Assembly,2025-01-01,Starved,,,2025-01-01 14:55:00,2025-01-01 15:12:00,18
M1,ST4,Assembly,2025-01-01,Starved,,,2025-01-01 17:04:00,2025-01-01 17:07:00,4
M1,ST4,Assembly,2025-01-01,Starved,,,2025-01-01 17:24:00,2025-01-01 17:33:00,10
M1,ST4,Assembly,2025-01-01,Starved,,,2025-01-01 19:08:00,2025-01-01 19:16:00,9
M1,ST4,Assembly,2025-01-01,Starved,,,2025-01-01 21:32:00,2025-01-01 21:47:00,16
M1,ST4,Assembly,2025-01-01,Starved,,,2025-01-01 23:22:00,2025-01-02 00:01:00,40
M1,ST4,Assembly,2025-01-02,Starved,,,2025-01-02 00:05:00,2025-01-02 00:17:00,13
M1,ST4,Assembly,2025-01-02,Starved,,,2025-01-02 01:53:00,2025-01-02 01:54:00,2
M1,ST4,Assembly,2025-01-02,Starved,,,2025-01-02 01:58:00,2025-01-02 02:04:00,7
M1,ST4,Assembly,2025-01-02,Starved,,,2025-01-02 02:26:00,2025-01-02 02:47:00,22
M1,ST4,Assembly,2025-01-02,Starved,,,2025-01-02 06:30:00,2025-01-02 07:16:00,47
M1,ST4,Assembly,2025-01-02,Starved,,,2025-01-02 07:42:00,2025-01-02 07:51:00,10
M1,ST4,Assembly,2025-01-02,Starved,,,2025-01-02 07:55:00,2025-01-02 08:28:00,34
M1,ST4,Assembly,2025-01-02,Starved,,,2025-01-02 08:35:00,2025-01-02 09:11:00,37
M1,ST4,Assembly,2025-01-02,Starved,,,2025-01-02 12:33:00,2025-01-02 12:56:00,24
M1,ST4,Assembly,2025-01-02,Starved,,,2025-01-02 13:17:00,2025-01-02 13:39:00,23
M1,ST4,Assembly,2025-01-02,Starved,,,2025-01-02 16:53:00,2025-01-02 16:54:00,2
M1,ST4,Assembly,2025-01-02,Starved,,,2025-01-02 17:17:00,2025-01-02 17:22:00,6
M1,ST4,Assembly,2025-01-02,Starved,,,2025-01-02 18:28:00,2025-01-02 18:44:00,17
M1,ST4,Assembly,2025-01-02,Starved,,,2025-01-02 18:59:00,2025-01-02 19:10:00,12
M1,ST4,Assembly,2025-01-02,Starved,,,2025-01-02 20:24:00,2025-01-02 20:27:00,4
M1,ST4,Assembly,2025-01-02,Starved,,,2025-01-02 22:15:00,2025-01-02 22:32:00,18
M1,ST4,Assembly,2025-01-03,Starved,,,2025-01-03 00:43:00,2025-01-03 00:56:00,14
M1,ST4,Assembly,2025-01-03,Starved,,,2025-01-03 02:15:00,2025-01-03 02:49:00,35
M1,ST4,Assembly,2025-01-03,Starved,,,2025-01-03 08:25:00,2025-01-03 08:38:00,14
M1,ST4,Assembly,2025-01-03,Starved,,,2025-01-03 08:44:00,2025-01-03 08:50:00,7
M1,ST4,Assembly,2025-01-03,Starved,,,2025-01-03 15:31:00,2025-01-03 16:36:00,66
M1,ST4,Assembly,2025-01-03,Starved,,,2025-01-03 16:40:00,2025-01-03 16:50:00,11
M1,ST4,Assembly,2025-01-03,Starved,,,2025-01-03 18:30:00,2025-01-03 18:54:00,25
M1,ST4,Assembly,2025-01-03,Starved,,,2025-01-03 19:26:00,2025-01-03 19:41:00,16
M1,ST4,Assembly,2025-01-03,Starved,,,2025-01-03 20:16:00,2025-01-03 20:16:00,1
M1,ST4,Assembly,2025-01-04,Starved,,,2025-01-04 01:06:00,2025-01-04 01:16:00,11
M1,ST4,Assembly,2025-01-04,Starved,,,2025-01-04 01:23:00,2025-01-04 01:24:00,2
M1,ST4,Assembly,2025-01-04,Starved,,,2025-01-04 01:34:00,2025-01-04 01:59:00,26
M1,ST4,Assembly,2025-01-04,Starved,,,2025-01-04 03:44:00,2025-01-04 03:50:00,7
M1,ST4,Assembly,2025-01-04,Starved,,,2025-01-04 05:38:00,2025-01-04 05:54:00,17
M1,ST4,Assembly,2025-01-04,Starved,,,2025-01-04 06:23:00,2025-01-04 06:29:00,7
M1,ST4,Assembly,2025-01-04,Starved,,,2025-01-04 06:34:00,2025-01-04 06:36:00,3
M1,ST4,Assembly,2025-01-04,Starved,,,2025-01-04 07:35:00,2025-01-04 07:35:00,1
M1,ST4,Assembly,2025-01-04,Starved,,,2025-01-04 07:53:00,2025-01-04 07:54:00,2
M1,ST4,Assembly,2025-01-04,Starved,,,2025-01-04 08:41:00,2025-01-04 08:58:00,18
M1,ST4,Assembly,2025-01-04,Starved,,,2025-01-04 11:14:00,2025-01-04 11:36:00,23
M1,ST4,Assembly,2025-01-04,Starved,,,2025-01-04 12:23:00,2025-01-04 12:24:00,2
M1,ST4,Assembly,2025-01-04,Starved,,,2025-01-04 15:58:00,2025-01-04 15:59:00,2
M1,ST4,Assembly,2025-01-04,Starved,,,2025-01-04 18:06:00,2025-01-04 18:09:00,4
M1,ST4,Assembly,2025-01-04,Starved,,,2025-01-04 18:18:00,2025-01-04 18:26:00,9
M1,ST4,Assembly,2025-01-04,Starved,,,2025-01-04 19:39:00,2025-01-04 19:56:00,18
M1,ST4,Assembly,2025-01-04,Starved,,,2025-01-04 20:31:00,2025-01-04 20:32:00,2
M1,ST4,Assembly,2025-01-04,Starved,,,2025-01-04 23:30:00,2025-01-04 23:31:00,2
M1,ST4,Assembly,2025-01-04,Starved,,,2025-01-04 23:42:00,2025-01-04 23:56:00,15
M1,ST4,Assembly,2025-01-05,Starved,,,2025-01-05 01:07:00,2025-01-05 01:17:00,11
M1,ST4,Assembly,2025-01-05,Starved,,,2025-01-05 02:08:00,2025-01-05 02:43:00,36
M1,ST4,Assembly,2025-01-05,Starved,,,2025-01-05 02:47:00,2025-01-05 03:20:00,34
M1,ST4,Assembly,2025-01-05,Starved,,,2025-01-05 03:26:00,2025-01-05 03:28:00,3
M1,ST4,Assembly,2025-01-05,Starved,,,2025-01-05 04:09:00,2025-01-05 04:13:00,5
M1,ST4,Assembly,2025-01-05,Starved,,,2025-01-05 05:24:00,2025-01-05 05:31:00,8
M1,ST4,Assembly,2025-01-05,Starved,,,2025-01-05 06:02:00,2025-01-05 06:29:00,28
M1,ST4,Assembly,2025-01-05,Starved,,,2025-01-05 07:46:00,2025-01-05 08:07:00,22
M1,ST4,Assembly,2025-01-05,Starved,,,2025-01-05 09:04:00,2025-01-05 09:13:00,10
M1,ST4,Assembly,2025-01-05,Starved,,,2025-01-05 10:03:00,2025-01-05 10:29:00,27
M1,ST4,Assembly,2025-01-05,Starved,,,2025-01-05 14:03:00,2025-01-05 14:09:00,7
M1,ST4,Assembly,2025-01-05,Starved,,,2025-01-05 15:22:00,2025-01-05 15:44:00,23
M1,ST4,Assembly,2025-01-05,Starved,,,2025-01-05 16:44:00,2025-01-05 16:49:00,6
M1,ST4,Assembly,2025-01-05,Starved,,,2025-01-05 16:53:00,2025-01-05 17:46:00,54
M1,ST4,Assembly,2025-01-05,Starved,,,2025-01-05 17:50:00,2025-01-05 18:32:00,43
M1,ST4,Assembly,2025-01-05,Starved,,,2025-01-05 18:36:00,2025-01-05 18:55:00,20
M1,ST4,Assembly,2025-01-05,Starved,,,2025-01-05 20:33:00,2025-01-05 20:48:00,16
M1,ST4,Assembly,2025-01-05,Starved,,,2025-01-05 21:50:00,2025-01-05 22:07:00,18
M1,ST4,Assembly,2025-01-05,Starved,,,2025-01-05 22:21:00,2025-01-05 22:47:00,27
M1,ST4,Assembly,2025-01-05,Starved,,,2025-01-05 23:51:00,2025-01-06 00:04:00,14
M1,ST4,Assembly,2025-01-06,Starved,,,2025-01-06 00:06:00,2025-01-06 00:24:00,19
M1,ST4,Assembly,2025-01-06,Starved,,,2025-01-06 00:43:00,2025-01-06 01:00:00,18
M1,ST4,Assembly,2025-01-06,Starved,,,2025-01-06 02:09:00,2025-01-06 02:23:00,15
M1,ST4,Assembly,2025-01-06,Starved,,,2025-01-06 03:58:00,2025-01-06 04:15:00,18
M1,ST4,Assembly,2025-01-06,Starved,,,2025-01-06 04:20:00,2025-01-06 04:23:00,4
M1,ST4,Assembly,2025-01-06,Starved,,,2025-01-06 06:53:00,2025-01-06 07:15:00,23
M1,ST4,Assembly,2025-01-06,Starved,,,2025-01-06 07:40:00,2025-01-06 08:00:00,21
M1,ST4,Assembly,2025-01-06,Starved,,,2025-01-06 09:32:00,2025-01-06 09:38:00,7
M1,ST4,Assembly,2025-01-06,Starved,,,2025-01-06 09:54:00,2025-01-06 10:02:00,9
M1,ST4,Assembly,2025-01-06,Starved,,,2025-01-06 10:41:00,2025-01-06 10:49:00,9
M1,ST4,Assembly,2025-01-06,Starved,,,2025-01-06 12:06:00,2025-01-06 12:23:00,18
M1,ST4,Assembly,2025-01-06,Starved,,,2025-01-06 13:41:00,2025-01-06 13:50:00,10
M1,ST4,Assembly,2025-01-06,Starved,,,2025-01-06 14:13:00,2025-01-06 14:20:00,8
M1,ST4,Assembly,2025-01-06,Starved,,,2025-01-06 14:26:00,2025-01-06 15:06:00,41
M1,ST4,Assembly,2025-01-06,Starved,,,2025-01-06 15:08:00,2025-01-06 15:27:00,20
M1,ST4,Assembly,2025-01-06,Starved,,,2025-01-06 15:58:00,2025-01-06 16:05:00,8
M1,ST4,Assembly,2025-01-06,Starved,,,2025-01-06 16:09:00,2025-01-06 16:21:00,13
M1,ST4,Assembly,2025-01-06,Starved,,,2025-01-06 16:25:00,2025-01-06 16:49:00,25
M1,ST4,Assembly,2025-01-06,Starved,,,2025-01-06 19:14:00,2025-01-06 19:36:00,23
M1,ST4,Assembly,2025-01-06,Starved,,,2025-01-06 20:39:00,2025-01-06 20:53:00,15
M1,ST4,Assembly,2025-01-06,Starved,,,2025-01-06 22:21:00,2025-01-06 22:33:00,13
M1,ST4,Assembly,2025-01-06,Starved,,,2025-01-06 22:40:00,2025-01-06 22:49:00,10
M1,ST4,Assembly,2025-01-07,Starved,,,2025-01-07 00:13:00,2025-01-07 00:14:00,2
M1,ST4,Assembly,2025-01-07,Starved,,,2025-01-07 00:28:00,2025-01-07 00:28:00,1
M1,ST4,Assembly,2025-01-07,Starved,,,2025-01-07 01:37:00,2025-01-07 01:39:00,3
M1,ST4,Assembly,2025-01-07,Starved,,,2025-01-07 02:26:00,2025-01-07 02:49:00,24
M1,ST4,Assembly,2025-01-07,Starved,,,2025-01-07 02:53:00,2025-01-07 03:05:00,13
M1,ST4,Assembly,2025-01-07,Starved,,,2025-01-07 03:09:00,2025-01-07 03:15:00,7
M1,ST4,Assembly,2025-01-07,Starved,,,2025-01-07 03:18:00,2025-01-07 03:36:00,19
M1,ST4,Assembly,2025-01-07,Starved,,,2025-01-07 04:19:00,2025-01-07 04:51:00,33
M1,ST4,Assembly,2025-01-07,Starved,,,2025-01-07 08:58:00,2025-01-07 09:17:00,20
M1,ST4,Assembly,2025-01-07,Starved,,,2025-01-07 12:33:00,2025-01-07 12:44:00,12
M1,ST4,Assembly,2025-01-07,Starved,,,2025-01-07 12:50:00,2025-01-07 13:08:00,19
M1,ST4,Assembly,2025-01-07,Starved,,,2025-01-07 13:46:00,2025-01-07 13:57:00,12
M1,ST4,Assembly,2025-01-07,Starved,,,2025-01-07 14:40:00,2025-01-07 14:54:00,15
M1,ST4,Assembly,2025-01-07,Starved,,,2025-01-07 15:34:00,2025-01-07 15:53:00,20
M1,ST4,Assembly,2025-01-07,Starved,,,2025-01-07 15:59:00,2025-01-07 16:00:00,2
M1,ST4,Assembly,2025-01-07,Starved,,,2025-01-07 17:06:00,2025-01-07 17:25:00,20
M1,ST4,Assembly,2025-01-07,Starved,,,2025-01-07 17:29:00,2025-01-07 17:36:00,8
M1,ST4,Assembly,2025-01-07,Starved,,,2025-01-07 19:10:00,2025-01-07 19:38:00,29
M1,ST4,Assembly,2025-01-07,Starved,,,2025-01-07 19:46:00,2025-01-07 20:09:00,24
M1,ST4,Assembly,2025-01-07,Starved,,,2025-01-07 20:21:00,2025-01-07 20:30:00,10
M1,ST4,Assembly,2025-01-07,Starved,,,2025-01-07 21:00:00,2025-01-07 21:09:00,10
M1,ST4,Assembly,2025-01-07,Starved,,,2025-01-07 23:41:00,2025-01-07 23:45:00,5
M1,ST4,Assembly,2025-01-08,Starved,,,2025-01-08 00:30:00,2025-01-08 00:43:00,14
M1,ST4,Assembly,2025-01-08,Starved,,,2025-01-08 00:54:00,2025-01-08 01:12:00,19
M1,ST4,Assembly,2025-01-08,Starved,,,2025-01-08 02:45:00,2025-01-08 03:06:00,22
M1,ST4,Assembly,2025-01-08,Starved,,,2025-01-08 04:05:00,2025-01-08 04:21:00,17
M1,ST4,Assembly,2025-01-08,Starved,,,2025-01-08 05:51:00,2025-01-08 06:14:00,24
M1,ST4,Assembly,2025-01-08,Starved,,,2025-01-08 07:14:00,2025-01-08 07:26:00,13
M1,ST4,Assembly,2025-01-08,Starved,,,2025-01-08 08:27:00,2025-01-08 08:28:00,2
M1,ST4,Assembly,2025-01-08,Starved,,,2025-01-08 08:43:00,2025-01-08 08:56:00,14
M1,ST4,Assembly,2025-01-08,Starved,,,2025-01-08 09:24:00,2025-01-08 09:39:00,16
M1,ST4,Assembly,2025-01-08,Starved,,,2025-01-08 09:43:00,2025-01-08 09:45:00,3
M1,ST4,Assembly,2025-01-08,Starved,,,2025-01-08 12:44:00,2025-01-08 12:47:00,4
M1,ST4,Assembly,2025-01-08,Starved,,,2025-01-08 13:10:00,2025-01-08 13:52:00,43
M1,ST4,Assembly,2025-01-08,Starved,,,2025-01-08 14:08:00,2025-01-08 14:29:00,22
M1,ST4,Assembly,2025-01-08,Starved,,,2025-01-08 15:04:00,2025-01-08 15:19:00,16
M1,ST4,Assembly,2025-01-08,Starved,,,2025-01-08 15:45:00,2025-01-08 16:11:00,27
M1,ST4,Assembly,2025-01-08,Starved,,,2025-01-08 16:17:00,2025-01-08 16:30:00,14
M1,ST4,Assembly,2025-01-08,Starved,,,2025-01-08 18:44:00,2025-01-08 18:53:00,10
M1,ST4,Assembly,2025-01-08,Starved,,,2025-01-08 19:29:00,2025-01-08 19:37:00,9
M1,ST4,Assembly,2025-01-08,Starved,,,2025-01-08 19:53:00,2025-01-08 20:19:00,27
M1,ST4,Assembly,2025-01-08,Starved,,,2025-01-08 20:27:00,2025-01-08 20:31:00,5
M1,ST4,Assembly,2025-01-08,Starved,,,2025-01-08 21:29:00,2025-01-08 21:40:00,12
M1,ST4,Assembly,2025-01-08,Starved,,,2025-01-08 22:43:00,2025-01-08 23:07:00,25
M1,ST4,Assembly,2025-01-08,Starved,,,2025-01-08 23:56:00,2025-01-09 00:07:00,12
M1,ST4,Assembly,2025-01-09,Starved,,,2025-01-09 00:49:00,2025-01-09 00:58:00,10
M1,ST4,Assembly,2025-01-09,Starved,,,2025-01-09 01:11:00,2025-01-09 01:36:00,26
M1,ST4,Assembly,2025-01-09,Starved,,,2025-01-09 03:18:00,2025-01-09 03:26:00,9
M1,ST4,Assembly,2025-01-09,Starved,,,2025-01-09 04:46:00,2025-01-09 05:00:00,15
M1,ST4,Assembly,2025-01-09,Starved,,,2025-01-09 06:32:00,2025-01-09 06:57:00,26
M1,ST4,Assembly,2025-01-09,Starved,,,2025-01-09 08:31:00,2025-01-09 08:34:00,4
M1,ST4,Assembly,2025-01-09,Starved,,,2025-01-09 09:54:00,2025-01-09 10:07:00,14
M1,ST4,Assembly,2025-01-09,Starved,,,2025-01-09 11:02:00,2025-01-09 11:09:00,8
M1,ST4,Assembly,2025-01-09,Starved,,,2025-01-09 11:56:00,2025-01-09 12:03:00,8
M1,ST4,Assembly,2025-01-09,Starved,,,2025-01-09 13:40:00,2025-01-09 14:07:00,28
M1,ST4,Assembly,2025-01-09,Starved,,,2025-01-09 14:13:00,2025-01-09 14:14:00,2
M1,ST4,Assembly,2025-01-09,Starved,,,2025-01-09 18:17:00,2025-01-09 18:50:00,34
M1,ST4,Assembly,2025-01-09,Starved,,,2025-01-09 19:28:00,2025-01-09 19:32:00,5
M1,ST4,Assembly,2025-01-09,Starved,,,2025-01-09 21:46:00,2025-01-09 22:18:00,33
M1,ST4,Assembly,2025-01-09,Starved,,,2025-01-09 23:37:00,2025-01-09 23:52:00,16
M1,ST4,Assembly,2025-01-10,Starved,,,2025-01-10 01:16:00,2025-01-10 01:30:00,15
M1,ST4,Assembly,2025-01-10,Starved,,,2025-01-10 01:34:00,2025-01-10 01:37:00,4
M1,ST4,Assembly,2025-01-10,Starved,,,2025-01-10 01:56:00,2025-01-10 02:27:00,32
M1,ST4,Assembly,2025-01-10,Starved,,,2025-01-10 03:04:00,2025-01-10 03:22:00,19
M1,ST4,Assembly,2025-01-10,Starved,,,2025-01-10 07:05:00,2025-01-10 07:36:00,32
M1,ST4,Assembly,2025-01-10,Starved,,,2025-01-10 08:06:00,2025-01-10 08:11:00,6
M1,ST4,Assembly,2025-01-10,Starved,,,2025-01-10 08:22:00,2025-01-10 09:01:00,40
M1,ST4,Assembly,2025-01-10,Starved,,,2025-01-10 10:18:00,2025-01-10 10:24:00,7
M1,ST4,Assembly,2025-01-10,Starved,,,2025-01-10 12:03:00,2025-01-10 12:05:00,3
M1,ST4,Assembly,2025-01-10,Starved,,,2025-01-10 13:29:00,2025-01-10 13:42:00,14
M1,ST4,Assembly,2025-01-10,Starved,,,2025-01-10 13:45:00,2025-01-10 13:51:00,7
M1,ST4,Assembly,2025-01-10,Starved,,,2025-01-10 15:22:00,2025-01-10 15:27:00,6
M1,ST4,Assembly,2025-01-10,Starved,,,2025-01-10 15:35:00,2025-01-10 15:39:00,5
M1,ST4,Assembly,2025-01-10,Starved,,,2025-01-10 16:27:00,2025-01-10 16:29:00,3
M1,ST4,Assembly,2025-01-10,Starved,,,2025-01-10 16:54:00,2025-01-10 17:29:00,36
M1,ST4,Assembly,2025-01-10,Starved,,,2025-01-10 18:33:00,2025-01-10 18:58:00,26
M1,ST4,Assembly,2025-01-10,Starved,,,2025-01-10 19:45:00,2025-01-10 20:03:00,19
M1,ST4,Assembly,2025-01-10,Starved,,,2025-01-10 21:32:00,2025-01-10 22:03:00,32
M1,ST4,Assembly,2025-01-10,Starved,,,2025-01-10 22:41:00,2025-01-10 22:53:00,13
M1,ST4,Assembly,2025-01-10,Starved,,,2025-01-10 22:59:00,2025-01-10 23:26:00,28
M1,ST4,Assembly,2025-01-11,Starved,,,2025-01-11 01:59:00,2025-01-11 01:59:00,1
M1,ST4,Assembly,2025-01-11,Starved,,,2025-01-11 02:28:00,2025-01-11 02:55:00,28
M1,ST4,Assembly,2025-01-11,Starved,,,2025-01-11 04:40:00,2025-01-11 05:08:00,29
M1,ST4,Assembly,2025-01-11,Starved,,,2025-01-11 05:17:00,2025-01-11 05:57:00,41
M1,ST4,Assembly,2025-01-11,Starved,,,2025-01-11 06:29:00,2025-01-11 06:31:00,3
M1,ST4,Assembly,2025-01-11,Starved,,,2025-01-11 07:49:00,2025-01-11 08:16:00,28
M1,ST4,Assembly,2025-01-11,Starved,,,2025-01-11 10:47:00,2025-01-11 11:06:00,20
M1,ST4,Assembly,2025-01-11,Starved,,,2025-01-11 13:36:00,2025-01-11 14:08:00,33
M1,ST4,Assembly,2025-01-11,Starved,,,2025-01-11 14:12:00,2025-01-11 14:16:00,5
M1,ST4,Assembly,2025-01-11,Starved,,,2025-01-11 15:31:00,2025-01-11 15:32:00,2
M1,ST4,Assembly,2025-01-11,Starved,,,2025-01-11 17:17:00,2025-01-11 17:35:00,19
M1,ST4,Assembly,2025-01-11,Starved,,,2025-01-11 18:04:00,2025-01-11 18:14:00,11
M1,ST4,Assembly,2025-01-11,Starved,,,2025-01-11 19:07:00,2025-01-11 19:14:00,8
M1,ST4,Assembly,2025-01-11,Starved,,,2025-01-11 19:37:00,2025-01-11 19:43:00,7
M1,ST4,Assembly,2025-01-11,Starved,,,2025-01-11 20:22:00,2025-01-11 20:25:00,4
M1,ST4,Assembly,2025-01-11,Starved,,,2025-01-11 20:57:00,2025-01-11 21:26:00,30
M1,ST4,Assembly,2025-01-11,Starved,,,2025-01-11 22:21:00,2025-01-11 22:35:00,15
M1,ST4,Assembly,2025-01-11,Starved,,,2025-01-11 22:39:00,2025-01-11 22:54:00,16
M1,ST4,Assembly,2025-01-12,Starved,,,2025-01-12 00:33:00,2025-01-12 00:37:00,5
M1,ST4,Assembly,2025-01-12,Starved,,,2025-01-12 01:13:00,2025-01-12 01:23:00,11
M1,ST4,Assembly,2025-01-12,Starved,,,2025-01-12 03:36:00,2025-01-12 03:39:00,4
M1,ST4,Assembly,2025-01-12,Starved,,,2025-01-12 04:49:00,2025-01-12 05:11:00,23
M1,ST4,Assembly,2025-01-12,Starved,,,2025-01-12 05:28:00,2025-01-12 05:38:00,11
M1,ST4,Assembly,2025-01-12,Starved,,,2025-01-12 06:01:00,2025-01-12 06:25:00,25
M1,ST4,Assembly,2025-01-12,Starved,,,2025-01-12 06:27:00,2025-01-12 06:37:00,11
M1,ST4,Assembly,2025-01-12,Starved,,,2025-01-12 06:41:00,2025-01-12 06:57:00,17
M1,ST4,Assembly,2025-01-12,Starved,,,2025-01-12 08:19:00,2025-01-12 08:33:00,15
M1,ST4,Assembly,2025-01-12,Starved,,,2025-01-12 11:14:00,2025-01-12 11:20:00,7
M1,ST4,Assembly,2025-01-12,Starved,,,2025-01-12 11:46:00,2025-01-12 12:18:00,33
M1,ST4,Assembly,2025-01-12,Starved,,,2025-01-12 12:24:00,2025-01-12 12:33:00,10
M1,ST4,Assembly,2025-01-12,Starved,,,2025-01-12 13:21:00,2025-01-12 13:23:00,3
M1,ST4,Assembly,2025-01-12,Starved,,,2025-01-12 14:28:00,2025-01-12 14:44:00,17
M1,ST4,Assembly,2025-01-12,Starved,,,2025-01-12 14:49:00,2025-01-12 15:00:00,12
M1,ST4,Assembly,2025-01-12,Starved,,,2025-01-12 17:04:00,2025-01-12 17:04:00,1
M1,ST4,Assembly,2025-01-12,Starved,,,2025-01-12 17:58:00,2025-01-12 18:10:00,13
M1,ST4,Assembly,2025-01-12,Starved,,,2025-01-12 18:33:00,2025-01-12 18:54:00,22
M1,ST4,Assembly,2025-01-12,Starved,,,2025-01-12 23:44:00,2025-01-12 23:52:00,9
M1,ST4,Assembly,2025-01-13,Starved,,,2025-01-13 00:32:00,2025-01-13 00:46:00,15
M1,ST4,Assembly,2025-01-13,Starved,,,2025-01-13 01:32:00,2025-01-13 01:32:00,1
M1,ST4,Assembly,2025-01-13,Starved,,,2025-01-13 01:42:00,2025-01-13 02:25:00,44
M1,ST4,Assembly,2025-01-13,Starved,,,2025-01-13 03:43:00,2025-01-13 04:04:00,22
M1,ST4,Assembly,2025-01-13,Starved,,,2025-01-13 05:27:00,2025-01-13 05:30:00,4
M1,ST4,Assembly,2025-01-13,Starved,,,2025-01-13 06:03:00,2025-01-13 06:12:00,10
M1,ST4,Assembly,2025-01-13,Starved,,,2025-01-13 07:51:00,2025-01-13 08:49:00,59
M1,ST4,Assembly,2025-01-13,Starved,,,2025-01-13 09:54:00,2025-01-13 10:22:00,29
M1,ST4,Assembly,2025-01-13,Starved,,,2025-01-13 11:09:00,2025-01-13 11:30:00,22
M1,ST4,Assembly,2025-01-13,Starved,,,2025-01-13 12:11:00,2025-01-13 12:11:00,1
M1,ST4,Assembly,2025-01-13,Starved,,,2025-01-13 12:46:00,2025-01-13 13:10:00,25
M1,ST4,Assembly,2025-01-13,Starved,,,2025-01-13 15:14:00,2025-01-13 15:35:00,22
M1,ST4,Assembly,2025-01-13,Starved,,,2025-01-13 16:04:00,2025-01-13 16:06:00,3
M1,ST4,Assembly,2025-01-13,Starved,,,2025-01-13 16:10:00,2025-01-13 16:10:00,1
M1,ST4,Assembly,2025-01-13,Starved,,,2025-01-13 17:10:00,2025-01-13 17:14:00,5
M1,ST4,Assembly,2025-01-13,Starved,,,2025-01-13 17:32:00,2025-01-13 17:45:00,14
M1,ST4,Assembly,2025-01-13,Starved,,,2025-01-13 19:40:00,2025-01-13 19:59:00,20
M1,ST4,Assembly,2025-01-13,Starved,,,2025-01-13 20:03:00,2025-01-13 20:04:00,2
M1,ST4,Assembly,2025-01-13,Starved,,,2025-01-13 21:03:00,2025-01-13 21:04:00,2
M1,ST4,Assembly,2025-01-13,Starved,,,2025-01-13 21:08:00,2025-01-13 21:13:00,6
M1,ST4,Assembly,2025-01-14,Starved,,,2025-01-14 01:06:00,2025-01-14 01:14:00,9
M1,ST4,Assembly,2025-01-14,Starved,,,2025-01-14 01:24:00,2025-01-14 02:03:00,40
M1,ST4,Assembly,2025-01-14,Starved,,,2025-01-14 03:10:00,2025-01-14 03:40:00,31
M1,ST4,Assembly,2025-01-14,Starved,,,2025-01-14 04:01:00,2025-01-14 04:28:00,28
M1,ST4,Assembly,2025-01-14,Starved,,,2025-01-14 05:48:00,2025-01-14 06:18:00,31
M1,ST4,Assembly,2025-01-14,Starved,,,2025-01-14 07:43:00,2025-01-14 08:26:00,44
M1,ST4,Assembly,2025-01-14,Starved,,,2025-01-14 08:32:00,2025-01-14 08:37:00,6
M1,ST4,Assembly,2025-01-14,Starved,,,2025-01-14 10:02:00,2025-01-14 10:24:00,23
M1,ST4,Assembly,2025-01-14,Starved,,,2025-01-14 13:20:00,2025-01-14 13:37:00,18
M1,ST4,Assembly,2025-01-14,Starved,,,2025-01-14 13:42:00,2025-01-14 14:00:00,19
M1,ST4,Assembly,2025-01-14,Starved,,,2025-01-14 14:49:00,2025-01-14 15:00:00,12
M1,ST4,Assembly,2025-01-14,Starved,,,2025-01-14 15:07:00,2025-01-14 15:22:00,16
M1,ST4,Assembly,2025-01-14,Starved,,,2025-01-14 16:17:00,2025-01-14 16:37:00,21
M1,ST4,Assembly,2025-01-14,Starved,,,2025-01-14 18:36:00,2025-01-14 18:55:00,20
M1,ST4,Assembly,2025-01-14,Starved,,,2025-01-14 20:28:00,2025-01-14 20:46:00,19
M1,ST4,Assembly,2025-01-14,Starved,,,2025-01-14 22:55:00,2025-01-14 23:14:00,20
M1,ST4,Assembly,2025-01-14,Starved,,,2025-01-14 23:16:00,2025-01-14 23:24:00,9
M1,ST4,Assembly,2025-01-14,Starved,,,2025-01-14 23:48:00,2025-01-15 00:07:00,20
M1,ST4,Assembly,2025-01-15,Starved,,,2025-01-15 00:12:00,2025-01-15 00:39:00,28
M1,ST4,Assembly,2025-01-15,Starved,,,2025-01-15 00:43:00,2025-01-15 01:16:00,34
M1,ST4,Assembly,2025-01-15,Starved,,,2025-01-15 01:20:00,2025-01-15 01:25:00,6
M1,ST4,Assembly,2025-01-15,Starved,,,2025-01-15 01:31:00,2025-01-15 01:36:00,6
M1,ST4,Assembly,2025-01-15,Starved,,,2025-01-15 02:41:00,2025-01-15 02:51:00,11
M1,ST4,Assembly,2025-01-15,Starved,,,2025-01-15 03:00:00,2025-01-15 03:44:00,45
M1,ST4,Assembly,2025-01-15,Starved,,,2025-01-15 04:52:00,2025-01-15 04:54:00,3
M1,ST4,Assembly,2025-01-15,Starved,,,2025-01-15 06:59:00,2025-01-15 07:21:00,23
M1,ST4,Assembly,2025-01-15,Starved,,,2025-01-15 07:26:00,2025-01-15 07:31:00,6
M1,ST4,Assembly,2025-01-15,Starved,,,2025-01-15 09:03:00,2025-01-15 09:14:00,12
M1,ST4,Assembly,2025-01-15,Starved,,,2025-01-15 10:01:00,2025-01-15 10:26:00,26
M1,ST4,Assembly,2025-01-15,Starved,,,2025-01-15 10:33:00,2025-01-15 10:56:00,24
M1,ST4,Assembly,2025-01-15,Starved,,,2025-01-15 12:02:00,2025-01-15 12:24:00,23
M1,ST4,Assembly,2025-01-15,Starved,,,2025-01-15 12:28:00,2025-01-15 12:31:00,4
M1,ST4,Assembly,2025-01-15,Starved,,,2025-01-15 13:02:00,2025-01-15 13:04:00,3
M1,ST4,Assembly,2025-01-15,Starved,,,2025-01-15 17:15:00,2025-01-15 17:33:00,19
M1,ST4,Assembly,2025-01-15,Starved,,,2025-01-15 18:13:00,2025-01-15 18:15:00,3
M1,ST4,Assembly,2025-01-15,Starved,,,2025-01-15 19:31:00,2025-01-15 19:43:00,13
M1,ST4,Assembly,2025-01-15,Starved,,,2025-01-15 19:48:00,2025-01-15 19:57:00,10
M1,ST4,Assembly,2025-01-15,Starved,,,2025-01-15 20:56:00,2025-01-15 21:15:00,20
M1,ST4,Assembly,2025-01-15,Starved,,,2025-01-15 21:23:00,2025-01-15 21:45:00,23
M1,ST4,Assembly,2025-01-15,Starved,,,2025-01-15 22:03:00,2025-01-15 22:18:00,16
M1,ST4,Assembly,2025-01-15,Starved,,,2025-01-15 23:55:00,2025-01-16 00:17:00,23
M1,ST4,Assembly,2025-01-16,Starved,,,2025-01-16 00:23:00,2025-01-16 00:25:00,3
M1,ST4,Assembly,2025-01-16,Starved,,,2025-01-16 00:58:00,2025-01-16 01:14:00,17
M1,ST4,Assembly,2025-01-16,Starved,,,2025-01-16 02:04:00,2025-01-16 02:21:00,18
M1,ST4,Assembly,2025-01-16,Starved,,,2025-01-16 03:51:00,2025-01-16 04:28:00,38
M1,ST4,Assembly,2025-01-16,Starved,,,2025-01-16 04:32:00,2025-01-16 04:33:00,2
M1,ST4,Assembly,2025-01-16,Starved,,,2025-01-16 05:08:00,2025-01-16 05:16:00,9
M1,ST4,Assembly,2025-01-16,Starved,,,2025-01-16 06:34:00,2025-01-16 07:07:00,34
M1,ST4,Assembly,2025-01-16,Starved,,,2025-01-16 08:22:00,2025-01-16 09:03:00,42
M1,ST4,Assembly,2025-01-16,Starved,,,2025-01-16 10:28:00,2025-01-16 10:53:00,26
M1,ST4,Assembly,2025-01-16,Starved,,,2025-01-16 11:03:00,2025-01-16 11:32:00,30
M1,ST4,Assembly,2025-01-16,Starved,,,2025-01-16 13:26:00,2025-01-16 13:39:00,14
M1,ST4,Assembly,2025-01-16,Starved,,,2025-01-16 14:23:00,2025-01-16 15:29:00,67
M1,ST4,Assembly,2025-01-16,Starved,,,2025-01-16 15:54:00,2025-01-16 16:02:00,9
M1,ST4,Assembly,2025-01-16,Starved,,,2025-01-16 18:13:00,2025-01-16 18:20:00,8
M1,ST4,Assembly,2025-01-16,Starved,,,2025-01-16 18:23:00,2025-01-16 19:01:00,39
M1,ST4,Assembly,2025-01-16,Starved,,,2025-01-16 21:38:00,2025-01-16 21:38:00,1
M1,ST4,Assembly,2025-01-16,Starved,,,2025-01-16 22:22:00,2025-01-16 22:43:00,22
M1,ST4,Assembly,2025-01-16,Starved,,,2025-01-16 23:31:00,2025-01-16 23:58:00,28
M1,ST4,Assembly,2025-01-17,Starved,,,2025-01-17 00:54:00,2025-01-17 01:11:00,18
M1,ST4,Assembly,2025-01-17,Starved,,,2025-01-17 02:22:00,2025-01-17 02:25:00,4
M1,ST4,Assembly,2025-01-17,Starved,,,2025-01-17 02:33:00,2025-01-17 02:50:00,18
M1,ST4,Assembly,2025-01-17,Starved,,,2025-01-17 03:08:00,2025-01-17 03:26:00,19
M1,ST4,Assembly,2025-01-17,Starved,,,2025-01-17 04:03:00,2025-01-17 04:31:00,29
M1,ST4,Assembly,2025-01-17,Starved,,,2025-01-17 07:20:00,2025-01-17 07:24:00,5
M1,ST4,Assembly,2025-01-17,Starved,,,2025-01-17 09:51:00,2025-01-17 10:04:00,14
M1,ST4,Assembly,2025-01-17,Starved,,,2025-01-17 11:25:00,2025-01-17 11:27:00,3
M1,ST4,Assembly,2025-01-17,Starved,,,2025-01-17 12:09:00,2025-01-17 12:13:00,5
M1,ST4,Assembly,2025-01-17,Starved,,,2025-01-17 12:34:00,2025-01-17 12:55:00,22
M1,ST4,Assembly,2025-01-17,Starved,,,2025-01-17 13:50:00,2025-01-17 14:14:00,25
M1,ST4,Assembly,2025-01-17,Starved,,,2025-01-17 15:49:00,2025-01-17 15:55:00,7
M1,ST4,Assembly,2025-01-17,Starved,,,2025-01-17 17:19:00,2025-01-17 17:43:00,25
M1,ST4,Assembly,2025-01-17,Starved,,,2025-01-17 18:49:00,2025-01-17 19:31:00,43
M1,ST4,Assembly,2025-01-17,Starved,,,2025-01-17 22:56:00,2025-01-17 23:01:00,6
M1,ST4,Assembly,2025-01-17,Starved,,,2025-01-17 23:28:00,2025-01-17 23:50:00,23
M1,ST4,Assembly,2025-01-18,Starved,,,2025-01-18 00:09:00,2025-01-18 00:37:00,29
M1,ST4,Assembly,2025-01-18,Starved,,,2025-01-18 01:07:00,2025-01-18 01:12:00,6
M1,ST4,Assembly,2025-01-18,Starved,,,2025-01-18 01:16:00,2025-01-18 01:18:00,3
M1,ST4,Assembly,2025-01-18,Starved,,,2025-01-18 02:49:00,2025-01-18 03:00:00,12
M1,ST4,Assembly,2025-01-18,Starved,,,2025-01-18 03:21:00,2025-01-18 03:48:00,28
M1,ST4,Assembly,2025-01-18,Starved,,,2025-01-18 04:25:00,2025-01-18 04:33:00,9
M1,ST4,Assembly,2025-01-18,Starved,,,2025-01-18 06:45:00,2025-01-18 07:08:00,24
M1,ST4,Assembly,2025-01-18,Starved,,,2025-01-18 08:25:00,2025-01-18 08:40:00,16
M1,ST4,Assembly,2025-01-18,Starved,,,2025-01-18 10:47:00,2025-01-18 10:47:00,1
M1,ST4,Assembly,2025-01-18,Starved,,,2025-01-18 10:54:00,2025-01-18 11:23:00,30
M1,ST4,Assembly,2025-01-18,Starved,,,2025-01-18 15:41:00,2025-01-18 15:53:00,13
M1,ST4,Assembly,2025-01-18,Starved,,,2025-01-18 17:23:00,2025-01-18 17:28:00,6
M1,ST4,Assembly,2025-01-18,Starved,,,2025-01-18 17:39:00,2025-01-18 18:00:00,22
M1,ST4,Assembly,2025-01-18,Starved,,,2025-01-18 18:26:00,2025-01-18 18:49:00,24
M1,ST4,Assembly,2025-01-18,Starved,,,2025-01-18 19:40:00,2025-01-18 19:49:00,10
M1,ST4,Assembly,2025-01-18,Starved,,,2025-01-18 21:01:00,2025-01-18 21:34:00,34
M1,ST4,Assembly,2025-01-18,Starved,,,2025-01-18 21:38:00,2025-01-18 22:06:00,29
M1,ST4,Assembly,2025-01-18,Starved,,,2025-01-18 22:32:00,2025-01-18 22:39:00,8
M1,ST4,Assembly,2025-01-18,Starved,,,2025-01-18 23:50:00,2025-01-18 23:51:00,2
M1,ST4,Assembly,2025-01-19,Starved,,,2025-01-19 00:34:00,2025-01-19 00:49:00,16
M1,ST4,Assembly,2025-01-19,Starved,,,2025-01-19 00:53:00,2025-01-19 01:13:00,21
M1,ST4,Assembly,2025-01-19,Starved,,,2025-01-19 01:36:00,2025-01-19 01:55:00,20
M1,ST4,Assembly,2025-01-19,Starved,,,2025-01-19 02:14:00,2025-01-19 02:33:00,20
M1,ST4,Assembly,2025-01-19,Starved,,,2025-01-19 03:23:00,2025-01-19 03:50:00,28
M1,ST4,Assembly,2025-01-19,Starved,,,2025-01-19 03:54:00,2025-01-19 04:18:00,25
M1,ST4,Assembly,2025-01-19,Starved,,,2025-01-19 05:47:00,2025-01-19 05:48:00,2
M1,ST4,Assembly,2025-01-19,Starved,,,2025-01-19 05:56:00,2025-01-19 06:03:00,8
M1,ST4,Assembly,2025-01-19,Starved,,,2025-01-19 06:05:00,2025-01-19 06:30:00,26
M1,ST4,Assembly,2025-01-19,Starved,,,2025-01-19 06:35:00,2025-01-19 06:51:00,17
M1,ST4,Assembly,2025-01-19,Starved,,,2025-01-19 07:54:00,2025-01-19 07:59:00,6
M1,ST4,Assembly,2025-01-19,Starved,,,2025-01-19 08:19:00,2025-01-19 08:53:00,35
M1,ST4,Assembly,2025-01-19,Starved,,,2025-01-19 09:22:00,2025-01-19 09:43:00,22
M1,ST4,Assembly,2025-01-19,Starved,,,2025-01-19 10:52:00,2025-01-19 11:17:00,26
M1,ST4,Assembly,2025-01-19,Starved,,,2025-01-19 11:55:00,2025-01-19 12:22:00,28
M1,ST4,Assembly,2025-01-19,Starved,,,2025-01-19 13:40:00,2025-01-19 14:31:00,52
M1,ST4,Assembly,2025-01-19,Starved,,,2025-01-19 16:14:00,2025-01-19 16:47:00,34
M1,ST4,Assembly,2025-01-19,Starved,,,2025-01-19 17:30:00,2025-01-19 17:46:00,17
M1,ST4,Assembly,2025-01-19,Starved,,,2025-01-19 18:48:00,2025-01-19 19:25:00,38
M1,ST4,Assembly,2025-01-19,Starved,,,2025-01-19 20:41:00,2025-01-19 21:15:00,35
M1,ST4,Assembly,2025-01-19,Starved,,,2025-01-19 21:21:00,2025-01-19 21:28:00,8
M1,ST4,Assembly,2025-01-19,Starved,,,2025-01-19 23:01:00,2025-01-19 23:24:00,24
M1,ST4,Assembly,2025-01-19,Starved,,,2025-01-19 23:29:00,2025-01-19 23:49:00,21
M1,ST4,Assembly,2025-01-20,Starved,,,2025-01-20 00:21:00,2025-01-20 00:35:00,15
M1,ST4,Assembly,2025-01-20,Starved,,,2025-01-20 00:55:00,2025-01-20 01:01:00,7
M1,ST4,Assembly,2025-01-20,Starved,,,2025-01-20 02:29:00,2025-01-20 03:05:00,37
M1,ST4,Assembly,2025-01-20,Starved,,,2025-01-20 03:40:00,2025-01-20 03:54:00,15
M1,ST4,Assembly,2025-01-20,Starved,,,2025-01-20 04:12:00,2025-01-20 04:47:00,36
M1,ST4,Assembly,2025-01-20,Starved,,,2025-01-20 06:50:00,2025-01-20 07:15:00,26
M1,ST4,Assembly,2025-01-20,Starved,,,2025-01-20 07:26:00,2025-01-20 07:56:00,31
M1,ST4,Assembly,2025-01-20,Starved,,,2025-01-20 08:53:00,2025-01-20 09:23:00,31
M1,ST4,Assembly,2025-01-20,Starved,,,2025-01-20 10:44:00,2025-01-20 10:55:00,12
M1,ST4,Assembly,2025-01-20,Starved,,,2025-01-20 11:11:00,2025-01-20 11:12:00,2
M1,ST4,Assembly,2025-01-20,Starved,,,2025-01-20 13:59:00,2025-01-20 14:28:00,30
M1,ST4,Assembly,2025-01-20,Starved,,,2025-01-20 14:32:00,2025-01-20 14:58:00,27
M1,ST4,Assembly,2025-01-20,Starved,,,2025-01-20 15:30:00,2025-01-20 15:35:00,6
M1,ST4,Assembly,2025-01-20,Starved,,,2025-01-20 16:36:00,2025-01-20 16:59:00,24
M1,ST4,Assembly,2025-01-20,Starved,,,2025-01-20 18:51:00,2025-01-20 19:14:00,24
M1,ST4,Assembly,2025-01-20,Starved,,,2025-01-20 19:44:00,2025-01-20 19:44:00,1
M1,ST4,Assembly,2025-01-20,Starved,,,2025-01-20 20:48:00,2025-01-20 21:20:00,33
M1,ST4,Assembly,2025-01-20,Starved,,,2025-01-20 22:16:00,2025-01-20 22:54:00,39
M1,ST4,Assembly,2025-01-20,Starved,,,2025-01-20 23:47:00,2025-01-20 23:56:00,10
M1,ST4,Assembly,2025-01-21,Starved,,,2025-01-21 01:08:00,2025-01-21 01:29:00,22
M1,ST4,Assembly,2025-01-21,Starved,,,2025-01-21 01:52:00,2025-01-21 02:14:00,23
M1,ST4,Assembly,2025-01-21,Starved,,,2025-01-21 02:16:00,2025-01-21 02:23:00,8
M1,ST4,Assembly,2025-01-21,Starved,,,2025-01-21 02:29:00,2025-01-21 02:56:00,28
M1,ST4,Assembly,2025-01-21,Starved,,,2025-01-21 03:58:00,2025-01-21 04:24:00,27
M1,ST4,Assembly,2025-01-21,Starved,,,2025-01-21 04:37:00,2025-01-21 04:42:00,6
M1,ST4,Assembly,2025-01-21,Starved,,,2025-01-21 05:20:00,2025-01-21 05:25:00,6
M1,ST4,Assembly,2025-01-21,Starved,,,2025-01-21 05:32:00,2025-01-21 05:35:00,4
M1,ST4,Assembly,2025-01-21,Starved,,,2025-01-21 06:33:00,2025-01-21 06:57:00,25
M1,ST4,Assembly,2025-01-21,Starved,,,2025-01-21 08:18:00,2025-01-21 08:28:00,11
M1,ST4,Assembly,2025-01-21,Starved,,,2025-01-21 09:16:00,2025-01-21 09:25:00,10
M1,ST4,Assembly,2025-01-21,Starved,,,2025-01-21 09:52:00,2025-01-21 10:13:00,22
M1,ST4,Assembly,2025-01-21,Starved,,,2025-01-21 10:35:00,2025-01-21 11:09:00,35
M1,ST4,Assembly,2025-01-21,Starved,,,2025-01-21 11:42:00,2025-01-21 11:56:00,15
M1,ST4,Assembly,2025-01-21,Starved,,,2025-01-21 13:30:00,2025-01-21 13:42:00,13
M1,ST4,Assembly,2025-01-21,Starved,,,2025-01-21 13:45:00,2025-01-21 14:09:00,25
M1,ST4,Assembly,2025-01-21,Starved,,,2025-01-21 14:32:00,2025-01-21 14:35:00,4
M1,ST4,Assembly,2025-01-21,Starved,,,2025-01-21 16:28:00,2025-01-21 16:45:00,18
M1,ST4,Assembly,2025-01-21,Starved,,,2025-01-21 17:55:00,2025-01-21 18:31:00,37
M1,ST4,Assembly,2025-01-21,Starved,,,2025-01-21 20:16:00,2025-01-21 20:17:00,2
M1,ST4,Assembly,2025-01-21,Starved,,,2025-01-21 21:17:00,2025-01-21 21:48:00,32
M1,ST4,Assembly,2025-01-21,Starved,,,2025-01-21 21:52:00,2025-01-21 22:11:00,20
M1,ST4,Assembly,2025-01-21,Starved,,,2025-01-21 22:18:00,2025-01-21 22:32:00,15
M1,ST4,Assembly,2025-01-21,Starved,,,2025-01-21 22:50:00,2025-01-21 23:11:00,22
M1,ST4,Assembly,2025-01-21,Starved,,,2025-01-21 23:18:00,2025-01-21 23:31:00,14
M1,ST4,Assembly,2025-01-22,Starved,,,2025-01-22 00:41:00,2025-01-22 00:53:00,13
M1,ST4,Assembly,2025-01-22,Starved,,,2025-01-22 02:17:00,2025-01-22 02:43:00,27
M1,ST4,Assembly,2025-01-22,Starved,,,2025-01-22 03:12:00,2025-01-22 03:24:00,13
M1,ST4,Assembly,2025-01-22,Starved,,,2025-01-22 04:53:00,2025-01-22 05:24:00,32
M1,ST4,Assembly,2025-01-22,Starved,,,2025-01-22 06:35:00,2025-01-22 06:37:00,3
M1,ST4,Assembly,2025-01-22,Starved,,,2025-01-22 07:43:00,2025-01-22 08:15:00,33
M1,ST4,Assembly,2025-01-22,Starved,,,2025-01-22 08:26:00,2025-01-22 08:26:00,1
M1,ST4,Assembly,2025-01-22,Starved,,,2025-01-22 08:36:00,2025-01-22 08:41:00,6
M1,ST4,Assembly,2025-01-22,Starved,,,2025-01-22 11:47:00,2025-01-22 11:54:00,8
M1,ST4,Assembly,2025-01-22,Starved,,,2025-01-22 12:22:00,2025-01-22 12:35:00,14
M1,ST4,Assembly,2025-01-22,Starved,,,2025-01-22 12:53:00,2025-01-22 13:28:00,36
M1,ST4,Assembly,2025-01-22,Starved,,,2025-01-22 13:32:00,2025-01-22 13:35:00,4
M1,ST4,Assembly,2025-01-22,Starved,,,2025-01-22 16:21:00,2025-01-22 16:39:00,19
M1,ST4,Assembly,2025-01-22,Starved,,,2025-01-22 17:21:00,2025-01-22 17:54:00,34
M1,ST4,Assembly,2025-01-22,Starved,,,2025-01-22 17:58:00,2025-01-22 18:27:00,30
M1,ST4,Assembly,2025-01-22,Starved,,,2025-01-22 18:37:00,2025-01-22 18:51:00,15
M1,ST4,Assembly,2025-01-22,Starved,,,2025-01-22 20:46:00,2025-01-22 20:52:00,7
M1,ST4,Assembly,2025-01-22,Starved,,,2025-01-22 20:59:00,2025-01-22 21:19:00,21
M1,ST4,Assembly,2025-01-22,Starved,,,2025-01-22 21:23:00,2025-01-22 22:02:00,40
M1,ST4,Assembly,2025-01-22,Starved,,,2025-01-22 23:23:00,2025-01-23 00:04:00,42
M1,ST4,Assembly,2025-01-23,Starved,,,2025-01-23 00:43:00,2025-01-23 00:49:00,7
M1,ST4,Assembly,2025-01-23,Starved,,,2025-01-23 00:52:00,2025-01-23 00:58:00,7
M1,ST4,Assembly,2025-01-23,Starved,,,2025-01-23 01:01:00,2025-01-23 01:16:00,16
M1,ST4,Assembly,2025-01-23,Starved,,,2025-01-23 01:20:00,2025-01-23 01:51:00,32
M1,ST4,Assembly,2025-01-23,Starved,,,2025-01-23 03:56:00,2025-01-23 04:14:00,19
M1,ST4,Assembly,2025-01-23,Starved,,,2025-01-23 04:18:00,2025-01-23 04:23:00,6
M1,ST4,Assembly,2025-01-23,Starved,,,2025-01-23 04:37:00,2025-01-23 04:48:00,12
M1,ST4,Assembly,2025-01-23,Starved,,,2025-01-23 04:59:00,2025-01-23 05:16:00,18
M1,ST4,Assembly,2025-01-23,Starved,,,2025-01-23 05:20:00,2025-01-23 05:24:00,5
M1,ST4,Assembly,2025-01-23,Starved,,,2025-01-23 05:28:00,2025-01-23 05:46:00,19
M1,ST4,Assembly,2025-01-23,Starved,,,2025-01-23 05:53:00,2025-01-23 05:53:00,1
M1,ST4,Assembly,2025-01-23,Starved,,,2025-01-23 06:32:00,2025-01-23 06:58:00,27
M1,ST4,Assembly,2025-01-23,Starved,,,2025-01-23 11:23:00,2025-01-23 11:26:00,4
M1,ST4,Assembly,2025-01-23,Starved,,,2025-01-23 12:49:00,2025-01-23 13:15:00,27
M1,ST4,Assembly,2025-01-23,Starved,,,2025-01-23 13:44:00,2025-01-23 14:00:00,17
M1,ST4,Assembly,2025-01-23,Starved,,,2025-01-23 15:06:00,2025-01-23 15:14:00,9
M1,ST4,Assembly,2025-01-23,Starved,,,2025-01-23 15:50:00,2025-01-23 16:02:00,13
M1,ST4,Assembly,2025-01-23,Starved,,,2025-01-23 16:38:00,2025-01-23 16:48:00,11
M1,ST4,Assembly,2025-01-23,Starved,,,2025-01-23 17:02:00,2025-01-23 17:23:00,22
M1,ST4,Assembly,2025-01-23,Starved,,,2025-01-23 19:34:00,2025-01-23 19:40:00,7
M1,ST4,Assembly,2025-01-23,Starved,,,2025-01-23 19:55:00,2025-01-23 19:56:00,2
M1,ST4,Assembly,2025-01-23,Starved,,,2025-01-23 20:50:00,2025-01-23 21:23:00,34
M1,ST4,Assembly,2025-01-23,Starved,,,2025-01-23 21:27:00,2025-01-23 21:41:00,15
M1,ST4,Assembly,2025-01-23,Starved,,,2025-01-23 22:04:00,2025-01-23 22:16:00,13
M1,ST4,Assembly,2025-01-23,Starved,,,2025-01-23 23:10:00,2025-01-23 23:20:00,11
M1,ST4,Assembly,2025-01-24,Starved,,,2025-01-24 00:18:00,2025-01-24 00:36:00,19
M1,ST4,Assembly,2025-01-24,Starved,,,2025-01-24 00:40:00,2025-01-24 00:45:00,6
M1,ST4,Assembly,2025-01-24,Starved,,,2025-01-24 01:31:00,2025-01-24 01:41:00,11
M1,ST4,Assembly,2025-01-24,Starved,,,2025-01-24 02:40:00,2025-01-24 03:19:00,40
M1,ST4,Assembly,2025-01-24,Starved,,,2025-01-24 03:30:00,2025-01-24 04:06:00,37
M1,ST4,Assembly,2025-01-24,Starved,,,2025-01-24 04:36:00,2025-01-24 04:37:00,2
M1,ST4,Assembly,2025-01-24,Starved,,,2025-01-24 06:02:00,2025-01-24 06:22:00,21
M1,ST4,Assembly,2025-01-24,Starved,,,2025-01-24 07:08:00,2025-01-24 07:12:00,5
M1,ST4,Assembly,2025-01-24,Starved,,,2025-01-24 08:35:00,2025-01-24 08:38:00,4
M1,ST4,Assembly,2025-01-24,Starved,,,2025-01-24 08:42:00,2025-01-24 09:07:00,26
M1,ST4,Assembly,2025-01-24,Starved,,,2025-01-24 10:51:00,2025-01-24 11:18:00,28
M1,ST4,Assembly,2025-01-24,Starved,,,2025-01-24 11:22:00,2025-01-24 11:52:00,31
M1,ST4,Assembly,2025-01-24,Starved,,,2025-01-24 12:36:00,2025-01-24 12:50:00,15
M1,ST4,Assembly,2025-01-24,Starved,,,2025-01-24 12:56:00,2025-01-24 13:04:00,9
M1,ST4,Assembly,2025-01-24,Starved,,,2025-01-24 15:45:00,2025-01-24 15:47:00,3
M1,ST4,Assembly,2025-01-24,Starved,,,2025-01-24 16:17:00,2025-01-24 16:39:00,23
M1,ST4,Assembly,2025-01-24,Starved,,,2025-01-24 17:01:00,2025-01-24 17:16:00,16
M1,ST4,Assembly,2025-01-24,Starved,,,2025-01-24 21:08:00,2025-01-24 21:16:00,9
M1,ST4,Assembly,2025-01-24,Starved,,,2025-01-24 21:38:00,2025-01-24 21:52:00,15
M1,ST4,Assembly,2025-01-25,Starved,,,2025-01-25 00:09:00,2025-01-25 00:14:00,6
M1,ST4,Assembly,2025-01-25,Starved,,,2025-01-25 00:53:00,2025-01-25 01:17:00,25
M1,ST4,Assembly,2025-01-25,Starved,,,2025-01-25 01:21:00,2025-01-25 01:38:00,18
M1,ST4,Assembly,2025-01-25,Starved,,,2025-01-25 02:30:00,2025-01-25 02:38:00,9
M1,ST4,Assembly,2025-01-25,Starved,,,2025-01-25 02:46:00,2025-01-25 02:58:00,13
M1,ST4,Assembly,2025-01-25,Starved,,,2025-01-25 04:20:00,2025-01-25 04:41:00,22
M1,ST4,Assembly,2025-01-25,Starved,,,2025-01-25 04:46:00,2025-01-25 05:00:00,15
M1,ST4,Assembly,2025-01-25,Starved,,,2025-01-25 05:32:00,2025-01-25 05:34:00,3
M1,ST4,Assembly,2025-01-25,Starved,,,2025-01-25 06:11:00,2025-01-25 06:17:00,7
M1,ST4,Assembly,2025-01-25,Starved,,,2025-01-25 06:48:00,2025-01-25 06:51:00,4
M1,ST4,Assembly,2025-01-25,Starved,,,2025-01-25 08:06:00,2025-01-25 08:15:00,10
M1,ST4,Assembly,2025-01-25,Starved,,,2025-01-25 10:17:00,2025-01-25 10:41:00,25
M1,ST4,Assembly,2025-01-25,Starved,,,2025-01-25 10:44:00,2025-01-25 11:20:00,37
M1,ST4,Assembly,2025-01-25,Starved,,,2025-01-25 12:24:00,2025-01-25 12:44:00,21
M1,ST4,Assembly,2025-01-25,Starved,,,2025-01-25 13:07:00,2025-01-25 13:20:00,14
M1,ST4,Assembly,2025-01-25,Starved,,,2025-01-25 13:24:00,2025-01-25 13:50:00,27
M1,ST4,Assembly,2025-01-25,Starved,,,2025-01-25 14:12:00,2025-01-25 14:47:00,36
M1,ST4,Assembly,2025-01-25,Starved,,,2025-01-25 15:45:00,2025-01-25 15:53:00,9
M1,ST4,Assembly,2025-01-25,Starved,,,2025-01-25 15:57:00,2025-01-25 15:57:00,1
M1,ST4,Assembly,2025-01-25,Starved,,,2025-01-25 16:18:00,2025-01-25 16:43:00,26
M1,ST4,Assembly,2025-01-25,Starved,,,2025-01-25 17:52:00,2025-01-25 18:26:00,35
M1,ST4,Assembly,2025-01-25,Starved,,,2025-01-25 19:28:00,2025-01-25 19:29:00,2
M1,ST4,Assembly,2025-01-25,Starved,,,2025-01-25 22:59:00,2025-01-25 22:59:00,1
M1,ST4,Assembly,2025-01-25,Starved,,,2025-01-25 23:28:00,2025-01-25 23:50:00,23
M1,ST4,Assembly,2025-01-26,Starved,,,2025-01-26 01:03:00,2025-01-26 01:17:00,15
M1,ST4,Assembly,2025-01-26,Starved,,,2025-01-26 02:26:00,2025-01-26 02:27:00,2
M1,ST4,Assembly,2025-01-26,Starved,,,2025-01-26 03:04:00,2025-01-26 03:16:00,13
M1,ST4,Assembly,2025-01-26,Starved,,,2025-01-26 03:20:00,2025-01-26 03:32:00,13
M1,ST4,Assembly,2025-01-26,Starved,,,2025-01-26 03:36:00,2025-01-26 03:44:00,9
M1,ST4,Assembly,2025-01-26,Starved,,,2025-01-26 03:57:00,2025-01-26 04:08:00,12
M1,ST4,Assembly,2025-01-26,Starved,,,2025-01-26 04:23:00,2025-01-26 04:35:00,13
M1,ST4,Assembly,2025-01-26,Starved,,,2025-01-26 07:11:00,2025-01-26 07:16:00,6
M1,ST4,Assembly,2025-01-26,Starved,,,2025-01-26 07:39:00,2025-01-26 08:04:00,26
M1,ST4,Assembly,2025-01-26,Starved,,,2025-01-26 10:31:00,2025-01-26 10:53:00,23
M1,ST4,Assembly,2025-01-26,Starved,,,2025-01-26 12:18:00,2025-01-26 12:45:00,28
M1,ST4,Assembly,2025-01-26,Starved,,,2025-01-26 13:01:00,2025-01-26 13:32:00,32
M1,ST4,Assembly,2025-01-26,Starved,,,2025-01-26 14:09:00,2025-01-26 14:40:00,32
M1,ST4,Assembly,2025-01-26,Starved,,,2025-01-26 16:33:00,2025-01-26 16:40:00,8
M1,ST4,Assembly,2025-01-26,Starved,,,2025-01-26 16:46:00,2025-01-26 16:47:00,2
M1,ST4,Assembly,2025-01-26,Starved,,,2025-01-26 18:08:00,2025-01-26 18:26:00,19
M1,ST4,Assembly,2025-01-26,Starved,,,2025-01-26 18:29:00,2025-01-26 18:36:00,8
M1,ST4,Assembly,2025-01-26,Starved,,,2025-01-26 20:09:00,2025-01-26 20:30:00,22
M1,ST4,Assembly,2025-01-26,Starved,,,2025-01-26 21:25:00,2025-01-26 21:59:00,35
M1,ST4,Assembly,2025-01-26,Starved,,,2025-01-26 22:36:00,2025-01-26 22:48:00,13
M1,ST4,Assembly,2025-01-26,Starved,,,2025-01-26 23:50:00,2025-01-27 00:10:00,21
M1,ST4,Assembly,2025-01-27,Starved,,,2025-01-27 04:23:00,2025-01-27 04:54:00,32
M1,ST4,Assembly,2025-01-27,Starved,,,2025-01-27 06:08:00,2025-01-27 06:23:00,16
M1,ST4,Assembly,2025-01-27,Starved,,,2025-01-27 06:48:00,2025-01-27 07:09:00,22
M1,ST4,Assembly,2025-01-27,Starved,,,2025-01-27 08:16:00,2025-01-27 08:48:00,33
M1,ST4,Assembly,2025-01-27,Starved,,,2025-01-27 11:26:00,2025-01-27 11:32:00,7
M1,ST4,Assembly,2025-01-27,Starved,,,2025-01-27 12:08:00,2025-01-27 12:40:00,33
M1,ST4,Assembly,2025-01-27,Starved,,,2025-01-27 13:17:00,2025-01-27 13:53:00,37
M1,ST4,Assembly,2025-01-27,Starved,,,2025-01-27 14:11:00,2025-01-27 14:28:00,18
M1,ST4,Assembly,2025-01-27,Starved,,,2025-01-27 16:12:00,2025-01-27 16:31:00,20
M1,ST4,Assembly,2025-01-27,Starved,,,2025-01-27 16:35:00,2025-01-27 17:15:00,41
M1,ST4,Assembly,2025-01-27,Starved,,,2025-01-27 17:29:00,2025-01-27 17:52:00,24
M1,ST4,Assembly,2025-01-27,Starved,,,2025-01-27 19:16:00,2025-01-27 19:32:00,17
M1,ST4,Assembly,2025-01-27,Starved,,,2025-01-27 19:36:00,2025-01-27 19:57:00,22
M1,ST4,Assembly,2025-01-27,Starved,,,2025-01-27 20:22:00,2025-01-27 20:59:00,38
M1,ST4,Assembly,2025-01-27,Starved,,,2025-01-27 22:35:00,2025-01-27 22:40:00,6
M1,ST4,Assembly,2025-01-27,Starved,,,2025-01-27 23:40:00,2025-01-27 23:56:00,17
M1,ST4,Assembly,2025-01-28,Starved,,,2025-01-28 00:02:00,2025-01-28 00:05:00,4
M1,ST4,Assembly,2025-01-28,Starved,,,2025-01-28 00:12:00,2025-01-28 00:46:00,35
M1,ST4,Assembly,2025-01-28,Starved,,,2025-01-28 00:59:00,2025-01-28 01:10:00,12
M1,ST4,Assembly,2025-01-28,Starved,,,2025-01-28 02:03:00,2025-01-28 02:05:00,3
M1,ST4,Assembly,2025-01-28,Starved,,,2025-01-28 02:13:00,2025-01-28 02:20:00,8
M1,ST4,Assembly,2025-01-28,Starved,,,2025-01-28 02:27:00,2025-01-28 02:42:00,16
M1,ST4,Assembly,2025-01-28,Starved,,,2025-01-28 05:04:00,2025-01-28 05:38:00,35
M1,ST4,Assembly,2025-01-28,Starved,,,2025-01-28 05:40:00,2025-01-28 06:02:00,23
M1,ST4,Assembly,2025-01-28,Starved,,,2025-01-28 06:05:00,2025-01-28 06:11:00,7
M1,ST4,Assembly,2025-01-28,Starved,,,2025-01-28 06:16:00,2025-01-28 06:17:00,2
M1,ST4,Assembly,2025-01-28,Starved,,,2025-01-28 07:48:00,2025-01-28 08:07:00,20
M1,ST4,Assembly,2025-01-28,Starved,,,2025-01-28 08:58:00,2025-01-28 09:22:00,25
M1,ST4,Assembly,2025-01-28,Starved,,,2025-01-28 09:51:00,2025-01-28 10:22:00,32
M1,ST4,Assembly,2025-01-28,Starved,,,2025-01-28 12:14:00,2025-01-28 12:37:00,24
M1,ST4,Assembly,2025-01-28,Starved,,,2025-01-28 13:39:00,2025-01-28 13:54:00,16
M1,ST4,Assembly,2025-01-28,Starved,,,2025-01-28 15:31:00,2025-01-28 15:38:00,8
M1,ST4,Assembly,2025-01-28,Starved,,,2025-01-28 17:40:00,2025-01-28 17:48:00,9
M1,ST4,Assembly,2025-01-28,Starved,,,2025-01-28 18:21:00,2025-01-28 18:53:00,33
M1,ST4,Assembly,2025-01-28,Starved,,,2025-01-28 18:55:00,2025-01-28 18:55:00,1
M1,ST4,Assembly,2025-01-28,Starved,,,2025-01-28 20:10:00,2025-01-28 20:17:00,8
M1,ST4,Assembly,2025-01-28,Starved,,,2025-01-28 21:10:00,2025-01-28 21:20:00,11
M1,ST4,Assembly,2025-01-28,Starved,,,2025-01-28 21:33:00,2025-01-28 22:11:00,39
M1,ST4,Assembly,2025-01-28,Starved,,,2025-01-28 23:23:00,2025-01-28 23:38:00,16
M1,ST4,Assembly,2025-01-29,Starved,,,2025-01-29 00:18:00,2025-01-29 00:27:00,10
M1,ST4,Assembly,2025-01-29,Starved,,,2025-01-29 00:31:00,2025-01-29 01:06:00,36
M1,ST4,Assembly,2025-01-29,Starved,,,2025-01-29 01:42:00,2025-01-29 02:05:00,24
M1,ST4,Assembly,2025-01-29,Starved,,,2025-01-29 04:35:00,2025-01-29 04:37:00,3
M1,ST4,Assembly,2025-01-29,Starved,,,2025-01-29 06:55:00,2025-01-29 06:56:00,2
M1,ST4,Assembly,2025-01-29,Starved,,,2025-01-29 08:01:00,2025-01-29 08:33:00,33
M1,ST4,Assembly,2025-01-29,Starved,,,2025-01-29 09:16:00,2025-01-29 09:39:00,24
M1,ST4,Assembly,2025-01-29,Starved,,,2025-01-29 10:12:00,2025-01-29 10:34:00,23
M1,ST4,Assembly,2025-01-29,Starved,,,2025-01-29 10:58:00,2025-01-29 11:01:00,4
M1,ST4,Assembly,2025-01-29,Starved,,,2025-01-29 11:35:00,2025-01-29 11:49:00,15
M1,ST4,Assembly,2025-01-29,Starved,,,2025-01-29 12:20:00,2025-01-29 13:05:00,46
M1,ST4,Assembly,2025-01-29,Starved,,,2025-01-29 13:45:00,2025-01-29 14:07:00,23
M1,ST4,Assembly,2025-01-29,Starved,,,2025-01-29 14:46:00,2025-01-29 15:12:00,27
M1,ST4,Assembly,2025-01-29,Starved,,,2025-01-29 16:46:00,2025-01-29 17:11:00,26
M1,ST4,Assembly,2025-01-29,Starved,,,2025-01-29 18:58:00,2025-01-29 19:17:00,20
M1,ST4,Assembly,2025-01-29,Starved,,,2025-01-29 21:09:00,2025-01-29 21:45:00,37
M1,ST4,Assembly,2025-01-29,Starved,,,2025-01-29 22:08:00,2025-01-29 22:09:00,2
M1,ST4,Assembly,2025-01-29,Starved,,,2025-01-29 22:17:00,2025-01-29 23:06:00,50
M1,ST4,Assembly,2025-01-29,Starved,,,2025-01-29 23:15:00,2025-01-29 23:17:00,3
M1,ST4,Assembly,2025-01-30,Starved,,,2025-01-30 02:27:00,2025-01-30 02:34:00,8
M1,ST4,Assembly,2025-01-30,Starved,,,2025-01-30 02:38:00,2025-01-30 02:48:00,11
M1,ST4,Assembly,2025-01-30,Starved,,,2025-01-30 06:02:00,2025-01-30 06:32:00,31
M1,ST4,Assembly,2025-01-30,Starved,,,2025-01-30 06:36:00,2025-01-30 06:43:00,8
M1,ST4,Assembly,2025-01-30,Starved,,,2025-01-30 06:47:00,2025-01-30 06:48:00,2
M1,ST4,Assembly,2025-01-30,Starved,,,2025-01-30 06:59:00,2025-01-30 07:14:00,16
M1,ST4,Assembly,2025-01-30,Starved,,,2025-01-30 07:58:00,2025-01-30 08:02:00,5
M1,ST4,Assembly,2025-01-30,Starved,,,2025-01-30 10:18:00,2025-01-30 10:40:00,23
M1,ST4,Assembly,2025-01-30,Starved,,,2025-01-30 10:51:00,2025-01-30 11:21:00,31
M1,ST4,Assembly,2025-01-30,Starved,,,2025-01-30 13:01:00,2025-01-30 13:50:00,50
M1,ST4,Assembly,2025-01-30,Starved,,,2025-01-30 14:17:00,2025-01-30 14:47:00,31
M1,ST4,Assembly,2025-01-30,Starved,,,2025-01-30 15:13:00,2025-01-30 15:31:00,19
M1,ST4,Assembly,2025-01-30,Starved,,,2025-01-30 15:52:00,2025-01-30 16:14:00,23
M1,ST4,Assembly,2025-01-30,Starved,,,2025-01-30 16:32:00,2025-01-30 17:01:00,30
M1,ST4,Assembly,2025-01-30,Starved,,,2025-01-30 17:08:00,2025-01-30 17:30:00,23
M1,ST4,Assembly,2025-01-30,Starved,,,2025-01-30 18:52:00,2025-01-30 19:27:00,36
M1,ST4,Assembly,2025-01-30,Starved,,,2025-01-30 20:49:00,2025-01-30 20:53:00,5
M1,ST4,Assembly,2025-01-30,Starved,,,2025-01-30 23:10:00,2025-01-30 23:23:00,14
M1,ST4,Assembly,2025-01-31,Starved,,,2025-01-31 01:35:00,2025-01-31 01:59:00,25
M1,ST4,Assembly,2025-01-31,Starved,,,2025-01-31 02:03:00,2025-01-31 02:11:00,9
M1,ST4,Assembly,2025-01-31,Starved,,,2025-01-31 02:39:00,2025-01-31 03:00:00,22
M1,ST4,Assembly,2025-01-31,Starved,,,2025-01-31 03:48:00,2025-01-31 04:22:00,35
M1,ST4,Assembly,2025-01-31,Starved,,,2025-01-31 04:31:00,2025-01-31 04:46:00,16
M1,ST4,Assembly,2025-01-31,Starved,,,2025-01-31 04:48:00,2025-01-31 05:02:00,15
M1,ST4,Assembly,2025-01-31,Starved,,,2025-01-31 05:08:00,2025-01-31 05:51:00,44
M1,ST4,Assembly,2025-01-02,Quality,,,2025-01-02 09:43:00,2025-01-02 10:12:00,30
M1,ST4,Assembly,2025-01-03,Quality,,,2025-01-03 08:51:00,2025-01-03 09:30:00,40
M1,ST4,Assembly,2025-01-04,Quality,,,2025-01-04 13:47:00,2025-01-04 14:03:00,17
M1,ST4,Assembly,2025-01-04,Quality,,,2025-01-04 21:56:00,2025-01-04 22:25:00,30
M1,ST4,Assembly,2025-01-06,Quality,,,2025-01-06 04:24:00,2025-01-06 04:54:00,31
M1,ST4,Assembly,2025-01-11,Quality,,,2025-01-11 00:54:00,2025-01-11 01:21:00,28
M1,ST4,Assembly,2025-01-11,Quality,,,2025-01-11 03:52:00,2025-01-11 04:34:00,43
M1,ST4,Assembly,2025-01-13,Quality,,,2025-01-13 22:28:00,2025-01-13 22:57:00,30
M1,ST4,Assembly,2025-01-15,Quality,,,2025-01-15 05:47:00,2025-01-15 06:08:00,22
M1,ST4,Assembly,2025-01-15,Quality,,,2025-01-15 17:34:00,2025-01-15 18:09:00,36
M1,ST4,Assembly,2025-01-17,Quality,,,2025-01-17 03:27:00,2025-01-17 03:36:00,10
M1,ST4,Assembly,2025-01-17,Quality,,,2025-01-17 16:40:00,2025-01-17 17:02:00,23
M1,ST4,Assembly,2025-01-19,Quality,,,2025-01-19 02:35:00,2025-01-19 03:17:00,43
M1,ST4,Assembly,2025-01-19,Quality,,,2025-01-19 18:09:00,2025-01-19 18:29:00,21
M1,ST4,Assembly,2025-01-20,Quality,,,2025-01-20 19:23:00,2025-01-20 19:40:00,18
M1,ST4,Assembly,2025-01-21,Quality,,,2025-01-21 00:34:00,2025-01-21 01:04:00,31
M1,ST4,Assembly,2025-01-22,Quality,,,2025-01-22 00:54:00,2025-01-22 01:07:00,14
M1,ST4,Assembly,2025-01-24,Quality,,,2025-01-24 15:27:00,2025-01-24 15:40:00,14
M1,ST4,Assembly,2025-01-28,Quality,,,2025-01-28 14:59:00,2025-01-28 15:25:00,27
M1,ST5,Welding,2025-01-01,Mechanical,vibration,,2025-01-01 16:02:00,2025-01-01 16:26:00,25
M1,ST5,Welding,2025-01-01,Mechanical,air_pressure,,2025-01-01 19:57:00,2025-01-01 20:15:00,19
M1,ST5,Welding,2025-01-02,Mechanical,vibration,,2025-01-02 00:28:00,2025-01-02 00:51:00,24
M1,ST5,Welding,2025-01-02,Mechanical,vibration,,2025-01-02 10:10:00,2025-01-02 10:41:00,32
M1,ST5,Welding,2025-01-02,Mechanical,air_pressure,,2025-01-02 21:16:00,2025-01-02 21:35:00,20
M1,ST5,Welding,2025-01-03,Mechanical,vibration,,2025-01-03 04:22:00,2025-01-03 04:35:00,14
M1,ST5,Welding,2025-01-03,Mechanical,air_pressure,,2025-01-03 08:50:00,2025-01-03 09:30:00,41
M1,ST5,Welding,2025-01-03,Mechanical,vibration,,2025-01-03 14:02:00,2025-01-03 14:23:00,22
M1,ST5,Welding,2025-01-03,Mechanical,air_pressure,,2025-01-03 19:24:00,2025-01-03 20:03:00,40
M1,ST5,Welding,2025-01-03,Mechanical,vibration,,2025-01-03 23:40:00,2025-01-04 00:18:00,39
M1,ST5,Welding,2025-01-04,Mechanical,air_pressure,,2025-01-04 10:46:00,2025-01-04 10:56:00,11
M1,ST5,Welding,2025-01-04,Mechanical,vibration,,2025-01-04 13:15:00,2025-01-04 13:48:00,34
M1,ST5,Welding,2025-01-04,Mechanical,air_pressure,,2025-01-04 20:58:00,2025-01-04 21:19:00,22
M1,ST5,Welding,2025-01-05,Mechanical,vibration,,2025-01-05 02:09:00,2025-01-05 02:43:00,35
M1,ST5,Welding,2025-01-05,Mechanical,air_pressure,,2025-01-05 09:04:00,2025-01-05 09:43:00,40
M1,ST5,Welding,2025-01-05,Mechanical,vibration,,2025-01-05 10:31:00,2025-01-05 10:59:00,29
M1,ST5,Welding,2025-01-05,Mechanical,vibration,,2025-01-05 17:52:00,2025-01-05 18:32:00,41
M1,ST5,Welding,2025-01-06,Mechanical,air_pressure,,2025-01-06 01:08:00,2025-01-06 01:35:00,28
M1,ST5,Welding,2025-01-06,Mechanical,vibration,,2025-01-06 02:10:00,2025-01-06 02:28:00,19
M1,ST5,Welding,2025-01-06,Mechanical,vibration,,2025-01-06 11:43:00,2025-01-06 12:03:00,21
M1,ST5,Welding,2025-01-06,Mechanical,air_pressure,,2025-01-06 16:30:00,2025-01-06 16:50:00,21
M1,ST5,Welding,2025-01-06,Mechanical,vibration,,2025-01-06 19:13:00,2025-01-06 19:19:00,7
M1,ST5,Welding,2025-01-07,Mechanical,vibration,,2025-01-07 05:02:00,2025-01-07 05:41:00,40
M1,ST5,Welding,2025-01-07,Mechanical,air_pressure,,2025-01-07 05:44:00,2025-01-07 06:23:00,40
M1,ST5,Welding,2025-01-07,Mechanical,vibration,,2025-01-07 13:35:00,2025-01-07 13:40:00,6
M1,ST5,Welding,2025-01-07,Mechanical,air_pressure,,2025-01-07 18:44:00,2025-01-07 18:55:00,12
M1,ST5,Welding,2025-01-07,Mechanical,vibration,,2025-01-07 22:59:00,2025-01-07 23:30:00,32
M1,ST5,Welding,2025-01-08,Mechanical,air_pressure,,2025-01-08 05:04:00,2025-01-08 05:41:00,38
M1,ST5,Welding,2025-01-08,Mechanical,vibration,,2025-01-08 08:43:00,2025-01-08 09:18:00,36
M1,ST5,Welding,2025-01-08,Mechanical,vibration,,2025-01-08 18:19:00,2025-01-08 18:27:00,9
M1,ST5,Welding,2025-01-09,Mechanical,vibration,,2025-01-09 04:51:00,2025-01-09 05:22:00,32
M1,ST5,Welding,2025-01-09,Mechanical,air_pressure,,2025-01-09 11:07:00,2025-01-09 11:15:00,9
M1,ST5,Welding,2025-01-09,Mechanical,vibration,,2025-01-09 14:28:00,2025-01-09 14:56:00,29
M1,ST5,Welding,2025-01-10,Mechanical,vibration,,2025-01-10 01:59:00,2025-01-10 02:27:00,29
M1,ST5,Welding,2025-01-10,Mechanical,air_pressure,,2025-01-10 02:40:00,2025-01-10 02:48:00,9
M1,ST5,Welding,2025-01-10,Mechanical,vibration,,2025-01-10 09:21:00,2025-01-10 09:53:00,33
M1,ST5,Welding,2025-01-10,Mechanical,air_pressure,,2025-01-10 14:52:00,2025-01-10 15:09:00,18
M1,ST5,Welding,2025-01-10,Mechanical,vibration,,2025-01-10 19:57:00,2025-01-10 20:36:00,40
M1,ST5,Welding,2025-01-11,Mechanical,air_pressure,,2025-01-11 02:54:00,2025-01-11 03:00:00,7
M1,ST5,Welding,2025-01-11,Mechanical,vibration,,2025-01-11 04:06:00,2025-01-11 04:33:00,28
M1,ST5,Welding,2025-01-11,Mechanical,vibration,,2025-01-11 12:34:00,2025-01-11 12:45:00,12
M1,ST5,Welding,2025-01-11,Mechanical,air_pressure,,2025-01-11 16:57:00,2025-01-11 17:09:00,13
M1,ST5,Welding,2025-01-11,Mechanical,vibration,,2025-01-11 21:17:00,2025-01-11 21:31:00,15
M1,ST5,Welding,2025-01-12,Mechanical,vibration,,2025-01-12 04:56:00,2025-01-12 05:12:00,17
M1,ST5,Welding,2025-01-12,Mechanical,air_pressure,,2025-01-12 08:54:00,2025-01-12 09:25:00,32
M1,ST5,Welding,2025-01-12,Mechanical,vibration,,2025-01-12 12:28:00,2025-01-12 12:38:00,11
M1,ST5,Welding,2025-01-12,Mechanical,vibration,,2025-01-12 22:07:00,2025-01-12 22:35:00,29
M1,ST5,Welding,2025-01-12,Mechanical,air_pressure,,2025-01-12 23:30:00,2025-01-12 23:39:00,10
M1,ST5,Welding,2025-01-13,Mechanical,air_pressure,,2025-01-13 12:10:00,2025-01-13 12:36:00,27
M1,ST5,Welding,2025-01-13,Mechanical,vibration,,2025-01-13 16:14:00,2025-01-13 16:38:00,25
M1,ST5,Welding,2025-01-14,Mechanical,air_pressure,,2025-01-14 00:11:00,2025-01-14 00:48:00,38
M1,ST5,Welding,2025-01-14,Mechanical,vibration,,2025-01-14 02:15:00,2025-01-14 02:51:00,37
M1,ST5,Welding,2025-01-14,Mechanical,vibration,,2025-01-14 10:28:00,2025-01-14 10:51:00,24
M1,ST5,Welding,2025-01-14,Mechanical,air_pressure,,2025-01-14 12:16:00,2025-01-14 12:41:00,26
M1,ST5,Welding,2025-01-15,Mechanical,air_pressure,,2025-01-15 05:04:00,2025-01-15 05:40:00,37
M1,ST5,Welding,2025-01-15,Mechanical,vibration,,2025-01-15 07:13:00,2025-01-15 07:45:00,33
M1,ST5,Welding,2025-01-15,Mechanical,air_pressure,,2025-01-15 19:56:00,2025-01-15 20:13:00,18
M1,ST5,Welding,2025-01-16,Mechanical,vibration,,2025-01-16 02:39:00,2025-01-16 02:58:00,20
M1,ST5,Welding,2025-01-16,Mechanical,air_pressure,,2025-01-16 10:44:00,2025-01-16 10:53:00,10
M1,ST5,Welding,2025-01-16,Mechanical,vibration,,2025-01-16 15:20:00,2025-01-16 15:46:00,27
M1,ST5,Welding,2025-01-16,Mechanical,air_pressure,,2025-01-16 22:56:00,2025-01-16 23:02:00,7
M1,ST5,Welding,2025-01-17,Mechanical,vibration,,2025-01-17 00:18:00,2025-01-17 00:49:00,32
M1,ST5,Welding,2025-01-17,Mechanical,vibration,,2025-01-17 06:54:00,2025-01-17 07:13:00,20
M1,ST5,Welding,2025-01-17,Mechanical,vibration,,2025-01-17 15:35:00,2025-01-17 15:43:00,9
M1,ST5,Welding,2025-01-17,Mechanical,air_pressure,,2025-01-17 23:37:00,2025-01-17 23:56:00,20
M1,ST5,Welding,2025-01-18,Mechanical,vibration,,2025-01-18 10:01:00,2025-01-18 10:38:00,38
M1,ST5,Welding,2025-01-18,Mechanical,air_pressure,,2025-01-18 16:14:00,2025-01-18 16:49:00,36
M1,ST5,Welding,2025-01-18,Mechanical,vibration,,2025-01-18 17:14:00,2025-01-18 17:19:00,6
M1,ST5,Welding,2025-01-19,Mechanical,air_pressure,,2025-01-19 03:58:00,2025-01-19 04:31:00,34
M1,ST5,Welding,2025-01-19,Mechanical,vibration,,2025-01-19 09:42:00,2025-01-19 10:08:00,27
M1,ST5,Welding,2025-01-19,Mechanical,air_pressure,,2025-01-19 19:33:00,2025-01-19 20:10:00,38
M1,ST5,Welding,2025-01-19,Mechanical,vibration,,2025-01-19 20:11:00,2025-01-19 20:38:00,28
M1,ST5,Welding,2025-01-20,Mechanical,vibration,,2025-01-20 05:55:00,2025-01-20 06:27:00,33
M1,ST5,Welding,2025-01-20,Mechanical,air_pressure,,2025-01-20 07:59:00,2025-01-20 08:09:00,11
M1,ST5,Welding,2025-01-20,Mechanical,vibration,,2025-01-20 15:29:00,2025-01-20 16:08:00,40
M1,ST5,Welding,2025-01-20,Mechanical,vibration,,2025-01-20 23:13:00,2025-01-20 23:18:00,6
M1,ST5,Welding,2025-01-21,Mechanical,air_pressure,,2025-01-21 00:43:00,2025-01-21 01:04:00,22
M1,ST5,Welding,2025-01-21,Mechanical,vibration,,2025-01-21 06:42:00,2025-01-21 06:57:00,16
M1,ST5,Welding,2025-01-21,Mechanical,air_pressure,,2025-01-21 11:45:00,2025-01-21 12:16:00,32
M1,ST5,Welding,2025-01-21,Mechanical,vibration,,2025-01-21 17:30:00,2025-01-21 17:40:00,11
M1,ST5,Welding,2025-01-22,Mechanical,air_pressure,,2025-01-22 03:18:00,2025-01-22 03:47:00,30
M1,ST5,Welding,2025-01-22,Mechanical,vibration,,2025-01-22 13:42:00,2025-01-22 14:21:00,40
M1,ST5,Welding,2025-01-22,Mechanical,air_pressure,,2025-01-22 14:26:00,2025-01-22 14:36:00,11
M1,ST5,Welding,2025-01-22,Mechanical,vibration,,2025-01-22 23:45:00,2025-01-23 00:13:00,29
M1,ST5,Welding,2025-01-23,Mechanical,air_pressure,,2025-01-23 04:42:00,2025-01-23 04:54:00,13
M1,ST5,Welding,2025-01-23,Mechanical,vibration,,2025-01-23 11:00:00,2025-01-23 11:12:00,13
M1,ST5,Welding,2025-01-23,Mechanical,vibration,,2025-01-23 18:46:00,2025-01-23 19:11:00,26
M1,ST5,Welding,2025-01-23,Mechanical,air_pressure,,2025-01-23 19:15:00,2025-01-23 19:25:00,11
M1,ST5,Welding,2025-01-24,Mechanical,vibration,,2025-01-24 03:53:00,2025-01-24 04:07:00,15
M1,ST5,Welding,2025-01-24,Mechanical,air_pressure,,2025-01-24 05:43:00,2025-01-24 05:57:00,15
M1,ST5,Welding,2025-01-24,Mechanical,vibration,,2025-01-24 15:09:00,2025-01-24 15:34:00,26
M1,ST5,Welding,2025-01-24,Mechanical,vibration,,2025-01-24 23:35:00,2025-01-24 23:55:00,21
M1,ST5,Welding,2025-01-25,Mechanical,air_pressure,,2025-01-25 00:18:00,2025-01-25 00:48:00,31
M1,ST5,Welding,2025-01-25,Mechanical,vibration,,2025-01-25 10:22:00,2025-01-25 10:41:00,20
M1,ST5,Welding,2025-01-25,Mechanical,air_pressure,,2025-01-25 10:46:00,2025-01-25 11:24:00,39
M1,ST5,Welding,2025-01-25,Mechanical,air_pressure,,2025-01-25 21:11:00,2025-01-25 21:25:00,15
M1,ST5,Welding,2025-01-25,Mechanical,vibration,,2025-01-25 22:27:00,2025-01-25 22:54:00,28
M1,ST5,Welding,2025-01-26,Mechanical,air_pressure,,2025-01-26 07:38:00,2025-01-26 08:01:00,24
M1,ST5,Welding,2025-01-26,Mechanical,air_pressure,,2025-01-26 20:49:00,2025-01-26 21:15:00,27
M1,ST5,Welding,2025-01-26,Mechanical,vibration,,2025-01-26 22:03:00,2025-01-26 22:21:00,19
M1,ST5,Welding,2025-01-27,Mechanical,vibration,,2025-01-27 05:51:00,2025-01-27 06:03:00,13
M1,ST5,Welding,2025-01-27,Mechanical,air_pressure,,2025-01-27 10:43:00,2025-01-27 11:17:00,35
M1,ST5,Welding,2025-01-27,Mechanical,vibration,,2025-01-27 18:28:00,2025-01-27 18:44:00,17
M1,ST5,Welding,2025-01-28,Mechanical,air_pressure,,2025-01-28 03:25:00,2025-01-28 03:38:00,14
M1,ST5,Welding,2025-01-28,Mechanical,vibration,,2025-01-28 05:24:00,2025-01-28 05:38:00,15
M1,ST5,Welding,2025-01-28,Mechanical,vibration,,2025-01-28 15:49:00,2025-01-28 16:23:00,35
M1,ST5,Welding,2025-01-28,Mechanical,air_pressure,,2025-01-28 20:29:00,2025-01-28 21:05:00,37
M1,ST5,Welding,2025-01-29,Mechanical,vibration,,2025-01-29 02:23:00,2025-01-29 02:38:00,16
M1,ST5,Welding,2025-01-29,Mechanical,vibration,,2025-01-29 12:00:00,2025-01-29 12:14:00,15
M1,ST5,Welding,2025-01-29,Mechanical,air_pressure,,2025-01-29 14:07:00,2025-01-29 14:41:00,35
M1,ST5,Welding,2025-01-29,Mechanical,vibration,,2025-01-29 23:53:00,2025-01-30 00:31:00,39
M1,ST5,Welding,2025-01-30,Mechanical,air_pressure,,2025-01-30 04:48:00,2025-01-30 05:22:00,35
M1,ST5,Welding,2025-01-30,Mechanical,vibration,,2025-01-30 11:01:00,2025-01-30 11:52:00,52
M1,ST5,Welding,2025-01-30,Mechanical,vibration,,2025-01-30 19:23:00,2025-01-30 19:52:00,30
M1,ST5,Welding,2025-01-30,Mechanical,air_pressure,,2025-01-30 21:57:00,2025-01-30 22:36:00,40
M1,ST5,Welding,2025-01-01,Electrical,temperature,,2025-01-01 14:14:00,2025-01-01 14:48:00,35
M1,ST5,Welding,2025-01-02,Electrical,temperature,,2025-01-02 01:26:00,2025-01-02 01:42:00,17
M1,ST5,Welding,2025-01-02,Electrical,humidity,,2025-01-02 02:01:00,2025-01-02 02:20:00,20
M1,ST5,Welding,2025-01-02,Electrical,energy_consumption,,2025-01-02 05:25:00,2025-01-02 05:48:00,24
M1,ST5,Welding,2025-01-02,Electrical,temperature,,2025-01-02 10:45:00,2025-01-02 11:00:00,16
M1,ST5,Welding,2025-01-02,Electrical,energy_consumption,,2025-01-02 14:41:00,2025-01-02 14:56:00,16
M1,ST5,Welding,2025-01-02,Electrical,humidity,,2025-01-02 15:56:00,2025-01-02 16:27:00,32
M1,ST5,Welding,2025-01-02,Electrical,temperature,,2025-01-02 17:50:00,2025-01-02 18:20:00,31
M1,ST5,Welding,2025-01-03,Electrical,temperature,,2025-01-03 02:48:00,2025-01-03 03:25:00,38
M1,ST5,Welding,2025-01-03,Electrical,energy_consumption,,2025-01-03 04:38:00,2025-01-03 05:14:00,37
M1,ST5,Welding,2025-01-03,Electrical,humidity,,2025-01-03 10:27:00,2025-01-03 10:56:00,30
M1,ST5,Welding,2025-01-03,Electrical,temperature,,2025-01-03 17:06:00,2025-01-03 17:45:00,40
M1,ST5,Welding,2025-01-03,Electrical,energy_consumption,,2025-01-03 20:58:00,2025-01-03 21:28:00,31
M1,ST5,Welding,2025-01-04,Electrical,temperature,,2025-01-04 02:36:00,2025-01-04 03:16:00,41
M1,ST5,Welding,2025-01-04,Electrical,humidity,,2025-01-04 03:18:00,2025-01-04 03:38:00,21
M1,ST5,Welding,2025-01-04,Electrical,energy_consumption,,2025-01-04 07:06:00,2025-01-04 07:30:00,25
M1,ST5,Welding,2025-01-04,Electrical,temperature,,2025-01-04 13:50:00,2025-01-04 14:04:00,15
M1,ST5,Welding,2025-01-04,Electrical,humidity,,2025-01-04 18:20:00,2025-01-04 18:54:00,35
M1,ST5,Welding,2025-01-04,Electrical,energy_consumption,,2025-01-04 21:20:00,2025-01-04 21:56:00,37
M1,ST5,Welding,2025-01-05,Electrical,humidity,,2025-01-05 06:18:00,2025-01-05 06:29:00,12
M1,ST5,Welding,2025-01-05,Electrical,temperature,,2025-01-05 12:13:00,2025-01-05 12:21:00,9
M1,ST5,Welding,2025-01-05,Electrical,humidity,,2025-01-05 23:54:00,2025-01-06 00:05:00,12
M1,ST5,Welding,2025-01-06,Electrical,energy_consumption,,2025-01-06 11:05:00,2025-01-06 11:17:00,13
M1,ST5,Welding,2025-01-06,Electrical,temperature,,2025-01-06 12:25:00,2025-01-06 12:38:00,14
M1,ST5,Welding,2025-01-06,Electrical,humidity,,2025-01-06 17:17:00,2025-01-06 17:39:00,23
M1,ST5,Welding,2025-01-06,Electrical,temperature,,2025-01-06 23:34:00,2025-01-07 00:08:00,35
M1,ST5,Welding,2025-01-07,Electrical,energy_consumption,,2025-01-07 00:35:00,2025-01-07 00:58:00,24
M1,ST5,Welding,2025-01-07,Electrical,humidity,,2025-01-07 08:35:00,2025-01-07 08:45:00,11
M1,ST5,Welding,2025-01-07,Electrical,energy_consumption,,2025-01-07 09:20:00,2025-01-07 10:08:00,49
M1,ST5,Welding,2025-01-07,Electrical,temperature,,2025-01-07 10:44:00,2025-01-07 11:16:00,33
M1,ST5,Welding,2025-01-07,Electrical,energy_consumption,,2025-01-07 21:23:00,2025-01-07 21:51:00,29
M1,ST5,Welding,2025-01-07,Electrical,temperature,,2025-01-07 22:12:00,2025-01-07 22:33:00,22
M1,ST5,Welding,2025-01-08,Electrical,humidity,,2025-01-08 02:02:00,2025-01-08 02:31:00,30
M1,ST5,Welding,2025-01-08,Electrical,energy_consumption,,2025-01-08 06:44:00,2025-01-08 06:58:00,15
M1,ST5,Welding,2025-01-08,Electrical,temperature,,2025-01-08 09:46:00,2025-01-08 10:18:00,33
M1,ST5,Welding,2025-01-08,Electrical,humidity,,2025-01-08 18:42:00,2025-01-08 19:12:00,31
M1,ST5,Welding,2025-01-08,Electrical,temperature,,2025-01-08 21:13:00,2025-01-08 21:22:00,10
M1,ST5,Welding,2025-01-08,Electrical,energy_consumption,,2025-01-08 21:33:00,2025-01-08 21:43:00,11
M1,ST5,Welding,2025-01-09,Electrical,energy_consumption,,2025-01-09 07:20:00,2025-01-09 07:32:00,13
M1,ST5,Welding,2025-01-09,Electrical,temperature,,2025-01-09 09:15:00,2025-01-09 09:40:00,26
M1,ST5,Welding,2025-01-09,Electrical,temperature,,2025-01-09 20:35:00,2025-01-09 20:48:00,14
M1,ST5,Welding,2025-01-09,Electrical,energy_consumption,,2025-01-09 21:06:00,2025-01-09 21:41:00,36
M1,ST5,Welding,2025-01-10,Electrical,temperature,,2025-01-10 08:29:00,2025-01-10 09:01:00,33
M1,ST5,Welding,2025-01-10,Electrical,humidity,,2025-01-10 11:26:00,2025-01-10 11:54:00,29
M1,ST5,Welding,2025-01-10,Electrical,energy_consumption,,2025-01-10 12:28:00,2025-01-10 12:54:00,27
M1,ST5,Welding,2025-01-10,Electrical,temperature,,2025-01-10 23:19:00,2025-01-10 23:26:00,8
M1,ST5,Welding,2025-01-11,Electrical,humidity,,2025-01-11 01:13:00,2025-01-11 01:52:00,40
M1,ST5,Welding,2025-01-11,Electrical,energy_consumption,,2025-01-11 03:49:00,2025-01-11 04:05:00,17
M1,ST5,Welding,2025-01-11,Electrical,temperature,,2025-01-11 10:09:00,2025-01-11 10:40:00,32
M1,ST5,Welding,2025-01-11,Electrical,energy_consumption,,2025-01-11 14:39:00,2025-01-11 14:49:00,11
M1,ST5,Welding,2025-01-11,Electrical,temperature,,2025-01-11 17:42:00,2025-01-11 17:53:00,12
M1,ST5,Welding,2025-01-11,Electrical,humidity,,2025-01-11 18:37:00,2025-01-11 18:58:00,22
M1,ST5,Welding,2025-01-12,Electrical,energy_consumption,,2025-01-12 00:45:00,2025-01-12 01:00:00,16
M1,ST5,Welding,2025-01-12,Electrical,temperature,,2025-01-12 02:50:00,2025-01-12 03:16:00,27
M1,ST5,Welding,2025-01-12,Electrical,energy_consumption,,2025-01-12 16:13:00,2025-01-12 16:50:00,38
M1,ST5,Welding,2025-01-12,Electrical,temperature,,2025-01-12 18:18:00,2025-01-12 18:29:00,12
M1,ST5,Welding,2025-01-12,Electrical,humidity,,2025-01-12 19:52:00,2025-01-12 20:30:00,39
M1,ST5,Welding,2025-01-13,Electrical,temperature,,2025-01-13 06:03:00,2025-01-13 06:26:00,24
M1,ST5,Welding,2025-01-13,Electrical,energy_consumption,,2025-01-13 06:37:00,2025-01-13 06:59:00,23
M1,ST5,Welding,2025-01-13,Electrical,humidity,,2025-01-13 10:33:00,2025-01-13 11:02:00,30
M1,ST5,Welding,2025-01-13,Electrical,energy_consumption,,2025-01-13 17:48:00,2025-01-13 18:21:00,34
M1,ST5,Welding,2025-01-13,Electrical,temperature,,2025-01-13 18:26:00,2025-01-13 18:57:00,32
M1,ST5,Welding,2025-01-14,Electrical,temperature,,2025-01-14 05:48:00,2025-01-14 06:20:00,33
M1,ST5,Welding,2025-01-14,Electrical,energy_consumption,,2025-01-14 09:38:00,2025-01-14 09:47:00,10
M1,ST5,Welding,2025-01-14,Electrical,temperature,,2025-01-14 16:34:00,2025-01-14 17:01:00,28
M1,ST5,Welding,2025-01-14,Electrical,energy_consumption,,2025-01-14 18:56:00,2025-01-14 19:13:00,18
M1,ST5,Welding,2025-01-14,Electrical,humidity,,2025-01-14 22:19:00,2025-01-14 22:47:00,29
M1,ST5,Welding,2025-01-15,Electrical,energy_consumption,,2025-01-15 03:43:00,2025-01-15 04:11:00,29
M1,ST5,Welding,2025-01-15,Electrical,temperature,,2025-01-15 04:36:00,2025-01-15 04:42:00,7
M1,ST5,Welding,2025-01-15,Electrical,energy_consumption,,2025-01-15 13:46:00,2025-01-15 13:57:00,12
M1,ST5,Welding,2025-01-15,Electrical,temperature,,2025-01-15 16:32:00,2025-01-15 16:58:00,27
M1,ST5,Welding,2025-01-16,Electrical,humidity,,2025-01-16 02:12:00,2025-01-16 02:28:00,17
M1,ST5,Welding,2025-01-16,Electrical,temperature,,2025-01-16 03:02:00,2025-01-16 03:25:00,24
M1,ST5,Welding,2025-01-16,Electrical,temperature,,2025-01-16 11:17:00,2025-01-16 11:43:00,27
M1,ST5,Welding,2025-01-16,Electrical,energy_consumption,,2025-01-16 13:30:00,2025-01-16 13:52:00,23
M1,ST5,Welding,2025-01-16,Electrical,humidity,,2025-01-16 20:07:00,2025-01-16 20:34:00,28
M1,ST5,Welding,2025-01-17,Electrical,energy_consumption,,2025-01-17 01:43:00,2025-01-17 02:15:00,33
M1,ST5,Welding,2025-01-17,Electrical,temperature,,2025-01-17 08:48:00,2025-01-17 09:11:00,24
M1,ST5,Welding,2025-01-17,Electrical,energy_consumption,,2025-01-17 12:11:00,2025-01-17 12:31:00,21
M1,ST5,Welding,2025-01-17,Electrical,humidity,,2025-01-17 12:47:00,2025-01-17 13:13:00,27
M1,ST5,Welding,2025-01-17,Electrical,temperature,,2025-01-17 21:55:00,2025-01-17 22:29:00,35
M1,ST5,Welding,2025-01-18,Electrical,energy_consumption,,2025-01-18 02:01:00,2025-01-18 02:22:00,22
M1,ST5,Welding,2025-01-18,Electrical,temperature,,2025-01-18 05:39:00,2025-01-18 06:04:00,26
M1,ST5,Welding,2025-01-18,Electrical,energy_consumption,,2025-01-18 12:08:00,2025-01-18 12:15:00,8
M1,ST5,Welding,2025-01-18,Electrical,temperature,,2025-01-18 15:06:00,2025-01-18 15:36:00,31
M1,ST5,Welding,2025-01-18,Electrical,humidity,,2025-01-18 21:56:00,2025-01-18 22:18:00,23
M1,ST5,Welding,2025-01-19,Electrical,temperature,,2025-01-19 02:37:00,2025-01-19 03:16:00,40
M1,ST5,Welding,2025-01-19,Electrical,temperature,,2025-01-19 13:18:00,2025-01-19 13:33:00,16
M1,ST5,Welding,2025-01-19,Electrical,humidity,,2025-01-19 14:07:00,2025-01-19 14:31:00,25
M1,ST5,Welding,2025-01-19,Electrical,energy_consumption,,2025-01-19 16:24:00,2025-01-19 16:47:00,24
M1,ST5,Welding,2025-01-20,Electrical,energy_consumption,,2025-01-20 01:52:00,2025-01-20 02:22:00,31
M1,ST5,Welding,2025-01-20,Electrical,humidity,,2025-01-20 08:55:00,2025-01-20 09:23:00,29
M1,ST5,Welding,2025-01-20,Electrical,energy_consumption,,2025-01-20 15:05:00,2025-01-20 15:26:00,22
M1,ST5,Welding,2025-01-20,Electrical,humidity,,2025-01-20 22:50:00,2025-01-20 23:11:00,22
M1,ST5,Welding,2025-01-21,Electrical,temperature,,2025-01-21 04:36:00,2025-01-21 05:11:00,36
M1,ST5,Welding,2025-01-21,Electrical,energy_consumption,,2025-01-21 12:44:00,2025-01-21 13:07:00,24
M1,ST5,Welding,2025-01-21,Electrical,temperature,,2025-01-21 13:45:00,2025-01-21 14:24:00,40
M1,ST5,Welding,2025-01-22,Electrical,temperature,,2025-01-22 01:02:00,2025-01-22 01:28:00,27
M1,ST5,Welding,2025-01-22,Electrical,humidity,,2025-01-22 04:52:00,2025-01-22 04:59:00,8
M1,ST5,Welding,2025-01-22,Electrical,energy_consumption,,2025-01-22 05:00:00,2025-01-22 05:22:00,23
M1,ST5,Welding,2025-01-22,Electrical,temperature,,2025-01-22 15:42:00,2025-01-22 15:52:00,11
M1,ST5,Welding,2025-01-22,Electrical,humidity,,2025-01-22 19:19:00,2025-01-22 19:43:00,25
M1,ST5,Welding,2025-01-22,Electrical,energy_consumption,,2025-01-22 19:52:00,2025-01-22 20:23:00,32
M1,ST5,Welding,2025-01-23,Electrical,temperature,,2025-01-23 00:31:00,2025-01-23 00:38:00,8
M1,ST5,Welding,2025-01-23,Electrical,energy_consumption,,2025-01-23 12:18:00,2025-01-23 12:44:00,27
M1,ST5,Welding,2025-01-23,Electrical,humidity,,2025-01-23 12:49:00,2025-01-23 13:12:00,24
M1,ST5,Welding,2025-01-23,Electrical,temperature,,2025-01-23 15:14:00,2025-01-23 15:45:00,32
M1,ST5,Welding,2025-01-24,Electrical,energy_consumption,,2025-01-24 00:50:00,2025-01-24 01:12:00,23
M1,ST5,Welding,2025-01-24,Electrical,temperature,,2025-01-24 04:09:00,2025-01-24 04:31:00,23
M1,ST5,Welding,2025-01-24,Electrical,humidity,,2025-01-24 06:09:00,2025-01-24 06:36:00,28
M1,ST5,Welding,2025-01-24,Electrical,energy_consumption,,2025-01-24 09:00:00,2025-01-24 09:17:00,18
M1,ST5,Welding,2025-01-24,Electrical,temperature,,2025-01-24 14:34:00,2025-01-24 15:00:00,27
M1,ST5,Welding,2025-01-24,Electrical,energy_consumption,,2025-01-24 22:14:00,2025-01-24 22:55:00,42
M1,ST5,Welding,2025-01-25,Electrical,humidity,,2025-01-25 01:21:00,2025-01-25 01:50:00,30
M1,ST5,Welding,2025-01-25,Electrical,temperature,,2025-01-25 04:04:00,2025-01-25 04:15:00,12
M1,ST5,Welding,2025-01-25,Electrical,temperature,,2025-01-25 12:25:00,2025-01-25 12:38:00,14
M1,ST5,Welding,2025-01-25,Electrical,humidity,,2025-01-25 19:09:00,2025-01-25 19:19:00,11
M1,ST5,Welding,2025-01-25,Electrical,energy_consumption,,2025-01-25 21:45:00,2025-01-25 22:10:00,26
M1,ST5,Welding,2025-01-26,Electrical,temperature,,2025-01-26 00:03:00,2025-01-26 00:36:00,34
M1,ST5,Welding,2025-01-26,Electrical,energy_consumption,,2025-01-26 06:07:00,2025-01-26 06:43:00,37
M1,ST5,Welding,2025-01-26,Electrical,temperature,,2025-01-26 09:02:00,2025-01-26 09:20:00,19
M1,ST5,Welding,2025-01-26,Electrical,humidity,,2025-01-26 09:56:00,2025-01-26 10:12:00,17
M1,ST5,Welding,2025-01-26,Electrical,temperature,,2025-01-26 18:35:00,2025-01-26 18:53:00,19
M1,ST5,Welding,2025-01-26,Electrical,energy_consumption,,2025-01-26 19:41:00,2025-01-26 20:05:00,25
M1,ST5,Welding,2025-01-27,Electrical,humidity,,2025-01-27 06:21:00,2025-01-27 06:43:00,23
M1,ST5,Welding,2025-01-27,Electrical,energy_consumption,,2025-01-27 07:38:00,2025-01-27 07:50:00,13
M1,ST5,Welding,2025-01-27,Electrical,temperature,,2025-01-27 08:04:00,2025-01-27 08:41:00,38
M1,ST5,Welding,2025-01-27,Electrical,humidity,,2025-01-27 18:06:00,2025-01-27 18:20:00,15
M1,ST5,Welding,2025-01-27,Electrical,temperature,,2025-01-27 21:28:00,2025-01-27 21:34:00,7
M1,ST5,Welding,2025-01-27,Electrical,energy_consumption,,2025-01-27 23:44:00,2025-01-27 23:56:00,13
M1,ST5,Welding,2025-01-28,Electrical,temperature,,2025-01-28 11:32:00,2025-01-28 11:39:00,8
M1,ST5,Welding,2025-01-28,Electrical,humidity,,2025-01-28 12:29:00,2025-01-28 13:08:00,40
M1,ST5,Welding,2025-01-28,Electrical,energy_consumption,,2025-01-28 13:42:00,2025-01-28 14:18:00,37
M1,ST5,Welding,2025-01-28,Electrical,temperature,,2025-01-28 21:45:00,2025-01-28 22:09:00,25
M1,ST5,Welding,2025-01-29,Electrical,energy_consumption,,2025-01-29 03:21:00,2025-01-29 03:46:00,26
M1,ST5,Welding,2025-01-29,Electrical,humidity,,2025-01-29 05:59:00,2025-01-29 06:34:00,36
M1,ST5,Welding,2025-01-29,Electrical,temperature,,2025-01-29 09:50:00,2025-01-29 10:05:00,16
M1,ST5,Welding,2025-01-29,Electrical,humidity,,2025-01-29 16:58:00,2025-01-29 17:30:00,33
M1,ST5,Welding,2025-01-29,Electrical,energy_consumption,,2025-01-29 17:31:00,2025-01-29 18:07:00,37
M1,ST5,Welding,2025-01-29,Electrical,temperature,,2025-01-29 23:13:00,2025-01-29 23:51:00,39
M1,ST5,Welding,2025-01-30,Electrical,temperature,,2025-01-30 07:18:00,2025-01-30 07:30:00,13
M1,ST5,Welding,2025-01-30,Electrical,energy_consumption,,2025-01-30 08:18:00,2025-01-30 08:49:00,32
M1,ST5,Welding,2025-01-30,Electrical,temperature,,2025-01-30 18:10:00,2025-01-30 18:39:00,30
M1,ST5,Welding,2025-01-30,Electrical,energy_consumption,,2025-01-30 23:55:00,2025-01-31 00:11:00,17
M1,ST5,Welding,2025-01-31,Electrical,humidity,,2025-01-31 00:23:00,2025-01-31 00:47:00,25
M1,ST5,Welding,2025-01-31,Electrical,temperature,,2025-01-31 05:44:00,2025-01-31 05:51:00,8
M1,ST5,Welding,2025-01-01,Changeover,,,2025-01-01 07:34:00,2025-01-01 07:50:00,17
M1,ST5,Welding,2025-01-02,Changeover,,,2025-01-02 07:16:00,2025-01-02 07:33:00,18
M1,ST5,Welding,2025-01-02,Changeover,,,2025-01-02 13:31:00,2025-01-02 13:40:00,10
M1,ST5,Welding,2025-01-03,Changeover,,,2025-01-03 05:38:00,2025-01-03 05:57:00,20
M1,ST5,Welding,2025-01-03,Changeover,,,2025-01-03 11:08:00,2025-01-03 11:44:00,37
M1,ST5,Welding,2025-01-03,Changeover,,,2025-01-03 13:34:00,2025-01-03 13:45:00,12
M1,ST5,Welding,2025-01-03,Changeover,,,2025-01-03 17:47:00,2025-01-03 18:21:00,35
M1,ST5,Welding,2025-01-05,Changeover,,,2025-01-05 06:59:00,2025-01-05 07:12:00,14
M1,ST5,Welding,2025-01-07,Changeover,,,2025-01-07 10:36:00,2025-01-07 10:43:00,8
M1,ST5,Welding,2025-01-09,Changeover,,,2025-01-09 20:03:00,2025-01-09 20:33:00,31
M1,ST5,Welding,2025-01-09,Changeover,,,2025-01-09 23:02:00,2025-01-09 23:30:00,29
M1,ST5,Welding,2025-01-10,Changeover,,,2025-01-10 04:48:00,2025-01-10 05:11:00,24
M1,ST5,Welding,2025-01-11,Changeover,,,2025-01-11 23:58:00,2025-01-12 00:28:00,31
M1,ST5,Welding,2025-01-12,Changeover,,,2025-01-12 07:16:00,2025-01-12 07:38:00,23
M1,ST5,Welding,2025-01-13,Changeover,,,2025-01-13 09:56:00,2025-01-13 10:28:00,33
M1,ST5,Welding,2025-01-13,Changeover,,,2025-01-13 11:35:00,2025-01-13 12:03:00,29
M1,ST5,Welding,2025-01-14,Changeover,,,2025-01-14 06:41:00,2025-01-14 06:56:00,16
M1,ST5,Welding,2025-01-15,Changeover,,,2025-01-15 13:00:00,2025-01-15 13:14:00,15
M1,ST5,Welding,2025-01-15,Changeover,,,2025-01-15 14:42:00,2025-01-15 15:21:00,40
M1,ST5,Welding,2025-01-16,Changeover,,,2025-01-16 06:58:00,2025-01-16 07:17:00,20
M1,ST5,Welding,2025-01-16,Changeover,,,2025-01-16 13:24:00,2025-01-16 13:29:00,6
M1,ST5,Welding,2025-01-21,Changeover,,,2025-01-21 11:02:00,2025-01-21 11:36:00,35
M1,ST5,Welding,2025-01-28,Changeover,,,2025-01-28 00:46:00,2025-01-28 00:53:00,8
M1,ST5,Welding,2025-01-28,Changeover,,,2025-01-28 22:45:00,2025-01-28 22:50:00,6
M1,ST5,Welding,2025-01-28,Changeover,,,2025-01-28 22:55:00,2025-01-28 23:14:00,20
M1,ST5,Welding,2025-01-29,Changeover,,,2025-01-29 00:30:00,2025-01-29 00:44:00,15
M1,ST5,Welding,2025-01-29,Changeover,,,2025-01-29 12:21:00,2025-01-29 12:57:00,37
M1,ST5,Welding,2025-01-30,Changeover,,,2025-01-30 09:14:00,2025-01-30 09:25:00,12
M1,ST5,Welding,2025-01-31,Changeover,,,2025-01-31 00:57:00,2025-01-31 01:26:00,30
M1,ST5,Welding,2025-01-01,Blocked,,,2025-01-01 08:08:00,2025-01-01 08:14:00,7
M1,ST5,Welding,2025-01-01,Blocked,,,2025-01-01 13:55:00,2025-01-01 14:13:00,19
M1,ST5,Welding,2025-01-01,Blocked,,,2025-01-01 15:42:00,2025-01-01 16:01:00,20
M1,ST5,Welding,2025-01-01,Blocked,,,2025-01-01 16:30:00,2025-01-01 16:56:00,27
M1,ST5,Welding,2025-01-01,Blocked,,,2025-01-01 17:37:00,2025-01-01 18:09:00,33
M1,ST5,Welding,2025-01-01,Blocked,,,2025-01-01 18:15:00,2025-01-01 18:20:00,6
M1,ST5,Welding,2025-01-01,Blocked,,,2025-01-01 20:23:00,2025-01-01 20:53:00,31
M1,ST5,Welding,2025-01-01,Blocked,,,2025-01-01 21:19:00,2025-01-01 21:23:00,5
M1,ST5,Welding,2025-01-01,Blocked,,,2025-01-01 21:56:00,2025-01-01 22:09:00,14
M1,ST5,Welding,2025-01-02,Blocked,,,2025-01-02 00:05:00,2025-01-02 00:27:00,23
M1,ST5,Welding,2025-01-02,Blocked,,,2025-01-02 03:16:00,2025-01-02 03:34:00,19
M1,ST5,Welding,2025-01-02,Blocked,,,2025-01-02 05:56:00,2025-01-02 06:20:00,25
M1,ST5,Welding,2025-01-02,Blocked,,,2025-01-02 11:16:00,2025-01-02 11:47:00,32
M1,ST5,Welding,2025-01-02,Blocked,,,2025-01-02 13:02:00,2025-01-02 13:05:00,4
M1,ST5,Welding,2025-01-02,Blocked,,,2025-01-02 13:44:00,2025-01-02 13:45:00,2
M1,ST5,Welding,2025-01-02,Blocked,,,2025-01-02 15:36:00,2025-01-02 15:55:00,20
M1,ST5,Welding,2025-01-02,Blocked,,,2025-01-02 16:37:00,2025-01-02 16:48:00,12
M1,ST5,Welding,2025-01-02,Blocked,,,2025-01-02 18:29:00,2025-01-02 18:36:00,8
M1,ST5,Welding,2025-01-02,Blocked,,,2025-01-02 19:32:00,2025-01-02 20:07:00,36
M1,ST5,Welding,2025-01-02,Blocked,,,2025-01-02 20:47:00,2025-01-02 21:15:00,29
M1,ST5,Welding,2025-01-02,Blocked,,,2025-01-02 22:59:00,2025-01-02 23:18:00,20
M1,ST5,Welding,2025-01-02,Blocked,,,2025-01-02 23:29:00,2025-01-03 00:04:00,36
M1,ST5,Welding,2025-01-03,Blocked,,,2025-01-03 00:08:00,2025-01-03 00:08:00,1
M1,ST5,Welding,2025-01-03,Blocked,,,2025-01-03 01:55:00,2025-01-03 02:00:00,6
M1,ST5,Welding,2025-01-03,Blocked,,,2025-01-03 04:07:00,2025-01-03 04:14:00,8
M1,ST5,Welding,2025-01-03,Blocked,,,2025-01-03 05:18:00,2025-01-03 05:20:00,3
M1,ST5,Welding,2025-01-03,Blocked,,,2025-01-03 07:14:00,2025-01-03 07:34:00,21
M1,ST5,Welding,2025-01-03,Blocked,,,2025-01-03 08:08:00,2025-01-03 08:11:00,4
M1,ST5,Welding,2025-01-03,Blocked,,,2025-01-03 10:05:00,2025-01-03 10:10:00,6
M1,ST5,Welding,2025-01-03,Blocked,,,2025-01-03 11:04:00,2025-01-03 11:07:00,4
M1,ST5,Welding,2025-01-03,Blocked,,,2025-01-03 12:00:00,2025-01-03 12:06:00,7
M1,ST5,Welding,2025-01-03,Blocked,,,2025-01-03 13:10:00,2025-01-03 13:24:00,15
M1,ST5,Welding,2025-01-03,Blocked,,,2025-01-03 20:07:00,2025-01-03 20:11:00,5
M1,ST5,Welding,2025-01-03,Blocked,,,2025-01-03 23:18:00,2025-01-03 23:39:00,22
M1,ST5,Welding,2025-01-04,Blocked,,,2025-01-04 00:33:00,2025-01-04 00:54:00,22
M1,ST5,Welding,2025-01-04,Blocked,,,2025-01-04 02:24:00,2025-01-04 02:35:00,12
M1,ST5,Welding,2025-01-04,Blocked,,,2025-01-04 05:17:00,2025-01-04 05:22:00,6
M1,ST5,Welding,2025-01-04,Blocked,,,2025-01-04 05:38:00,2025-01-04 05:57:00,20
M1,ST5,Welding,2025-01-04,Blocked,,,2025-01-04 07:39:00,2025-01-04 07:45:00,7
M1,ST5,Welding,2025-01-04,Blocked,,,2025-01-04 08:41:00,2025-01-04 09:01:00,21
M1,ST5,Welding,2025-01-04,Blocked,,,2025-01-04 11:00:00,2025-01-04 11:08:00,9
M1,ST5,Welding,2025-01-04,Blocked,,,2025-01-04 12:01:00,2025-01-04 12:16:00,16
M1,ST5,Welding,2025-01-04,Blocked,,,2025-01-04 12:26:00,2025-01-04 13:13:00,48
M1,ST5,Welding,2025-01-04,Blocked,,,2025-01-04 14:08:00,2025-01-04 14:34:00,27
M1,ST5,Welding,2025-01-04,Blocked,,,2025-01-04 17:14:00,2025-01-04 17:42:00,29
M1,ST5,Welding,2025-01-04,Blocked,,,2025-01-04 19:02:00,2025-01-04 19:19:00,18
M1,ST5,Welding,2025-01-04,Blocked,,,2025-01-04 22:34:00,2025-01-04 22:40:00,7
M1,ST5,Welding,2025-01-04,Blocked,,,2025-01-04 22:55:00,2025-01-04 23:24:00,30
M1,ST5,Welding,2025-01-05,Blocked,,,2025-01-05 00:00:00,2025-01-05 00:10:00,11
M1,ST5,Welding,2025-01-05,Blocked,,,2025-01-05 00:36:00,2025-01-05 01:00:00,25
M1,ST5,Welding,2025-01-05,Blocked,,,2025-01-05 06:34:00,2025-01-05 06:58:00,25
M1,ST5,Welding,2025-01-05,Blocked,,,2025-01-05 07:16:00,2025-01-05 07:41:00,26
M1,ST5,Welding,2025-01-05,Blocked,,,2025-01-05 12:25:00,2025-01-05 12:39:00,15
M1,ST5,Welding,2025-01-05,Blocked,,,2025-01-05 13:12:00,2025-01-05 13:22:00,11
M1,ST5,Welding,2025-01-05,Blocked,,,2025-01-05 18:59:00,2025-01-05 19:26:00,28
M1,ST5,Welding,2025-01-05,Blocked,,,2025-01-05 19:32:00,2025-01-05 20:21:00,50
M1,ST5,Welding,2025-01-05,Blocked,,,2025-01-05 21:31:00,2025-01-05 21:46:00,16
M1,ST5,Welding,2025-01-06,Blocked,,,2025-01-06 02:36:00,2025-01-06 02:55:00,20
M1,ST5,Welding,2025-01-06,Blocked,,,2025-01-06 03:27:00,2025-01-06 03:33:00,7
M1,ST5,Welding,2025-01-06,Blocked,,,2025-01-06 04:19:00,2025-01-06 04:37:00,19
M1,ST5,Welding,2025-01-06,Blocked,,,2025-01-06 05:22:00,2025-01-06 05:44:00,23
M1,ST5,Welding,2025-01-06,Blocked,,,2025-01-06 05:49:00,2025-01-06 05:51:00,3
M1,ST5,Welding,2025-01-06,Blocked,,,2025-01-06 11:21:00,2025-01-06 11:27:00,7
M1,ST5,Welding,2025-01-06,Blocked,,,2025-01-06 11:31:00,2025-01-06 11:42:00,12
M1,ST5,Welding,2025-01-06,Blocked,,,2025-01-06 15:36:00,2025-01-06 15:39:00,4
M1,ST5,Welding,2025-01-06,Blocked,,,2025-01-06 17:44:00,2025-01-06 18:12:00,29
M1,ST5,Welding,2025-01-06,Blocked,,,2025-01-06 18:24:00,2025-01-06 18:53:00,30
M1,ST5,Welding,2025-01-06,Blocked,,,2025-01-06 21:37:00,2025-01-06 21:41:00,5
M1,ST5,Welding,2025-01-06,Blocked,,,2025-01-06 23:28:00,2025-01-06 23:33:00,6
M1,ST5,Welding,2025-01-07,Blocked,,,2025-01-07 00:34:00,2025-01-07 00:34:00,1
M1,ST5,Welding,2025-01-07,Blocked,,,2025-01-07 01:54:00,2025-01-07 02:00:00,7
M1,ST5,Welding,2025-01-07,Blocked,,,2025-01-07 02:06:00,2025-01-07 02:21:00,16
M1,ST5,Welding,2025-01-07,Blocked,,,2025-01-07 02:53:00,2025-01-07 03:05:00,13
M1,ST5,Welding,2025-01-07,Blocked,,,2025-01-07 07:34:00,2025-01-07 07:44:00,11
M1,ST5,Welding,2025-01-07,Blocked,,,2025-01-07 08:49:00,2025-01-07 08:49:00,1
M1,ST5,Welding,2025-01-07,Blocked,,,2025-01-07 10:18:00,2025-01-07 10:35:00,18
M1,ST5,Welding,2025-01-07,Blocked,,,2025-01-07 12:04:00,2025-01-07 12:14:00,11
M1,ST5,Welding,2025-01-07,Blocked,,,2025-01-07 16:09:00,2025-01-07 16:58:00,50
M1,ST5,Welding,2025-01-07,Blocked,,,2025-01-07 20:19:00,2025-01-07 20:34:00,16
M1,ST5,Welding,2025-01-07,Blocked,,,2025-01-07 21:22:00,2025-01-07 21:22:00,1
M1,ST5,Welding,2025-01-07,Blocked,,,2025-01-07 22:06:00,2025-01-07 22:11:00,6
M1,ST5,Welding,2025-01-07,Blocked,,,2025-01-07 22:37:00,2025-01-07 22:47:00,11
M1,ST5,Welding,2025-01-08,Blocked,,,2025-01-08 02:34:00,2025-01-08 02:42:00,9
M1,ST5,Welding,2025-01-08,Blocked,,,2025-01-08 03:23:00,2025-01-08 04:00:00,38
M1,ST5,Welding,2025-01-08,Blocked,,,2025-01-08 04:47:00,2025-01-08 05:03:00,17
M1,ST5,Welding,2025-01-08,Blocked,,,2025-01-08 06:19:00,2025-01-08 06:30:00,12
M1,ST5,Welding,2025-01-08,Blocked,,,2025-01-08 08:01:00,2025-01-08 08:05:00,5
M1,ST5,Welding,2025-01-08,Blocked,,,2025-01-08 09:26:00,2025-01-08 09:39:00,14
M1,ST5,Welding,2025-01-08,Blocked,,,2025-01-08 10:26:00,2025-01-08 10:54:00,29
M1,ST5,Welding,2025-01-08,Blocked,,,2025-01-08 11:14:00,2025-01-08 11:32:00,19
M1,ST5,Welding,2025-01-08,Blocked,,,2025-01-08 16:37:00,2025-01-08 16:41:00,5
M1,ST5,Welding,2025-01-08,Blocked,,,2025-01-08 17:06:00,2025-01-08 17:40:00,35
M1,ST5,Welding,2025-01-08,Blocked,,,2025-01-08 18:01:00,2025-01-08 18:18:00,18
M1,ST5,Welding,2025-01-08,Blocked,,,2025-01-08 20:42:00,2025-01-08 21:11:00,30
M1,ST5,Welding,2025-01-08,Blocked,,,2025-01-08 22:28:00,2025-01-08 22:31:00,4
M1,ST5,Welding,2025-01-09,Blocked,,,2025-01-09 00:36:00,2025-01-09 00:38:00,3
M1,ST5,Welding,2025-01-09,Blocked,,,2025-01-09 02:25:00,2025-01-09 03:09:00,45
M1,ST5,Welding,2025-01-09,Blocked,,,2025-01-09 03:56:00,2025-01-09 04:34:00,39
M1,ST5,Welding,2025-01-09,Blocked,,,2025-01-09 05:26:00,2025-01-09 05:47:00,22
M1,ST5,Welding,2025-01-09,Blocked,,,2025-01-09 05:53:00,2025-01-09 06:23:00,31
M1,ST5,Welding,2025-01-09,Blocked,,,2025-01-09 07:04:00,2025-01-09 07:13:00,10
M1,ST5,Welding,2025-01-09,Blocked,,,2025-01-09 07:34:00,2025-01-09 07:54:00,21
M1,ST5,Welding,2025-01-09,Blocked,,,2025-01-09 08:07:00,2025-01-09 08:28:00,22
M1,ST5,Welding,2025-01-09,Blocked,,,2025-01-09 12:10:00,2025-01-09 12:21:00,12
M1,ST5,Welding,2025-01-09,Blocked,,,2025-01-09 12:39:00,2025-01-09 13:04:00,26
M1,ST5,Welding,2025-01-09,Blocked,,,2025-01-09 14:19:00,2025-01-09 14:27:00,9
M1,ST5,Welding,2025-01-09,Blocked,,,2025-01-09 17:22:00,2025-01-09 17:41:00,20
M1,ST5,Welding,2025-01-09,Blocked,,,2025-01-09 17:47:00,2025-01-09 18:10:00,24
M1,ST5,Welding,2025-01-09,Blocked,,,2025-01-09 19:27:00,2025-01-09 19:28:00,2
M1,ST5,Welding,2025-01-09,Blocked,,,2025-01-09 22:38:00,2025-01-09 22:53:00,16
M1,ST5,Welding,2025-01-10,Blocked,,,2025-01-10 00:22:00,2025-01-10 00:26:00,5
M1,ST5,Welding,2025-01-10,Blocked,,,2025-01-10 00:28:00,2025-01-10 00:49:00,22
M1,ST5,Welding,2025-01-10,Blocked,,,2025-01-10 00:55:00,2025-01-10 01:06:00,12
M1,ST5,Welding,2025-01-10,Blocked,,,2025-01-10 02:31:00,2025-01-10 02:39:00,9
M1,ST5,Welding,2025-01-10,Blocked,,,2025-01-10 03:40:00,2025-01-10 03:46:00,7
M1,ST5,Welding,2025-01-10,Blocked,,,2025-01-10 03:52:00,2025-01-10 04:04:00,13
M1,ST5,Welding,2025-01-10,Blocked,,,2025-01-10 06:36:00,2025-01-10 07:00:00,25
M1,ST5,Welding,2025-01-10,Blocked,,,2025-01-10 09:05:00,2025-01-10 09:05:00,1
M1,ST5,Welding,2025-01-10,Blocked,,,2025-01-10 10:01:00,2025-01-10 10:10:00,10
M1,ST5,Welding,2025-01-10,Blocked,,,2025-01-10 10:33:00,2025-01-10 11:01:00,29
M1,ST5,Welding,2025-01-10,Blocked,,,2025-01-10 12:02:00,2025-01-10 12:04:00,3
M1,ST5,Welding,2025-01-10,Blocked,,,2025-01-10 13:01:00,2025-01-10 13:08:00,8
M1,ST5,Welding,2025-01-10,Blocked,,,2025-01-10 14:35:00,2025-01-10 14:51:00,17
M1,ST5,Welding,2025-01-10,Blocked,,,2025-01-10 16:55:00,2025-01-10 17:32:00,38
M1,ST5,Welding,2025-01-10,Blocked,,,2025-01-10 20:40:00,2025-01-10 20:48:00,9
M1,ST5,Welding,2025-01-10,Blocked,,,2025-01-10 21:11:00,2025-01-10 21:27:00,17
M1,ST5,Welding,2025-01-11,Blocked,,,2025-01-11 00:30:00,2025-01-11 00:59:00,30
M1,ST5,Welding,2025-01-11,Blocked,,,2025-01-11 03:07:00,2025-01-11 03:29:00,23
M1,ST5,Welding,2025-01-11,Blocked,,,2025-01-11 03:46:00,2025-01-11 03:48:00,3
M1,ST5,Welding,2025-01-11,Blocked,,,2025-01-11 08:21:00,2025-01-11 08:54:00,34
M1,ST5,Welding,2025-01-11,Blocked,,,2025-01-11 09:01:00,2025-01-11 09:35:00,35
M1,ST5,Welding,2025-01-11,Blocked,,,2025-01-11 12:00:00,2025-01-11 12:13:00,14
M1,ST5,Welding,2025-01-11,Blocked,,,2025-01-11 12:50:00,2025-01-11 13:04:00,15
M1,ST5,Welding,2025-01-11,Blocked,,,2025-01-11 15:13:00,2025-01-11 15:26:00,14
M1,ST5,Welding,2025-01-11,Blocked,,,2025-01-11 18:03:00,2025-01-11 18:36:00,34
M1,ST5,Welding,2025-01-11,Blocked,,,2025-01-11 21:58:00,2025-01-11 22:14:00,17
M1,ST5,Welding,2025-01-11,Blocked,,,2025-01-11 23:49:00,2025-01-11 23:50:00,2
M1,ST5,Welding,2025-01-12,Blocked,,,2025-01-12 01:41:00,2025-01-12 01:41:00,1
M1,ST5,Welding,2025-01-12,Blocked,,,2025-01-12 02:30:00,2025-01-12 02:32:00,3
M1,ST5,Welding,2025-01-12,Blocked,,,2025-01-12 07:42:00,2025-01-12 08:14:00,33
M1,ST5,Welding,2025-01-12,Blocked,,,2025-01-12 08:50:00,2025-01-12 08:53:00,4
M1,ST5,Welding,2025-01-12,Blocked,,,2025-01-12 09:31:00,2025-01-12 09:41:00,11
M1,ST5,Welding,2025-01-12,Blocked,,,2025-01-12 10:43:00,2025-01-12 10:44:00,2
M1,ST5,Welding,2025-01-12,Blocked,,,2025-01-12 13:02:00,2025-01-12 13:08:00,7
M1,ST5,Welding,2025-01-12,Blocked,,,2025-01-12 13:53:00,2025-01-12 14:00:00,8
M1,ST5,Welding,2025-01-12,Blocked,,,2025-01-12 14:08:00,2025-01-12 14:22:00,15
M1,ST5,Welding,2025-01-12,Blocked,,,2025-01-12 19:00:00,2025-01-12 19:00:00,1
M1,ST5,Welding,2025-01-12,Blocked,,,2025-01-12 19:02:00,2025-01-12 19:26:00,25
M1,ST5,Welding,2025-01-12,Blocked,,,2025-01-12 19:44:00,2025-01-12 19:51:00,8
M1,ST5,Welding,2025-01-12,Blocked,,,2025-01-12 22:00:00,2025-01-12 22:06:00,7
M1,ST5,Welding,2025-01-12,Blocked,,,2025-01-12 22:52:00,2025-01-12 23:00:00,9
M1,ST5,Welding,2025-01-12,Blocked,,,2025-01-12 23:04:00,2025-01-12 23:29:00,26
M1,ST5,Welding,2025-01-13,Blocked,,,2025-01-13 00:10:00,2025-01-13 00:17:00,8
M1,ST5,Welding,2025-01-13,Blocked,,,2025-01-13 03:13:00,2025-01-13 03:36:00,24
M1,ST5,Welding,2025-01-13,Blocked,,,2025-01-13 03:43:00,2025-01-13 04:09:00,27
M1,ST5,Welding,2025-01-13,Blocked,,,2025-01-13 07:07:00,2025-01-13 07:10:00,4
M1,ST5,Welding,2025-01-13,Blocked,,,2025-01-13 07:14:00,2025-01-13 07:26:00,13
M1,ST5,Welding,2025-01-13,Blocked,,,2025-01-13 08:55:00,2025-01-13 09:23:00,29
M1,ST5,Welding,2025-01-13,Blocked,,,2025-01-13 12:48:00,2025-01-13 13:10:00,23
M1,ST5,Welding,2025-01-13,Blocked,,,2025-01-13 13:41:00,2025-01-13 13:52:00,12
M1,ST5,Welding,2025-01-13,Blocked,,,2025-01-13 14:19:00,2025-01-13 14:44:00,26
M1,ST5,Welding,2025-01-13,Blocked,,,2025-01-13 18:25:00,2025-01-13 18:25:00,1
M1,ST5,Welding,2025-01-13,Blocked,,,2025-01-13 19:09:00,2025-01-13 19:14:00,6
M1,ST5,Welding,2025-01-13,Blocked,,,2025-01-13 20:23:00,2025-01-13 20:55:00,33
M1,ST5,Welding,2025-01-13,Blocked,,,2025-01-13 21:17:00,2025-01-13 21:27:00,11
M1,ST5,Welding,2025-01-13,Blocked,,,2025-01-13 23:01:00,2025-01-13 23:27:00,27
M1,ST5,Welding,2025-01-14,Blocked,,,2025-01-14 04:00:00,2025-01-14 04:04:00,5
M1,ST5,Welding,2025-01-14,Blocked,,,2025-01-14 04:07:00,2025-01-14 05:05:00,59
M1,ST5,Welding,2025-01-14,Blocked,,,2025-01-14 06:24:00,2025-01-14 06:40:00,17
M1,ST5,Welding,2025-01-14,Blocked,,,2025-01-14 08:30:00,2025-01-14 08:57:00,28
M1,ST5,Welding,2025-01-14,Blocked,,,2025-01-14 12:06:00,2025-01-14 12:15:00,10
M1,ST5,Welding,2025-01-14,Blocked,,,2025-01-14 14:30:00,2025-01-14 14:34:00,5
M1,ST5,Welding,2025-01-14,Blocked,,,2025-01-14 16:16:00,2025-01-14 16:33:00,18
M1,ST5,Welding,2025-01-14,Blocked,,,2025-01-14 17:05:00,2025-01-14 17:07:00,3
M1,ST5,Welding,2025-01-14,Blocked,,,2025-01-14 17:30:00,2025-01-14 18:05:00,36
M1,ST5,Welding,2025-01-14,Blocked,,,2025-01-14 18:22:00,2025-01-14 18:31:00,10
M1,ST5,Welding,2025-01-14,Blocked,,,2025-01-14 19:44:00,2025-01-14 19:54:00,11
M1,ST5,Welding,2025-01-14,Blocked,,,2025-01-14 22:07:00,2025-01-14 22:18:00,12
M1,ST5,Welding,2025-01-15,Blocked,,,2025-01-15 00:11:00,2025-01-15 00:18:00,8
M1,ST5,Welding,2025-01-15,Blocked,,,2025-01-15 01:49:00,2025-01-15 02:00:00,12
M1,ST5,Welding,2025-01-15,Blocked,,,2025-01-15 06:15:00,2025-01-15 06:37:00,23
M1,ST5,Welding,2025-01-15,Blocked,,,2025-01-15 08:01:00,2025-01-15 08:05:00,5
M1,ST5,Welding,2025-01-15,Blocked,,,2025-01-15 09:50:00,2025-01-15 09:57:00,8
M1,ST5,Welding,2025-01-15,Blocked,,,2025-01-15 15:40:00,2025-01-15 16:01:00,22
M1,ST5,Welding,2025-01-15,Blocked,,,2025-01-15 18:48:00,2025-01-15 19:13:00,26
M1,ST5,Welding,2025-01-15,Blocked,,,2025-01-15 19:48:00,2025-01-15 19:48:00,1
M1,ST5,Welding,2025-01-15,Blocked,,,2025-01-15 22:22:00,2025-01-15 22:32:00,11
M1,ST5,Welding,2025-01-15,Blocked,,,2025-01-15 22:39:00,2025-01-15 22:52:00,14
M1,ST5,Welding,2025-01-16,Blocked,,,2025-01-16 00:43:00,2025-01-16 00:51:00,9
M1,ST5,Welding,2025-01-16,Blocked,,,2025-01-16 03:29:00,2025-01-16 03:46:00,18
M1,ST5,Welding,2025-01-16,Blocked,,,2025-01-16 05:43:00,2025-01-16 06:19:00,37
M1,ST5,Welding,2025-01-16,Blocked,,,2025-01-16 06:29:00,2025-01-16 06:29:00,1
M1,ST5,Welding,2025-01-16,Blocked,,,2025-01-16 09:12:00,2025-01-16 09:13:00,2
M1,ST5,Welding,2025-01-16,Blocked,,,2025-01-16 11:59:00,2025-01-16 12:30:00,32
M1,ST5,Welding,2025-01-16,Blocked,,,2025-01-16 13:05:00,2025-01-16 13:18:00,14
M1,ST5,Welding,2025-01-16,Blocked,,,2025-01-16 16:47:00,2025-01-16 17:17:00,31
M1,ST5,Welding,2025-01-16,Blocked,,,2025-01-16 17:27:00,2025-01-16 17:41:00,15
M1,ST5,Welding,2025-01-16,Blocked,,,2025-01-16 20:40:00,2025-01-16 20:40:00,1
M1,ST5,Welding,2025-01-16,Blocked,,,2025-01-16 20:44:00,2025-01-16 20:46:00,3
M1,ST5,Welding,2025-01-16,Blocked,,,2025-01-16 20:58:00,2025-01-16 21:30:00,33
M1,ST5,Welding,2025-01-16,Blocked,,,2025-01-16 21:47:00,2025-01-16 21:54:00,8
M1,ST5,Welding,2025-01-16,Blocked,,,2025-01-16 23:11:00,2025-01-16 23:23:00,13
M1,ST5,Welding,2025-01-17,Blocked,,,2025-01-17 01:41:00,2025-01-17 01:42:00,2
M1,ST5,Welding,2025-01-17,Blocked,,,2025-01-17 05:27:00,2025-01-17 05:44:00,18
M1,ST5,Welding,2025-01-17,Blocked,,,2025-01-17 06:06:00,2025-01-17 06:40:00,35
M1,ST5,Welding,2025-01-17,Blocked,,,2025-01-17 08:11:00,2025-01-17 08:14:00,4
M1,ST5,Welding,2025-01-17,Blocked,,,2025-01-17 08:46:00,2025-01-17 08:47:00,2
M1,ST5,Welding,2025-01-17,Blocked,,,2025-01-17 09:27:00,2025-01-17 09:43:00,17
M1,ST5,Welding,2025-01-17,Blocked,,,2025-01-17 11:05:00,2025-01-17 11:19:00,15
M1,ST5,Welding,2025-01-17,Blocked,,,2025-01-17 13:40:00,2025-01-17 13:47:00,8
M1,ST5,Welding,2025-01-17,Blocked,,,2025-01-17 13:50:00,2025-01-17 14:08:00,19
M1,ST5,Welding,2025-01-17,Blocked,,,2025-01-17 14:17:00,2025-01-17 14:30:00,14
M1,ST5,Welding,2025-01-17,Blocked,,,2025-01-17 16:39:00,2025-01-17 17:01:00,23
M1,ST5,Welding,2025-01-17,Blocked,,,2025-01-17 17:47:00,2025-01-17 17:57:00,11
M1,ST5,Welding,2025-01-17,Blocked,,,2025-01-17 20:18:00,2025-01-17 20:51:00,34
M1,ST5,Welding,2025-01-17,Blocked,,,2025-01-17 21:53:00,2025-01-17 21:54:00,2
M1,ST5,Welding,2025-01-17,Blocked,,,2025-01-17 23:28:00,2025-01-17 23:36:00,9
M1,ST5,Welding,2025-01-18,Blocked,,,2025-01-18 00:00:00,2025-01-18 00:04:00,5
M1,ST5,Welding,2025-01-18,Blocked,,,2025-01-18 03:52:00,2025-01-18 04:20:00,29
M1,ST5,Welding,2025-01-18,Blocked,,,2025-01-18 04:47:00,2025-01-18 05:22:00,36
M1,ST5,Welding,2025-01-18,Blocked,,,2025-01-18 06:12:00,2025-01-18 06:13:00,2
M1,ST5,Welding,2025-01-18,Blocked,,,2025-01-18 07:17:00,2025-01-18 07:23:00,7
M1,ST5,Welding,2025-01-18,Blocked,,,2025-01-18 07:31:00,2025-01-18 07:51:00,21
M1,ST5,Welding,2025-01-18,Blocked,,,2025-01-18 07:55:00,2025-01-18 07:56:00,2
M1,ST5,Welding,2025-01-18,Blocked,,,2025-01-18 09:42:00,2025-01-18 10:00:00,19
M1,ST5,Welding,2025-01-18,Blocked,,,2025-01-18 11:32:00,2025-01-18 11:46:00,15
M1,ST5,Welding,2025-01-18,Blocked,,,2025-01-18 13:07:00,2025-01-18 13:14:00,8
M1,ST5,Welding,2025-01-18,Blocked,,,2025-01-18 14:50:00,2025-01-18 15:05:00,16
M1,ST5,Welding,2025-01-18,Blocked,,,2025-01-18 18:26:00,2025-01-18 18:38:00,13
M1,ST5,Welding,2025-01-18,Blocked,,,2025-01-18 18:57:00,2025-01-18 19:15:00,19
M1,ST5,Welding,2025-01-18,Blocked,,,2025-01-18 20:42:00,2025-01-18 20:42:00,1
M1,ST5,Welding,2025-01-19,Blocked,,,2025-01-19 00:03:00,2025-01-19 00:12:00,10
M1,ST5,Welding,2025-01-19,Blocked,,,2025-01-19 00:17:00,2025-01-19 00:27:00,11
M1,ST5,Welding,2025-01-19,Blocked,,,2025-01-19 01:57:00,2025-01-19 02:07:00,11
M1,ST5,Welding,2025-01-19,Blocked,,,2025-01-19 02:13:00,2025-01-19 02:36:00,24
M1,ST5,Welding,2025-01-19,Blocked,,,2025-01-19 04:41:00,2025-01-19 05:00:00,20
M1,ST5,Welding,2025-01-19,Blocked,,,2025-01-19 05:20:00,2025-01-19 05:22:00,3
M1,ST5,Welding,2025-01-19,Blocked,,,2025-01-19 09:01:00,2025-01-19 09:01:00,1
M1,ST5,Welding,2025-01-19,Blocked,,,2025-01-19 12:35:00,2025-01-19 13:09:00,35
M1,ST5,Welding,2025-01-19,Blocked,,,2025-01-19 14:49:00,2025-01-19 15:03:00,15
M1,ST5,Welding,2025-01-19,Blocked,,,2025-01-19 15:07:00,2025-01-19 15:23:00,17
M1,ST5,Welding,2025-01-19,Blocked,,,2025-01-19 18:33:00,2025-01-19 18:42:00,10
M1,ST5,Welding,2025-01-19,Blocked,,,2025-01-19 21:37:00,2025-01-19 21:54:00,18
M1,ST5,Welding,2025-01-19,Blocked,,,2025-01-19 23:28:00,2025-01-19 23:44:00,17
M1,ST5,Welding,2025-01-20,Blocked,,,2025-01-20 01:46:00,2025-01-20 01:51:00,6
M1,ST5,Welding,2025-01-20,Blocked,,,2025-01-20 03:58:00,2025-01-20 04:00:00,3
M1,ST5,Welding,2025-01-20,Blocked,,,2025-01-20 04:52:00,2025-01-20 05:16:00,25
M1,ST5,Welding,2025-01-20,Blocked,,,2025-01-20 05:37:00,2025-01-20 05:54:00,18
M1,ST5,Welding,2025-01-20,Blocked,,,2025-01-20 09:31:00,2025-01-20 10:15:00,45
M1,ST5,Welding,2025-01-20,Blocked,,,2025-01-20 11:27:00,2025-01-20 11:36:00,10
M1,ST5,Welding,2025-01-20,Blocked,,,2025-01-20 12:19:00,2025-01-20 12:35:00,17
M1,ST5,Welding,2025-01-20,Blocked,,,2025-01-20 12:59:00,2025-01-20 13:32:00,34
M1,ST5,Welding,2025-01-20,Blocked,,,2025-01-20 18:18:00,2025-01-20 18:47:00,30
M1,ST5,Welding,2025-01-20,Blocked,,,2025-01-20 19:18:00,2025-01-20 19:27:00,10
M1,ST5,Welding,2025-01-20,Blocked,,,2025-01-20 20:13:00,2025-01-20 20:22:00,10
M1,ST5,Welding,2025-01-21,Blocked,,,2025-01-21 03:01:00,2025-01-21 03:07:00,7
M1,ST5,Welding,2025-01-21,Blocked,,,2025-01-21 03:52:00,2025-01-21 03:52:00,1
M1,ST5,Welding,2025-01-21,Blocked,,,2025-01-21 04:32:00,2025-01-21 04:32:00,1
M1,ST5,Welding,2025-01-21,Blocked,,,2025-01-21 07:11:00,2025-01-21 07:35:00,25
M1,ST5,Welding,2025-01-21,Blocked,,,2025-01-21 11:40:00,2025-01-21 11:44:00,5
M1,ST5,Welding,2025-01-21,Blocked,,,2025-01-21 12:39:00,2025-01-21 12:43:00,5
M1,ST5,Welding,2025-01-21,Blocked,,,2025-01-21 14:48:00,2025-01-21 15:13:00,26
M1,ST5,Welding,2025-01-21,Blocked,,,2025-01-21 15:18:00,2025-01-21 15:36:00,19
M1,ST5,Welding,2025-01-21,Blocked,,,2025-01-21 15:40:00,2025-01-21 15:54:00,15
M1,ST5,Welding,2025-01-21,Blocked,,,2025-01-21 16:00:00,2025-01-21 16:23:00,24
M1,ST5,Welding,2025-01-22,Blocked,,,2025-01-22 01:48:00,2025-01-22 02:10:00,23
M1,ST5,Welding,2025-01-22,Blocked,,,2025-01-22 03:53:00,2025-01-22 04:35:00,43
M1,ST5,Welding,2025-01-22,Blocked,,,2025-01-22 05:29:00,2025-01-22 05:34:00,6
M1,ST5,Welding,2025-01-22,Blocked,,,2025-01-22 07:02:00,2025-01-22 07:38:00,37
M1,ST5,Welding,2025-01-22,Blocked,,,2025-01-22 08:44:00,2025-01-22 08:45:00,2
M1,ST5,Welding,2025-01-22,Blocked,,,2025-01-22 09:28:00,2025-01-22 09:32:00,5
M1,ST5,Welding,2025-01-22,Blocked,,,2025-01-22 10:27:00,2025-01-22 11:01:00,35
M1,ST5,Welding,2025-01-22,Blocked,,,2025-01-22 14:40:00,2025-01-22 14:59:00,20
M1,ST5,Welding,2025-01-22,Blocked,,,2025-01-22 19:17:00,2025-01-22 19:18:00,2
M1,ST5,Welding,2025-01-22,Blocked,,,2025-01-22 19:49:00,2025-01-22 19:51:00,3
M1,ST5,Welding,2025-01-22,Blocked,,,2025-01-22 20:27:00,2025-01-22 20:40:00,14
M1,ST5,Welding,2025-01-22,Blocked,,,2025-01-22 20:47:00,2025-01-22 20:52:00,6
M1,ST5,Welding,2025-01-23,Blocked,,,2025-01-23 00:44:00,2025-01-23 00:47:00,4
M1,ST5,Welding,2025-01-23,Blocked,,,2025-01-23 02:50:00,2025-01-23 03:21:00,32
M1,ST5,Welding,2025-01-23,Blocked,,,2025-01-23 07:51:00,2025-01-23 07:52:00,2
M1,ST5,Welding,2025-01-23,Blocked,,,2025-01-23 07:56:00,2025-01-23 07:56:00,1
M1,ST5,Welding,2025-01-23,Blocked,,,2025-01-23 08:00:00,2025-01-23 08:12:00,13
M1,ST5,Welding,2025-01-23,Blocked,,,2025-01-23 08:54:00,2025-01-23 09:22:00,29
M1,ST5,Welding,2025-01-23,Blocked,,,2025-01-23 09:29:00,2025-01-23 09:32:00,4
M1,ST5,Welding,2025-01-23,Blocked,,,2025-01-23 09:56:00,2025-01-23 10:18:00,23
M1,ST5,Welding,2025-01-23,Blocked,,,2025-01-23 10:49:00,2025-01-23 10:59:00,11
M1,ST5,Welding,2025-01-23,Blocked,,,2025-01-23 12:08:00,2025-01-23 12:13:00,6
M1,ST5,Welding,2025-01-23,Blocked,,,2025-01-23 17:41:00,2025-01-23 18:02:00,22
M1,ST5,Welding,2025-01-23,Blocked,,,2025-01-23 19:29:00,2025-01-23 19:30:00,2
M1,ST5,Welding,2025-01-24,Blocked,,,2025-01-24 01:14:00,2025-01-24 01:27:00,14
M1,ST5,Welding,2025-01-24,Blocked,,,2025-01-24 02:15:00,2025-01-24 02:22:00,8
M1,ST5,Welding,2025-01-24,Blocked,,,2025-01-24 05:07:00,2025-01-24 05:27:00,21
M1,ST5,Welding,2025-01-24,Blocked,,,2025-01-24 07:53:00,2025-01-24 08:22:00,30
M1,ST5,Welding,2025-01-24,Blocked,,,2025-01-24 08:26:00,2025-01-24 08:30:00,5
M1,ST5,Welding,2025-01-24,Blocked,,,2025-01-24 10:10:00,2025-01-24 10:35:00,26
M1,ST5,Welding,2025-01-24,Blocked,,,2025-01-24 12:03:00,2025-01-24 12:16:00,14
M1,ST5,Welding,2025-01-24,Blocked,,,2025-01-24 12:37:00,2025-01-24 12:50:00,14
M1,ST5,Welding,2025-01-24,Blocked,,,2025-01-24 16:48:00,2025-01-24 16:57:00,10
M1,ST5,Welding,2025-01-24,Blocked,,,2025-01-24 17:25:00,2025-01-24 17:31:00,7
M1,ST5,Welding,2025-01-24,Blocked,,,2025-01-24 17:44:00,2025-01-24 18:20:00,37
M1,ST5,Welding,2025-01-24,Blocked,,,2025-01-24 20:12:00,2025-01-24 20:34:00,23
M1,ST5,Welding,2025-01-24,Blocked,,,2025-01-24 22:00:00,2025-01-24 22:13:00,14
M1,ST5,Welding,2025-01-25,Blocked,,,2025-01-25 00:16:00,2025-01-25 00:17:00,2
M1,ST5,Welding,2025-01-25,Blocked,,,2025-01-25 01:54:00,2025-01-25 02:12:00,19
M1,ST5,Welding,2025-01-25,Blocked,,,2025-01-25 03:08:00,2025-01-25 03:43:00,36
M1,ST5,Welding,2025-01-25,Blocked,,,2025-01-25 03:48:00,2025-01-25 04:03:00,16
M1,ST5,Welding,2025-01-25,Blocked,,,2025-01-25 07:23:00,2025-01-25 07:34:00,12
M1,ST5,Welding,2025-01-25,Blocked,,,2025-01-25 09:20:00,2025-01-25 09:49:00,30
M1,ST5,Welding,2025-01-25,Blocked,,,2025-01-25 11:45:00,2025-01-25 12:16:00,32
M1,ST5,Welding,2025-01-25,Blocked,,,2025-01-25 18:32:00,2025-01-25 18:57:00,26
M1,ST5,Welding,2025-01-25,Blocked,,,2025-01-25 19:27:00,2025-01-25 19:51:00,25
M1,ST5,Welding,2025-01-25,Blocked,,,2025-01-25 20:16:00,2025-01-25 20:46:00,31
M1,ST5,Welding,2025-01-25,Blocked,,,2025-01-25 22:14:00,2025-01-25 22:26:00,13
M1,ST5,Welding,2025-01-26,Blocked,,,2025-01-26 00:44:00,2025-01-26 00:57:00,14
M1,ST5,Welding,2025-01-26,Blocked,,,2025-01-26 04:39:00,2025-01-26 04:49:00,11
M1,ST5,Welding,2025-01-26,Blocked,,,2025-01-26 05:21:00,2025-01-26 05:49:00,29
M1,ST5,Welding,2025-01-26,Blocked,,,2025-01-26 06:00:00,2025-01-26 06:06:00,7
M1,ST5,Welding,2025-01-26,Blocked,,,2025-01-26 06:49:00,2025-01-26 07:03:00,15
M1,ST5,Welding,2025-01-26,Blocked,,,2025-01-26 07:20:00,2025-01-26 07:34:00,15
M1,ST5,Welding,2025-01-26,Blocked,,,2025-01-26 08:13:00,2025-01-26 08:50:00,38
M1,ST5,Welding,2025-01-26,Blocked,,,2025-01-26 11:14:00,2025-01-26 11:44:00,31
M1,ST5,Welding,2025-01-26,Blocked,,,2025-01-26 15:03:00,2025-01-26 15:13:00,11
M1,ST5,Welding,2025-01-26,Blocked,,,2025-01-26 15:45:00,2025-01-26 15:55:00,11
M1,ST5,Welding,2025-01-26,Blocked,,,2025-01-26 16:05:00,2025-01-26 16:28:00,24
M1,ST5,Welding,2025-01-26,Blocked,,,2025-01-26 16:45:00,2025-01-26 17:14:00,30
M1,ST5,Welding,2025-01-26,Blocked,,,2025-01-26 17:28:00,2025-01-26 17:35:00,8
M1,ST5,Welding,2025-01-26,Blocked,,,2025-01-26 19:01:00,2025-01-26 19:34:00,34
M1,ST5,Welding,2025-01-26,Blocked,,,2025-01-26 22:52:00,2025-01-26 23:08:00,17
M1,ST5,Welding,2025-01-27,Blocked,,,2025-01-27 01:39:00,2025-01-27 02:13:00,35
M1,ST5,Welding,2025-01-27,Blocked,,,2025-01-27 03:22:00,2025-01-27 03:23:00,2
M1,ST5,Welding,2025-01-27,Blocked,,,2025-01-27 03:35:00,2025-01-27 04:11:00,37
M1,ST5,Welding,2025-01-27,Blocked,,,2025-01-27 10:03:00,2025-01-27 10:33:00,31
M1,ST5,Welding,2025-01-27,Blocked,,,2025-01-27 13:58:00,2025-01-27 14:01:00,4
M1,ST5,Welding,2025-01-27,Blocked,,,2025-01-27 14:33:00,2025-01-27 14:52:00,20
M1,ST5,Welding,2025-01-27,Blocked,,,2025-01-27 15:07:00,2025-01-27 15:08:00,2
M1,ST5,Welding,2025-01-27,Blocked,,,2025-01-27 15:17:00,2025-01-27 15:53:00,37
M1,ST5,Welding,2025-01-27,Blocked,,,2025-01-27 17:29:00,2025-01-27 17:30:00,2
M1,ST5,Welding,2025-01-27,Blocked,,,2025-01-27 21:12:00,2025-01-27 21:14:00,3
M1,ST5,Welding,2025-01-27,Blocked,,,2025-01-27 23:08:00,2025-01-27 23:11:00,4
M1,ST5,Welding,2025-01-28,Blocked,,,2025-01-28 01:31:00,2025-01-28 01:47:00,17
M1,ST5,Welding,2025-01-28,Blocked,,,2025-01-28 02:46:00,2025-01-28 03:24:00,39
M1,ST5,Welding,2025-01-28,Blocked,,,2025-01-28 06:20:00,2025-01-28 06:26:00,7
M1,ST5,Welding,2025-01-28,Blocked,,,2025-01-28 07:09:00,2025-01-28 07:38:00,30
M1,ST5,Welding,2025-01-28,Blocked,,,2025-01-28 08:19:00,2025-01-28 08:51:00,33
M1,ST5,Welding,2025-01-28,Blocked,,,2025-01-28 09:27:00,2025-01-28 09:41:00,15
M1,ST5,Welding,2025-01-28,Blocked,,,2025-01-28 10:33:00,2025-01-28 10:56:00,24
M1,ST5,Welding,2025-01-28,Blocked,,,2025-01-28 13:41:00,2025-01-28 13:41:00,1
M1,ST5,Welding,2025-01-28,Blocked,,,2025-01-28 14:25:00,2025-01-28 14:48:00,24
M1,ST5,Welding,2025-01-28,Blocked,,,2025-01-28 14:55:00,2025-01-28 15:24:00,30
M1,ST5,Welding,2025-01-28,Blocked,,,2025-01-28 16:32:00,2025-01-28 17:07:00,36
M1,ST5,Welding,2025-01-28,Blocked,,,2025-01-28 17:40:00,2025-01-28 17:43:00,4
M1,ST5,Welding,2025-01-28,Blocked,,,2025-01-28 19:04:00,2025-01-28 19:37:00,34
M1,ST5,Welding,2025-01-28,Blocked,,,2025-01-28 21:31:00,2025-01-28 21:44:00,14
M1,ST5,Welding,2025-01-29,Blocked,,,2025-01-29 01:19:00,2025-01-29 01:37:00,19
M1,ST5,Welding,2025-01-29,Blocked,,,2025-01-29 02:42:00,2025-01-29 02:54:00,13
M1,ST5,Welding,2025-01-29,Blocked,,,2025-01-29 03:01:00,2025-01-29 03:20:00,20
M1,ST5,Welding,2025-01-29,Blocked,,,2025-01-29 03:50:00,2025-01-29 04:30:00,41
M1,ST5,Welding,2025-01-29,Blocked,,,2025-01-29 05:27:00,2025-01-29 05:27:00,1
M1,ST5,Welding,2025-01-29,Blocked,,,2025-01-29 07:01:00,2025-01-29 07:09:00,9
M1,ST5,Welding,2025-01-29,Blocked,,,2025-01-29 10:56:00,2025-01-29 11:23:00,28
M1,ST5,Welding,2025-01-29,Blocked,,,2025-01-29 12:20:00,2025-01-29 12:20:00,1
M1,ST5,Welding,2025-01-29,Blocked,,,2025-01-29 18:11:00,2025-01-29 18:27:00,17
M1,ST5,Welding,2025-01-29,Blocked,,,2025-01-29 18:40:00,2025-01-29 18:44:00,5
M1,ST5,Welding,2025-01-30,Blocked,,,2025-01-30 00:39:00,2025-01-30 00:45:00,7
M1,ST5,Welding,2025-01-30,Blocked,,,2025-01-30 01:47:00,2025-01-30 02:21:00,35
M1,ST5,Welding,2025-01-30,Blocked,,,2025-01-30 03:48:00,2025-01-30 04:15:00,28
M1,ST5,Welding,2025-01-30,Blocked,,,2025-01-30 05:26:00,2025-01-30 05:26:00,1
M1,ST5,Welding,2025-01-30,Blocked,,,2025-01-30 07:34:00,2025-01-30 07:51:00,18
M1,ST5,Welding,2025-01-30,Blocked,,,2025-01-30 09:04:00,2025-01-30 09:13:00,10
M1,ST5,Welding,2025-01-30,Blocked,,,2025-01-30 09:33:00,2025-01-30 10:07:00,35
M1,ST5,Welding,2025-01-30,Blocked,,,2025-01-30 12:26:00,2025-01-30 12:54:00,29
M1,ST5,Welding,2025-01-30,Blocked,,,2025-01-30 15:40:00,2025-01-30 15:47:00,8
M1,ST5,Welding,2025-01-30,Blocked,,,2025-01-30 17:35:00,2025-01-30 17:59:00,25
M1,ST5,Welding,2025-01-30,Blocked,,,2025-01-30 20:37:00,2025-01-30 20:46:00,10
M1,ST5,Welding,2025-01-30,Blocked,,,2025-01-30 23:40:00,2025-01-30 23:54:00,15
M1,ST5,Welding,2025-01-31,Blocked,,,2025-01-31 00:15:00,2025-01-31 00:22:00,8
M1,ST5,Welding,2025-01-31,Blocked,,,2025-01-31 02:15:00,2025-01-31 02:32:00,18
M1,ST5,Welding,2025-01-31,Blocked,,,2025-01-31 03:49:00,2025-01-31 04:28:00,40
M1,ST5,Welding,2025-01-01,Starved,,,2025-01-01 07:16:00,2025-01-01 07:33:00,18
M1,ST5,Welding,2025-01-01,Starved,,,2025-01-01 08:51:00,2025-01-01 09:16:00,26
M1,ST5,Welding,2025-01-01,Starved,,,2025-01-01 09:56:00,2025-01-01 10:04:00,9
M1,ST5,Welding,2025-01-01,Starved,,,2025-01-01 10:16:00,2025-01-01 10:45:00,30
M1,ST5,Welding,2025-01-01,Starved,,,2025-01-01 12:02:00,2025-01-01 12:29:00,28
M1,ST5,Welding,2025-01-01,Starved,,,2025-01-01 12:37:00,2025-01-01 13:15:00,39
M1,ST5,Welding,2025-01-01,Starved,,,2025-01-01 13:45:00,2025-01-01 13:52:00,8
M1,ST5,Welding,2025-01-01,Starved,,,2025-01-01 14:56:00,2025-01-01 15:12:00,17
M1,ST5,Welding,2025-01-01,Starved,,,2025-01-01 17:04:00,2025-01-01 17:07:00,4
M1,ST5,Welding,2025-01-01,Starved,,,2025-01-01 17:25:00,2025-01-01 17:33:00,9
M1,ST5,Welding,2025-01-01,Starved,,,2025-01-01 19:09:00,2025-01-01 19:16:00,8
M1,ST5,Welding,2025-01-01,Starved,,,2025-01-01 21:33:00,2025-01-01 21:47:00,15
M1,ST5,Welding,2025-01-01,Starved,,,2025-01-01 22:13:00,2025-01-01 22:39:00,27
M1,ST5,Welding,2025-01-01,Starved,,,2025-01-01 23:22:00,2025-01-02 00:01:00,40
M1,ST5,Welding,2025-01-02,Starved,,,2025-01-02 01:02:00,2025-01-02 01:25:00,24
M1,ST5,Welding,2025-01-02,Starved,,,2025-01-02 01:59:00,2025-01-02 02:00:00,2
M1,ST5,Welding,2025-01-02,Starved,,,2025-01-02 02:28:00,2025-01-02 02:47:00,20
M1,ST5,Welding,2025-01-02,Starved,,,2025-01-02 03:47:00,2025-01-02 04:22:00,36
M1,ST5,Welding,2025-01-02,Starved,,,2025-01-02 06:31:00,2025-01-02 07:15:00,45
M1,ST5,Welding,2025-01-02,Starved,,,2025-01-02 07:43:00,2025-01-02 07:51:00,9
M1,ST5,Welding,2025-01-02,Starved,,,2025-01-02 07:55:00,2025-01-02 08:28:00,34
M1,ST5,Welding,2025-01-02,Starved,,,2025-01-02 08:35:00,2025-01-02 09:11:00,37
M1,ST5,Welding,2025-01-02,Starved,,,2025-01-02 09:43:00,2025-01-02 10:09:00,27
M1,ST5,Welding,2025-01-02,Starved,,,2025-01-02 11:04:00,2025-01-02 11:11:00,8
M1,ST5,Welding,2025-01-02,Starved,,,2025-01-02 11:51:00,2025-01-02 12:08:00,18
M1,ST5,Welding,2025-01-02,Starved,,,2025-01-02 12:12:00,2025-01-02 12:29:00,18
M1,ST5,Welding,2025-01-02,Starved,,,2025-01-02 12:33:00,2025-01-02 12:56:00,24
M1,ST5,Welding,2025-01-02,Starved,,,2025-01-02 13:19:00,2025-01-02 13:30:00,12
M1,ST5,Welding,2025-01-02,Starved,,,2025-01-02 14:19:00,2025-01-02 14:40:00,22
M1,ST5,Welding,2025-01-02,Starved,,,2025-01-02 17:19:00,2025-01-02 17:22:00,4
M1,ST5,Welding,2025-01-02,Starved,,,2025-01-02 18:38:00,2025-01-02 18:44:00,7
M1,ST5,Welding,2025-01-02,Starved,,,2025-01-02 18:59:00,2025-01-02 19:10:00,12
M1,ST5,Welding,2025-01-02,Starved,,,2025-01-02 20:24:00,2025-01-02 20:27:00,4
M1,ST5,Welding,2025-01-02,Starved,,,2025-01-02 21:39:00,2025-01-02 22:09:00,31
M1,ST5,Welding,2025-01-02,Starved,,,2025-01-02 22:15:00,2025-01-02 22:32:00,18
M1,ST5,Welding,2025-01-03,Starved,,,2025-01-03 00:44:00,2025-01-03 00:56:00,13
M1,ST5,Welding,2025-01-03,Starved,,,2025-01-03 01:13:00,2025-01-03 01:47:00,35
M1,ST5,Welding,2025-01-03,Starved,,,2025-01-03 02:17:00,2025-01-03 02:47:00,31
M1,ST5,Welding,2025-01-03,Starved,,,2025-01-03 08:27:00,2025-01-03 08:38:00,12
M1,ST5,Welding,2025-01-03,Starved,,,2025-01-03 08:44:00,2025-01-03 08:49:00,6
M1,ST5,Welding,2025-01-03,Starved,,,2025-01-03 14:27:00,2025-01-03 14:29:00,3
M1,ST5,Welding,2025-01-03,Starved,,,2025-01-03 15:31:00,2025-01-03 16:36:00,66
M1,ST5,Welding,2025-01-03,Starved,,,2025-01-03 16:40:00,2025-01-03 16:50:00,11
M1,ST5,Welding,2025-01-03,Starved,,,2025-01-03 16:56:00,2025-01-03 17:05:00,10
M1,ST5,Welding,2025-01-03,Starved,,,2025-01-03 18:32:00,2025-01-03 19:22:00,51
M1,ST5,Welding,2025-01-04,Starved,,,2025-01-04 01:07:00,2025-01-04 01:16:00,10
M1,ST5,Welding,2025-01-04,Starved,,,2025-01-04 01:23:00,2025-01-04 01:24:00,2
M1,ST5,Welding,2025-01-04,Starved,,,2025-01-04 01:34:00,2025-01-04 01:59:00,26
M1,ST5,Welding,2025-01-04,Starved,,,2025-01-04 03:45:00,2025-01-04 03:50:00,6
M1,ST5,Welding,2025-01-04,Starved,,,2025-01-04 04:35:00,2025-01-04 05:03:00,29
M1,ST5,Welding,2025-01-04,Starved,,,2025-01-04 06:25:00,2025-01-04 06:29:00,5
M1,ST5,Welding,2025-01-04,Starved,,,2025-01-04 06:34:00,2025-01-04 06:53:00,20
M1,ST5,Welding,2025-01-04,Starved,,,2025-01-04 07:54:00,2025-01-04 07:54:00,1
M1,ST5,Welding,2025-01-04,Starved,,,2025-01-04 08:04:00,2025-01-04 08:37:00,34
M1,ST5,Welding,2025-01-04,Starved,,,2025-01-04 11:16:00,2025-01-04 11:36:00,21
M1,ST5,Welding,2025-01-04,Starved,,,2025-01-04 12:24:00,2025-01-04 12:24:00,1
M1,ST5,Welding,2025-01-04,Starved,,,2025-01-04 16:34:00,2025-01-04 17:06:00,33
M1,ST5,Welding,2025-01-04,Starved,,,2025-01-04 18:07:00,2025-01-04 18:09:00,3
M1,ST5,Welding,2025-01-04,Starved,,,2025-01-04 18:18:00,2025-01-04 18:19:00,2
M1,ST5,Welding,2025-01-04,Starved,,,2025-01-04 19:40:00,2025-01-04 19:56:00,17
M1,ST5,Welding,2025-01-04,Starved,,,2025-01-04 20:32:00,2025-01-04 20:57:00,26
M1,ST5,Welding,2025-01-04,Starved,,,2025-01-04 22:00:00,2025-01-04 22:25:00,26
M1,ST5,Welding,2025-01-04,Starved,,,2025-01-04 23:31:00,2025-01-04 23:31:00,1
M1,ST5,Welding,2025-01-04,Starved,,,2025-01-04 23:42:00,2025-01-04 23:56:00,15
M1,ST5,Welding,2025-01-05,Starved,,,2025-01-05 01:09:00,2025-01-05 01:17:00,9
M1,ST5,Welding,2025-01-05,Starved,,,2025-01-05 02:08:00,2025-01-05 02:08:00,1
M1,ST5,Welding,2025-01-05,Starved,,,2025-01-05 02:47:00,2025-01-05 03:20:00,34
M1,ST5,Welding,2025-01-05,Starved,,,2025-01-05 03:26:00,2025-01-05 03:28:00,3
M1,ST5,Welding,2025-01-05,Starved,,,2025-01-05 04:09:00,2025-01-05 04:52:00,44
M1,ST5,Welding,2025-01-05,Starved,,,2025-01-05 05:25:00,2025-01-05 05:31:00,7
M1,ST5,Welding,2025-01-05,Starved,,,2025-01-05 06:02:00,2025-01-05 06:17:00,16
M1,ST5,Welding,2025-01-05,Starved,,,2025-01-05 07:47:00,2025-01-05 08:07:00,21
M1,ST5,Welding,2025-01-05,Starved,,,2025-01-05 10:05:00,2025-01-05 10:29:00,25
M1,ST5,Welding,2025-01-05,Starved,,,2025-01-05 11:02:00,2025-01-05 11:11:00,10
M1,ST5,Welding,2025-01-05,Starved,,,2025-01-05 12:43:00,2025-01-05 13:06:00,24
M1,ST5,Welding,2025-01-05,Starved,,,2025-01-05 14:04:00,2025-01-05 14:09:00,6
M1,ST5,Welding,2025-01-05,Starved,,,2025-01-05 15:22:00,2025-01-05 15:44:00,23
M1,ST5,Welding,2025-01-05,Starved,,,2025-01-05 16:44:00,2025-01-05 16:49:00,6
M1,ST5,Welding,2025-01-05,Starved,,,2025-01-05 16:53:00,2025-01-05 17:46:00,54
M1,ST5,Welding,2025-01-05,Starved,,,2025-01-05 17:50:00,2025-01-05 17:51:00,2
M1,ST5,Welding,2025-01-05,Starved,,,2025-01-05 18:36:00,2025-01-05 18:55:00,20
M1,ST5,Welding,2025-01-05,Starved,,,2025-01-05 20:35:00,2025-01-05 20:48:00,14
M1,ST5,Welding,2025-01-05,Starved,,,2025-01-05 21:52:00,2025-01-05 22:07:00,16
M1,ST5,Welding,2025-01-05,Starved,,,2025-01-05 22:23:00,2025-01-05 22:47:00,25
M1,ST5,Welding,2025-01-05,Starved,,,2025-01-05 23:15:00,2025-01-05 23:42:00,28
M1,ST5,Welding,2025-01-05,Starved,,,2025-01-05 23:51:00,2025-01-05 23:53:00,3
M1,ST5,Welding,2025-01-06,Starved,,,2025-01-06 00:43:00,2025-01-06 01:07:00,25
M1,ST5,Welding,2025-01-06,Starved,,,2025-01-06 04:00:00,2025-01-06 04:15:00,16
M1,ST5,Welding,2025-01-06,Starved,,,2025-01-06 04:39:00,2025-01-06 04:54:00,16
M1,ST5,Welding,2025-01-06,Starved,,,2025-01-06 06:54:00,2025-01-06 07:15:00,22
M1,ST5,Welding,2025-01-06,Starved,,,2025-01-06 07:23:00,2025-01-06 07:32:00,10
M1,ST5,Welding,2025-01-06,Starved,,,2025-01-06 07:42:00,2025-01-06 08:00:00,19
M1,ST5,Welding,2025-01-06,Starved,,,2025-01-06 09:32:00,2025-01-06 09:38:00,7
M1,ST5,Welding,2025-01-06,Starved,,,2025-01-06 09:54:00,2025-01-06 10:37:00,44
M1,ST5,Welding,2025-01-06,Starved,,,2025-01-06 10:41:00,2025-01-06 10:49:00,9
M1,ST5,Welding,2025-01-06,Starved,,,2025-01-06 12:07:00,2025-01-06 12:23:00,17
M1,ST5,Welding,2025-01-06,Starved,,,2025-01-06 13:43:00,2025-01-06 13:50:00,8
M1,ST5,Welding,2025-01-06,Starved,,,2025-01-06 13:54:00,2025-01-06 14:09:00,16
M1,ST5,Welding,2025-01-06,Starved,,,2025-01-06 14:13:00,2025-01-06 14:20:00,8
M1,ST5,Welding,2025-01-06,Starved,,,2025-01-06 14:26:00,2025-01-06 15:06:00,41
M1,ST5,Welding,2025-01-06,Starved,,,2025-01-06 15:08:00,2025-01-06 15:27:00,20
M1,ST5,Welding,2025-01-06,Starved,,,2025-01-06 15:59:00,2025-01-06 16:05:00,7
M1,ST5,Welding,2025-01-06,Starved,,,2025-01-06 16:09:00,2025-01-06 16:21:00,13
M1,ST5,Welding,2025-01-06,Starved,,,2025-01-06 16:25:00,2025-01-06 16:29:00,5
M1,ST5,Welding,2025-01-06,Starved,,,2025-01-06 19:21:00,2025-01-06 19:36:00,16
M1,ST5,Welding,2025-01-06,Starved,,,2025-01-06 20:41:00,2025-01-06 21:24:00,44
M1,ST5,Welding,2025-01-06,Starved,,,2025-01-06 22:22:00,2025-01-06 22:33:00,12
M1,ST5,Welding,2025-01-06,Starved,,,2025-01-06 22:40:00,2025-01-06 22:49:00,10
M1,ST5,Welding,2025-01-07,Starved,,,2025-01-07 00:14:00,2025-01-07 00:14:00,1
M1,ST5,Welding,2025-01-07,Starved,,,2025-01-07 00:28:00,2025-01-07 00:28:00,1
M1,ST5,Welding,2025-01-07,Starved,,,2025-01-07 01:19:00,2025-01-07 01:29:00,11
M1,ST5,Welding,2025-01-07,Starved,,,2025-01-07 01:38:00,2025-01-07 01:39:00,2
M1,ST5,Welding,2025-01-07,Starved,,,2025-01-07 02:27:00,2025-01-07 02:49:00,23
M1,ST5,Welding,2025-01-07,Starved,,,2025-01-07 03:09:00,2025-01-07 03:15:00,7
M1,ST5,Welding,2025-01-07,Starved,,,2025-01-07 03:18:00,2025-01-07 03:36:00,19
M1,ST5,Welding,2025-01-07,Starved,,,2025-01-07 04:20:00,2025-01-07 04:51:00,32
M1,ST5,Welding,2025-01-07,Starved,,,2025-01-07 06:31:00,2025-01-07 06:45:00,15
M1,ST5,Welding,2025-01-07,Starved,,,2025-01-07 06:57:00,2025-01-07 07:29:00,33
M1,ST5,Welding,2025-01-07,Starved,,,2025-01-07 08:59:00,2025-01-07 09:17:00,19
M1,ST5,Welding,2025-01-07,Starved,,,2025-01-07 12:35:00,2025-01-07 12:44:00,10
M1,ST5,Welding,2025-01-07,Starved,,,2025-01-07 12:51:00,2025-01-07 13:08:00,18
M1,ST5,Welding,2025-01-07,Starved,,,2025-01-07 13:47:00,2025-01-07 14:32:00,46
M1,ST5,Welding,2025-01-07,Starved,,,2025-01-07 14:40:00,2025-01-07 14:54:00,15
M1,ST5,Welding,2025-01-07,Starved,,,2025-01-07 15:34:00,2025-01-07 15:53:00,20
M1,ST5,Welding,2025-01-07,Starved,,,2025-01-07 15:59:00,2025-01-07 16:00:00,2
M1,ST5,Welding,2025-01-07,Starved,,,2025-01-07 17:06:00,2025-01-07 17:25:00,20
M1,ST5,Welding,2025-01-07,Starved,,,2025-01-07 17:29:00,2025-01-07 17:36:00,8
M1,ST5,Welding,2025-01-07,Starved,,,2025-01-07 17:47:00,2025-01-07 18:23:00,37
M1,ST5,Welding,2025-01-07,Starved,,,2025-01-07 19:12:00,2025-01-07 19:38:00,27
M1,ST5,Welding,2025-01-07,Starved,,,2025-01-07 19:46:00,2025-01-07 20:09:00,24
M1,ST5,Welding,2025-01-07,Starved,,,2025-01-07 21:01:00,2025-01-07 21:09:00,9
M1,ST5,Welding,2025-01-07,Starved,,,2025-01-07 23:43:00,2025-01-07 23:45:00,3
M1,ST5,Welding,2025-01-08,Starved,,,2025-01-08 00:32:00,2025-01-08 00:43:00,12
M1,ST5,Welding,2025-01-08,Starved,,,2025-01-08 00:54:00,2025-01-08 01:12:00,19
M1,ST5,Welding,2025-01-08,Starved,,,2025-01-08 01:33:00,2025-01-08 01:50:00,18
M1,ST5,Welding,2025-01-08,Starved,,,2025-01-08 02:46:00,2025-01-08 02:48:00,3
M1,ST5,Welding,2025-01-08,Starved,,,2025-01-08 04:06:00,2025-01-08 04:21:00,16
M1,ST5,Welding,2025-01-08,Starved,,,2025-01-08 05:51:00,2025-01-08 06:14:00,24
M1,ST5,Welding,2025-01-08,Starved,,,2025-01-08 07:15:00,2025-01-08 07:26:00,12
M1,ST5,Welding,2025-01-08,Starved,,,2025-01-08 08:27:00,2025-01-08 08:28:00,2
M1,ST5,Welding,2025-01-08,Starved,,,2025-01-08 09:44:00,2025-01-08 09:45:00,2
M1,ST5,Welding,2025-01-08,Starved,,,2025-01-08 11:01:00,2025-01-08 11:12:00,12
M1,ST5,Welding,2025-01-08,Starved,,,2025-01-08 11:44:00,2025-01-08 12:13:00,30
M1,ST5,Welding,2025-01-08,Starved,,,2025-01-08 12:46:00,2025-01-08 12:47:00,2
M1,ST5,Welding,2025-01-08,Starved,,,2025-01-08 13:12:00,2025-01-08 13:52:00,41
M1,ST5,Welding,2025-01-08,Starved,,,2025-01-08 14:08:00,2025-01-08 14:29:00,22
M1,ST5,Welding,2025-01-08,Starved,,,2025-01-08 15:04:00,2025-01-08 15:19:00,16
M1,ST5,Welding,2025-01-08,Starved,,,2025-01-08 15:46:00,2025-01-08 16:11:00,26
M1,ST5,Welding,2025-01-08,Starved,,,2025-01-08 16:17:00,2025-01-08 16:30:00,14
M1,ST5,Welding,2025-01-08,Starved,,,2025-01-08 19:29:00,2025-01-08 19:37:00,9
M1,ST5,Welding,2025-01-08,Starved,,,2025-01-08 19:53:00,2025-01-08 20:19:00,27
M1,ST5,Welding,2025-01-08,Starved,,,2025-01-08 20:27:00,2025-01-08 20:31:00,5
M1,ST5,Welding,2025-01-08,Starved,,,2025-01-08 21:31:00,2025-01-08 21:32:00,2
M1,ST5,Welding,2025-01-08,Starved,,,2025-01-08 21:47:00,2025-01-08 22:14:00,28
M1,ST5,Welding,2025-01-08,Starved,,,2025-01-08 22:44:00,2025-01-08 23:36:00,53
M1,ST5,Welding,2025-01-08,Starved,,,2025-01-08 23:56:00,2025-01-09 00:27:00,32
M1,ST5,Welding,2025-01-09,Starved,,,2025-01-09 00:51:00,2025-01-09 00:58:00,8
M1,ST5,Welding,2025-01-09,Starved,,,2025-01-09 01:11:00,2025-01-09 01:36:00,26
M1,ST5,Welding,2025-01-09,Starved,,,2025-01-09 03:20:00,2025-01-09 03:26:00,7
M1,ST5,Welding,2025-01-09,Starved,,,2025-01-09 04:48:00,2025-01-09 04:50:00,3
M1,ST5,Welding,2025-01-09,Starved,,,2025-01-09 06:34:00,2025-01-09 06:57:00,24
M1,ST5,Welding,2025-01-09,Starved,,,2025-01-09 08:33:00,2025-01-09 08:34:00,2
M1,ST5,Welding,2025-01-09,Starved,,,2025-01-09 09:55:00,2025-01-09 10:37:00,43
M1,ST5,Welding,2025-01-09,Starved,,,2025-01-09 11:03:00,2025-01-09 11:06:00,4
M1,ST5,Welding,2025-01-09,Starved,,,2025-01-09 11:57:00,2025-01-09 12:03:00,7
M1,ST5,Welding,2025-01-09,Starved,,,2025-01-09 13:42:00,2025-01-09 14:07:00,26
M1,ST5,Welding,2025-01-09,Starved,,,2025-01-09 14:13:00,2025-01-09 14:14:00,2
M1,ST5,Welding,2025-01-09,Starved,,,2025-01-09 15:31:00,2025-01-09 16:07:00,37
M1,ST5,Welding,2025-01-09,Starved,,,2025-01-09 16:20:00,2025-01-09 16:29:00,10
M1,ST5,Welding,2025-01-09,Starved,,,2025-01-09 18:18:00,2025-01-09 18:50:00,33
M1,ST5,Welding,2025-01-09,Starved,,,2025-01-09 19:32:00,2025-01-09 19:47:00,16
M1,ST5,Welding,2025-01-09,Starved,,,2025-01-09 20:52:00,2025-01-09 21:05:00,14
M1,ST5,Welding,2025-01-09,Starved,,,2025-01-09 21:47:00,2025-01-09 22:18:00,32
M1,ST5,Welding,2025-01-09,Starved,,,2025-01-09 23:38:00,2025-01-09 23:52:00,15
M1,ST5,Welding,2025-01-10,Starved,,,2025-01-10 01:17:00,2025-01-10 01:30:00,14
M1,ST5,Welding,2025-01-10,Starved,,,2025-01-10 01:34:00,2025-01-10 01:37:00,4
M1,ST5,Welding,2025-01-10,Starved,,,2025-01-10 01:58:00,2025-01-10 01:58:00,1
M1,ST5,Welding,2025-01-10,Starved,,,2025-01-10 03:04:00,2025-01-10 03:36:00,33
M1,ST5,Welding,2025-01-10,Starved,,,2025-01-10 05:15:00,2025-01-10 05:38:00,24
M1,ST5,Welding,2025-01-10,Starved,,,2025-01-10 07:06:00,2025-01-10 07:36:00,31
M1,ST5,Welding,2025-01-10,Starved,,,2025-01-10 08:06:00,2025-01-10 08:11:00,6
M1,ST5,Welding,2025-01-10,Starved,,,2025-01-10 08:22:00,2025-01-10 08:28:00,7
M1,ST5,Welding,2025-01-10,Starved,,,2025-01-10 09:11:00,2025-01-10 09:20:00,10
M1,ST5,Welding,2025-01-10,Starved,,,2025-01-10 10:20:00,2025-01-10 10:24:00,5
M1,ST5,Welding,2025-01-10,Starved,,,2025-01-10 13:30:00,2025-01-10 13:42:00,13
M1,ST5,Welding,2025-01-10,Starved,,,2025-01-10 13:45:00,2025-01-10 14:31:00,47
M1,ST5,Welding,2025-01-10,Starved,,,2025-01-10 15:13:00,2025-01-10 15:17:00,5
M1,ST5,Welding,2025-01-10,Starved,,,2025-01-10 15:22:00,2025-01-10 15:27:00,6
M1,ST5,Welding,2025-01-10,Starved,,,2025-01-10 15:35:00,2025-01-10 15:39:00,5
M1,ST5,Welding,2025-01-10,Starved,,,2025-01-10 16:29:00,2025-01-10 16:29:00,1
M1,ST5,Welding,2025-01-10,Starved,,,2025-01-10 18:33:00,2025-01-10 19:33:00,61
M1,ST5,Welding,2025-01-10,Starved,,,2025-01-10 19:45:00,2025-01-10 19:56:00,12
M1,ST5,Welding,2025-01-10,Starved,,,2025-01-10 21:33:00,2025-01-10 22:03:00,31
M1,ST5,Welding,2025-01-10,Starved,,,2025-01-10 22:41:00,2025-01-10 22:53:00,13
M1,ST5,Welding,2025-01-10,Starved,,,2025-01-10 22:59:00,2025-01-10 23:18:00,20
M1,ST5,Welding,2025-01-10,Starved,,,2025-01-10 23:55:00,2025-01-11 00:04:00,10
M1,ST5,Welding,2025-01-11,Starved,,,2025-01-11 01:03:00,2025-01-11 01:12:00,10
M1,ST5,Welding,2025-01-11,Starved,,,2025-01-11 02:28:00,2025-01-11 02:53:00,26
M1,ST5,Welding,2025-01-11,Starved,,,2025-01-11 04:41:00,2025-01-11 05:08:00,28
M1,ST5,Welding,2025-01-11,Starved,,,2025-01-11 05:17:00,2025-01-11 05:57:00,41
M1,ST5,Welding,2025-01-11,Starved,,,2025-01-11 06:16:00,2025-01-11 06:23:00,8
M1,ST5,Welding,2025-01-11,Starved,,,2025-01-11 06:29:00,2025-01-11 06:48:00,20
M1,ST5,Welding,2025-01-11,Starved,,,2025-01-11 07:49:00,2025-01-11 08:16:00,28
M1,ST5,Welding,2025-01-11,Starved,,,2025-01-11 10:48:00,2025-01-11 11:06:00,19
M1,ST5,Welding,2025-01-11,Starved,,,2025-01-11 12:20:00,2025-01-11 12:33:00,14
M1,ST5,Welding,2025-01-11,Starved,,,2025-01-11 13:36:00,2025-01-11 14:08:00,33
M1,ST5,Welding,2025-01-11,Starved,,,2025-01-11 14:12:00,2025-01-11 14:16:00,5
M1,ST5,Welding,2025-01-11,Starved,,,2025-01-11 15:32:00,2025-01-11 15:32:00,1
M1,ST5,Welding,2025-01-11,Starved,,,2025-01-11 17:18:00,2025-01-11 17:35:00,18
M1,ST5,Welding,2025-01-11,Starved,,,2025-01-11 19:09:00,2025-01-11 19:14:00,6
M1,ST5,Welding,2025-01-11,Starved,,,2025-01-11 19:38:00,2025-01-11 19:43:00,6
M1,ST5,Welding,2025-01-11,Starved,,,2025-01-11 20:25:00,2025-01-11 20:53:00,29
M1,ST5,Welding,2025-01-11,Starved,,,2025-01-11 20:57:00,2025-01-11 21:16:00,20
M1,ST5,Welding,2025-01-11,Starved,,,2025-01-11 21:48:00,2025-01-11 21:56:00,9
M1,ST5,Welding,2025-01-11,Starved,,,2025-01-11 22:22:00,2025-01-11 22:35:00,14
M1,ST5,Welding,2025-01-11,Starved,,,2025-01-11 22:39:00,2025-01-11 22:54:00,16
M1,ST5,Welding,2025-01-11,Starved,,,2025-01-11 23:01:00,2025-01-11 23:12:00,12
M1,ST5,Welding,2025-01-12,Starved,,,2025-01-12 00:34:00,2025-01-12 00:37:00,4
M1,ST5,Welding,2025-01-12,Starved,,,2025-01-12 01:14:00,2025-01-12 01:23:00,10
M1,ST5,Welding,2025-01-12,Starved,,,2025-01-12 03:37:00,2025-01-12 03:39:00,3
M1,ST5,Welding,2025-01-12,Starved,,,2025-01-12 04:50:00,2025-01-12 04:55:00,6
M1,ST5,Welding,2025-01-12,Starved,,,2025-01-12 05:29:00,2025-01-12 05:38:00,10
M1,ST5,Welding,2025-01-12,Starved,,,2025-01-12 06:04:00,2025-01-12 06:25:00,22
M1,ST5,Welding,2025-01-12,Starved,,,2025-01-12 06:28:00,2025-01-12 06:37:00,10
M1,ST5,Welding,2025-01-12,Starved,,,2025-01-12 06:42:00,2025-01-12 06:57:00,16
M1,ST5,Welding,2025-01-12,Starved,,,2025-01-12 07:06:00,2025-01-12 07:15:00,10
M1,ST5,Welding,2025-01-12,Starved,,,2025-01-12 08:20:00,2025-01-12 08:33:00,14
M1,ST5,Welding,2025-01-12,Starved,,,2025-01-12 10:08:00,2025-01-12 10:30:00,23
M1,ST5,Welding,2025-01-12,Starved,,,2025-01-12 11:14:00,2025-01-12 11:20:00,7
M1,ST5,Welding,2025-01-12,Starved,,,2025-01-12 11:46:00,2025-01-12 12:18:00,33
M1,ST5,Welding,2025-01-12,Starved,,,2025-01-12 12:24:00,2025-01-12 12:27:00,4
M1,ST5,Welding,2025-01-12,Starved,,,2025-01-12 13:22:00,2025-01-12 13:22:00,1
M1,ST5,Welding,2025-01-12,Starved,,,2025-01-12 14:29:00,2025-01-12 14:44:00,16
M1,ST5,Welding,2025-01-12,Starved,,,2025-01-12 14:49:00,2025-01-12 15:00:00,12
M1,ST5,Welding,2025-01-12,Starved,,,2025-01-12 16:10:00,2025-01-12 16:12:00,3
M1,ST5,Welding,2025-01-12,Starved,,,2025-01-12 17:05:00,2025-01-12 17:23:00,19
M1,ST5,Welding,2025-01-12,Starved,,,2025-01-12 17:58:00,2025-01-12 18:10:00,13
M1,ST5,Welding,2025-01-12,Starved,,,2025-01-12 18:35:00,2025-01-12 18:54:00,20
M1,ST5,Welding,2025-01-12,Starved,,,2025-01-12 22:39:00,2025-01-12 22:48:00,10
M1,ST5,Welding,2025-01-12,Starved,,,2025-01-12 23:45:00,2025-01-12 23:52:00,8
M1,ST5,Welding,2025-01-13,Starved,,,2025-01-13 00:32:00,2025-01-13 00:46:00,15
M1,ST5,Welding,2025-01-13,Starved,,,2025-01-13 01:42:00,2025-01-13 02:25:00,44
M1,ST5,Welding,2025-01-13,Starved,,,2025-01-13 04:52:00,2025-01-13 05:23:00,32
M1,ST5,Welding,2025-01-13,Starved,,,2025-01-13 05:27:00,2025-01-13 05:30:00,4
M1,ST5,Welding,2025-01-13,Starved,,,2025-01-13 06:30:00,2025-01-13 06:36:00,7
M1,ST5,Welding,2025-01-13,Starved,,,2025-01-13 07:51:00,2025-01-13 08:49:00,59
M1,ST5,Welding,2025-01-13,Starved,,,2025-01-13 09:55:00,2025-01-13 09:55:00,1
M1,ST5,Welding,2025-01-13,Starved,,,2025-01-13 11:10:00,2025-01-13 11:30:00,21
M1,ST5,Welding,2025-01-13,Starved,,,2025-01-13 15:14:00,2025-01-13 15:58:00,45
M1,ST5,Welding,2025-01-13,Starved,,,2025-01-13 16:04:00,2025-01-13 16:06:00,3
M1,ST5,Welding,2025-01-13,Starved,,,2025-01-13 16:10:00,2025-01-13 16:13:00,4
M1,ST5,Welding,2025-01-13,Starved,,,2025-01-13 17:10:00,2025-01-13 17:14:00,5
M1,ST5,Welding,2025-01-13,Starved,,,2025-01-13 17:32:00,2025-01-13 17:45:00,14
M1,ST5,Welding,2025-01-13,Starved,,,2025-01-13 19:01:00,2025-01-13 19:03:00,3
M1,ST5,Welding,2025-01-13,Starved,,,2025-01-13 19:41:00,2025-01-13 19:59:00,19
M1,ST5,Welding,2025-01-13,Starved,,,2025-01-13 20:03:00,2025-01-13 20:04:00,2
M1,ST5,Welding,2025-01-13,Starved,,,2025-01-13 21:08:00,2025-01-13 21:13:00,6
M1,ST5,Welding,2025-01-13,Starved,,,2025-01-13 22:30:00,2025-01-13 22:57:00,28
M1,ST5,Welding,2025-01-14,Starved,,,2025-01-14 01:07:00,2025-01-14 01:14:00,8
M1,ST5,Welding,2025-01-14,Starved,,,2025-01-14 01:24:00,2025-01-14 02:14:00,51
M1,ST5,Welding,2025-01-14,Starved,,,2025-01-14 03:12:00,2025-01-14 03:40:00,29
M1,ST5,Welding,2025-01-14,Starved,,,2025-01-14 07:06:00,2025-01-14 07:17:00,12
M1,ST5,Welding,2025-01-14,Starved,,,2025-01-14 07:43:00,2025-01-14 08:26:00,44
M1,ST5,Welding,2025-01-14,Starved,,,2025-01-14 10:03:00,2025-01-14 10:24:00,22
M1,ST5,Welding,2025-01-14,Starved,,,2025-01-14 11:01:00,2025-01-14 11:16:00,16
M1,ST5,Welding,2025-01-14,Starved,,,2025-01-14 13:20:00,2025-01-14 13:37:00,18
M1,ST5,Welding,2025-01-14,Starved,,,2025-01-14 13:42:00,2025-01-14 14:00:00,19
M1,ST5,Welding,2025-01-14,Starved,,,2025-01-14 14:50:00,2025-01-14 15:00:00,11
M1,ST5,Welding,2025-01-14,Starved,,,2025-01-14 15:07:00,2025-01-14 15:52:00,46
M1,ST5,Welding,2025-01-14,Starved,,,2025-01-14 18:37:00,2025-01-14 18:55:00,19
M1,ST5,Welding,2025-01-14,Starved,,,2025-01-14 19:17:00,2025-01-14 19:40:00,24
M1,ST5,Welding,2025-01-14,Starved,,,2025-01-14 19:56:00,2025-01-14 20:05:00,10
M1,ST5,Welding,2025-01-14,Starved,,,2025-01-14 20:29:00,2025-01-14 20:46:00,18
M1,ST5,Welding,2025-01-14,Starved,,,2025-01-14 22:55:00,2025-01-14 23:14:00,20
M1,ST5,Welding,2025-01-14,Starved,,,2025-01-14 23:16:00,2025-01-14 23:24:00,9
M1,ST5,Welding,2025-01-14,Starved,,,2025-01-14 23:48:00,2025-01-15 00:07:00,20
M1,ST5,Welding,2025-01-15,Starved,,,2025-01-15 00:21:00,2025-01-15 00:39:00,19
M1,ST5,Welding,2025-01-15,Starved,,,2025-01-15 00:43:00,2025-01-15 01:16:00,34
M1,ST5,Welding,2025-01-15,Starved,,,2025-01-15 01:20:00,2025-01-15 01:25:00,6
M1,ST5,Welding,2025-01-15,Starved,,,2025-01-15 01:31:00,2025-01-15 01:36:00,6
M1,ST5,Welding,2025-01-15,Starved,,,2025-01-15 02:42:00,2025-01-15 02:51:00,10
M1,ST5,Welding,2025-01-15,Starved,,,2025-01-15 03:00:00,2025-01-15 03:42:00,43
M1,ST5,Welding,2025-01-15,Starved,,,2025-01-15 04:16:00,2025-01-15 04:20:00,5
M1,ST5,Welding,2025-01-15,Starved,,,2025-01-15 04:53:00,2025-01-15 05:03:00,11
M1,ST5,Welding,2025-01-15,Starved,,,2025-01-15 05:49:00,2025-01-15 06:08:00,20
M1,ST5,Welding,2025-01-15,Starved,,,2025-01-15 06:59:00,2025-01-15 07:12:00,14
M1,ST5,Welding,2025-01-15,Starved,,,2025-01-15 07:49:00,2025-01-15 07:59:00,11
M1,ST5,Welding,2025-01-15,Starved,,,2025-01-15 09:05:00,2025-01-15 09:14:00,10
M1,ST5,Welding,2025-01-15,Starved,,,2025-01-15 10:02:00,2025-01-15 10:26:00,25
M1,ST5,Welding,2025-01-15,Starved,,,2025-01-15 10:33:00,2025-01-15 10:56:00,24
M1,ST5,Welding,2025-01-15,Starved,,,2025-01-15 12:02:00,2025-01-15 12:24:00,23
M1,ST5,Welding,2025-01-15,Starved,,,2025-01-15 12:28:00,2025-01-15 12:54:00,27
M1,ST5,Welding,2025-01-15,Starved,,,2025-01-15 16:06:00,2025-01-15 16:30:00,25
M1,ST5,Welding,2025-01-15,Starved,,,2025-01-15 17:16:00,2025-01-15 18:09:00,54
M1,ST5,Welding,2025-01-15,Starved,,,2025-01-15 18:13:00,2025-01-15 18:15:00,3
M1,ST5,Welding,2025-01-15,Starved,,,2025-01-15 19:32:00,2025-01-15 19:43:00,12
M1,ST5,Welding,2025-01-15,Starved,,,2025-01-15 19:50:00,2025-01-15 19:55:00,6
M1,ST5,Welding,2025-01-15,Starved,,,2025-01-15 20:17:00,2025-01-15 20:33:00,17
M1,ST5,Welding,2025-01-15,Starved,,,2025-01-15 20:58:00,2025-01-15 21:15:00,18
M1,ST5,Welding,2025-01-15,Starved,,,2025-01-15 21:23:00,2025-01-15 21:45:00,23
M1,ST5,Welding,2025-01-15,Starved,,,2025-01-15 22:04:00,2025-01-15 22:18:00,15
M1,ST5,Welding,2025-01-15,Starved,,,2025-01-15 23:56:00,2025-01-16 00:17:00,22
M1,ST5,Welding,2025-01-16,Starved,,,2025-01-16 00:23:00,2025-01-16 00:25:00,3
M1,ST5,Welding,2025-01-16,Starved,,,2025-01-16 00:59:00,2025-01-16 01:14:00,16
M1,ST5,Welding,2025-01-16,Starved,,,2025-01-16 01:21:00,2025-01-16 01:55:00,35
M1,ST5,Welding,2025-01-16,Starved,,,2025-01-16 02:04:00,2025-01-16 02:11:00,8
M1,ST5,Welding,2025-01-16,Starved,,,2025-01-16 03:52:00,2025-01-16 04:28:00,37
M1,ST5,Welding,2025-01-16,Starved,,,2025-01-16 04:32:00,2025-01-16 04:33:00,2
M1,ST5,Welding,2025-01-16,Starved,,,2025-01-16 05:08:00,2025-01-16 05:16:00,9
M1,ST5,Welding,2025-01-16,Starved,,,2025-01-16 06:23:00,2025-01-16 06:25:00,3
M1,ST5,Welding,2025-01-16,Starved,,,2025-01-16 06:35:00,2025-01-16 06:57:00,23
M1,ST5,Welding,2025-01-16,Starved,,,2025-01-16 07:21:00,2025-01-16 07:55:00,35
M1,ST5,Welding,2025-01-16,Starved,,,2025-01-16 08:23:00,2025-01-16 09:03:00,41
M1,ST5,Welding,2025-01-16,Starved,,,2025-01-16 09:38:00,2025-01-16 10:02:00,25
M1,ST5,Welding,2025-01-16,Starved,,,2025-01-16 10:28:00,2025-01-16 10:43:00,16
M1,ST5,Welding,2025-01-16,Starved,,,2025-01-16 11:03:00,2025-01-16 11:16:00,14
M1,ST5,Welding,2025-01-16,Starved,,,2025-01-16 14:24:00,2025-01-16 15:19:00,56
M1,ST5,Welding,2025-01-16,Starved,,,2025-01-16 15:55:00,2025-01-16 16:35:00,41
M1,ST5,Welding,2025-01-16,Starved,,,2025-01-16 18:14:00,2025-01-16 18:20:00,7
M1,ST5,Welding,2025-01-16,Starved,,,2025-01-16 18:23:00,2025-01-16 19:01:00,39
M1,ST5,Welding,2025-01-16,Starved,,,2025-01-16 19:17:00,2025-01-16 19:46:00,30
M1,ST5,Welding,2025-01-16,Starved,,,2025-01-16 22:23:00,2025-01-16 22:43:00,21
M1,ST5,Welding,2025-01-16,Starved,,,2025-01-16 23:32:00,2025-01-17 00:12:00,41
M1,ST5,Welding,2025-01-17,Starved,,,2025-01-17 00:55:00,2025-01-17 01:11:00,17
M1,ST5,Welding,2025-01-17,Starved,,,2025-01-17 02:23:00,2025-01-17 02:25:00,3
M1,ST5,Welding,2025-01-17,Starved,,,2025-01-17 02:34:00,2025-01-17 02:50:00,17
M1,ST5,Welding,2025-01-17,Starved,,,2025-01-17 03:08:00,2025-01-17 03:59:00,52
M1,ST5,Welding,2025-01-17,Starved,,,2025-01-17 04:03:00,2025-01-17 04:31:00,29
M1,ST5,Welding,2025-01-17,Starved,,,2025-01-17 06:44:00,2025-01-17 06:53:00,10
M1,ST5,Welding,2025-01-17,Starved,,,2025-01-17 07:21:00,2025-01-17 07:24:00,4
M1,ST5,Welding,2025-01-17,Starved,,,2025-01-17 09:51:00,2025-01-17 10:04:00,14
M1,ST5,Welding,2025-01-17,Starved,,,2025-01-17 11:27:00,2025-01-17 11:27:00,1
M1,ST5,Welding,2025-01-17,Starved,,,2025-01-17 11:44:00,2025-01-17 12:01:00,18
M1,ST5,Welding,2025-01-17,Starved,,,2025-01-17 12:09:00,2025-01-17 12:10:00,2
M1,ST5,Welding,2025-01-17,Starved,,,2025-01-17 12:36:00,2025-01-17 12:46:00,11
M1,ST5,Welding,2025-01-17,Starved,,,2025-01-17 14:11:00,2025-01-17 14:14:00,4
M1,ST5,Welding,2025-01-17,Starved,,,2025-01-17 14:42:00,2025-01-17 15:15:00,34
M1,ST5,Welding,2025-01-17,Starved,,,2025-01-17 15:50:00,2025-01-17 15:55:00,6
M1,ST5,Welding,2025-01-17,Starved,,,2025-01-17 17:20:00,2025-01-17 17:43:00,24
M1,ST5,Welding,2025-01-17,Starved,,,2025-01-17 18:51:00,2025-01-17 19:31:00,41
M1,ST5,Welding,2025-01-17,Starved,,,2025-01-17 19:53:00,2025-01-17 20:10:00,18
M1,ST5,Welding,2025-01-17,Starved,,,2025-01-17 22:57:00,2025-01-17 23:23:00,27
M1,ST5,Welding,2025-01-18,Starved,,,2025-01-18 00:10:00,2025-01-18 00:37:00,28
M1,ST5,Welding,2025-01-18,Starved,,,2025-01-18 01:09:00,2025-01-18 01:12:00,4
M1,ST5,Welding,2025-01-18,Starved,,,2025-01-18 01:16:00,2025-01-18 01:18:00,3
M1,ST5,Welding,2025-01-18,Starved,,,2025-01-18 01:30:00,2025-01-18 01:51:00,22
M1,ST5,Welding,2025-01-18,Starved,,,2025-01-18 02:50:00,2025-01-18 03:00:00,11
M1,ST5,Welding,2025-01-18,Starved,,,2025-01-18 03:21:00,2025-01-18 03:48:00,28
M1,ST5,Welding,2025-01-18,Starved,,,2025-01-18 04:26:00,2025-01-18 04:33:00,8
M1,ST5,Welding,2025-01-18,Starved,,,2025-01-18 06:45:00,2025-01-18 07:08:00,24
M1,ST5,Welding,2025-01-18,Starved,,,2025-01-18 08:26:00,2025-01-18 08:40:00,15
M1,ST5,Welding,2025-01-18,Starved,,,2025-01-18 10:55:00,2025-01-18 11:23:00,29
M1,ST5,Welding,2025-01-18,Starved,,,2025-01-18 11:50:00,2025-01-18 12:03:00,14
M1,ST5,Welding,2025-01-18,Starved,,,2025-01-18 15:42:00,2025-01-18 15:53:00,12
M1,ST5,Welding,2025-01-18,Starved,,,2025-01-18 17:25:00,2025-01-18 17:28:00,4
M1,ST5,Welding,2025-01-18,Starved,,,2025-01-18 17:39:00,2025-01-18 18:00:00,22
M1,ST5,Welding,2025-01-18,Starved,,,2025-01-18 18:06:00,2025-01-18 18:21:00,16
M1,ST5,Welding,2025-01-18,Starved,,,2025-01-18 18:40:00,2025-01-18 18:49:00,10
M1,ST5,Welding,2025-01-18,Starved,,,2025-01-18 19:20:00,2025-01-18 19:34:00,15
M1,ST5,Welding,2025-01-18,Starved,,,2025-01-18 19:40:00,2025-01-18 19:49:00,10
M1,ST5,Welding,2025-01-18,Starved,,,2025-01-18 21:01:00,2025-01-18 21:34:00,34
M1,ST5,Welding,2025-01-18,Starved,,,2025-01-18 21:38:00,2025-01-18 21:55:00,18
M1,ST5,Welding,2025-01-18,Starved,,,2025-01-18 22:33:00,2025-01-18 22:39:00,7
M1,ST5,Welding,2025-01-18,Starved,,,2025-01-18 23:19:00,2025-01-18 23:42:00,24
M1,ST5,Welding,2025-01-18,Starved,,,2025-01-18 23:50:00,2025-01-18 23:51:00,2
M1,ST5,Welding,2025-01-19,Starved,,,2025-01-19 00:34:00,2025-01-19 00:49:00,16
M1,ST5,Welding,2025-01-19,Starved,,,2025-01-19 00:53:00,2025-01-19 01:13:00,21
M1,ST5,Welding,2025-01-19,Starved,,,2025-01-19 01:36:00,2025-01-19 01:55:00,20
M1,ST5,Welding,2025-01-19,Starved,,,2025-01-19 03:24:00,2025-01-19 03:50:00,27
M1,ST5,Welding,2025-01-19,Starved,,,2025-01-19 03:54:00,2025-01-19 03:57:00,4
M1,ST5,Welding,2025-01-19,Starved,,,2025-01-19 05:03:00,2025-01-19 05:16:00,14
M1,ST5,Welding,2025-01-19,Starved,,,2025-01-19 05:56:00,2025-01-19 06:03:00,8
M1,ST5,Welding,2025-01-19,Starved,,,2025-01-19 06:05:00,2025-01-19 06:30:00,26
M1,ST5,Welding,2025-01-19,Starved,,,2025-01-19 06:35:00,2025-01-19 06:51:00,17
M1,ST5,Welding,2025-01-19,Starved,,,2025-01-19 07:56:00,2025-01-19 07:59:00,4
M1,ST5,Welding,2025-01-19,Starved,,,2025-01-19 08:21:00,2025-01-19 08:53:00,33
M1,ST5,Welding,2025-01-19,Starved,,,2025-01-19 09:24:00,2025-01-19 09:41:00,18
M1,ST5,Welding,2025-01-19,Starved,,,2025-01-19 10:53:00,2025-01-19 11:04:00,12
M1,ST5,Welding,2025-01-19,Starved,,,2025-01-19 11:55:00,2025-01-19 12:22:00,28
M1,ST5,Welding,2025-01-19,Starved,,,2025-01-19 13:13:00,2025-01-19 13:13:00,1
M1,ST5,Welding,2025-01-19,Starved,,,2025-01-19 13:41:00,2025-01-19 14:06:00,26
M1,ST5,Welding,2025-01-19,Starved,,,2025-01-19 15:28:00,2025-01-19 15:41:00,14
M1,ST5,Welding,2025-01-19,Starved,,,2025-01-19 16:15:00,2025-01-19 16:23:00,9
M1,ST5,Welding,2025-01-19,Starved,,,2025-01-19 17:30:00,2025-01-19 17:46:00,17
M1,ST5,Welding,2025-01-19,Starved,,,2025-01-19 18:09:00,2025-01-19 18:29:00,21
M1,ST5,Welding,2025-01-19,Starved,,,2025-01-19 18:50:00,2025-01-19 19:25:00,36
M1,ST5,Welding,2025-01-19,Starved,,,2025-01-19 20:42:00,2025-01-19 21:15:00,34
M1,ST5,Welding,2025-01-19,Starved,,,2025-01-19 21:21:00,2025-01-19 21:28:00,8
M1,ST5,Welding,2025-01-19,Starved,,,2025-01-19 22:08:00,2025-01-19 22:41:00,34
M1,ST5,Welding,2025-01-19,Starved,,,2025-01-19 23:01:00,2025-01-19 23:24:00,24
M1,ST5,Welding,2025-01-19,Starved,,,2025-01-19 23:47:00,2025-01-19 23:49:00,3
M1,ST5,Welding,2025-01-20,Starved,,,2025-01-20 00:21:00,2025-01-20 00:35:00,15
M1,ST5,Welding,2025-01-20,Starved,,,2025-01-20 00:55:00,2025-01-20 01:01:00,7
M1,ST5,Welding,2025-01-20,Starved,,,2025-01-20 02:30:00,2025-01-20 03:05:00,36
M1,ST5,Welding,2025-01-20,Starved,,,2025-01-20 03:40:00,2025-01-20 03:54:00,15
M1,ST5,Welding,2025-01-20,Starved,,,2025-01-20 04:13:00,2025-01-20 04:47:00,35
M1,ST5,Welding,2025-01-20,Starved,,,2025-01-20 06:31:00,2025-01-20 06:33:00,3
M1,ST5,Welding,2025-01-20,Starved,,,2025-01-20 06:50:00,2025-01-20 07:15:00,26
M1,ST5,Welding,2025-01-20,Starved,,,2025-01-20 07:26:00,2025-01-20 07:56:00,31
M1,ST5,Welding,2025-01-20,Starved,,,2025-01-20 08:24:00,2025-01-20 08:49:00,26
M1,ST5,Welding,2025-01-20,Starved,,,2025-01-20 08:53:00,2025-01-20 08:54:00,2
M1,ST5,Welding,2025-01-20,Starved,,,2025-01-20 10:45:00,2025-01-20 10:55:00,11
M1,ST5,Welding,2025-01-20,Starved,,,2025-01-20 11:11:00,2025-01-20 11:12:00,2
M1,ST5,Welding,2025-01-20,Starved,,,2025-01-20 13:36:00,2025-01-20 13:52:00,17
M1,ST5,Welding,2025-01-20,Starved,,,2025-01-20 13:59:00,2025-01-20 14:28:00,30
M1,ST5,Welding,2025-01-20,Starved,,,2025-01-20 14:32:00,2025-01-20 14:58:00,27
M1,ST5,Welding,2025-01-20,Starved,,,2025-01-20 16:36:00,2025-01-20 16:59:00,24
M1,ST5,Welding,2025-01-20,Starved,,,2025-01-20 17:05:00,2025-01-20 17:25:00,21
M1,ST5,Welding,2025-01-20,Starved,,,2025-01-20 18:53:00,2025-01-20 19:14:00,22
M1,ST5,Welding,2025-01-20,Starved,,,2025-01-20 19:31:00,2025-01-20 19:40:00,10
M1,ST5,Welding,2025-01-20,Starved,,,2025-01-20 19:44:00,2025-01-20 20:03:00,20
M1,ST5,Welding,2025-01-20,Starved,,,2025-01-20 20:48:00,2025-01-20 21:20:00,33
M1,ST5,Welding,2025-01-20,Starved,,,2025-01-20 22:16:00,2025-01-20 22:49:00,34
M1,ST5,Welding,2025-01-20,Starved,,,2025-01-20 23:21:00,2025-01-20 23:39:00,19
M1,ST5,Welding,2025-01-20,Starved,,,2025-01-20 23:47:00,2025-01-21 00:22:00,36
M1,ST5,Welding,2025-01-21,Starved,,,2025-01-21 00:34:00,2025-01-21 00:42:00,9
M1,ST5,Welding,2025-01-21,Starved,,,2025-01-21 01:08:00,2025-01-21 01:29:00,22
M1,ST5,Welding,2025-01-21,Starved,,,2025-01-21 01:54:00,2025-01-21 02:14:00,21
M1,ST5,Welding,2025-01-21,Starved,,,2025-01-21 02:16:00,2025-01-21 02:23:00,8
M1,ST5,Welding,2025-01-21,Starved,,,2025-01-21 02:29:00,2025-01-21 02:56:00,28
M1,ST5,Welding,2025-01-21,Starved,,,2025-01-21 03:59:00,2025-01-21 04:24:00,26
M1,ST5,Welding,2025-01-21,Starved,,,2025-01-21 05:22:00,2025-01-21 05:25:00,4
M1,ST5,Welding,2025-01-21,Starved,,,2025-01-21 05:33:00,2025-01-21 06:01:00,29
M1,ST5,Welding,2025-01-21,Starved,,,2025-01-21 06:34:00,2025-01-21 06:41:00,8
M1,ST5,Welding,2025-01-21,Starved,,,2025-01-21 08:20:00,2025-01-21 08:50:00,31
M1,ST5,Welding,2025-01-21,Starved,,,2025-01-21 09:16:00,2025-01-21 09:25:00,10
M1,ST5,Welding,2025-01-21,Starved,,,2025-01-21 09:54:00,2025-01-21 10:13:00,20
M1,ST5,Welding,2025-01-21,Starved,,,2025-01-21 10:37:00,2025-01-21 11:01:00,25
M1,ST5,Welding,2025-01-21,Starved,,,2025-01-21 13:32:00,2025-01-21 13:42:00,11
M1,ST5,Welding,2025-01-21,Starved,,,2025-01-21 14:34:00,2025-01-21 14:35:00,2
M1,ST5,Welding,2025-01-21,Starved,,,2025-01-21 16:29:00,2025-01-21 16:45:00,17
M1,ST5,Welding,2025-01-21,Starved,,,2025-01-21 17:57:00,2025-01-21 18:31:00,35
M1,ST5,Welding,2025-01-21,Starved,,,2025-01-21 18:42:00,2025-01-21 19:20:00,39
M1,ST5,Welding,2025-01-21,Starved,,,2025-01-21 19:48:00,2025-01-21 20:08:00,21
M1,ST5,Welding,2025-01-21,Starved,,,2025-01-21 20:16:00,2025-01-21 20:17:00,2
M1,ST5,Welding,2025-01-21,Starved,,,2025-01-21 21:18:00,2025-01-21 21:48:00,31
M1,ST5,Welding,2025-01-21,Starved,,,2025-01-21 21:52:00,2025-01-21 22:11:00,20
M1,ST5,Welding,2025-01-21,Starved,,,2025-01-21 22:19:00,2025-01-21 22:32:00,14
M1,ST5,Welding,2025-01-21,Starved,,,2025-01-21 22:50:00,2025-01-21 23:11:00,22
M1,ST5,Welding,2025-01-21,Starved,,,2025-01-21 23:18:00,2025-01-21 23:31:00,14
M1,ST5,Welding,2025-01-21,Starved,,,2025-01-21 23:57:00,2025-01-22 00:36:00,40
M1,ST5,Welding,2025-01-22,Starved,,,2025-01-22 00:43:00,2025-01-22 01:01:00,19
M1,ST5,Welding,2025-01-22,Starved,,,2025-01-22 02:19:00,2025-01-22 02:43:00,25
M1,ST5,Welding,2025-01-22,Starved,,,2025-01-22 03:12:00,2025-01-22 03:17:00,6
M1,ST5,Welding,2025-01-22,Starved,,,2025-01-22 05:55:00,2025-01-22 06:02:00,8
M1,ST5,Welding,2025-01-22,Starved,,,2025-01-22 06:36:00,2025-01-22 06:37:00,2
M1,ST5,Welding,2025-01-22,Starved,,,2025-01-22 07:45:00,2025-01-22 08:15:00,31
M1,ST5,Welding,2025-01-22,Starved,,,2025-01-22 08:26:00,2025-01-22 08:26:00,1
M1,ST5,Welding,2025-01-22,Starved,,,2025-01-22 08:36:00,2025-01-22 08:41:00,6
M1,ST5,Welding,2025-01-22,Starved,,,2025-01-22 11:05:00,2025-01-22 11:23:00,19
M1,ST5,Welding,2025-01-22,Starved,,,2025-01-22 11:49:00,2025-01-22 12:18:00,30
M1,ST5,Welding,2025-01-22,Starved,,,2025-01-22 12:23:00,2025-01-22 12:35:00,13
M1,ST5,Welding,2025-01-22,Starved,,,2025-01-22 12:54:00,2025-01-22 13:28:00,35
M1,ST5,Welding,2025-01-22,Starved,,,2025-01-22 13:32:00,2025-01-22 13:35:00,4
M1,ST5,Welding,2025-01-22,Starved,,,2025-01-22 15:18:00,2025-01-22 15:41:00,24
M1,ST5,Welding,2025-01-22,Starved,,,2025-01-22 16:22:00,2025-01-22 16:39:00,18
M1,ST5,Welding,2025-01-22,Starved,,,2025-01-22 17:22:00,2025-01-22 17:54:00,33
M1,ST5,Welding,2025-01-22,Starved,,,2025-01-22 17:58:00,2025-01-22 18:27:00,30
M1,ST5,Welding,2025-01-22,Starved,,,2025-01-22 18:38:00,2025-01-22 18:51:00,14
M1,ST5,Welding,2025-01-22,Starved,,,2025-01-22 20:59:00,2025-01-22 21:19:00,21
M1,ST5,Welding,2025-01-22,Starved,,,2025-01-22 21:23:00,2025-01-22 22:14:00,52
M1,ST5,Welding,2025-01-22,Starved,,,2025-01-22 22:17:00,2025-01-22 22:44:00,28
M1,ST5,Welding,2025-01-22,Starved,,,2025-01-22 23:23:00,2025-01-22 23:44:00,22
M1,ST5,Welding,2025-01-23,Starved,,,2025-01-23 00:53:00,2025-01-23 00:58:00,6
M1,ST5,Welding,2025-01-23,Starved,,,2025-01-23 01:01:00,2025-01-23 01:16:00,16
M1,ST5,Welding,2025-01-23,Starved,,,2025-01-23 01:20:00,2025-01-23 01:40:00,21
M1,ST5,Welding,2025-01-23,Starved,,,2025-01-23 03:56:00,2025-01-23 04:14:00,19
M1,ST5,Welding,2025-01-23,Starved,,,2025-01-23 04:18:00,2025-01-23 04:23:00,6
M1,ST5,Welding,2025-01-23,Starved,,,2025-01-23 04:38:00,2025-01-23 04:41:00,4
M1,ST5,Welding,2025-01-23,Starved,,,2025-01-23 05:00:00,2025-01-23 05:16:00,17
M1,ST5,Welding,2025-01-23,Starved,,,2025-01-23 05:20:00,2025-01-23 05:24:00,5
M1,ST5,Welding,2025-01-23,Starved,,,2025-01-23 05:28:00,2025-01-23 05:46:00,19
M1,ST5,Welding,2025-01-23,Starved,,,2025-01-23 05:53:00,2025-01-23 05:53:00,1
M1,ST5,Welding,2025-01-23,Starved,,,2025-01-23 06:32:00,2025-01-23 06:58:00,27
M1,ST5,Welding,2025-01-23,Starved,,,2025-01-23 07:08:00,2025-01-23 07:45:00,38
M1,ST5,Welding,2025-01-23,Starved,,,2025-01-23 08:42:00,2025-01-23 08:51:00,10
M1,ST5,Welding,2025-01-23,Starved,,,2025-01-23 11:24:00,2025-01-23 11:26:00,3
M1,ST5,Welding,2025-01-23,Starved,,,2025-01-23 13:14:00,2025-01-23 13:15:00,2
M1,ST5,Welding,2025-01-23,Starved,,,2025-01-23 13:45:00,2025-01-23 14:00:00,16
M1,ST5,Welding,2025-01-23,Starved,,,2025-01-23 14:31:00,2025-01-23 15:02:00,32
M1,ST5,Welding,2025-01-23,Starved,,,2025-01-23 15:06:00,2025-01-23 15:13:00,8
M1,ST5,Welding,2025-01-23,Starved,,,2025-01-23 15:51:00,2025-01-23 16:02:00,12
M1,ST5,Welding,2025-01-23,Starved,,,2025-01-23 16:38:00,2025-01-23 16:48:00,11
M1,ST5,Welding,2025-01-23,Starved,,,2025-01-23 17:04:00,2025-01-23 17:23:00,20
M1,ST5,Welding,2025-01-23,Starved,,,2025-01-23 18:40:00,2025-01-23 18:45:00,6
M1,ST5,Welding,2025-01-23,Starved,,,2025-01-23 19:35:00,2025-01-23 19:40:00,6
M1,ST5,Welding,2025-01-23,Starved,,,2025-01-23 19:55:00,2025-01-23 19:56:00,2
M1,ST5,Welding,2025-01-23,Starved,,,2025-01-23 20:50:00,2025-01-23 21:23:00,34
M1,ST5,Welding,2025-01-23,Starved,,,2025-01-23 21:27:00,2025-01-23 21:41:00,15
M1,ST5,Welding,2025-01-23,Starved,,,2025-01-23 22:06:00,2025-01-23 22:16:00,11
M1,ST5,Welding,2025-01-23,Starved,,,2025-01-23 22:28:00,2025-01-23 23:03:00,36
M1,ST5,Welding,2025-01-23,Starved,,,2025-01-23 23:10:00,2025-01-23 23:20:00,11
M1,ST5,Welding,2025-01-24,Starved,,,2025-01-24 00:18:00,2025-01-24 00:36:00,19
M1,ST5,Welding,2025-01-24,Starved,,,2025-01-24 00:40:00,2025-01-24 00:45:00,6
M1,ST5,Welding,2025-01-24,Starved,,,2025-01-24 01:32:00,2025-01-24 01:41:00,10
M1,ST5,Welding,2025-01-24,Starved,,,2025-01-24 02:41:00,2025-01-24 03:19:00,39
M1,ST5,Welding,2025-01-24,Starved,,,2025-01-24 03:30:00,2025-01-24 03:52:00,23
M1,ST5,Welding,2025-01-24,Starved,,,2025-01-24 04:37:00,2025-01-24 04:37:00,1
M1,ST5,Welding,2025-01-24,Starved,,,2025-01-24 04:43:00,2025-01-24 05:03:00,21
M1,ST5,Welding,2025-01-24,Starved,,,2025-01-24 06:03:00,2025-01-24 06:08:00,6
M1,ST5,Welding,2025-01-24,Starved,,,2025-01-24 07:08:00,2025-01-24 07:12:00,5
M1,ST5,Welding,2025-01-24,Starved,,,2025-01-24 08:36:00,2025-01-24 08:38:00,3
M1,ST5,Welding,2025-01-24,Starved,,,2025-01-24 08:42:00,2025-01-24 08:59:00,18
M1,ST5,Welding,2025-01-24,Starved,,,2025-01-24 10:53:00,2025-01-24 11:18:00,26
M1,ST5,Welding,2025-01-24,Starved,,,2025-01-24 11:22:00,2025-01-24 11:52:00,31
M1,ST5,Welding,2025-01-24,Starved,,,2025-01-24 12:56:00,2025-01-24 13:04:00,9
M1,ST5,Welding,2025-01-24,Starved,,,2025-01-24 13:44:00,2025-01-24 14:03:00,20
M1,ST5,Welding,2025-01-24,Starved,,,2025-01-24 15:02:00,2025-01-24 15:08:00,7
M1,ST5,Welding,2025-01-24,Starved,,,2025-01-24 15:38:00,2025-01-24 15:40:00,3
M1,ST5,Welding,2025-01-24,Starved,,,2025-01-24 15:45:00,2025-01-24 16:12:00,28
M1,ST5,Welding,2025-01-24,Starved,,,2025-01-24 16:17:00,2025-01-24 16:39:00,23
M1,ST5,Welding,2025-01-24,Starved,,,2025-01-24 17:03:00,2025-01-24 17:16:00,14
M1,ST5,Welding,2025-01-24,Starved,,,2025-01-24 21:09:00,2025-01-24 21:16:00,8
M1,ST5,Welding,2025-01-24,Starved,,,2025-01-24 21:38:00,2025-01-24 21:52:00,15
M1,ST5,Welding,2025-01-24,Starved,,,2025-01-24 22:59:00,2025-01-24 23:04:00,6
M1,ST5,Welding,2025-01-25,Starved,,,2025-01-25 00:11:00,2025-01-25 00:14:00,4
M1,ST5,Welding,2025-01-25,Starved,,,2025-01-25 00:55:00,2025-01-25 01:17:00,23
M1,ST5,Welding,2025-01-25,Starved,,,2025-01-25 02:32:00,2025-01-25 02:38:00,7
M1,ST5,Welding,2025-01-25,Starved,,,2025-01-25 02:46:00,2025-01-25 02:58:00,13
M1,ST5,Welding,2025-01-25,Starved,,,2025-01-25 04:21:00,2025-01-25 04:41:00,21
M1,ST5,Welding,2025-01-25,Starved,,,2025-01-25 04:46:00,2025-01-25 05:28:00,43
M1,ST5,Welding,2025-01-25,Starved,,,2025-01-25 05:32:00,2025-01-25 06:05:00,34
M1,ST5,Welding,2025-01-25,Starved,,,2025-01-25 06:11:00,2025-01-25 06:17:00,7
M1,ST5,Welding,2025-01-25,Starved,,,2025-01-25 06:48:00,2025-01-25 06:51:00,4
M1,ST5,Welding,2025-01-25,Starved,,,2025-01-25 08:07:00,2025-01-25 08:15:00,9
M1,ST5,Welding,2025-01-25,Starved,,,2025-01-25 10:18:00,2025-01-25 10:21:00,4
M1,ST5,Welding,2025-01-25,Starved,,,2025-01-25 10:44:00,2025-01-25 10:45:00,2
M1,ST5,Welding,2025-01-25,Starved,,,2025-01-25 12:40:00,2025-01-25 12:44:00,5
M1,ST5,Welding,2025-01-25,Starved,,,2025-01-25 13:07:00,2025-01-25 13:20:00,14
M1,ST5,Welding,2025-01-25,Starved,,,2025-01-25 13:24:00,2025-01-25 13:50:00,27
M1,ST5,Welding,2025-01-25,Starved,,,2025-01-25 14:13:00,2025-01-25 14:23:00,11
M1,ST5,Welding,2025-01-25,Starved,,,2025-01-25 15:01:00,2025-01-25 15:39:00,39
M1,ST5,Welding,2025-01-25,Starved,,,2025-01-25 15:45:00,2025-01-25 15:53:00,9
M1,ST5,Welding,2025-01-25,Starved,,,2025-01-25 15:57:00,2025-01-25 15:57:00,1
M1,ST5,Welding,2025-01-25,Starved,,,2025-01-25 16:18:00,2025-01-25 16:43:00,26
M1,ST5,Welding,2025-01-25,Starved,,,2025-01-25 17:54:00,2025-01-25 18:26:00,33
M1,ST5,Welding,2025-01-25,Starved,,,2025-01-25 19:56:00,2025-01-25 20:00:00,5
M1,ST5,Welding,2025-01-25,Starved,,,2025-01-25 23:28:00,2025-01-25 23:50:00,23
M1,ST5,Welding,2025-01-26,Starved,,,2025-01-26 01:04:00,2025-01-26 01:17:00,14
M1,ST5,Welding,2025-01-26,Starved,,,2025-01-26 02:00:00,2025-01-26 02:13:00,14
M1,ST5,Welding,2025-01-26,Starved,,,2025-01-26 02:28:00,2025-01-26 03:00:00,33
M1,ST5,Welding,2025-01-26,Starved,,,2025-01-26 03:04:00,2025-01-26 03:16:00,13
M1,ST5,Welding,2025-01-26,Starved,,,2025-01-26 03:20:00,2025-01-26 03:32:00,13
M1,ST5,Welding,2025-01-26,Starved,,,2025-01-26 03:36:00,2025-01-26 03:44:00,9
M1,ST5,Welding,2025-01-26,Starved,,,2025-01-26 03:57:00,2025-01-26 04:08:00,12
M1,ST5,Welding,2025-01-26,Starved,,,2025-01-26 04:24:00,2025-01-26 04:35:00,12
M1,ST5,Welding,2025-01-26,Starved,,,2025-01-26 07:07:00,2025-01-26 07:07:00,1
M1,ST5,Welding,2025-01-26,Starved,,,2025-01-26 07:11:00,2025-01-26 07:16:00,6
M1,ST5,Welding,2025-01-26,Starved,,,2025-01-26 08:04:00,2025-01-26 08:04:00,1
M1,ST5,Welding,2025-01-26,Starved,,,2025-01-26 09:26:00,2025-01-26 09:51:00,26
M1,ST5,Welding,2025-01-26,Starved,,,2025-01-26 10:31:00,2025-01-26 11:10:00,40
M1,ST5,Welding,2025-01-26,Starved,,,2025-01-26 12:20:00,2025-01-26 12:45:00,26
M1,ST5,Welding,2025-01-26,Starved,,,2025-01-26 13:03:00,2025-01-26 13:32:00,30
M1,ST5,Welding,2025-01-26,Starved,,,2025-01-26 14:10:00,2025-01-26 14:40:00,31
M1,ST5,Welding,2025-01-26,Starved,,,2025-01-26 15:17:00,2025-01-26 15:43:00,27
M1,ST5,Welding,2025-01-26,Starved,,,2025-01-26 16:35:00,2025-01-26 16:40:00,6
M1,ST5,Welding,2025-01-26,Starved,,,2025-01-26 18:09:00,2025-01-26 18:26:00,18
M1,ST5,Welding,2025-01-26,Starved,,,2025-01-26 18:29:00,2025-01-26 18:34:00,6
M1,ST5,Welding,2025-01-26,Starved,,,2025-01-26 19:39:00,2025-01-26 19:40:00,2
M1,ST5,Welding,2025-01-26,Starved,,,2025-01-26 20:09:00,2025-01-26 20:30:00,22
M1,ST5,Welding,2025-01-26,Starved,,,2025-01-26 21:25:00,2025-01-26 21:59:00,35
M1,ST5,Welding,2025-01-26,Starved,,,2025-01-26 22:37:00,2025-01-26 22:48:00,12
M1,ST5,Welding,2025-01-26,Starved,,,2025-01-26 23:51:00,2025-01-27 00:10:00,20
M1,ST5,Welding,2025-01-27,Starved,,,2025-01-27 02:52:00,2025-01-27 03:18:00,27
M1,ST5,Welding,2025-01-27,Starved,,,2025-01-27 04:25:00,2025-01-27 04:54:00,30
M1,ST5,Welding,2025-01-27,Starved,,,2025-01-27 05:48:00,2025-01-27 05:50:00,3
M1,ST5,Welding,2025-01-27,Starved,,,2025-01-27 06:08:00,2025-01-27 06:20:00,13
M1,ST5,Welding,2025-01-27,Starved,,,2025-01-27 06:49:00,2025-01-27 07:09:00,21
M1,ST5,Welding,2025-01-27,Starved,,,2025-01-27 07:55:00,2025-01-27 08:03:00,9
M1,ST5,Welding,2025-01-27,Starved,,,2025-01-27 08:43:00,2025-01-27 08:48:00,6
M1,ST5,Welding,2025-01-27,Starved,,,2025-01-27 11:27:00,2025-01-27 11:32:00,6
M1,ST5,Welding,2025-01-27,Starved,,,2025-01-27 12:08:00,2025-01-27 12:40:00,33
M1,ST5,Welding,2025-01-27,Starved,,,2025-01-27 13:18:00,2025-01-27 13:53:00,36
M1,ST5,Welding,2025-01-27,Starved,,,2025-01-27 14:13:00,2025-01-27 14:28:00,16
M1,ST5,Welding,2025-01-27,Starved,,,2025-01-27 14:57:00,2025-01-27 15:02:00,6
M1,ST5,Welding,2025-01-27,Starved,,,2025-01-27 16:13:00,2025-01-27 16:31:00,19
M1,ST5,Welding,2025-01-27,Starved,,,2025-01-27 16:35:00,2025-01-27 17:15:00,41
M1,ST5,Welding,2025-01-27,Starved,,,2025-01-27 17:32:00,2025-01-27 17:52:00,21
M1,ST5,Welding,2025-01-27,Starved,,,2025-01-27 18:22:00,2025-01-27 18:27:00,6
M1,ST5,Welding,2025-01-27,Starved,,,2025-01-27 19:16:00,2025-01-27 19:32:00,17
M1,ST5,Welding,2025-01-27,Starved,,,2025-01-27 19:36:00,2025-01-27 19:57:00,22
M1,ST5,Welding,2025-01-27,Starved,,,2025-01-27 20:22:00,2025-01-27 20:59:00,38
M1,ST5,Welding,2025-01-27,Starved,,,2025-01-27 22:36:00,2025-01-27 22:40:00,5
M1,ST5,Welding,2025-01-27,Starved,,,2025-01-27 23:40:00,2025-01-27 23:43:00,4
M1,ST5,Welding,2025-01-28,Starved,,,2025-01-28 00:02:00,2025-01-28 00:05:00,4
M1,ST5,Welding,2025-01-28,Starved,,,2025-01-28 00:12:00,2025-01-28 00:45:00,34
M1,ST5,Welding,2025-01-28,Starved,,,2025-01-28 00:59:00,2025-01-28 01:10:00,12
M1,ST5,Welding,2025-01-28,Starved,,,2025-01-28 02:04:00,2025-01-28 02:05:00,2
M1,ST5,Welding,2025-01-28,Starved,,,2025-01-28 02:14:00,2025-01-28 02:20:00,7
M1,ST5,Welding,2025-01-28,Starved,,,2025-01-28 02:27:00,2025-01-28 02:42:00,16
M1,ST5,Welding,2025-01-28,Starved,,,2025-01-28 05:05:00,2025-01-28 05:23:00,19
M1,ST5,Welding,2025-01-28,Starved,,,2025-01-28 05:40:00,2025-01-28 06:02:00,23
M1,ST5,Welding,2025-01-28,Starved,,,2025-01-28 06:05:00,2025-01-28 06:11:00,7
M1,ST5,Welding,2025-01-28,Starved,,,2025-01-28 06:16:00,2025-01-28 06:17:00,2
M1,ST5,Welding,2025-01-28,Starved,,,2025-01-28 06:29:00,2025-01-28 06:54:00,26
M1,ST5,Welding,2025-01-28,Starved,,,2025-01-28 07:49:00,2025-01-28 08:07:00,19
M1,ST5,Welding,2025-01-28,Starved,,,2025-01-28 09:00:00,2025-01-28 09:22:00,23
M1,ST5,Welding,2025-01-28,Starved,,,2025-01-28 09:52:00,2025-01-28 10:22:00,31
M1,ST5,Welding,2025-01-28,Starved,,,2025-01-28 12:14:00,2025-01-28 12:28:00,15
M1,ST5,Welding,2025-01-28,Starved,,,2025-01-28 13:17:00,2025-01-28 13:33:00,17
M1,ST5,Welding,2025-01-28,Starved,,,2025-01-28 15:33:00,2025-01-28 15:38:00,6
M1,ST5,Welding,2025-01-28,Starved,,,2025-01-28 17:11:00,2025-01-28 17:32:00,22
M1,ST5,Welding,2025-01-28,Starved,,,2025-01-28 17:45:00,2025-01-28 17:48:00,4
M1,ST5,Welding,2025-01-28,Starved,,,2025-01-28 18:21:00,2025-01-28 18:53:00,33
M1,ST5,Welding,2025-01-28,Starved,,,2025-01-28 18:55:00,2025-01-28 18:55:00,1
M1,ST5,Welding,2025-01-28,Starved,,,2025-01-28 19:42:00,2025-01-28 20:06:00,25
M1,ST5,Welding,2025-01-28,Starved,,,2025-01-28 20:10:00,2025-01-28 20:28:00,19
M1,ST5,Welding,2025-01-28,Starved,,,2025-01-28 21:11:00,2025-01-28 21:20:00,10
M1,ST5,Welding,2025-01-28,Starved,,,2025-01-28 23:23:00,2025-01-28 23:38:00,16
M1,ST5,Welding,2025-01-29,Starved,,,2025-01-29 00:20:00,2025-01-29 00:27:00,8
M1,ST5,Welding,2025-01-29,Starved,,,2025-01-29 00:46:00,2025-01-29 01:06:00,21
M1,ST5,Welding,2025-01-29,Starved,,,2025-01-29 01:44:00,2025-01-29 02:05:00,22
M1,ST5,Welding,2025-01-29,Starved,,,2025-01-29 04:36:00,2025-01-29 04:37:00,2
M1,ST5,Welding,2025-01-29,Starved,,,2025-01-29 04:51:00,2025-01-29 05:18:00,28
M1,ST5,Welding,2025-01-29,Starved,,,2025-01-29 05:35:00,2025-01-29 05:44:00,10
M1,ST5,Welding,2025-01-29,Starved,,,2025-01-29 06:38:00,2025-01-29 06:51:00,14
M1,ST5,Welding,2025-01-29,Starved,,,2025-01-29 06:55:00,2025-01-29 06:56:00,2
M1,ST5,Welding,2025-01-29,Starved,,,2025-01-29 08:02:00,2025-01-29 08:33:00,32
M1,ST5,Welding,2025-01-29,Starved,,,2025-01-29 09:16:00,2025-01-29 09:39:00,24
M1,ST5,Welding,2025-01-29,Starved,,,2025-01-29 10:13:00,2025-01-29 10:34:00,22
M1,ST5,Welding,2025-01-29,Starved,,,2025-01-29 11:35:00,2025-01-29 11:49:00,15
M1,ST5,Welding,2025-01-29,Starved,,,2025-01-29 12:59:00,2025-01-29 13:05:00,7
M1,ST5,Welding,2025-01-29,Starved,,,2025-01-29 13:45:00,2025-01-29 14:06:00,22
M1,ST5,Welding,2025-01-29,Starved,,,2025-01-29 14:47:00,2025-01-29 15:12:00,26
M1,ST5,Welding,2025-01-29,Starved,,,2025-01-29 15:43:00,2025-01-29 16:03:00,21
M1,ST5,Welding,2025-01-29,Starved,,,2025-01-29 16:48:00,2025-01-29 16:57:00,10
M1,ST5,Welding,2025-01-29,Starved,,,2025-01-29 18:59:00,2025-01-29 19:17:00,19
M1,ST5,Welding,2025-01-29,Starved,,,2025-01-29 19:37:00,2025-01-29 19:59:00,23
M1,ST5,Welding,2025-01-29,Starved,,,2025-01-29 20:03:00,2025-01-29 20:29:00,27
M1,ST5,Welding,2025-01-29,Starved,,,2025-01-29 21:10:00,2025-01-29 21:45:00,36
M1,ST5,Welding,2025-01-29,Starved,,,2025-01-29 22:08:00,2025-01-29 22:09:00,2
M1,ST5,Welding,2025-01-29,Starved,,,2025-01-29 22:17:00,2025-01-29 23:06:00,50
M1,ST5,Welding,2025-01-30,Starved,,,2025-01-30 02:29:00,2025-01-30 02:34:00,6
M1,ST5,Welding,2025-01-30,Starved,,,2025-01-30 02:39:00,2025-01-30 02:48:00,10
M1,ST5,Welding,2025-01-30,Starved,,,2025-01-30 04:46:00,2025-01-30 04:47:00,2
M1,ST5,Welding,2025-01-30,Starved,,,2025-01-30 06:04:00,2025-01-30 06:32:00,29
M1,ST5,Welding,2025-01-30,Starved,,,2025-01-30 06:36:00,2025-01-30 06:43:00,8
M1,ST5,Welding,2025-01-30,Starved,,,2025-01-30 06:47:00,2025-01-30 06:48:00,2
M1,ST5,Welding,2025-01-30,Starved,,,2025-01-30 06:59:00,2025-01-30 07:14:00,16
M1,ST5,Welding,2025-01-30,Starved,,,2025-01-30 07:59:00,2025-01-30 08:02:00,4
M1,ST5,Welding,2025-01-30,Starved,,,2025-01-30 08:53:00,2025-01-30 08:56:00,4
M1,ST5,Welding,2025-01-30,Starved,,,2025-01-30 10:19:00,2025-01-30 10:40:00,22
M1,ST5,Welding,2025-01-30,Starved,,,2025-01-30 10:51:00,2025-01-30 11:00:00,10
M1,ST5,Welding,2025-01-30,Starved,,,2025-01-30 13:02:00,2025-01-30 13:50:00,49
M1,ST5,Welding,2025-01-30,Starved,,,2025-01-30 14:17:00,2025-01-30 14:47:00,31
M1,ST5,Welding,2025-01-30,Starved,,,2025-01-30 15:15:00,2025-01-30 15:31:00,17
M1,ST5,Welding,2025-01-30,Starved,,,2025-01-30 15:54:00,2025-01-30 16:14:00,21
M1,ST5,Welding,2025-01-30,Starved,,,2025-01-30 16:34:00,2025-01-30 17:01:00,28
M1,ST5,Welding,2025-01-30,Starved,,,2025-01-30 17:08:00,2025-01-30 17:30:00,23
M1,ST5,Welding,2025-01-30,Starved,,,2025-01-30 18:53:00,2025-01-30 19:22:00,30
M1,ST5,Welding,2025-01-30,Starved,,,2025-01-30 20:50:00,2025-01-30 20:53:00,4
M1,ST5,Welding,2025-01-30,Starved,,,2025-01-30 21:20:00,2025-01-30 21:53:00,34
M1,ST5,Welding,2025-01-30,Starved,,,2025-01-30 22:40:00,2025-01-30 22:41:00,2
M1,ST5,Welding,2025-01-30,Starved,,,2025-01-30 23:10:00,2025-01-30 23:23:00,14
M1,ST5,Welding,2025-01-31,Starved,,,2025-01-31 01:36:00,2025-01-31 01:59:00,24
M1,ST5,Welding,2025-01-31,Starved,,,2025-01-31 02:03:00,2025-01-31 02:11:00,9
M1,ST5,Welding,2025-01-31,Starved,,,2025-01-31 02:40:00,2025-01-31 03:00:00,21
M1,ST5,Welding,2025-01-31,Starved,,,2025-01-31 04:33:00,2025-01-31 04:46:00,14
M1,ST5,Welding,2025-01-31,Starved,,,2025-01-31 04:48:00,2025-01-31 05:02:00,15
M1,ST5,Welding,2025-01-31,Starved,,,2025-01-31 05:09:00,2025-01-31 05:43:00,35
M1,ST5,Welding,2025-01-03,Quality,,,2025-01-03 12:43:00,2025-01-03 13:02:00,20
M1,ST5,Welding,2025-01-06,Quality,,,2025-01-06 00:07:00,2025-01-06 00:24:00,18
M1,ST5,Welding,2025-01-06,Quality,,,2025-01-06 05:52:00,2025-01-06 06:27:00,36
M1,ST5,Welding,2025-01-06,Quality,,,2025-01-06 21:42:00,2025-01-06 22:16:00,35
M1,ST5,Welding,2025-01-07,Quality,,,2025-01-07 22:48:00,2025-01-07 22:58:00,11
M1,ST5,Welding,2025-01-08,Quality,,,2025-01-08 02:49:00,2025-01-08 03:13:00,25
M1,ST5,Welding,2025-01-09,Quality,,,2025-01-09 13:09:00,2025-01-09 13:30:00,22
M1,ST5,Welding,2025-01-09,Quality,,,2025-01-09 14:58:00,2025-01-09 15:27:00,30
M1,ST5,Welding,2025-01-12,Quality,,,2025-01-12 13:23:00,2025-01-12 13:49:00,27
M1,ST5,Welding,2025-01-13,Quality,,,2025-01-13 00:56:00,2025-01-13 01:24:00,29
M1,ST5,Welding,2025-01-14,Quality,,,2025-01-14 00:03:00,2025-01-14 00:10:00,8
M1,ST5,Welding,2025-01-18,Quality,,,2025-01-18 06:25:00,2025-01-18 06:36:00,12
M1,ST5,Welding,2025-01-19,Quality,,,2025-01-19 11:05:00,2025-01-19 11:42:00,38
M1,ST5,Welding,2025-01-20,Quality,,,2025-01-20 08:12:00,2025-01-20 08:20:00,9
M1,ST5,Welding,2025-01-21,Quality,,,2025-01-21 03:23:00,2025-01-21 03:48:00,26
M1,ST5,Welding,2025-01-23,Quality,,,2025-01-23 01:41:00,2025-01-23 02:25:00,45
M1,ST5,Welding,2025-01-23,Quality,,,2025-01-23 08:13:00,2025-01-23 08:38:00,26
M1,ST5,Welding,2025-01-23,Quality,,,2025-01-23 13:17:00,2025-01-23 13:40:00,24
M1,ST5,Welding,2025-01-24,Quality,,,2025-01-24 05:33:00,2025-01-24 05:42:00,10
M1,ST5,Welding,2025-01-25,Quality,,,2025-01-25 14:00:00,2025-01-25 14:08:00,9
M1,ST5,Welding,2025-01-25,Quality,,,2025-01-25 14:24:00,2025-01-25 14:59:00,36
M1,ST5,Welding,2025-01-27,Quality,,,2025-01-27 21:51:00,2025-01-27 21:58:00,8
M1,ST5,Welding,2025-01-29,Quality,,,2025-01-29 16:13:00,2025-01-29 16:31:00,19
M1,ST5,Welding,2025-01-30,Quality,,,2025-01-30 00:52:00,2025-01-30 00:57:00,6
M1,ST6,Cooling_System,2025-01-01,Mechanical,air_pressure,,2025-01-01 17:30:00,2025-01-01 18:08:00,39
M1,ST6,Cooling_System,2025-01-02,Mechanical,air_pressure,,2025-01-02 11:13:00,2025-01-02 11:46:00,34
M1,ST6,Cooling_System,2025-01-03,Mechanical,air_pressure,,2025-01-03 04:04:00,2025-01-03 04:13:00,10
M1,ST6,Cooling_System,2025-01-03,Mechanical,air_pressure,,2025-01-03 18:32:00,2025-01-03 19:22:00,51
M1,ST6,Cooling_System,2025-01-04,Mechanical,air_pressure,,2025-01-04 11:59:00,2025-01-04 12:15:00,17
M1,ST6,Cooling_System,2025-01-05,Mechanical,air_pressure,,2025-01-05 00:35:00,2025-01-05 00:59:00,25
M1,ST6,Cooling_System,2025-01-05,Mechanical,air_pressure,,2025-01-05 12:21:00,2025-01-05 12:38:00,18
M1,ST6,Cooling_System,2025-01-06,Mechanical,air_pressure,,2025-01-06 05:33:00,2025-01-06 05:43:00,11
M1,ST6,Cooling_System,2025-01-06,Mechanical,air_pressure,,2025-01-06 21:36:00,2025-01-06 22:05:00,30
M1,ST6,Cooling_System,2025-01-07,Mechanical,air_pressure,,2025-01-07 08:35:00,2025-01-07 08:48:00,14
M1,ST6,Cooling_System,2025-01-07,Mechanical,air_pressure,,2025-01-07 22:03:00,2025-01-07 22:20:00,18
M1,ST6,Cooling_System,2025-01-08,Mechanical,air_pressure,,2025-01-08 10:22:00,2025-01-08 10:53:00,32
M1,ST6,Cooling_System,2025-01-09,Mechanical,air_pressure,,2025-01-09 02:36:00,2025-01-09 03:08:00,33
M1,ST6,Cooling_System,2025-01-09,Mechanical,air_pressure,,2025-01-09 12:37:00,2025-01-09 13:03:00,27
M1,ST6,Cooling_System,2025-01-10,Mechanical,air_pressure,,2025-01-10 16:54:00,2025-01-10 17:31:00,38
M1,ST6,Cooling_System,2025-01-11,Mechanical,air_pressure,,2025-01-11 08:14:00,2025-01-11 08:53:00,40
M1,ST6,Cooling_System,2025-01-11,Mechanical,air_pressure,,2025-01-11 21:46:00,2025-01-11 22:13:00,28
M1,ST6,Cooling_System,2025-01-12,Mechanical,air_pressure,,2025-01-12 07:36:00,2025-01-12 08:13:00,38
M1,ST6,Cooling_System,2025-01-12,Mechanical,air_pressure,,2025-01-12 19:43:00,2025-01-12 20:15:00,33
M1,ST6,Cooling_System,2025-01-13,Mechanical,air_pressure,,2025-01-13 13:39:00,2025-01-13 13:51:00,13
M1,ST6,Cooling_System,2025-01-14,Mechanical,air_pressure,,2025-01-14 02:05:00,2025-01-14 02:27:00,23
M1,ST6,Cooling_System,2025-01-14,Mechanical,air_pressure,,2025-01-14 14:26:00,2025-01-14 14:33:00,8
M1,ST6,Cooling_System,2025-01-14,Mechanical,air_pressure,,2025-01-14 23:51:00,2025-01-15 00:17:00,27
M1,ST6,Cooling_System,2025-01-16,Mechanical,air_pressure,,2025-01-16 03:56:00,2025-01-16 04:28:00,33
M1,ST6,Cooling_System,2025-01-16,Mechanical,air_pressure,,2025-01-16 21:45:00,2025-01-16 21:53:00,9
M1,ST6,Cooling_System,2025-01-17,Mechanical,air_pressure,,2025-01-17 08:08:00,2025-01-17 08:13:00,6
M1,ST6,Cooling_System,2025-01-17,Mechanical,air_pressure,,2025-01-17 23:34:00,2025-01-17 23:55:00,22
M1,ST6,Cooling_System,2025-01-18,Mechanical,air_pressure,,2025-01-18 14:49:00,2025-01-18 15:20:00,32
M1,ST6,Cooling_System,2025-01-19,Mechanical,air_pressure,,2025-01-19 00:16:00,2025-01-19 00:26:00,11
M1,ST6,Cooling_System,2025-01-19,Mechanical,air_pressure,,2025-01-19 12:31:00,2025-01-19 13:08:00,38
M1,ST6,Cooling_System,2025-01-20,Mechanical,air_pressure,,2025-01-20 03:42:00,2025-01-20 03:59:00,18
M1,ST6,Cooling_System,2025-01-20,Mechanical,air_pressure,,2025-01-20 14:49:00,2025-01-20 15:00:00,12
M1,ST6,Cooling_System,2025-01-21,Mechanical,air_pressure,,2025-01-21 02:11:00,2025-01-21 02:25:00,15
M1,ST6,Cooling_System,2025-01-21,Mechanical,air_pressure,,2025-01-21 15:16:00,2025-01-21 15:35:00,20
M1,ST6,Cooling_System,2025-01-22,Mechanical,air_pressure,,2025-01-22 07:01:00,2025-01-22 07:37:00,37
M1,ST6,Cooling_System,2025-01-22,Mechanical,air_pressure,,2025-01-22 19:14:00,2025-01-22 19:40:00,27
M1,ST6,Cooling_System,2025-01-23,Mechanical,air_pressure,,2025-01-23 08:52:00,2025-01-23 09:21:00,30
M1,ST6,Cooling_System,2025-01-24,Mechanical,air_pressure,,2025-01-24 18:03:00,2025-01-24 18:19:00,17
M1,ST6,Cooling_System,2025-01-25,Mechanical,air_pressure,,2025-01-25 03:53:00,2025-01-25 04:12:00,20
M1,ST6,Cooling_System,2025-01-25,Mechanical,air_pressure,,2025-01-25 22:00:00,2025-01-25 22:30:00,31
M1,ST6,Cooling_System,2025-01-27,Mechanical,air_pressure,,2025-01-27 01:37:00,2025-01-27 02:12:00,36
M1,ST6,Cooling_System,2025-01-27,Mechanical,air_pressure,,2025-01-27 10:56:00,2025-01-27 11:17:00,22
M1,ST6,Cooling_System,2025-01-28,Mechanical,air_pressure,,2025-01-28 02:29:00,2025-01-28 02:53:00,25
M1,ST6,Cooling_System,2025-01-28,Mechanical,air_pressure,,2025-01-28 14:22:00,2025-01-28 14:47:00,26
M1,ST6,Cooling_System,2025-01-29,Mechanical,air_pressure,,2025-01-29 02:38:00,2025-01-29 02:53:00,16
M1,ST6,Cooling_System,2025-01-29,Mechanical,air_pressure,,2025-01-29 17:56:00,2025-01-29 18:26:00,31
M1,ST6,Cooling_System,2025-01-30,Mechanical,air_pressure,,2025-01-30 07:26:00,2025-01-30 07:50:00,25
M1,ST6,Cooling_System,2025-01-30,Mechanical,air_pressure,,2025-01-30 23:37:00,2025-01-30 23:55:00,19
M1,ST6,Cooling_System,2025-01-01,Electrical,temperature,,2025-01-01 15:39:00,2025-01-01 16:02:00,24
M1,ST6,Cooling_System,2025-01-01,Electrical,energy_consumption,,2025-01-01 16:22:00,2025-01-01 16:55:00,34
M1,ST6,Cooling_System,2025-01-01,Electrical,temperature,,2025-01-01 23:58:00,2025-01-02 00:37:00,40
M1,ST6,Cooling_System,2025-01-02,Electrical,humidity,,2025-01-02 01:02:00,2025-01-02 01:14:00,13
M1,ST6,Cooling_System,2025-01-02,Electrical,energy_consumption,,2025-01-02 06:39:00,2025-01-02 07:33:00,55
M1,ST6,Cooling_System,2025-01-02,Electrical,temperature,,2025-01-02 08:50:00,2025-01-02 09:11:00,22
M1,ST6,Cooling_System,2025-01-02,Electrical,humidity,,2025-01-02 19:28:00,2025-01-02 20:06:00,39
M1,ST6,Cooling_System,2025-01-02,Electrical,temperature,,2025-01-02 20:44:00,2025-01-02 21:19:00,36
M1,ST6,Cooling_System,2025-01-03,Electrical,temperature,,2025-01-03 05:14:00,2025-01-03 05:19:00,6
M1,ST6,Cooling_System,2025-01-03,Electrical,humidity,,2025-01-03 07:12:00,2025-01-03 07:33:00,22
M1,ST6,Cooling_System,2025-01-03,Electrical,energy_consumption,,2025-01-03 11:57:00,2025-01-03 12:05:00,9
M1,ST6,Cooling_System,2025-01-03,Electrical,temperature,,2025-01-03 19:54:00,2025-01-03 20:10:00,17
M1,ST6,Cooling_System,2025-01-03,Electrical,energy_consumption,,2025-01-03 23:16:00,2025-01-03 23:54:00,39
M1,ST6,Cooling_System,2025-01-04,Electrical,humidity,,2025-01-04 00:30:00,2025-01-04 00:53:00,24
M1,ST6,Cooling_System,2025-01-04,Electrical,temperature,,2025-01-04 08:38:00,2025-01-04 09:00:00,23
M1,ST6,Cooling_System,2025-01-04,Electrical,humidity,,2025-01-04 12:53:00,2025-01-04 13:12:00,20
M1,ST6,Cooling_System,2025-01-04,Electrical,energy_consumption,,2025-01-04 14:00:00,2025-01-04 14:33:00,34
M1,ST6,Cooling_System,2025-01-04,Electrical,temperature,,2025-01-04 20:49:00,2025-01-04 21:56:00,68
M1,ST6,Cooling_System,2025-01-04,Electrical,energy_consumption,,2025-01-04 23:46:00,2025-01-05 00:09:00,24
M1,ST6,Cooling_System,2025-01-05,Electrical,humidity,,2025-01-05 06:20:00,2025-01-05 06:59:00,40
M1,ST6,Cooling_System,2025-01-05,Electrical,temperature,,2025-01-05 07:12:00,2025-01-05 07:40:00,29
M1,ST6,Cooling_System,2025-01-05,Electrical,energy_consumption,,2025-01-05 09:28:00,2025-01-05 09:43:00,16
M1,ST6,Cooling_System,2025-01-05,Electrical,temperature,,2025-01-05 18:05:00,2025-01-05 18:32:00,28
M1,ST6,Cooling_System,2025-01-05,Electrical,energy_consumption,,2025-01-05 18:55:00,2025-01-05 19:25:00,31
M1,ST6,Cooling_System,2025-01-05,Electrical,humidity,,2025-01-05 21:39:00,2025-01-05 21:45:00,7
M1,ST6,Cooling_System,2025-01-06,Electrical,temperature,,2025-01-06 03:26:00,2025-01-06 03:32:00,7
M1,ST6,Cooling_System,2025-01-06,Electrical,energy_consumption,,2025-01-06 04:06:00,2025-01-06 04:36:00,31
M1,ST6,Cooling_System,2025-01-06,Electrical,humidity,,2025-01-06 11:18:00,2025-01-06 11:26:00,9
M1,ST6,Cooling_System,2025-01-06,Electrical,temperature,,2025-01-06 14:49:00,2025-01-06 15:07:00,19
M1,ST6,Cooling_System,2025-01-06,Electrical,energy_consumption,,2025-01-06 17:41:00,2025-01-06 18:11:00,31
M1,ST6,Cooling_System,2025-01-07,Electrical,temperature,,2025-01-07 00:31:00,2025-01-07 00:49:00,19
M1,ST6,Cooling_System,2025-01-07,Electrical,energy_consumption,,2025-01-07 02:39:00,2025-01-07 03:00:00,22
M1,ST6,Cooling_System,2025-01-07,Electrical,humidity,,2025-01-07 07:18:00,2025-01-07 07:43:00,26
M1,ST6,Cooling_System,2025-01-07,Electrical,temperature,,2025-01-07 09:31:00,2025-01-07 10:07:00,37
M1,ST6,Cooling_System,2025-01-07,Electrical,energy_consumption,,2025-01-07 16:19:00,2025-01-07 16:57:00,39
M1,ST6,Cooling_System,2025-01-07,Electrical,temperature,,2025-01-07 22:33:00,2025-01-07 23:02:00,30
M1,ST6,Cooling_System,2025-01-08,Electrical,humidity,,2025-01-08 02:07:00,2025-01-08 02:41:00,35
M1,ST6,Cooling_System,2025-01-08,Electrical,energy_consumption,,2025-01-08 03:20:00,2025-01-08 03:59:00,40
M1,ST6,Cooling_System,2025-01-08,Electrical,temperature,,2025-01-08 06:16:00,2025-01-08 06:29:00,14
M1,ST6,Cooling_System,2025-01-08,Electrical,energy_consumption,,2025-01-08 17:05:00,2025-01-08 17:39:00,35
M1,ST6,Cooling_System,2025-01-08,Electrical,temperature,,2025-01-08 18:00:00,2025-01-08 18:26:00,27
M1,ST6,Cooling_System,2025-01-08,Electrical,humidity,,2025-01-08 22:25:00,2025-01-08 22:30:00,6
M1,ST6,Cooling_System,2025-01-09,Electrical,energy_consumption,,2025-01-09 03:54:00,2025-01-09 04:33:00,40
M1,ST6,Cooling_System,2025-01-09,Electrical,temperature,,2025-01-09 05:14:00,2025-01-09 05:46:00,33
M1,ST6,Cooling_System,2025-01-09,Electrical,humidity,,2025-01-09 12:07:00,2025-01-09 12:20:00,14
M1,ST6,Cooling_System,2025-01-09,Electrical,temperature,,2025-01-09 14:16:00,2025-01-09 14:50:00,35
M1,ST6,Cooling_System,2025-01-09,Electrical,energy_consumption,,2025-01-09 17:46:00,2025-01-09 18:09:00,24
M1,ST6,Cooling_System,2025-01-10,Electrical,temperature,,2025-01-10 00:27:00,2025-01-10 00:48:00,22
M1,ST6,Cooling_System,2025-01-10,Electrical,humidity,,2025-01-10 02:07:00,2025-01-10 02:44:00,38
M1,ST6,Cooling_System,2025-01-10,Electrical,energy_consumption,,2025-01-10 03:09:00,2025-01-10 03:45:00,37
M1,ST6,Cooling_System,2025-01-10,Electrical,temperature,,2025-01-10 08:56:00,2025-01-10 09:04:00,9
M1,ST6,Cooling_System,2025-01-10,Electrical,humidity,,2025-01-10 18:59:00,2025-01-10 19:33:00,35
M1,ST6,Cooling_System,2025-01-10,Electrical,temperature,,2025-01-10 21:10:00,2025-01-10 21:26:00,17
M1,ST6,Cooling_System,2025-01-11,Electrical,energy_consumption,,2025-01-11 03:04:00,2025-01-11 03:28:00,25
M1,ST6,Cooling_System,2025-01-11,Electrical,humidity,,2025-01-11 09:09:00,2025-01-11 09:34:00,26
M1,ST6,Cooling_System,2025-01-11,Electrical,temperature,,2025-01-11 11:57:00,2025-01-11 12:12:00,16
M1,ST6,Cooling_System,2025-01-11,Electrical,energy_consumption,,2025-01-11 12:26:00,2025-01-11 13:03:00,38
M1,ST6,Cooling_System,2025-01-11,Electrical,humidity,,2025-01-11 21:07:00,2025-01-11 21:31:00,25
M1,ST6,Cooling_System,2025-01-12,Electrical,energy_consumption,,2025-01-12 06:09:00,2025-01-12 06:25:00,17
M1,ST6,Cooling_System,2025-01-12,Electrical,humidity,,2025-01-12 13:24:00,2025-01-12 13:56:00,33
M1,ST6,Cooling_System,2025-01-12,Electrical,energy_consumption,,2025-01-12 19:01:00,2025-01-12 19:25:00,25
M1,ST6,Cooling_System,2025-01-13,Electrical,humidity,,2025-01-13 03:42:00,2025-01-13 04:08:00,27
M1,ST6,Cooling_System,2025-01-13,Electrical,temperature,,2025-01-13 07:12:00,2025-01-13 07:25:00,14
M1,ST6,Cooling_System,2025-01-13,Electrical,energy_consumption,,2025-01-13 11:09:00,2025-01-13 11:30:00,22
M1,ST6,Cooling_System,2025-01-13,Electrical,humidity,,2025-01-13 17:48:00,2025-01-13 18:16:00,29
M1,ST6,Cooling_System,2025-01-13,Electrical,temperature,,2025-01-13 18:17:00,2025-01-13 18:43:00,27
M1,ST6,Cooling_System,2025-01-14,Electrical,energy_consumption,,2025-01-14 02:28:00,2025-01-14 02:51:00,24
M1,ST6,Cooling_System,2025-01-14,Electrical,temperature,,2025-01-14 06:14:00,2025-01-14 06:49:00,36
M1,ST6,Cooling_System,2025-01-14,Electrical,humidity,,2025-01-14 08:24:00,2025-01-14 08:56:00,33
M1,ST6,Cooling_System,2025-01-14,Electrical,energy_consumption,,2025-01-14 17:28:00,2025-01-14 18:04:00,37
M1,ST6,Cooling_System,2025-01-14,Electrical,temperature,,2025-01-14 19:23:00,2025-01-14 19:53:00,31
M1,ST6,Cooling_System,2025-01-14,Electrical,humidity,,2025-01-14 22:06:00,2025-01-14 22:21:00,16
M1,ST6,Cooling_System,2025-01-15,Electrical,energy_consumption,,2025-01-15 05:08:00,2025-01-15 05:40:00,33
M1,ST6,Cooling_System,2025-01-15,Electrical,temperature,,2025-01-15 07:35:00,2025-01-15 08:04:00,30
M1,ST6,Cooling_System,2025-01-15,Electrical,humidity,,2025-01-15 15:36:00,2025-01-15 16:00:00,25
M1,ST6,Cooling_System,2025-01-15,Electrical,temperature,,2025-01-15 17:40:00,2025-01-15 18:09:00,30
M1,ST6,Cooling_System,2025-01-15,Electrical,energy_consumption,,2025-01-15 19:42:00,2025-01-15 19:47:00,6
M1,ST6,Cooling_System,2025-01-16,Electrical,temperature,,2025-01-16 03:11:00,2025-01-16 03:45:00,35
M1,ST6,Cooling_System,2025-01-16,Electrical,energy_consumption,,2025-01-16 05:40:00,2025-01-16 06:18:00,39
M1,ST6,Cooling_System,2025-01-16,Electrical,humidity,,2025-01-16 09:53:00,2025-01-16 10:03:00,11
M1,ST6,Cooling_System,2025-01-16,Electrical,temperature,,2025-01-16 11:19:00,2025-01-16 11:43:00,25
M1,ST6,Cooling_System,2025-01-16,Electrical,energy_consumption,,2025-01-16 16:11:00,2025-01-16 16:35:00,25
M1,ST6,Cooling_System,2025-01-16,Electrical,humidity,,2025-01-16 23:08:00,2025-01-16 23:22:00,15
M1,ST6,Cooling_System,2025-01-17,Electrical,temperature,,2025-01-17 01:38:00,2025-01-17 02:11:00,34
M1,ST6,Cooling_System,2025-01-17,Electrical,energy_consumption,,2025-01-17 03:22:00,2025-01-17 03:59:00,38
M1,ST6,Cooling_System,2025-01-17,Electrical,humidity,,2025-01-17 11:01:00,2025-01-17 11:18:00,18
M1,ST6,Cooling_System,2025-01-17,Electrical,temperature,,2025-01-17 13:39:00,2025-01-17 13:46:00,8
M1,ST6,Cooling_System,2025-01-17,Electrical,energy_consumption,,2025-01-17 18:51:00,2025-01-17 19:17:00,27
M1,ST6,Cooling_System,2025-01-17,Electrical,temperature,,2025-01-17 21:51:00,2025-01-17 22:28:00,38
M1,ST6,Cooling_System,2025-01-18,Electrical,energy_consumption,,2025-01-18 03:45:00,2025-01-18 04:19:00,35
M1,ST6,Cooling_System,2025-01-18,Electrical,humidity,,2025-01-18 04:44:00,2025-01-18 05:21:00,38
M1,ST6,Cooling_System,2025-01-18,Electrical,temperature,,2025-01-18 07:30:00,2025-01-18 07:50:00,21
M1,ST6,Cooling_System,2025-01-18,Electrical,humidity,,2025-01-18 18:23:00,2025-01-18 18:37:00,15
M1,ST6,Cooling_System,2025-01-18,Electrical,energy_consumption,,2025-01-18 18:56:00,2025-01-18 19:14:00,19
M1,ST6,Cooling_System,2025-01-19,Electrical,energy_consumption,,2025-01-19 02:16:00,2025-01-19 02:49:00,34
M1,ST6,Cooling_System,2025-01-19,Electrical,temperature,,2025-01-19 05:16:00,2025-01-19 05:21:00,6
M1,ST6,Cooling_System,2025-01-19,Electrical,humidity,,2025-01-19 12:00:00,2025-01-19 12:22:00,23
M1,ST6,Cooling_System,2025-01-19,Electrical,temperature,,2025-01-19 18:27:00,2025-01-19 18:41:00,15
M1,ST6,Cooling_System,2025-01-20,Electrical,energy_consumption,,2025-01-20 02:28:00,2025-01-20 02:59:00,32
M1,ST6,Cooling_System,2025-01-20,Electrical,humidity,,2025-01-20 04:37:00,2025-01-20 05:15:00,39
M1,ST6,Cooling_System,2025-01-20,Electrical,temperature,,2025-01-20 05:37:00,2025-01-20 06:02:00,26
M1,ST6,Cooling_System,2025-01-20,Electrical,temperature,,2025-01-20 12:58:00,2025-01-20 13:31:00,34
M1,ST6,Cooling_System,2025-01-20,Electrical,energy_consumption,,2025-01-20 14:42:00,2025-01-20 14:48:00,7
M1,ST6,Cooling_System,2025-01-20,Electrical,humidity,,2025-01-20 19:04:00,2025-01-20 19:26:00,23
M1,ST6,Cooling_System,2025-01-21,Electrical,temperature,,2025-01-21 03:41:00,2025-01-21 03:51:00,11
M1,ST6,Cooling_System,2025-01-21,Electrical,energy_consumption,,2025-01-21 04:58:00,2025-01-21 05:14:00,17
M1,ST6,Cooling_System,2025-01-21,Electrical,humidity,,2025-01-21 11:32:00,2025-01-21 11:55:00,24
M1,ST6,Cooling_System,2025-01-21,Electrical,energy_consumption,,2025-01-21 12:36:00,2025-01-21 13:00:00,25
M1,ST6,Cooling_System,2025-01-21,Electrical,temperature,,2025-01-21 14:00:00,2025-01-21 14:24:00,25
M1,ST6,Cooling_System,2025-01-21,Electrical,temperature,,2025-01-21 22:50:00,2025-01-21 23:11:00,22
M1,ST6,Cooling_System,2025-01-22,Electrical,energy_consumption,,2025-01-22 00:09:00,2025-01-22 00:36:00,28
M1,ST6,Cooling_System,2025-01-22,Electrical,humidity,,2025-01-22 03:55:00,2025-01-22 04:34:00,40
M1,ST6,Cooling_System,2025-01-22,Electrical,energy_consumption,,2025-01-22 08:35:00,2025-01-22 08:44:00,10
M1,ST6,Cooling_System,2025-01-22,Electrical,temperature,,2025-01-22 10:45:00,2025-01-22 11:00:00,16
M1,ST6,Cooling_System,2025-01-22,Electrical,humidity,,2025-01-22 19:46:00,2025-01-22 20:22:00,37
M1,ST6,Cooling_System,2025-01-22,Electrical,energy_consumption,,2025-01-22 20:46:00,2025-01-22 20:51:00,6
M1,ST6,Cooling_System,2025-01-23,Electrical,temperature,,2025-01-23 07:22:00,2025-01-23 07:45:00,24
M1,ST6,Cooling_System,2025-01-23,Electrical,humidity,,2025-01-23 09:56:00,2025-01-23 10:17:00,22
M1,ST6,Cooling_System,2025-01-23,Electrical,energy_consumption,,2025-01-23 10:46:00,2025-01-23 11:09:00,24
M1,ST6,Cooling_System,2025-01-23,Electrical,energy_consumption,,2025-01-23 19:17:00,2025-01-23 19:29:00,13
M1,ST6,Cooling_System,2025-01-24,Electrical,humidity,,2025-01-24 00:48:00,2025-01-24 01:26:00,39
M1,ST6,Cooling_System,2025-01-24,Electrical,energy_consumption,,2025-01-24 04:55:00,2025-01-24 05:26:00,32
M1,ST6,Cooling_System,2025-01-24,Electrical,temperature,,2025-01-24 07:50:00,2025-01-24 08:21:00,32
M1,ST6,Cooling_System,2025-01-24,Electrical,energy_consumption,,2025-01-24 17:24:00,2025-01-24 17:30:00,7
M1,ST6,Cooling_System,2025-01-24,Electrical,humidity,,2025-01-24 20:09:00,2025-01-24 20:33:00,25
M1,ST6,Cooling_System,2025-01-25,Electrical,energy_consumption,,2025-01-25 01:47:00,2025-01-25 02:11:00,25
M1,ST6,Cooling_System,2025-01-25,Electrical,temperature,,2025-01-25 07:20:00,2025-01-25 07:33:00,14
M1,ST6,Cooling_System,2025-01-25,Electrical,energy_consumption,,2025-01-25 11:42:00,2025-01-25 12:15:00,34
M1,ST6,Cooling_System,2025-01-25,Electrical,humidity,,2025-01-25 14:26:00,2025-01-25 14:59:00,34
M1,ST6,Cooling_System,2025-01-25,Electrical,temperature,,2025-01-25 20:13:00,2025-01-25 20:45:00,33
M1,ST6,Cooling_System,2025-01-26,Electrical,energy_consumption,,2025-01-26 00:41:00,2025-01-26 00:56:00,16
M1,ST6,Cooling_System,2025-01-26,Electrical,temperature,,2025-01-26 05:58:00,2025-01-26 06:11:00,14
M1,ST6,Cooling_System,2025-01-26,Electrical,humidity,,2025-01-26 07:13:00,2025-01-26 07:33:00,21
M1,ST6,Cooling_System,2025-01-26,Electrical,energy_consumption,,2025-01-26 11:07:00,2025-01-26 11:43:00,37
M1,ST6,Cooling_System,2025-01-26,Electrical,temperature,,2025-01-26 15:16:00,2025-01-26 15:54:00,39
M1,ST6,Cooling_System,2025-01-26,Electrical,humidity,,2025-01-26 22:40:00,2025-01-26 23:07:00,28
M1,ST6,Cooling_System,2025-01-27,Electrical,temperature,,2025-01-27 04:26:00,2025-01-27 04:54:00,29
M1,ST6,Cooling_System,2025-01-27,Electrical,energy_consumption,,2025-01-27 13:47:00,2025-01-27 14:00:00,14
M1,ST6,Cooling_System,2025-01-27,Electrical,temperature,,2025-01-27 14:23:00,2025-01-27 14:51:00,29
M1,ST6,Cooling_System,2025-01-27,Electrical,humidity,,2025-01-27 16:21:00,2025-01-27 16:31:00,11
M1,ST6,Cooling_System,2025-01-28,Electrical,temperature,,2025-01-28 01:29:00,2025-01-28 01:46:00,18
M1,ST6,Cooling_System,2025-01-28,Electrical,energy_consumption,,2025-01-28 03:12:00,2025-01-28 03:32:00,21
M1,ST6,Cooling_System,2025-01-28,Electrical,temperature,,2025-01-28 09:16:00,2025-01-28 09:40:00,25
M1,ST6,Cooling_System,2025-01-28,Electrical,humidity,,2025-01-28 10:30:00,2025-01-28 10:55:00,26
M1,ST6,Cooling_System,2025-01-28,Electrical,temperature,,2025-01-28 17:24:00,2025-01-28 17:32:00,9
M1,ST6,Cooling_System,2025-01-28,Electrical,humidity,,2025-01-28 21:28:00,2025-01-28 21:51:00,24
M1,ST6,Cooling_System,2025-01-29,Electrical,temperature,,2025-01-29 03:00:00,2025-01-29 03:20:00,21
M1,ST6,Cooling_System,2025-01-29,Electrical,energy_consumption,,2025-01-29 03:54:00,2025-01-29 04:29:00,36
M1,ST6,Cooling_System,2025-01-29,Electrical,temperature,,2025-01-29 14:09:00,2025-01-29 14:41:00,33
M1,ST6,Cooling_System,2025-01-29,Electrical,humidity,,2025-01-29 17:24:00,2025-01-29 17:55:00,32
M1,ST6,Cooling_System,2025-01-29,Electrical,energy_consumption,,2025-01-29 22:22:00,2025-01-29 23:06:00,45
M1,ST6,Cooling_System,2025-01-30,Electrical,temperature,,2025-01-30 09:09:00,2025-01-30 09:20:00,12
M1,ST6,Cooling_System,2025-01-30,Electrical,energy_consumption,,2025-01-30 09:30:00,2025-01-30 10:06:00,37
M1,ST6,Cooling_System,2025-01-30,Electrical,humidity,,2025-01-30 17:43:00,2025-01-30 17:58:00,16
M1,ST6,Cooling_System,2025-01-30,Electrical,temperature,,2025-01-30 20:35:00,2025-01-30 20:45:00,11
M1,ST6,Cooling_System,2025-01-31,Electrical,energy_consumption,,2025-01-31 00:10:00,2025-01-31 00:44:00,35
M1,ST6,Cooling_System,2025-01-31,Electrical,temperature,,2025-01-31 05:32:00,2025-01-31 05:51:00,20
M1,ST6,Cooling_System,2025-01-03,Changeover,,,2025-01-03 17:59:00,2025-01-03 18:21:00,23
M1,ST6,Cooling_System,2025-01-06,Changeover,,,2025-01-06 20:43:00,2025-01-06 21:24:00,42
M1,ST6,Cooling_System,2025-01-10,Changeover,,,2025-01-10 20:24:00,2025-01-10 20:47:00,24
M1,ST6,Cooling_System,2025-01-16,Changeover,,,2025-01-16 16:44:00,2025-01-16 17:16:00,33
M1,ST6,Cooling_System,2025-01-16,Changeover,,,2025-01-16 20:57:00,2025-01-16 21:29:00,33
M1,ST6,Cooling_System,2025-01-17,Changeover,,,2025-01-17 17:30:00,2025-01-17 17:56:00,27
M1,ST6,Cooling_System,2025-01-19,Changeover,,,2025-01-19 08:31:00,2025-01-19 08:53:00,23
M1,ST6,Cooling_System,2025-01-23,Changeover,,,2025-01-23 08:41:00,2025-01-23 08:51:00,11
M1,ST6,Cooling_System,2025-01-26,Changeover,,,2025-01-26 08:22:00,2025-01-26 08:49:00,28
M1,ST6,Cooling_System,2025-01-26,Changeover,,,2025-01-26 18:58:00,2025-01-26 19:33:00,36
M1,ST6,Cooling_System,2025-01-28,Changeover,,,2025-01-28 17:37:00,2025-01-28 17:42:00,6
M1,ST6,Cooling_System,2025-01-29,Changeover,,,2025-01-29 03:47:00,2025-01-29 03:53:00,7
M1,ST6,Cooling_System,2025-01-29,Changeover,,,2025-01-29 23:53:00,2025-01-30 00:31:00,39
M1,ST6,Cooling_System,2025-01-30,Changeover,,,2025-01-30 17:14:00,2025-01-30 17:42:00,29
M1,ST6,Cooling_System,2025-01-01,Blocked,,,2025-01-01 08:06:00,2025-01-01 08:13:00,8
M1,ST6,Cooling_System,2025-01-01,Blocked,,,2025-01-01 13:46:00,2025-01-01 14:16:00,31
M1,ST6,Cooling_System,2025-01-01,Blocked,,,2025-01-01 18:14:00,2025-01-01 18:19:00,6
M1,ST6,Cooling_System,2025-01-01,Blocked,,,2025-01-01 20:21:00,2025-01-01 20:52:00,32
M1,ST6,Cooling_System,2025-01-01,Blocked,,,2025-01-01 21:18:00,2025-01-01 21:22:00,5
M1,ST6,Cooling_System,2025-01-01,Blocked,,,2025-01-01 21:53:00,2025-01-01 22:08:00,16
M1,ST6,Cooling_System,2025-01-02,Blocked,,,2025-01-02 03:14:00,2025-01-02 03:33:00,20
M1,ST6,Cooling_System,2025-01-02,Blocked,,,2025-01-02 03:48:00,2025-01-02 03:55:00,8
M1,ST6,Cooling_System,2025-01-02,Blocked,,,2025-01-02 05:54:00,2025-01-02 06:19:00,26
M1,ST6,Cooling_System,2025-01-02,Blocked,,,2025-01-02 13:01:00,2025-01-02 13:04:00,4
M1,ST6,Cooling_System,2025-01-02,Blocked,,,2025-01-02 13:42:00,2025-01-02 13:44:00,3
M1,ST6,Cooling_System,2025-01-02,Blocked,,,2025-01-02 15:34:00,2025-01-02 16:04:00,31
M1,ST6,Cooling_System,2025-01-02,Blocked,,,2025-01-02 16:34:00,2025-01-02 16:47:00,14
M1,ST6,Cooling_System,2025-01-02,Blocked,,,2025-01-02 18:27:00,2025-01-02 18:35:00,9
M1,ST6,Cooling_System,2025-01-02,Blocked,,,2025-01-02 22:58:00,2025-01-02 23:17:00,20
M1,ST6,Cooling_System,2025-01-02,Blocked,,,2025-01-02 23:28:00,2025-01-03 00:03:00,36
M1,ST6,Cooling_System,2025-01-03,Blocked,,,2025-01-03 00:07:00,2025-01-03 00:07:00,1
M1,ST6,Cooling_System,2025-01-03,Blocked,,,2025-01-03 01:53:00,2025-01-03 01:59:00,7
M1,ST6,Cooling_System,2025-01-03,Blocked,,,2025-01-03 08:05:00,2025-01-03 08:10:00,6
M1,ST6,Cooling_System,2025-01-03,Blocked,,,2025-01-03 10:04:00,2025-01-03 10:09:00,6
M1,ST6,Cooling_System,2025-01-03,Blocked,,,2025-01-03 11:02:00,2025-01-03 11:16:00,15
M1,ST6,Cooling_System,2025-01-03,Blocked,,,2025-01-03 13:08:00,2025-01-03 13:23:00,16
M1,ST6,Cooling_System,2025-01-03,Blocked,,,2025-01-03 23:58:00,2025-01-04 00:18:00,21
M1,ST6,Cooling_System,2025-01-04,Blocked,,,2025-01-04 02:22:00,2025-01-04 03:15:00,54
M1,ST6,Cooling_System,2025-01-04,Blocked,,,2025-01-04 05:35:00,2025-01-04 05:56:00,22
M1,ST6,Cooling_System,2025-01-04,Blocked,,,2025-01-04 07:36:00,2025-01-04 07:44:00,9
M1,ST6,Cooling_System,2025-01-04,Blocked,,,2025-01-04 10:48:00,2025-01-04 11:07:00,20
M1,ST6,Cooling_System,2025-01-04,Blocked,,,2025-01-04 12:24:00,2025-01-04 12:52:00,29
M1,ST6,Cooling_System,2025-01-04,Blocked,,,2025-01-04 17:12:00,2025-01-04 17:41:00,30
M1,ST6,Cooling_System,2025-01-04,Blocked,,,2025-01-04 19:01:00,2025-01-04 19:18:00,18
M1,ST6,Cooling_System,2025-01-04,Blocked,,,2025-01-04 22:33:00,2025-01-04 22:39:00,7
M1,ST6,Cooling_System,2025-01-04,Blocked,,,2025-01-04 22:54:00,2025-01-04 23:23:00,30
M1,ST6,Cooling_System,2025-01-05,Blocked,,,2025-01-05 13:10:00,2025-01-05 13:21:00,12
M1,ST6,Cooling_System,2025-01-05,Blocked,,,2025-01-05 19:31:00,2025-01-05 20:20:00,50
M1,ST6,Cooling_System,2025-01-05,Blocked,,,2025-01-05 21:28:00,2025-01-05 21:38:00,11
M1,ST6,Cooling_System,2025-01-06,Blocked,,,2025-01-06 02:34:00,2025-01-06 02:54:00,21
M1,ST6,Cooling_System,2025-01-06,Blocked,,,2025-01-06 05:20:00,2025-01-06 05:32:00,13
M1,ST6,Cooling_System,2025-01-06,Blocked,,,2025-01-06 05:48:00,2025-01-06 06:11:00,24
M1,ST6,Cooling_System,2025-01-06,Blocked,,,2025-01-06 11:30:00,2025-01-06 11:33:00,4
M1,ST6,Cooling_System,2025-01-06,Blocked,,,2025-01-06 15:33:00,2025-01-06 15:38:00,6
M1,ST6,Cooling_System,2025-01-06,Blocked,,,2025-01-06 18:23:00,2025-01-06 18:52:00,30
M1,ST6,Cooling_System,2025-01-06,Blocked,,,2025-01-06 23:26:00,2025-01-07 00:03:00,38
M1,ST6,Cooling_System,2025-01-07,Blocked,,,2025-01-07 01:50:00,2025-01-07 01:59:00,10
M1,ST6,Cooling_System,2025-01-07,Blocked,,,2025-01-07 02:05:00,2025-01-07 02:20:00,16
M1,ST6,Cooling_System,2025-01-07,Blocked,,,2025-01-07 08:59:00,2025-01-07 09:30:00,32
M1,ST6,Cooling_System,2025-01-07,Blocked,,,2025-01-07 10:17:00,2025-01-07 10:34:00,18
M1,ST6,Cooling_System,2025-01-07,Blocked,,,2025-01-07 12:01:00,2025-01-07 12:13:00,13
M1,ST6,Cooling_System,2025-01-07,Blocked,,,2025-01-07 16:06:00,2025-01-07 16:18:00,13
M1,ST6,Cooling_System,2025-01-07,Blocked,,,2025-01-07 20:17:00,2025-01-07 20:33:00,17
M1,ST6,Cooling_System,2025-01-07,Blocked,,,2025-01-07 21:20:00,2025-01-07 21:35:00,16
M1,ST6,Cooling_System,2025-01-08,Blocked,,,2025-01-08 02:02:00,2025-01-08 02:06:00,5
M1,ST6,Cooling_System,2025-01-08,Blocked,,,2025-01-08 04:44:00,2025-01-08 05:20:00,37
M1,ST6,Cooling_System,2025-01-08,Blocked,,,2025-01-08 07:58:00,2025-01-08 08:04:00,7
M1,ST6,Cooling_System,2025-01-08,Blocked,,,2025-01-08 09:23:00,2025-01-08 09:28:00,6
M1,ST6,Cooling_System,2025-01-08,Blocked,,,2025-01-08 09:32:00,2025-01-08 09:40:00,9
M1,ST6,Cooling_System,2025-01-08,Blocked,,,2025-01-08 10:59:00,2025-01-08 11:31:00,33
M1,ST6,Cooling_System,2025-01-08,Blocked,,,2025-01-08 20:39:00,2025-01-08 21:10:00,32
M1,ST6,Cooling_System,2025-01-09,Blocked,,,2025-01-09 00:31:00,2025-01-09 00:31:00,1
M1,ST6,Cooling_System,2025-01-09,Blocked,,,2025-01-09 00:35:00,2025-01-09 00:37:00,3
M1,ST6,Cooling_System,2025-01-09,Blocked,,,2025-01-09 02:22:00,2025-01-09 02:35:00,14
M1,ST6,Cooling_System,2025-01-09,Blocked,,,2025-01-09 05:52:00,2025-01-09 06:22:00,31
M1,ST6,Cooling_System,2025-01-09,Blocked,,,2025-01-09 07:01:00,2025-01-09 07:12:00,12
M1,ST6,Cooling_System,2025-01-09,Blocked,,,2025-01-09 07:19:00,2025-01-09 07:53:00,35
M1,ST6,Cooling_System,2025-01-09,Blocked,,,2025-01-09 08:06:00,2025-01-09 08:27:00,22
M1,ST6,Cooling_System,2025-01-09,Blocked,,,2025-01-09 17:21:00,2025-01-09 17:40:00,20
M1,ST6,Cooling_System,2025-01-09,Blocked,,,2025-01-09 19:24:00,2025-01-09 19:27:00,4
M1,ST6,Cooling_System,2025-01-09,Blocked,,,2025-01-09 22:36:00,2025-01-09 22:52:00,17
M1,ST6,Cooling_System,2025-01-10,Blocked,,,2025-01-10 00:21:00,2025-01-10 00:25:00,5
M1,ST6,Cooling_System,2025-01-10,Blocked,,,2025-01-10 00:54:00,2025-01-10 01:05:00,12
M1,ST6,Cooling_System,2025-01-10,Blocked,,,2025-01-10 03:51:00,2025-01-10 04:03:00,13
M1,ST6,Cooling_System,2025-01-10,Blocked,,,2025-01-10 06:34:00,2025-01-10 06:59:00,26
M1,ST6,Cooling_System,2025-01-10,Blocked,,,2025-01-10 09:59:00,2025-01-10 10:09:00,11
M1,ST6,Cooling_System,2025-01-10,Blocked,,,2025-01-10 10:30:00,2025-01-10 11:00:00,31
M1,ST6,Cooling_System,2025-01-10,Blocked,,,2025-01-10 12:01:00,2025-01-10 12:03:00,3
M1,ST6,Cooling_System,2025-01-10,Blocked,,,2025-01-10 12:59:00,2025-01-10 13:07:00,9
M1,ST6,Cooling_System,2025-01-10,Blocked,,,2025-01-10 18:16:00,2025-01-10 18:17:00,2
M1,ST6,Cooling_System,2025-01-10,Blocked,,,2025-01-10 22:40:00,2025-01-10 22:42:00,3
M1,ST6,Cooling_System,2025-01-11,Blocked,,,2025-01-11 00:27:00,2025-01-11 00:58:00,32
M1,ST6,Cooling_System,2025-01-11,Blocked,,,2025-01-11 08:59:00,2025-01-11 09:08:00,10
M1,ST6,Cooling_System,2025-01-11,Blocked,,,2025-01-11 15:11:00,2025-01-11 15:25:00,15
M1,ST6,Cooling_System,2025-01-11,Blocked,,,2025-01-11 18:01:00,2025-01-11 18:37:00,37
M1,ST6,Cooling_System,2025-01-11,Blocked,,,2025-01-11 23:46:00,2025-01-11 23:49:00,4
M1,ST6,Cooling_System,2025-01-12,Blocked,,,2025-01-12 01:38:00,2025-01-12 01:40:00,3
M1,ST6,Cooling_System,2025-01-12,Blocked,,,2025-01-12 02:28:00,2025-01-12 02:31:00,4
M1,ST6,Cooling_System,2025-01-12,Blocked,,,2025-01-12 07:04:00,2025-01-12 07:14:00,11
M1,ST6,Cooling_System,2025-01-12,Blocked,,,2025-01-12 08:48:00,2025-01-12 08:58:00,11
M1,ST6,Cooling_System,2025-01-12,Blocked,,,2025-01-12 09:28:00,2025-01-12 09:40:00,13
M1,ST6,Cooling_System,2025-01-12,Blocked,,,2025-01-12 10:41:00,2025-01-12 10:43:00,3
M1,ST6,Cooling_System,2025-01-12,Blocked,,,2025-01-12 13:00:00,2025-01-12 13:07:00,8
M1,ST6,Cooling_System,2025-01-12,Blocked,,,2025-01-12 14:05:00,2025-01-12 14:21:00,17
M1,ST6,Cooling_System,2025-01-12,Blocked,,,2025-01-12 18:58:00,2025-01-12 18:59:00,2
M1,ST6,Cooling_System,2025-01-12,Blocked,,,2025-01-12 21:59:00,2025-01-12 22:11:00,13
M1,ST6,Cooling_System,2025-01-12,Blocked,,,2025-01-12 22:39:00,2025-01-12 22:59:00,21
M1,ST6,Cooling_System,2025-01-12,Blocked,,,2025-01-12 23:03:00,2025-01-12 23:29:00,27
M1,ST6,Cooling_System,2025-01-13,Blocked,,,2025-01-13 00:07:00,2025-01-13 00:16:00,10
M1,ST6,Cooling_System,2025-01-13,Blocked,,,2025-01-13 03:12:00,2025-01-13 03:35:00,24
M1,ST6,Cooling_System,2025-01-13,Blocked,,,2025-01-13 07:05:00,2025-01-13 07:09:00,5
M1,ST6,Cooling_System,2025-01-13,Blocked,,,2025-01-13 08:53:00,2025-01-13 09:22:00,30
M1,ST6,Cooling_System,2025-01-13,Blocked,,,2025-01-13 12:47:00,2025-01-13 12:58:00,12
M1,ST6,Cooling_System,2025-01-13,Blocked,,,2025-01-13 14:18:00,2025-01-13 14:43:00,26
M1,ST6,Cooling_System,2025-01-13,Blocked,,,2025-01-13 19:07:00,2025-01-13 19:13:00,7
M1,ST6,Cooling_System,2025-01-13,Blocked,,,2025-01-13 20:21:00,2025-01-13 20:54:00,34
M1,ST6,Cooling_System,2025-01-14,Blocked,,,2025-01-14 03:59:00,2025-01-14 04:03:00,5
M1,ST6,Cooling_System,2025-01-14,Blocked,,,2025-01-14 04:06:00,2025-01-14 04:47:00,42
M1,ST6,Cooling_System,2025-01-14,Blocked,,,2025-01-14 12:04:00,2025-01-14 12:37:00,34
M1,ST6,Cooling_System,2025-01-14,Blocked,,,2025-01-14 16:14:00,2025-01-14 16:51:00,38
M1,ST6,Cooling_System,2025-01-14,Blocked,,,2025-01-14 16:55:00,2025-01-14 17:06:00,12
M1,ST6,Cooling_System,2025-01-14,Blocked,,,2025-01-14 18:20:00,2025-01-14 18:30:00,11
M1,ST6,Cooling_System,2025-01-15,Blocked,,,2025-01-15 01:48:00,2025-01-15 01:59:00,12
M1,ST6,Cooling_System,2025-01-15,Blocked,,,2025-01-15 06:12:00,2025-01-15 06:36:00,25
M1,ST6,Cooling_System,2025-01-15,Blocked,,,2025-01-15 09:47:00,2025-01-15 09:56:00,10
M1,ST6,Cooling_System,2025-01-15,Blocked,,,2025-01-15 11:04:00,2025-01-15 11:05:00,2
M1,ST6,Cooling_System,2025-01-15,Blocked,,,2025-01-15 18:46:00,2025-01-15 19:12:00,27
M1,ST6,Cooling_System,2025-01-15,Blocked,,,2025-01-15 22:38:00,2025-01-15 22:51:00,14
M1,ST6,Cooling_System,2025-01-16,Blocked,,,2025-01-16 00:40:00,2025-01-16 00:50:00,11
M1,ST6,Cooling_System,2025-01-16,Blocked,,,2025-01-16 06:24:00,2025-01-16 06:28:00,5
M1,ST6,Cooling_System,2025-01-16,Blocked,,,2025-01-16 09:11:00,2025-01-16 09:12:00,2
M1,ST6,Cooling_System,2025-01-16,Blocked,,,2025-01-16 11:57:00,2025-01-16 12:29:00,33
M1,ST6,Cooling_System,2025-01-16,Blocked,,,2025-01-16 13:02:00,2025-01-16 13:17:00,16
M1,ST6,Cooling_System,2025-01-16,Blocked,,,2025-01-16 17:26:00,2025-01-16 17:40:00,15
M1,ST6,Cooling_System,2025-01-16,Blocked,,,2025-01-16 20:37:00,2025-01-16 20:39:00,3
M1,ST6,Cooling_System,2025-01-16,Blocked,,,2025-01-16 20:43:00,2025-01-16 20:45:00,3
M1,ST6,Cooling_System,2025-01-16,Blocked,,,2025-01-16 21:44:00,2025-01-16 21:44:00,1
M1,ST6,Cooling_System,2025-01-17,Blocked,,,2025-01-17 05:26:00,2025-01-17 05:43:00,18
M1,ST6,Cooling_System,2025-01-17,Blocked,,,2025-01-17 06:05:00,2025-01-17 06:39:00,35
M1,ST6,Cooling_System,2025-01-17,Blocked,,,2025-01-17 08:43:00,2025-01-17 09:10:00,28
M1,ST6,Cooling_System,2025-01-17,Blocked,,,2025-01-17 09:26:00,2025-01-17 09:42:00,17
M1,ST6,Cooling_System,2025-01-17,Blocked,,,2025-01-17 13:49:00,2025-01-17 14:07:00,19
M1,ST6,Cooling_System,2025-01-17,Blocked,,,2025-01-17 14:11:00,2025-01-17 14:29:00,19
M1,ST6,Cooling_System,2025-01-17,Blocked,,,2025-01-17 16:37:00,2025-01-17 17:00:00,24
M1,ST6,Cooling_System,2025-01-17,Blocked,,,2025-01-17 17:21:00,2025-01-17 17:29:00,9
M1,ST6,Cooling_System,2025-01-17,Blocked,,,2025-01-17 20:16:00,2025-01-17 20:50:00,35
M1,ST6,Cooling_System,2025-01-17,Blocked,,,2025-01-17 23:59:00,2025-01-18 00:03:00,5
M1,ST6,Cooling_System,2025-01-18,Blocked,,,2025-01-18 06:11:00,2025-01-18 06:12:00,2
M1,ST6,Cooling_System,2025-01-18,Blocked,,,2025-01-18 07:14:00,2025-01-18 07:22:00,9
M1,ST6,Cooling_System,2025-01-18,Blocked,,,2025-01-18 07:54:00,2025-01-18 07:55:00,2
M1,ST6,Cooling_System,2025-01-18,Blocked,,,2025-01-18 09:39:00,2025-01-18 10:22:00,44
M1,ST6,Cooling_System,2025-01-18,Blocked,,,2025-01-18 11:29:00,2025-01-18 11:45:00,17
M1,ST6,Cooling_System,2025-01-18,Blocked,,,2025-01-18 13:04:00,2025-01-18 13:13:00,10
M1,ST6,Cooling_System,2025-01-18,Blocked,,,2025-01-18 20:39:00,2025-01-18 20:41:00,3
M1,ST6,Cooling_System,2025-01-19,Blocked,,,2025-01-19 00:01:00,2025-01-19 00:11:00,11
M1,ST6,Cooling_System,2025-01-19,Blocked,,,2025-01-19 01:34:00,2025-01-19 02:06:00,33
M1,ST6,Cooling_System,2025-01-19,Blocked,,,2025-01-19 04:39:00,2025-01-19 04:59:00,21
M1,ST6,Cooling_System,2025-01-19,Blocked,,,2025-01-19 08:59:00,2025-01-19 09:00:00,2
M1,ST6,Cooling_System,2025-01-19,Blocked,,,2025-01-19 14:48:00,2025-01-19 15:02:00,15
M1,ST6,Cooling_System,2025-01-19,Blocked,,,2025-01-19 15:06:00,2025-01-19 15:22:00,17
M1,ST6,Cooling_System,2025-01-19,Blocked,,,2025-01-19 21:34:00,2025-01-19 21:53:00,20
M1,ST6,Cooling_System,2025-01-20,Blocked,,,2025-01-20 01:43:00,2025-01-20 02:08:00,26
M1,ST6,Cooling_System,2025-01-20,Blocked,,,2025-01-20 05:35:00,2025-01-20 05:36:00,2
M1,ST6,Cooling_System,2025-01-20,Blocked,,,2025-01-20 09:29:00,2025-01-20 10:14:00,46
M1,ST6,Cooling_System,2025-01-20,Blocked,,,2025-01-20 11:25:00,2025-01-20 11:35:00,11
M1,ST6,Cooling_System,2025-01-20,Blocked,,,2025-01-20 12:17:00,2025-01-20 12:34:00,18
M1,ST6,Cooling_System,2025-01-20,Blocked,,,2025-01-20 18:15:00,2025-01-20 18:46:00,32
M1,ST6,Cooling_System,2025-01-20,Blocked,,,2025-01-20 20:10:00,2025-01-20 20:21:00,12
M1,ST6,Cooling_System,2025-01-21,Blocked,,,2025-01-21 02:58:00,2025-01-21 03:06:00,9
M1,ST6,Cooling_System,2025-01-21,Blocked,,,2025-01-21 04:29:00,2025-01-21 04:31:00,3
M1,ST6,Cooling_System,2025-01-21,Blocked,,,2025-01-21 05:33:00,2025-01-21 06:01:00,29
M1,ST6,Cooling_System,2025-01-21,Blocked,,,2025-01-21 07:09:00,2025-01-21 07:34:00,26
M1,ST6,Cooling_System,2025-01-21,Blocked,,,2025-01-21 13:45:00,2025-01-21 13:59:00,15
M1,ST6,Cooling_System,2025-01-21,Blocked,,,2025-01-21 14:45:00,2025-01-21 15:12:00,28
M1,ST6,Cooling_System,2025-01-21,Blocked,,,2025-01-21 15:39:00,2025-01-21 15:53:00,15
M1,ST6,Cooling_System,2025-01-21,Blocked,,,2025-01-21 15:59:00,2025-01-21 16:22:00,24
M1,ST6,Cooling_System,2025-01-22,Blocked,,,2025-01-22 01:46:00,2025-01-22 02:09:00,24
M1,ST6,Cooling_System,2025-01-22,Blocked,,,2025-01-22 03:51:00,2025-01-22 03:54:00,4
M1,ST6,Cooling_System,2025-01-22,Blocked,,,2025-01-22 05:26:00,2025-01-22 05:33:00,8
M1,ST6,Cooling_System,2025-01-22,Blocked,,,2025-01-22 09:27:00,2025-01-22 09:31:00,5
M1,ST6,Cooling_System,2025-01-22,Blocked,,,2025-01-22 10:26:00,2025-01-22 10:44:00,19
M1,ST6,Cooling_System,2025-01-22,Blocked,,,2025-01-22 14:38:00,2025-01-22 14:58:00,21
M1,ST6,Cooling_System,2025-01-22,Blocked,,,2025-01-22 20:26:00,2025-01-22 20:39:00,14
M1,ST6,Cooling_System,2025-01-23,Blocked,,,2025-01-23 00:41:00,2025-01-23 00:46:00,6
M1,ST6,Cooling_System,2025-01-23,Blocked,,,2025-01-23 07:49:00,2025-01-23 07:51:00,3
M1,ST6,Cooling_System,2025-01-23,Blocked,,,2025-01-23 07:55:00,2025-01-23 07:55:00,1
M1,ST6,Cooling_System,2025-01-23,Blocked,,,2025-01-23 07:59:00,2025-01-23 08:11:00,13
M1,ST6,Cooling_System,2025-01-23,Blocked,,,2025-01-23 09:27:00,2025-01-23 09:31:00,5
M1,ST6,Cooling_System,2025-01-23,Blocked,,,2025-01-23 12:05:00,2025-01-23 12:12:00,8
M1,ST6,Cooling_System,2025-01-23,Blocked,,,2025-01-23 17:40:00,2025-01-23 18:01:00,22
M1,ST6,Cooling_System,2025-01-23,Blocked,,,2025-01-23 21:45:00,2025-01-23 21:47:00,3
M1,ST6,Cooling_System,2025-01-23,Blocked,,,2025-01-23 23:45:00,2025-01-23 23:46:00,2
M1,ST6,Cooling_System,2025-01-24,Blocked,,,2025-01-24 02:12:00,2025-01-24 02:21:00,10
M1,ST6,Cooling_System,2025-01-24,Blocked,,,2025-01-24 08:25:00,2025-01-24 08:29:00,5
M1,ST6,Cooling_System,2025-01-24,Blocked,,,2025-01-24 10:09:00,2025-01-24 10:34:00,26
M1,ST6,Cooling_System,2025-01-24,Blocked,,,2025-01-24 12:00:00,2025-01-24 12:15:00,16
M1,ST6,Cooling_System,2025-01-24,Blocked,,,2025-01-24 12:36:00,2025-01-24 12:43:00,8
M1,ST6,Cooling_System,2025-01-24,Blocked,,,2025-01-24 16:17:00,2025-01-24 16:42:00,26
M1,ST6,Cooling_System,2025-01-24,Blocked,,,2025-01-24 16:47:00,2025-01-24 16:56:00,10
M1,ST6,Cooling_System,2025-01-24,Blocked,,,2025-01-24 17:43:00,2025-01-24 18:02:00,20
M1,ST6,Cooling_System,2025-01-24,Blocked,,,2025-01-24 21:58:00,2025-01-24 22:54:00,57
M1,ST6,Cooling_System,2025-01-25,Blocked,,,2025-01-25 00:10:00,2025-01-25 00:47:00,38
M1,ST6,Cooling_System,2025-01-25,Blocked,,,2025-01-25 03:05:00,2025-01-25 03:42:00,38
M1,ST6,Cooling_System,2025-01-25,Blocked,,,2025-01-25 03:47:00,2025-01-25 03:52:00,6
M1,ST6,Cooling_System,2025-01-25,Blocked,,,2025-01-25 09:18:00,2025-01-25 09:48:00,31
M1,ST6,Cooling_System,2025-01-25,Blocked,,,2025-01-25 18:30:00,2025-01-25 18:56:00,27
M1,ST6,Cooling_System,2025-01-25,Blocked,,,2025-01-25 19:25:00,2025-01-25 19:50:00,26
M1,ST6,Cooling_System,2025-01-26,Blocked,,,2025-01-26 04:24:00,2025-01-26 04:48:00,25
M1,ST6,Cooling_System,2025-01-26,Blocked,,,2025-01-26 05:18:00,2025-01-26 05:48:00,31
M1,ST6,Cooling_System,2025-01-26,Blocked,,,2025-01-26 06:47:00,2025-01-26 07:02:00,16
M1,ST6,Cooling_System,2025-01-26,Blocked,,,2025-01-26 08:11:00,2025-01-26 08:21:00,11
M1,ST6,Cooling_System,2025-01-26,Blocked,,,2025-01-26 09:25:00,2025-01-26 09:26:00,2
M1,ST6,Cooling_System,2025-01-26,Blocked,,,2025-01-26 15:00:00,2025-01-26 15:12:00,13
M1,ST6,Cooling_System,2025-01-26,Blocked,,,2025-01-26 16:04:00,2025-01-26 16:27:00,24
M1,ST6,Cooling_System,2025-01-26,Blocked,,,2025-01-26 16:42:00,2025-01-26 17:13:00,32
M1,ST6,Cooling_System,2025-01-26,Blocked,,,2025-01-26 17:27:00,2025-01-26 17:34:00,8
M1,ST6,Cooling_System,2025-01-27,Blocked,,,2025-01-27 02:18:00,2025-01-27 02:18:00,1
M1,ST6,Cooling_System,2025-01-27,Blocked,,,2025-01-27 02:52:00,2025-01-27 03:22:00,31
M1,ST6,Cooling_System,2025-01-27,Blocked,,,2025-01-27 03:34:00,2025-01-27 04:10:00,37
M1,ST6,Cooling_System,2025-01-27,Blocked,,,2025-01-27 10:02:00,2025-01-27 10:32:00,31
M1,ST6,Cooling_System,2025-01-27,Blocked,,,2025-01-27 14:57:00,2025-01-27 15:07:00,11
M1,ST6,Cooling_System,2025-01-27,Blocked,,,2025-01-27 15:15:00,2025-01-27 15:52:00,38
M1,ST6,Cooling_System,2025-01-27,Blocked,,,2025-01-27 17:27:00,2025-01-27 17:29:00,3
M1,ST6,Cooling_System,2025-01-27,Blocked,,,2025-01-27 21:10:00,2025-01-27 21:13:00,4
M1,ST6,Cooling_System,2025-01-27,Blocked,,,2025-01-27 23:06:00,2025-01-27 23:10:00,5
M1,ST6,Cooling_System,2025-01-28,Blocked,,,2025-01-28 02:27:00,2025-01-28 02:28:00,2
M1,ST6,Cooling_System,2025-01-28,Blocked,,,2025-01-28 04:23:00,2025-01-28 04:24:00,2
M1,ST6,Cooling_System,2025-01-28,Blocked,,,2025-01-28 05:04:00,2025-01-28 05:27:00,24
M1,ST6,Cooling_System,2025-01-28,Blocked,,,2025-01-28 06:14:00,2025-01-28 06:25:00,12
M1,ST6,Cooling_System,2025-01-28,Blocked,,,2025-01-28 07:00:00,2025-01-28 07:01:00,2
M1,ST6,Cooling_System,2025-01-28,Blocked,,,2025-01-28 07:08:00,2025-01-28 07:37:00,30
M1,ST6,Cooling_System,2025-01-28,Blocked,,,2025-01-28 08:16:00,2025-01-28 08:50:00,35
M1,ST6,Cooling_System,2025-01-28,Blocked,,,2025-01-28 13:38:00,2025-01-28 13:53:00,16
M1,ST6,Cooling_System,2025-01-28,Blocked,,,2025-01-28 13:57:00,2025-01-28 14:18:00,22
M1,ST6,Cooling_System,2025-01-28,Blocked,,,2025-01-28 14:54:00,2025-01-28 15:23:00,30
M1,ST6,Cooling_System,2025-01-28,Blocked,,,2025-01-28 16:30:00,2025-01-28 17:06:00,37
M1,ST6,Cooling_System,2025-01-28,Blocked,,,2025-01-28 19:01:00,2025-01-28 19:36:00,36
M1,ST6,Cooling_System,2025-01-28,Blocked,,,2025-01-28 20:08:00,2025-01-28 20:14:00,7
M1,ST6,Cooling_System,2025-01-28,Blocked,,,2025-01-28 22:53:00,2025-01-28 23:00:00,8
M1,ST6,Cooling_System,2025-01-29,Blocked,,,2025-01-29 01:16:00,2025-01-29 01:36:00,21
M1,ST6,Cooling_System,2025-01-29,Blocked,,,2025-01-29 05:25:00,2025-01-29 05:26:00,2
M1,ST6,Cooling_System,2025-01-29,Blocked,,,2025-01-29 06:58:00,2025-01-29 07:08:00,11
M1,ST6,Cooling_System,2025-01-29,Blocked,,,2025-01-29 12:18:00,2025-01-29 12:24:00,7
M1,ST6,Cooling_System,2025-01-29,Blocked,,,2025-01-29 12:28:00,2025-01-29 12:57:00,30
M1,ST6,Cooling_System,2025-01-29,Blocked,,,2025-01-29 18:39:00,2025-01-29 18:43:00,5
M1,ST6,Cooling_System,2025-01-30,Blocked,,,2025-01-30 00:37:00,2025-01-30 00:44:00,8
M1,ST6,Cooling_System,2025-01-30,Blocked,,,2025-01-30 01:44:00,2025-01-30 02:20:00,37
M1,ST6,Cooling_System,2025-01-30,Blocked,,,2025-01-30 09:02:00,2025-01-30 09:08:00,7
M1,ST6,Cooling_System,2025-01-30,Blocked,,,2025-01-30 15:38:00,2025-01-30 15:46:00,9
M1,ST6,Cooling_System,2025-01-31,Blocked,,,2025-01-31 03:46:00,2025-01-31 04:27:00,42
M1,ST6,Cooling_System,2025-01-01,Starved,,,2025-01-01 07:17:00,2025-01-01 07:50:00,34
M1,ST6,Cooling_System,2025-01-01,Starved,,,2025-01-01 08:52:00,2025-01-01 09:16:00,25
M1,ST6,Cooling_System,2025-01-01,Starved,,,2025-01-01 09:56:00,2025-01-01 10:04:00,9
M1,ST6,Cooling_System,2025-01-01,Starved,,,2025-01-01 10:17:00,2025-01-01 10:45:00,29
M1,ST6,Cooling_System,2025-01-01,Starved,,,2025-01-01 12:03:00,2025-01-01 12:29:00,27
M1,ST6,Cooling_System,2025-01-01,Starved,,,2025-01-01 12:38:00,2025-01-01 13:15:00,38
M1,ST6,Cooling_System,2025-01-01,Starved,,,2025-01-01 14:20:00,2025-01-01 14:48:00,29
M1,ST6,Cooling_System,2025-01-01,Starved,,,2025-01-01 14:56:00,2025-01-01 15:12:00,17
M1,ST6,Cooling_System,2025-01-01,Starved,,,2025-01-01 16:06:00,2025-01-01 16:21:00,16
M1,ST6,Cooling_System,2025-01-01,Starved,,,2025-01-01 17:05:00,2025-01-01 17:07:00,3
M1,ST6,Cooling_System,2025-01-01,Starved,,,2025-01-01 17:25:00,2025-01-01 17:29:00,5
M1,ST6,Cooling_System,2025-01-01,Starved,,,2025-01-01 19:10:00,2025-01-01 19:16:00,7
M1,ST6,Cooling_System,2025-01-01,Starved,,,2025-01-01 19:57:00,2025-01-01 20:15:00,19
M1,ST6,Cooling_System,2025-01-01,Starved,,,2025-01-01 21:34:00,2025-01-01 21:47:00,14
M1,ST6,Cooling_System,2025-01-01,Starved,,,2025-01-01 22:14:00,2025-01-01 22:39:00,26
M1,ST6,Cooling_System,2025-01-01,Starved,,,2025-01-01 23:22:00,2025-01-01 23:57:00,36
M1,ST6,Cooling_System,2025-01-02,Starved,,,2025-01-02 00:41:00,2025-01-02 00:51:00,11
M1,ST6,Cooling_System,2025-01-02,Starved,,,2025-01-02 01:16:00,2025-01-02 01:42:00,27
M1,ST6,Cooling_System,2025-01-02,Starved,,,2025-01-02 02:01:00,2025-01-02 02:20:00,20
M1,ST6,Cooling_System,2025-01-02,Starved,,,2025-01-02 02:28:00,2025-01-02 02:47:00,20
M1,ST6,Cooling_System,2025-01-02,Starved,,,2025-01-02 03:57:00,2025-01-02 04:22:00,26
M1,ST6,Cooling_System,2025-01-02,Starved,,,2025-01-02 05:26:00,2025-01-02 05:48:00,23
M1,ST6,Cooling_System,2025-01-02,Starved,,,2025-01-02 06:32:00,2025-01-02 06:38:00,7
M1,ST6,Cooling_System,2025-01-02,Starved,,,2025-01-02 07:43:00,2025-01-02 07:51:00,9
M1,ST6,Cooling_System,2025-01-02,Starved,,,2025-01-02 07:55:00,2025-01-02 08:28:00,34
M1,ST6,Cooling_System,2025-01-02,Starved,,,2025-01-02 08:35:00,2025-01-02 08:49:00,15
M1,ST6,Cooling_System,2025-01-02,Starved,,,2025-01-02 09:43:00,2025-01-02 10:41:00,59
M1,ST6,Cooling_System,2025-01-02,Starved,,,2025-01-02 10:45:00,2025-01-02 11:00:00,16
M1,ST6,Cooling_System,2025-01-02,Starved,,,2025-01-02 11:04:00,2025-01-02 11:11:00,8
M1,ST6,Cooling_System,2025-01-02,Starved,,,2025-01-02 11:52:00,2025-01-02 12:08:00,17
M1,ST6,Cooling_System,2025-01-02,Starved,,,2025-01-02 12:12:00,2025-01-02 12:29:00,18
M1,ST6,Cooling_System,2025-01-02,Starved,,,2025-01-02 12:33:00,2025-01-02 12:56:00,24
M1,ST6,Cooling_System,2025-01-02,Starved,,,2025-01-02 13:21:00,2025-01-02 13:40:00,20
M1,ST6,Cooling_System,2025-01-02,Starved,,,2025-01-02 14:20:00,2025-01-02 14:56:00,37
M1,ST6,Cooling_System,2025-01-02,Starved,,,2025-01-02 16:08:00,2025-01-02 16:27:00,20
M1,ST6,Cooling_System,2025-01-02,Starved,,,2025-01-02 17:19:00,2025-01-02 17:22:00,4
M1,ST6,Cooling_System,2025-01-02,Starved,,,2025-01-02 17:51:00,2025-01-02 18:20:00,30
M1,ST6,Cooling_System,2025-01-02,Starved,,,2025-01-02 18:39:00,2025-01-02 18:44:00,6
M1,ST6,Cooling_System,2025-01-02,Starved,,,2025-01-02 18:59:00,2025-01-02 19:10:00,12
M1,ST6,Cooling_System,2025-01-02,Starved,,,2025-01-02 20:24:00,2025-01-02 20:27:00,4
M1,ST6,Cooling_System,2025-01-02,Starved,,,2025-01-02 21:23:00,2025-01-02 21:35:00,13
M1,ST6,Cooling_System,2025-01-02,Starved,,,2025-01-02 21:39:00,2025-01-02 22:09:00,31
M1,ST6,Cooling_System,2025-01-02,Starved,,,2025-01-02 22:17:00,2025-01-02 22:32:00,16
M1,ST6,Cooling_System,2025-01-03,Starved,,,2025-01-03 00:45:00,2025-01-03 00:56:00,12
M1,ST6,Cooling_System,2025-01-03,Starved,,,2025-01-03 01:13:00,2025-01-03 01:47:00,35
M1,ST6,Cooling_System,2025-01-03,Starved,,,2025-01-03 02:19:00,2025-01-03 03:25:00,67
M1,ST6,Cooling_System,2025-01-03,Starved,,,2025-01-03 04:22:00,2025-01-03 04:35:00,14
M1,ST6,Cooling_System,2025-01-03,Starved,,,2025-01-03 04:38:00,2025-01-03 05:13:00,36
M1,ST6,Cooling_System,2025-01-03,Starved,,,2025-01-03 05:38:00,2025-01-03 05:57:00,20
M1,ST6,Cooling_System,2025-01-03,Starved,,,2025-01-03 08:29:00,2025-01-03 08:38:00,10
M1,ST6,Cooling_System,2025-01-03,Starved,,,2025-01-03 08:44:00,2025-01-03 09:30:00,47
M1,ST6,Cooling_System,2025-01-03,Starved,,,2025-01-03 10:29:00,2025-01-03 10:56:00,28
M1,ST6,Cooling_System,2025-01-03,Starved,,,2025-01-03 11:20:00,2025-01-03 11:44:00,25
M1,ST6,Cooling_System,2025-01-03,Starved,,,2025-01-03 12:45:00,2025-01-03 13:02:00,18
M1,ST6,Cooling_System,2025-01-03,Starved,,,2025-01-03 13:36:00,2025-01-03 13:45:00,10
M1,ST6,Cooling_System,2025-01-03,Starved,,,2025-01-03 14:03:00,2025-01-03 14:23:00,21
M1,ST6,Cooling_System,2025-01-03,Starved,,,2025-01-03 14:27:00,2025-01-03 14:29:00,3
M1,ST6,Cooling_System,2025-01-03,Starved,,,2025-01-03 15:32:00,2025-01-03 16:36:00,65
M1,ST6,Cooling_System,2025-01-03,Starved,,,2025-01-03 16:40:00,2025-01-03 16:50:00,11
M1,ST6,Cooling_System,2025-01-03,Starved,,,2025-01-03 16:56:00,2025-01-03 17:45:00,50
M1,ST6,Cooling_System,2025-01-03,Starved,,,2025-01-03 17:47:00,2025-01-03 17:58:00,12
M1,ST6,Cooling_System,2025-01-03,Starved,,,2025-01-03 19:24:00,2025-01-03 19:53:00,30
M1,ST6,Cooling_System,2025-01-03,Starved,,,2025-01-03 21:00:00,2025-01-03 21:28:00,29
M1,ST6,Cooling_System,2025-01-04,Starved,,,2025-01-04 01:08:00,2025-01-04 01:16:00,9
M1,ST6,Cooling_System,2025-01-04,Starved,,,2025-01-04 01:23:00,2025-01-04 01:24:00,2
M1,ST6,Cooling_System,2025-01-04,Starved,,,2025-01-04 01:34:00,2025-01-04 01:59:00,26
M1,ST6,Cooling_System,2025-01-04,Starved,,,2025-01-04 03:21:00,2025-01-04 03:38:00,18
M1,ST6,Cooling_System,2025-01-04,Starved,,,2025-01-04 03:45:00,2025-01-04 03:50:00,6
M1,ST6,Cooling_System,2025-01-04,Starved,,,2025-01-04 04:37:00,2025-01-04 05:03:00,27
M1,ST6,Cooling_System,2025-01-04,Starved,,,2025-01-04 06:25:00,2025-01-04 06:29:00,5
M1,ST6,Cooling_System,2025-01-04,Starved,,,2025-01-04 06:34:00,2025-01-04 06:53:00,20
M1,ST6,Cooling_System,2025-01-04,Starved,,,2025-01-04 07:06:00,2025-01-04 07:30:00,25
M1,ST6,Cooling_System,2025-01-04,Starved,,,2025-01-04 08:04:00,2025-01-04 08:37:00,34
M1,ST6,Cooling_System,2025-01-04,Starved,,,2025-01-04 11:17:00,2025-01-04 11:36:00,20
M1,ST6,Cooling_System,2025-01-04,Starved,,,2025-01-04 13:17:00,2025-01-04 13:48:00,32
M1,ST6,Cooling_System,2025-01-04,Starved,,,2025-01-04 13:50:00,2025-01-04 13:59:00,10
M1,ST6,Cooling_System,2025-01-04,Starved,,,2025-01-04 16:36:00,2025-01-04 17:06:00,31
M1,ST6,Cooling_System,2025-01-04,Starved,,,2025-01-04 18:08:00,2025-01-04 18:09:00,2
M1,ST6,Cooling_System,2025-01-04,Starved,,,2025-01-04 18:18:00,2025-01-04 18:54:00,37
M1,ST6,Cooling_System,2025-01-04,Starved,,,2025-01-04 19:40:00,2025-01-04 19:56:00,17
M1,ST6,Cooling_System,2025-01-04,Starved,,,2025-01-04 20:32:00,2025-01-04 20:48:00,17
M1,ST6,Cooling_System,2025-01-04,Starved,,,2025-01-04 22:01:00,2025-01-04 22:25:00,25
M1,ST6,Cooling_System,2025-01-04,Starved,,,2025-01-04 23:42:00,2025-01-04 23:45:00,4
M1,ST6,Cooling_System,2025-01-05,Starved,,,2025-01-05 01:11:00,2025-01-05 01:17:00,7
M1,ST6,Cooling_System,2025-01-05,Starved,,,2025-01-05 02:08:00,2025-01-05 02:43:00,36
M1,ST6,Cooling_System,2025-01-05,Starved,,,2025-01-05 02:47:00,2025-01-05 03:20:00,34
M1,ST6,Cooling_System,2025-01-05,Starved,,,2025-01-05 03:26:00,2025-01-05 03:28:00,3
M1,ST6,Cooling_System,2025-01-05,Starved,,,2025-01-05 04:09:00,2025-01-05 04:52:00,44
M1,ST6,Cooling_System,2025-01-05,Starved,,,2025-01-05 05:25:00,2025-01-05 05:31:00,7
M1,ST6,Cooling_System,2025-01-05,Starved,,,2025-01-05 06:02:00,2025-01-05 06:19:00,18
M1,ST6,Cooling_System,2025-01-05,Starved,,,2025-01-05 07:03:00,2025-01-05 07:11:00,9
M1,ST6,Cooling_System,2025-01-05,Starved,,,2025-01-05 07:48:00,2025-01-05 08:07:00,20
M1,ST6,Cooling_System,2025-01-05,Starved,,,2025-01-05 09:04:00,2025-01-05 09:27:00,24
M1,ST6,Cooling_System,2025-01-05,Starved,,,2025-01-05 10:05:00,2025-01-05 10:29:00,25
M1,ST6,Cooling_System,2025-01-05,Starved,,,2025-01-05 10:32:00,2025-01-05 10:59:00,28
M1,ST6,Cooling_System,2025-01-05,Starved,,,2025-01-05 11:02:00,2025-01-05 11:11:00,10
M1,ST6,Cooling_System,2025-01-05,Starved,,,2025-01-05 12:16:00,2025-01-05 12:20:00,5
M1,ST6,Cooling_System,2025-01-05,Starved,,,2025-01-05 12:44:00,2025-01-05 13:06:00,23
M1,ST6,Cooling_System,2025-01-05,Starved,,,2025-01-05 14:06:00,2025-01-05 14:09:00,4
M1,ST6,Cooling_System,2025-01-05,Starved,,,2025-01-05 15:22:00,2025-01-05 15:44:00,23
M1,ST6,Cooling_System,2025-01-05,Starved,,,2025-01-05 16:44:00,2025-01-05 16:49:00,6
M1,ST6,Cooling_System,2025-01-05,Starved,,,2025-01-05 16:53:00,2025-01-05 17:46:00,54
M1,ST6,Cooling_System,2025-01-05,Starved,,,2025-01-05 17:50:00,2025-01-05 18:04:00,15
M1,ST6,Cooling_System,2025-01-05,Starved,,,2025-01-05 18:36:00,2025-01-05 18:54:00,19
M1,ST6,Cooling_System,2025-01-05,Starved,,,2025-01-05 20:37:00,2025-01-05 20:48:00,12
M1,ST6,Cooling_System,2025-01-05,Starved,,,2025-01-05 21:52:00,2025-01-05 22:07:00,16
M1,ST6,Cooling_System,2025-01-05,Starved,,,2025-01-05 22:23:00,2025-01-05 22:47:00,25
M1,ST6,Cooling_System,2025-01-05,Starved,,,2025-01-05 23:15:00,2025-01-05 23:42:00,28
M1,ST6,Cooling_System,2025-01-05,Starved,,,2025-01-05 23:51:00,2025-01-06 00:05:00,15
M1,ST6,Cooling_System,2025-01-06,Starved,,,2025-01-06 00:07:00,2025-01-06 00:24:00,18
M1,ST6,Cooling_System,2025-01-06,Starved,,,2025-01-06 00:43:00,2025-01-06 01:35:00,53
M1,ST6,Cooling_System,2025-01-06,Starved,,,2025-01-06 02:10:00,2025-01-06 02:28:00,19
M1,ST6,Cooling_System,2025-01-06,Starved,,,2025-01-06 04:01:00,2025-01-06 04:05:00,5
M1,ST6,Cooling_System,2025-01-06,Starved,,,2025-01-06 04:41:00,2025-01-06 04:54:00,14
M1,ST6,Cooling_System,2025-01-06,Starved,,,2025-01-06 06:15:00,2025-01-06 06:27:00,13
M1,ST6,Cooling_System,2025-01-06,Starved,,,2025-01-06 06:54:00,2025-01-06 07:15:00,22
M1,ST6,Cooling_System,2025-01-06,Starved,,,2025-01-06 07:23:00,2025-01-06 07:32:00,10
M1,ST6,Cooling_System,2025-01-06,Starved,,,2025-01-06 07:42:00,2025-01-06 08:00:00,19
M1,ST6,Cooling_System,2025-01-06,Starved,,,2025-01-06 09:32:00,2025-01-06 09:38:00,7
M1,ST6,Cooling_System,2025-01-06,Starved,,,2025-01-06 09:54:00,2025-01-06 10:37:00,44
M1,ST6,Cooling_System,2025-01-06,Starved,,,2025-01-06 10:41:00,2025-01-06 10:49:00,9
M1,ST6,Cooling_System,2025-01-06,Starved,,,2025-01-06 11:05:00,2025-01-06 11:17:00,13
M1,ST6,Cooling_System,2025-01-06,Starved,,,2025-01-06 11:37:00,2025-01-06 12:03:00,27
M1,ST6,Cooling_System,2025-01-06,Starved,,,2025-01-06 12:07:00,2025-01-06 12:23:00,17
M1,ST6,Cooling_System,2025-01-06,Starved,,,2025-01-06 12:25:00,2025-01-06 12:38:00,14
M1,ST6,Cooling_System,2025-01-06,Starved,,,2025-01-06 13:43:00,2025-01-06 13:50:00,8
M1,ST6,Cooling_System,2025-01-06,Starved,,,2025-01-06 13:54:00,2025-01-06 14:09:00,16
M1,ST6,Cooling_System,2025-01-06,Starved,,,2025-01-06 14:13:00,2025-01-06 14:20:00,8
M1,ST6,Cooling_System,2025-01-06,Starved,,,2025-01-06 14:26:00,2025-01-06 14:48:00,23
M1,ST6,Cooling_System,2025-01-06,Starved,,,2025-01-06 15:09:00,2025-01-06 15:27:00,19
M1,ST6,Cooling_System,2025-01-06,Starved,,,2025-01-06 16:00:00,2025-01-06 16:05:00,6
M1,ST6,Cooling_System,2025-01-06,Starved,,,2025-01-06 16:09:00,2025-01-06 16:21:00,13
M1,ST6,Cooling_System,2025-01-06,Starved,,,2025-01-06 16:25:00,2025-01-06 16:50:00,26
M1,ST6,Cooling_System,2025-01-06,Starved,,,2025-01-06 17:18:00,2025-01-06 17:39:00,22
M1,ST6,Cooling_System,2025-01-06,Starved,,,2025-01-06 19:13:00,2025-01-06 19:19:00,7
M1,ST6,Cooling_System,2025-01-06,Starved,,,2025-01-06 19:21:00,2025-01-06 19:36:00,16
M1,ST6,Cooling_System,2025-01-06,Starved,,,2025-01-06 20:41:00,2025-01-06 20:42:00,2
M1,ST6,Cooling_System,2025-01-06,Starved,,,2025-01-06 22:09:00,2025-01-06 22:16:00,8
M1,ST6,Cooling_System,2025-01-06,Starved,,,2025-01-06 22:22:00,2025-01-06 22:33:00,12
M1,ST6,Cooling_System,2025-01-06,Starved,,,2025-01-06 22:40:00,2025-01-06 22:49:00,10
M1,ST6,Cooling_System,2025-01-07,Starved,,,2025-01-07 00:07:00,2025-01-07 00:08:00,2
M1,ST6,Cooling_System,2025-01-07,Starved,,,2025-01-07 00:14:00,2025-01-07 00:14:00,1
M1,ST6,Cooling_System,2025-01-07,Starved,,,2025-01-07 00:28:00,2025-01-07 00:28:00,1
M1,ST6,Cooling_System,2025-01-07,Starved,,,2025-01-07 00:53:00,2025-01-07 00:58:00,6
M1,ST6,Cooling_System,2025-01-07,Starved,,,2025-01-07 01:19:00,2025-01-07 01:29:00,11
M1,ST6,Cooling_System,2025-01-07,Starved,,,2025-01-07 01:38:00,2025-01-07 01:39:00,2
M1,ST6,Cooling_System,2025-01-07,Starved,,,2025-01-07 02:29:00,2025-01-07 02:38:00,10
M1,ST6,Cooling_System,2025-01-07,Starved,,,2025-01-07 03:04:00,2025-01-07 03:05:00,2
M1,ST6,Cooling_System,2025-01-07,Starved,,,2025-01-07 03:09:00,2025-01-07 03:15:00,7
M1,ST6,Cooling_System,2025-01-07,Starved,,,2025-01-07 03:18:00,2025-01-07 03:36:00,19
M1,ST6,Cooling_System,2025-01-07,Starved,,,2025-01-07 04:20:00,2025-01-07 04:22:00,3
M1,ST6,Cooling_System,2025-01-07,Starved,,,2025-01-07 05:02:00,2025-01-07 05:41:00,40
M1,ST6,Cooling_System,2025-01-07,Starved,,,2025-01-07 05:45:00,2025-01-07 06:23:00,39
M1,ST6,Cooling_System,2025-01-07,Starved,,,2025-01-07 06:31:00,2025-01-07 06:45:00,15
M1,ST6,Cooling_System,2025-01-07,Starved,,,2025-01-07 06:57:00,2025-01-07 07:17:00,21
M1,ST6,Cooling_System,2025-01-07,Starved,,,2025-01-07 10:38:00,2025-01-07 11:16:00,39
M1,ST6,Cooling_System,2025-01-07,Starved,,,2025-01-07 12:36:00,2025-01-07 12:44:00,9
M1,ST6,Cooling_System,2025-01-07,Starved,,,2025-01-07 12:51:00,2025-01-07 13:08:00,18
M1,ST6,Cooling_System,2025-01-07,Starved,,,2025-01-07 13:36:00,2025-01-07 13:40:00,5
M1,ST6,Cooling_System,2025-01-07,Starved,,,2025-01-07 13:47:00,2025-01-07 14:32:00,46
M1,ST6,Cooling_System,2025-01-07,Starved,,,2025-01-07 14:41:00,2025-01-07 14:54:00,14
M1,ST6,Cooling_System,2025-01-07,Starved,,,2025-01-07 15:34:00,2025-01-07 15:53:00,20
M1,ST6,Cooling_System,2025-01-07,Starved,,,2025-01-07 15:59:00,2025-01-07 16:00:00,2
M1,ST6,Cooling_System,2025-01-07,Starved,,,2025-01-07 17:07:00,2025-01-07 17:25:00,19
M1,ST6,Cooling_System,2025-01-07,Starved,,,2025-01-07 17:29:00,2025-01-07 17:36:00,8
M1,ST6,Cooling_System,2025-01-07,Starved,,,2025-01-07 17:47:00,2025-01-07 18:23:00,37
M1,ST6,Cooling_System,2025-01-07,Starved,,,2025-01-07 18:46:00,2025-01-07 18:55:00,10
M1,ST6,Cooling_System,2025-01-07,Starved,,,2025-01-07 19:12:00,2025-01-07 19:38:00,27
M1,ST6,Cooling_System,2025-01-07,Starved,,,2025-01-07 19:46:00,2025-01-07 20:09:00,24
M1,ST6,Cooling_System,2025-01-07,Starved,,,2025-01-07 21:02:00,2025-01-07 21:09:00,8
M1,ST6,Cooling_System,2025-01-07,Starved,,,2025-01-07 21:40:00,2025-01-07 21:51:00,12
M1,ST6,Cooling_System,2025-01-07,Starved,,,2025-01-07 22:24:00,2025-01-07 22:32:00,9
M1,ST6,Cooling_System,2025-01-07,Starved,,,2025-01-07 23:06:00,2025-01-07 23:30:00,25
M1,ST6,Cooling_System,2025-01-07,Starved,,,2025-01-07 23:43:00,2025-01-07 23:45:00,3
M1,ST6,Cooling_System,2025-01-08,Starved,,,2025-01-08 00:35:00,2025-01-08 00:43:00,9
M1,ST6,Cooling_System,2025-01-08,Starved,,,2025-01-08 00:54:00,2025-01-08 01:12:00,19
M1,ST6,Cooling_System,2025-01-08,Starved,,,2025-01-08 01:33:00,2025-01-08 01:50:00,18
M1,ST6,Cooling_System,2025-01-08,Starved,,,2025-01-08 02:47:00,2025-01-08 03:13:00,27
M1,ST6,Cooling_System,2025-01-08,Starved,,,2025-01-08 04:07:00,2025-01-08 04:21:00,15
M1,ST6,Cooling_System,2025-01-08,Starved,,,2025-01-08 05:24:00,2025-01-08 05:41:00,18
M1,ST6,Cooling_System,2025-01-08,Starved,,,2025-01-08 05:52:00,2025-01-08 06:14:00,23
M1,ST6,Cooling_System,2025-01-08,Starved,,,2025-01-08 06:44:00,2025-01-08 06:58:00,15
M1,ST6,Cooling_System,2025-01-08,Starved,,,2025-01-08 07:15:00,2025-01-08 07:26:00,12
M1,ST6,Cooling_System,2025-01-08,Starved,,,2025-01-08 08:27:00,2025-01-08 08:28:00,2
M1,ST6,Cooling_System,2025-01-08,Starved,,,2025-01-08 08:43:00,2025-01-08 09:18:00,36
M1,ST6,Cooling_System,2025-01-08,Starved,,,2025-01-08 09:44:00,2025-01-08 10:18:00,35
M1,ST6,Cooling_System,2025-01-08,Starved,,,2025-01-08 11:45:00,2025-01-08 12:13:00,29
M1,ST6,Cooling_System,2025-01-08,Starved,,,2025-01-08 13:14:00,2025-01-08 13:52:00,39
M1,ST6,Cooling_System,2025-01-08,Starved,,,2025-01-08 14:11:00,2025-01-08 14:29:00,19
M1,ST6,Cooling_System,2025-01-08,Starved,,,2025-01-08 15:04:00,2025-01-08 15:19:00,16
M1,ST6,Cooling_System,2025-01-08,Starved,,,2025-01-08 15:48:00,2025-01-08 16:11:00,24
M1,ST6,Cooling_System,2025-01-08,Starved,,,2025-01-08 16:18:00,2025-01-08 16:30:00,13
M1,ST6,Cooling_System,2025-01-08,Starved,,,2025-01-08 18:43:00,2025-01-08 19:12:00,30
M1,ST6,Cooling_System,2025-01-08,Starved,,,2025-01-08 19:29:00,2025-01-08 19:37:00,9
M1,ST6,Cooling_System,2025-01-08,Starved,,,2025-01-08 19:53:00,2025-01-08 20:19:00,27
M1,ST6,Cooling_System,2025-01-08,Starved,,,2025-01-08 20:27:00,2025-01-08 20:31:00,5
M1,ST6,Cooling_System,2025-01-08,Starved,,,2025-01-08 21:15:00,2025-01-08 21:22:00,8
M1,ST6,Cooling_System,2025-01-08,Starved,,,2025-01-08 21:31:00,2025-01-08 21:43:00,13
M1,ST6,Cooling_System,2025-01-08,Starved,,,2025-01-08 21:47:00,2025-01-08 22:14:00,28
M1,ST6,Cooling_System,2025-01-08,Starved,,,2025-01-08 22:46:00,2025-01-08 23:36:00,51
M1,ST6,Cooling_System,2025-01-08,Starved,,,2025-01-08 23:56:00,2025-01-09 00:27:00,32
M1,ST6,Cooling_System,2025-01-09,Starved,,,2025-01-09 00:53:00,2025-01-09 00:58:00,6
M1,ST6,Cooling_System,2025-01-09,Starved,,,2025-01-09 01:11:00,2025-01-09 01:36:00,26
M1,ST6,Cooling_System,2025-01-09,Starved,,,2025-01-09 03:21:00,2025-01-09 03:26:00,6
M1,ST6,Cooling_System,2025-01-09,Starved,,,2025-01-09 04:50:00,2025-01-09 05:13:00,24
M1,ST6,Cooling_System,2025-01-09,Starved,,,2025-01-09 06:34:00,2025-01-09 06:57:00,24
M1,ST6,Cooling_System,2025-01-09,Starved,,,2025-01-09 08:34:00,2025-01-09 08:34:00,1
M1,ST6,Cooling_System,2025-01-09,Starved,,,2025-01-09 09:15:00,2025-01-09 09:40:00,26
M1,ST6,Cooling_System,2025-01-09,Starved,,,2025-01-09 09:55:00,2025-01-09 10:37:00,43
M1,ST6,Cooling_System,2025-01-09,Starved,,,2025-01-09 11:05:00,2025-01-09 11:15:00,11
M1,ST6,Cooling_System,2025-01-09,Starved,,,2025-01-09 11:59:00,2025-01-09 12:03:00,5
M1,ST6,Cooling_System,2025-01-09,Starved,,,2025-01-09 13:11:00,2025-01-09 13:30:00,20
M1,ST6,Cooling_System,2025-01-09,Starved,,,2025-01-09 13:44:00,2025-01-09 14:07:00,24
M1,ST6,Cooling_System,2025-01-09,Starved,,,2025-01-09 14:54:00,2025-01-09 14:56:00,3
M1,ST6,Cooling_System,2025-01-09,Starved,,,2025-01-09 14:58:00,2025-01-09 15:27:00,30
M1,ST6,Cooling_System,2025-01-09,Starved,,,2025-01-09 15:31:00,2025-01-09 16:07:00,37
M1,ST6,Cooling_System,2025-01-09,Starved,,,2025-01-09 16:20:00,2025-01-09 16:29:00,10
M1,ST6,Cooling_System,2025-01-09,Starved,,,2025-01-09 18:19:00,2025-01-09 18:50:00,32
M1,ST6,Cooling_System,2025-01-09,Starved,,,2025-01-09 19:33:00,2025-01-09 19:47:00,15
M1,ST6,Cooling_System,2025-01-09,Starved,,,2025-01-09 20:03:00,2025-01-09 20:33:00,31
M1,ST6,Cooling_System,2025-01-09,Starved,,,2025-01-09 20:35:00,2025-01-09 20:48:00,14
M1,ST6,Cooling_System,2025-01-09,Starved,,,2025-01-09 20:52:00,2025-01-09 21:41:00,50
M1,ST6,Cooling_System,2025-01-09,Starved,,,2025-01-09 21:47:00,2025-01-09 22:18:00,32
M1,ST6,Cooling_System,2025-01-09,Starved,,,2025-01-09 23:04:00,2025-01-09 23:30:00,27
M1,ST6,Cooling_System,2025-01-09,Starved,,,2025-01-09 23:38:00,2025-01-09 23:52:00,15
M1,ST6,Cooling_System,2025-01-10,Starved,,,2025-01-10 01:18:00,2025-01-10 01:30:00,13
M1,ST6,Cooling_System,2025-01-10,Starved,,,2025-01-10 01:35:00,2025-01-10 01:37:00,3
M1,ST6,Cooling_System,2025-01-10,Starved,,,2025-01-10 02:00:00,2025-01-10 02:06:00,7
M1,ST6,Cooling_System,2025-01-10,Starved,,,2025-01-10 02:48:00,2025-01-10 02:48:00,1
M1,ST6,Cooling_System,2025-01-10,Starved,,,2025-01-10 03:04:00,2025-01-10 03:08:00,5
M1,ST6,Cooling_System,2025-01-10,Starved,,,2025-01-10 04:48:00,2025-01-10 05:11:00,24
M1,ST6,Cooling_System,2025-01-10,Starved,,,2025-01-10 05:15:00,2025-01-10 05:38:00,24
M1,ST6,Cooling_System,2025-01-10,Starved,,,2025-01-10 07:08:00,2025-01-10 07:36:00,29
M1,ST6,Cooling_System,2025-01-10,Starved,,,2025-01-10 08:06:00,2025-01-10 08:11:00,6
M1,ST6,Cooling_System,2025-01-10,Starved,,,2025-01-10 08:22:00,2025-01-10 08:55:00,34
M1,ST6,Cooling_System,2025-01-10,Starved,,,2025-01-10 09:12:00,2025-01-10 09:53:00,42
M1,ST6,Cooling_System,2025-01-10,Starved,,,2025-01-10 10:22:00,2025-01-10 10:24:00,3
M1,ST6,Cooling_System,2025-01-10,Starved,,,2025-01-10 11:29:00,2025-01-10 11:54:00,26
M1,ST6,Cooling_System,2025-01-10,Starved,,,2025-01-10 12:30:00,2025-01-10 12:54:00,25
M1,ST6,Cooling_System,2025-01-10,Starved,,,2025-01-10 13:31:00,2025-01-10 13:42:00,12
M1,ST6,Cooling_System,2025-01-10,Starved,,,2025-01-10 13:46:00,2025-01-10 14:20:00,35
M1,ST6,Cooling_System,2025-01-10,Starved,,,2025-01-10 14:58:00,2025-01-10 15:09:00,12
M1,ST6,Cooling_System,2025-01-10,Starved,,,2025-01-10 15:13:00,2025-01-10 15:17:00,5
M1,ST6,Cooling_System,2025-01-10,Starved,,,2025-01-10 15:22:00,2025-01-10 15:27:00,6
M1,ST6,Cooling_System,2025-01-10,Starved,,,2025-01-10 15:35:00,2025-01-10 15:39:00,5
M1,ST6,Cooling_System,2025-01-10,Starved,,,2025-01-10 18:33:00,2025-01-10 18:58:00,26
M1,ST6,Cooling_System,2025-01-10,Starved,,,2025-01-10 19:45:00,2025-01-10 20:23:00,39
M1,ST6,Cooling_System,2025-01-10,Starved,,,2025-01-10 21:34:00,2025-01-10 22:03:00,30
M1,ST6,Cooling_System,2025-01-10,Starved,,,2025-01-10 22:45:00,2025-01-10 22:53:00,9
M1,ST6,Cooling_System,2025-01-10,Starved,,,2025-01-10 22:59:00,2025-01-10 23:26:00,28
M1,ST6,Cooling_System,2025-01-10,Starved,,,2025-01-10 23:55:00,2025-01-11 00:04:00,10
M1,ST6,Cooling_System,2025-01-11,Starved,,,2025-01-11 01:04:00,2025-01-11 01:52:00,49
M1,ST6,Cooling_System,2025-01-11,Starved,,,2025-01-11 02:28:00,2025-01-11 03:00:00,33
M1,ST6,Cooling_System,2025-01-11,Starved,,,2025-01-11 04:20:00,2025-01-11 04:33:00,14
M1,ST6,Cooling_System,2025-01-11,Starved,,,2025-01-11 04:42:00,2025-01-11 05:08:00,27
M1,ST6,Cooling_System,2025-01-11,Starved,,,2025-01-11 05:17:00,2025-01-11 05:57:00,41
M1,ST6,Cooling_System,2025-01-11,Starved,,,2025-01-11 06:16:00,2025-01-11 06:23:00,8
M1,ST6,Cooling_System,2025-01-11,Starved,,,2025-01-11 06:29:00,2025-01-11 06:48:00,20
M1,ST6,Cooling_System,2025-01-11,Starved,,,2025-01-11 07:49:00,2025-01-11 08:13:00,25
M1,ST6,Cooling_System,2025-01-11,Starved,,,2025-01-11 10:10:00,2025-01-11 10:40:00,31
M1,ST6,Cooling_System,2025-01-11,Starved,,,2025-01-11 10:48:00,2025-01-11 11:06:00,19
M1,ST6,Cooling_System,2025-01-11,Starved,,,2025-01-11 12:21:00,2025-01-11 12:25:00,5
M1,ST6,Cooling_System,2025-01-11,Starved,,,2025-01-11 13:36:00,2025-01-11 14:08:00,33
M1,ST6,Cooling_System,2025-01-11,Starved,,,2025-01-11 14:12:00,2025-01-11 14:16:00,5
M1,ST6,Cooling_System,2025-01-11,Starved,,,2025-01-11 14:40:00,2025-01-11 14:49:00,10
M1,ST6,Cooling_System,2025-01-11,Starved,,,2025-01-11 16:58:00,2025-01-11 17:09:00,12
M1,ST6,Cooling_System,2025-01-11,Starved,,,2025-01-11 17:20:00,2025-01-11 17:35:00,16
M1,ST6,Cooling_System,2025-01-11,Starved,,,2025-01-11 17:42:00,2025-01-11 17:53:00,12
M1,ST6,Cooling_System,2025-01-11,Starved,,,2025-01-11 18:41:00,2025-01-11 18:58:00,18
M1,ST6,Cooling_System,2025-01-11,Starved,,,2025-01-11 19:09:00,2025-01-11 19:14:00,6
M1,ST6,Cooling_System,2025-01-11,Starved,,,2025-01-11 19:39:00,2025-01-11 19:43:00,5
M1,ST6,Cooling_System,2025-01-11,Starved,,,2025-01-11 20:25:00,2025-01-11 20:53:00,29
M1,ST6,Cooling_System,2025-01-11,Starved,,,2025-01-11 20:57:00,2025-01-11 21:06:00,10
M1,ST6,Cooling_System,2025-01-11,Starved,,,2025-01-11 22:24:00,2025-01-11 22:35:00,12
M1,ST6,Cooling_System,2025-01-11,Starved,,,2025-01-11 22:39:00,2025-01-11 22:54:00,16
M1,ST6,Cooling_System,2025-01-11,Starved,,,2025-01-11 23:01:00,2025-01-11 23:12:00,12
M1,ST6,Cooling_System,2025-01-12,Starved,,,2025-01-12 00:00:00,2025-01-12 00:28:00,29
M1,ST6,Cooling_System,2025-01-12,Starved,,,2025-01-12 00:34:00,2025-01-12 00:37:00,4
M1,ST6,Cooling_System,2025-01-12,Starved,,,2025-01-12 00:45:00,2025-01-12 01:00:00,16
M1,ST6,Cooling_System,2025-01-12,Starved,,,2025-01-12 01:14:00,2025-01-12 01:23:00,10
M1,ST6,Cooling_System,2025-01-12,Starved,,,2025-01-12 02:52:00,2025-01-12 03:16:00,25
M1,ST6,Cooling_System,2025-01-12,Starved,,,2025-01-12 03:38:00,2025-01-12 03:39:00,2
M1,ST6,Cooling_System,2025-01-12,Starved,,,2025-01-12 04:50:00,2025-01-12 05:12:00,23
M1,ST6,Cooling_System,2025-01-12,Starved,,,2025-01-12 05:29:00,2025-01-12 05:38:00,10
M1,ST6,Cooling_System,2025-01-12,Starved,,,2025-01-12 06:04:00,2025-01-12 06:08:00,5
M1,ST6,Cooling_System,2025-01-12,Starved,,,2025-01-12 06:28:00,2025-01-12 06:37:00,10
M1,ST6,Cooling_System,2025-01-12,Starved,,,2025-01-12 06:42:00,2025-01-12 06:57:00,16
M1,ST6,Cooling_System,2025-01-12,Starved,,,2025-01-12 07:18:00,2025-01-12 07:35:00,18
M1,ST6,Cooling_System,2025-01-12,Starved,,,2025-01-12 08:21:00,2025-01-12 08:33:00,13
M1,ST6,Cooling_System,2025-01-12,Starved,,,2025-01-12 09:02:00,2025-01-12 09:25:00,24
M1,ST6,Cooling_System,2025-01-12,Starved,,,2025-01-12 10:10:00,2025-01-12 10:30:00,21
M1,ST6,Cooling_System,2025-01-12,Starved,,,2025-01-12 11:16:00,2025-01-12 11:20:00,5
M1,ST6,Cooling_System,2025-01-12,Starved,,,2025-01-12 11:47:00,2025-01-12 12:18:00,32
M1,ST6,Cooling_System,2025-01-12,Starved,,,2025-01-12 12:24:00,2025-01-12 12:38:00,15
M1,ST6,Cooling_System,2025-01-12,Starved,,,2025-01-12 13:23:00,2025-01-12 13:23:00,1
M1,ST6,Cooling_System,2025-01-12,Starved,,,2025-01-12 14:00:00,2025-01-12 14:00:00,1
M1,ST6,Cooling_System,2025-01-12,Starved,,,2025-01-12 14:29:00,2025-01-12 14:44:00,16
M1,ST6,Cooling_System,2025-01-12,Starved,,,2025-01-12 14:49:00,2025-01-12 15:00:00,12
M1,ST6,Cooling_System,2025-01-12,Starved,,,2025-01-12 16:11:00,2025-01-12 16:50:00,40
M1,ST6,Cooling_System,2025-01-12,Starved,,,2025-01-12 17:06:00,2025-01-12 17:23:00,18
M1,ST6,Cooling_System,2025-01-12,Starved,,,2025-01-12 17:58:00,2025-01-12 18:10:00,13
M1,ST6,Cooling_System,2025-01-12,Starved,,,2025-01-12 18:18:00,2025-01-12 18:29:00,12
M1,ST6,Cooling_System,2025-01-12,Starved,,,2025-01-12 18:35:00,2025-01-12 18:54:00,20
M1,ST6,Cooling_System,2025-01-12,Starved,,,2025-01-12 20:19:00,2025-01-12 20:30:00,12
M1,ST6,Cooling_System,2025-01-12,Starved,,,2025-01-12 22:15:00,2025-01-12 22:35:00,21
M1,ST6,Cooling_System,2025-01-12,Starved,,,2025-01-12 23:33:00,2025-01-12 23:39:00,7
M1,ST6,Cooling_System,2025-01-12,Starved,,,2025-01-12 23:45:00,2025-01-12 23:52:00,8
M1,ST6,Cooling_System,2025-01-13,Starved,,,2025-01-13 00:32:00,2025-01-13 00:46:00,15
M1,ST6,Cooling_System,2025-01-13,Starved,,,2025-01-13 00:56:00,2025-01-13 01:24:00,29
M1,ST6,Cooling_System,2025-01-13,Starved,,,2025-01-13 01:42:00,2025-01-13 02:25:00,44
M1,ST6,Cooling_System,2025-01-13,Starved,,,2025-01-13 04:53:00,2025-01-13 05:23:00,31
M1,ST6,Cooling_System,2025-01-13,Starved,,,2025-01-13 05:27:00,2025-01-13 05:30:00,4
M1,ST6,Cooling_System,2025-01-13,Starved,,,2025-01-13 06:03:00,2025-01-13 06:26:00,24
M1,ST6,Cooling_System,2025-01-13,Starved,,,2025-01-13 06:30:00,2025-01-13 06:59:00,30
M1,ST6,Cooling_System,2025-01-13,Starved,,,2025-01-13 07:53:00,2025-01-13 08:49:00,57
M1,ST6,Cooling_System,2025-01-13,Starved,,,2025-01-13 09:56:00,2025-01-13 10:28:00,33
M1,ST6,Cooling_System,2025-01-13,Starved,,,2025-01-13 10:34:00,2025-01-13 11:02:00,29
M1,ST6,Cooling_System,2025-01-13,Starved,,,2025-01-13 11:35:00,2025-01-13 12:03:00,29
M1,ST6,Cooling_System,2025-01-13,Starved,,,2025-01-13 12:11:00,2025-01-13 12:36:00,26
M1,ST6,Cooling_System,2025-01-13,Starved,,,2025-01-13 13:02:00,2025-01-13 13:10:00,9
M1,ST6,Cooling_System,2025-01-13,Starved,,,2025-01-13 15:14:00,2025-01-13 15:58:00,45
M1,ST6,Cooling_System,2025-01-13,Starved,,,2025-01-13 16:04:00,2025-01-13 16:06:00,3
M1,ST6,Cooling_System,2025-01-13,Starved,,,2025-01-13 16:10:00,2025-01-13 16:38:00,29
M1,ST6,Cooling_System,2025-01-13,Starved,,,2025-01-13 17:10:00,2025-01-13 17:14:00,5
M1,ST6,Cooling_System,2025-01-13,Starved,,,2025-01-13 17:32:00,2025-01-13 17:45:00,14
M1,ST6,Cooling_System,2025-01-13,Starved,,,2025-01-13 18:47:00,2025-01-13 18:57:00,11
M1,ST6,Cooling_System,2025-01-13,Starved,,,2025-01-13 19:01:00,2025-01-13 19:03:00,3
M1,ST6,Cooling_System,2025-01-13,Starved,,,2025-01-13 19:42:00,2025-01-13 19:59:00,18
M1,ST6,Cooling_System,2025-01-13,Starved,,,2025-01-13 20:03:00,2025-01-13 20:04:00,2
M1,ST6,Cooling_System,2025-01-13,Starved,,,2025-01-13 22:30:00,2025-01-13 22:52:00,23
M1,ST6,Cooling_System,2025-01-14,Starved,,,2025-01-14 00:03:00,2025-01-14 00:48:00,46
M1,ST6,Cooling_System,2025-01-14,Starved,,,2025-01-14 01:07:00,2025-01-14 01:14:00,8
M1,ST6,Cooling_System,2025-01-14,Starved,,,2025-01-14 01:24:00,2025-01-14 02:04:00,41
M1,ST6,Cooling_System,2025-01-14,Starved,,,2025-01-14 03:14:00,2025-01-14 03:40:00,27
M1,ST6,Cooling_System,2025-01-14,Starved,,,2025-01-14 04:51:00,2025-01-14 05:05:00,15
M1,ST6,Cooling_System,2025-01-14,Starved,,,2025-01-14 05:49:00,2025-01-14 06:13:00,25
M1,ST6,Cooling_System,2025-01-14,Starved,,,2025-01-14 06:53:00,2025-01-14 06:56:00,4
M1,ST6,Cooling_System,2025-01-14,Starved,,,2025-01-14 07:06:00,2025-01-14 07:17:00,12
M1,ST6,Cooling_System,2025-01-14,Starved,,,2025-01-14 07:45:00,2025-01-14 08:23:00,39
M1,ST6,Cooling_System,2025-01-14,Starved,,,2025-01-14 09:40:00,2025-01-14 09:47:00,8
M1,ST6,Cooling_System,2025-01-14,Starved,,,2025-01-14 10:03:00,2025-01-14 10:24:00,22
M1,ST6,Cooling_System,2025-01-14,Starved,,,2025-01-14 10:28:00,2025-01-14 10:51:00,24
M1,ST6,Cooling_System,2025-01-14,Starved,,,2025-01-14 11:01:00,2025-01-14 11:16:00,16
M1,ST6,Cooling_System,2025-01-14,Starved,,,2025-01-14 12:41:00,2025-01-14 12:41:00,1
M1,ST6,Cooling_System,2025-01-14,Starved,,,2025-01-14 13:20:00,2025-01-14 13:37:00,18
M1,ST6,Cooling_System,2025-01-14,Starved,,,2025-01-14 13:42:00,2025-01-14 14:00:00,19
M1,ST6,Cooling_System,2025-01-14,Starved,,,2025-01-14 14:51:00,2025-01-14 15:00:00,10
M1,ST6,Cooling_System,2025-01-14,Starved,,,2025-01-14 15:07:00,2025-01-14 15:52:00,46
M1,ST6,Cooling_System,2025-01-14,Starved,,,2025-01-14 18:38:00,2025-01-14 19:13:00,36
M1,ST6,Cooling_System,2025-01-14,Starved,,,2025-01-14 19:17:00,2025-01-14 19:22:00,6
M1,ST6,Cooling_System,2025-01-14,Starved,,,2025-01-14 19:57:00,2025-01-14 20:05:00,9
M1,ST6,Cooling_System,2025-01-14,Starved,,,2025-01-14 20:31:00,2025-01-14 20:46:00,16
M1,ST6,Cooling_System,2025-01-14,Starved,,,2025-01-14 22:25:00,2025-01-14 22:47:00,23
M1,ST6,Cooling_System,2025-01-14,Starved,,,2025-01-14 22:55:00,2025-01-14 23:14:00,20
M1,ST6,Cooling_System,2025-01-14,Starved,,,2025-01-14 23:16:00,2025-01-14 23:24:00,9
M1,ST6,Cooling_System,2025-01-14,Starved,,,2025-01-14 23:48:00,2025-01-14 23:50:00,3
M1,ST6,Cooling_System,2025-01-15,Starved,,,2025-01-15 00:22:00,2025-01-15 00:39:00,18
M1,ST6,Cooling_System,2025-01-15,Starved,,,2025-01-15 00:43:00,2025-01-15 01:16:00,34
M1,ST6,Cooling_System,2025-01-15,Starved,,,2025-01-15 01:20:00,2025-01-15 01:25:00,6
M1,ST6,Cooling_System,2025-01-15,Starved,,,2025-01-15 01:31:00,2025-01-15 01:36:00,6
M1,ST6,Cooling_System,2025-01-15,Starved,,,2025-01-15 02:43:00,2025-01-15 02:51:00,9
M1,ST6,Cooling_System,2025-01-15,Starved,,,2025-01-15 03:00:00,2025-01-15 04:11:00,72
M1,ST6,Cooling_System,2025-01-15,Starved,,,2025-01-15 04:16:00,2025-01-15 04:20:00,5
M1,ST6,Cooling_System,2025-01-15,Starved,,,2025-01-15 04:36:00,2025-01-15 04:42:00,7
M1,ST6,Cooling_System,2025-01-15,Starved,,,2025-01-15 04:53:00,2025-01-15 05:07:00,15
M1,ST6,Cooling_System,2025-01-15,Starved,,,2025-01-15 05:49:00,2025-01-15 06:08:00,20
M1,ST6,Cooling_System,2025-01-15,Starved,,,2025-01-15 06:59:00,2025-01-15 07:34:00,36
M1,ST6,Cooling_System,2025-01-15,Starved,,,2025-01-15 09:07:00,2025-01-15 09:14:00,8
M1,ST6,Cooling_System,2025-01-15,Starved,,,2025-01-15 10:04:00,2025-01-15 10:26:00,23
M1,ST6,Cooling_System,2025-01-15,Starved,,,2025-01-15 10:33:00,2025-01-15 10:56:00,24
M1,ST6,Cooling_System,2025-01-15,Starved,,,2025-01-15 12:02:00,2025-01-15 12:24:00,23
M1,ST6,Cooling_System,2025-01-15,Starved,,,2025-01-15 12:28:00,2025-01-15 12:54:00,27
M1,ST6,Cooling_System,2025-01-15,Starved,,,2025-01-15 13:01:00,2025-01-15 13:14:00,14
M1,ST6,Cooling_System,2025-01-15,Starved,,,2025-01-15 13:48:00,2025-01-15 13:57:00,10
M1,ST6,Cooling_System,2025-01-15,Starved,,,2025-01-15 14:42:00,2025-01-15 15:21:00,40
M1,ST6,Cooling_System,2025-01-15,Starved,,,2025-01-15 16:07:00,2025-01-15 16:30:00,24
M1,ST6,Cooling_System,2025-01-15,Starved,,,2025-01-15 16:32:00,2025-01-15 16:58:00,27
M1,ST6,Cooling_System,2025-01-15,Starved,,,2025-01-15 17:16:00,2025-01-15 17:39:00,24
M1,ST6,Cooling_System,2025-01-15,Starved,,,2025-01-15 18:13:00,2025-01-15 18:15:00,3
M1,ST6,Cooling_System,2025-01-15,Starved,,,2025-01-15 19:33:00,2025-01-15 19:41:00,9
M1,ST6,Cooling_System,2025-01-15,Starved,,,2025-01-15 19:51:00,2025-01-15 20:13:00,23
M1,ST6,Cooling_System,2025-01-15,Starved,,,2025-01-15 20:17:00,2025-01-15 20:33:00,17
M1,ST6,Cooling_System,2025-01-15,Starved,,,2025-01-15 20:58:00,2025-01-15 21:15:00,18
M1,ST6,Cooling_System,2025-01-15,Starved,,,2025-01-15 21:23:00,2025-01-15 21:45:00,23
M1,ST6,Cooling_System,2025-01-15,Starved,,,2025-01-15 22:04:00,2025-01-15 22:14:00,11
M1,ST6,Cooling_System,2025-01-15,Starved,,,2025-01-15 23:57:00,2025-01-16 00:17:00,21
M1,ST6,Cooling_System,2025-01-16,Starved,,,2025-01-16 00:23:00,2025-01-16 00:25:00,3
M1,ST6,Cooling_System,2025-01-16,Starved,,,2025-01-16 01:00:00,2025-01-16 01:14:00,15
M1,ST6,Cooling_System,2025-01-16,Starved,,,2025-01-16 01:21:00,2025-01-16 01:55:00,35
M1,ST6,Cooling_System,2025-01-16,Starved,,,2025-01-16 02:04:00,2025-01-16 02:28:00,25
M1,ST6,Cooling_System,2025-01-16,Starved,,,2025-01-16 02:40:00,2025-01-16 02:58:00,19
M1,ST6,Cooling_System,2025-01-16,Starved,,,2025-01-16 03:02:00,2025-01-16 03:10:00,9
M1,ST6,Cooling_System,2025-01-16,Starved,,,2025-01-16 03:53:00,2025-01-16 03:55:00,3
M1,ST6,Cooling_System,2025-01-16,Starved,,,2025-01-16 04:32:00,2025-01-16 04:33:00,2
M1,ST6,Cooling_System,2025-01-16,Starved,,,2025-01-16 05:08:00,2025-01-16 05:16:00,9
M1,ST6,Cooling_System,2025-01-16,Starved,,,2025-01-16 06:36:00,2025-01-16 07:17:00,42
M1,ST6,Cooling_System,2025-01-16,Starved,,,2025-01-16 07:21:00,2025-01-16 07:55:00,35
M1,ST6,Cooling_System,2025-01-16,Starved,,,2025-01-16 08:25:00,2025-01-16 09:03:00,39
M1,ST6,Cooling_System,2025-01-16,Starved,,,2025-01-16 09:41:00,2025-01-16 09:52:00,12
M1,ST6,Cooling_System,2025-01-16,Starved,,,2025-01-16 10:28:00,2025-01-16 10:53:00,26
M1,ST6,Cooling_System,2025-01-16,Starved,,,2025-01-16 11:03:00,2025-01-16 11:18:00,16
M1,ST6,Cooling_System,2025-01-16,Starved,,,2025-01-16 13:26:00,2025-01-16 13:52:00,27
M1,ST6,Cooling_System,2025-01-16,Starved,,,2025-01-16 14:25:00,2025-01-16 15:46:00,82
M1,ST6,Cooling_System,2025-01-16,Starved,,,2025-01-16 15:55:00,2025-01-16 16:10:00,16
M1,ST6,Cooling_System,2025-01-16,Starved,,,2025-01-16 18:16:00,2025-01-16 18:20:00,5
M1,ST6,Cooling_System,2025-01-16,Starved,,,2025-01-16 18:23:00,2025-01-16 19:01:00,39
M1,ST6,Cooling_System,2025-01-16,Starved,,,2025-01-16 19:19:00,2025-01-16 19:46:00,28
M1,ST6,Cooling_System,2025-01-16,Starved,,,2025-01-16 20:07:00,2025-01-16 20:34:00,28
M1,ST6,Cooling_System,2025-01-16,Starved,,,2025-01-16 22:23:00,2025-01-16 22:43:00,21
M1,ST6,Cooling_System,2025-01-16,Starved,,,2025-01-16 22:57:00,2025-01-16 23:02:00,6
M1,ST6,Cooling_System,2025-01-16,Starved,,,2025-01-16 23:33:00,2025-01-17 00:12:00,40
M1,ST6,Cooling_System,2025-01-17,Starved,,,2025-01-17 00:19:00,2025-01-17 00:49:00,31
M1,ST6,Cooling_System,2025-01-17,Starved,,,2025-01-17 00:55:00,2025-01-17 01:11:00,17
M1,ST6,Cooling_System,2025-01-17,Starved,,,2025-01-17 02:15:00,2025-01-17 02:15:00,1
M1,ST6,Cooling_System,2025-01-17,Starved,,,2025-01-17 02:23:00,2025-01-17 02:25:00,3
M1,ST6,Cooling_System,2025-01-17,Starved,,,2025-01-17 02:34:00,2025-01-17 02:50:00,17
M1,ST6,Cooling_System,2025-01-17,Starved,,,2025-01-17 03:08:00,2025-01-17 03:21:00,14
M1,ST6,Cooling_System,2025-01-17,Starved,,,2025-01-17 04:03:00,2025-01-17 04:31:00,29
M1,ST6,Cooling_System,2025-01-17,Starved,,,2025-01-17 06:47:00,2025-01-17 07:13:00,27
M1,ST6,Cooling_System,2025-01-17,Starved,,,2025-01-17 07:23:00,2025-01-17 07:24:00,2
M1,ST6,Cooling_System,2025-01-17,Starved,,,2025-01-17 09:53:00,2025-01-17 10:04:00,12
M1,ST6,Cooling_System,2025-01-17,Starved,,,2025-01-17 11:27:00,2025-01-17 11:27:00,1
M1,ST6,Cooling_System,2025-01-17,Starved,,,2025-01-17 11:44:00,2025-01-17 12:01:00,18
M1,ST6,Cooling_System,2025-01-17,Starved,,,2025-01-17 12:09:00,2025-01-17 12:31:00,23
M1,ST6,Cooling_System,2025-01-17,Starved,,,2025-01-17 12:36:00,2025-01-17 13:13:00,38
M1,ST6,Cooling_System,2025-01-17,Starved,,,2025-01-17 14:43:00,2025-01-17 15:15:00,33
M1,ST6,Cooling_System,2025-01-17,Starved,,,2025-01-17 15:36:00,2025-01-17 15:43:00,8
M1,ST6,Cooling_System,2025-01-17,Starved,,,2025-01-17 15:50:00,2025-01-17 15:55:00,6
M1,ST6,Cooling_System,2025-01-17,Starved,,,2025-01-17 19:20:00,2025-01-17 19:31:00,12
M1,ST6,Cooling_System,2025-01-17,Starved,,,2025-01-17 19:54:00,2025-01-17 20:10:00,17
M1,ST6,Cooling_System,2025-01-17,Starved,,,2025-01-17 22:58:00,2025-01-17 23:23:00,26
M1,ST6,Cooling_System,2025-01-18,Starved,,,2025-01-18 00:12:00,2025-01-18 00:37:00,26
M1,ST6,Cooling_System,2025-01-18,Starved,,,2025-01-18 01:11:00,2025-01-18 01:12:00,2
M1,ST6,Cooling_System,2025-01-18,Starved,,,2025-01-18 01:16:00,2025-01-18 01:18:00,3
M1,ST6,Cooling_System,2025-01-18,Starved,,,2025-01-18 01:30:00,2025-01-18 01:51:00,22
M1,ST6,Cooling_System,2025-01-18,Starved,,,2025-01-18 02:01:00,2025-01-18 02:22:00,22
M1,ST6,Cooling_System,2025-01-18,Starved,,,2025-01-18 02:50:00,2025-01-18 03:00:00,11
M1,ST6,Cooling_System,2025-01-18,Starved,,,2025-01-18 03:21:00,2025-01-18 03:44:00,24
M1,ST6,Cooling_System,2025-01-18,Starved,,,2025-01-18 04:27:00,2025-01-18 04:33:00,7
M1,ST6,Cooling_System,2025-01-18,Starved,,,2025-01-18 05:41:00,2025-01-18 06:04:00,24
M1,ST6,Cooling_System,2025-01-18,Starved,,,2025-01-18 06:27:00,2025-01-18 06:36:00,10
M1,ST6,Cooling_System,2025-01-18,Starved,,,2025-01-18 06:45:00,2025-01-18 07:08:00,24
M1,ST6,Cooling_System,2025-01-18,Starved,,,2025-01-18 08:27:00,2025-01-18 08:40:00,14
M1,ST6,Cooling_System,2025-01-18,Starved,,,2025-01-18 10:26:00,2025-01-18 10:38:00,13
M1,ST6,Cooling_System,2025-01-18,Starved,,,2025-01-18 10:55:00,2025-01-18 11:23:00,29
M1,ST6,Cooling_System,2025-01-18,Starved,,,2025-01-18 11:51:00,2025-01-18 12:03:00,13
M1,ST6,Cooling_System,2025-01-18,Starved,,,2025-01-18 12:09:00,2025-01-18 12:15:00,7
M1,ST6,Cooling_System,2025-01-18,Starved,,,2025-01-18 15:24:00,2025-01-18 15:36:00,13
M1,ST6,Cooling_System,2025-01-18,Starved,,,2025-01-18 15:42:00,2025-01-18 15:53:00,12
M1,ST6,Cooling_System,2025-01-18,Starved,,,2025-01-18 16:14:00,2025-01-18 16:49:00,36
M1,ST6,Cooling_System,2025-01-18,Starved,,,2025-01-18 17:14:00,2025-01-18 17:19:00,6
M1,ST6,Cooling_System,2025-01-18,Starved,,,2025-01-18 17:25:00,2025-01-18 17:28:00,4
M1,ST6,Cooling_System,2025-01-18,Starved,,,2025-01-18 17:39:00,2025-01-18 18:00:00,22
M1,ST6,Cooling_System,2025-01-18,Starved,,,2025-01-18 18:06:00,2025-01-18 18:21:00,16
M1,ST6,Cooling_System,2025-01-18,Starved,,,2025-01-18 18:42:00,2025-01-18 18:49:00,8
M1,ST6,Cooling_System,2025-01-18,Starved,,,2025-01-18 19:22:00,2025-01-18 19:34:00,13
M1,ST6,Cooling_System,2025-01-18,Starved,,,2025-01-18 19:42:00,2025-01-18 19:49:00,8
M1,ST6,Cooling_System,2025-01-18,Starved,,,2025-01-18 21:02:00,2025-01-18 21:34:00,33
M1,ST6,Cooling_System,2025-01-18,Starved,,,2025-01-18 21:38:00,2025-01-18 22:18:00,41
M1,ST6,Cooling_System,2025-01-18,Starved,,,2025-01-18 22:33:00,2025-01-18 22:39:00,7
M1,ST6,Cooling_System,2025-01-18,Starved,,,2025-01-18 23:19:00,2025-01-18 23:42:00,24
M1,ST6,Cooling_System,2025-01-18,Starved,,,2025-01-18 23:51:00,2025-01-18 23:51:00,1
M1,ST6,Cooling_System,2025-01-19,Starved,,,2025-01-19 00:36:00,2025-01-19 00:49:00,14
M1,ST6,Cooling_System,2025-01-19,Starved,,,2025-01-19 00:53:00,2025-01-19 01:13:00,21
M1,ST6,Cooling_System,2025-01-19,Starved,,,2025-01-19 02:53:00,2025-01-19 03:16:00,24
M1,ST6,Cooling_System,2025-01-19,Starved,,,2025-01-19 03:24:00,2025-01-19 03:50:00,27
M1,ST6,Cooling_System,2025-01-19,Starved,,,2025-01-19 03:54:00,2025-01-19 04:31:00,38
M1,ST6,Cooling_System,2025-01-19,Starved,,,2025-01-19 05:05:00,2025-01-19 05:15:00,11
M1,ST6,Cooling_System,2025-01-19,Starved,,,2025-01-19 05:57:00,2025-01-19 06:03:00,7
M1,ST6,Cooling_System,2025-01-19,Starved,,,2025-01-19 06:05:00,2025-01-19 06:30:00,26
M1,ST6,Cooling_System,2025-01-19,Starved,,,2025-01-19 06:35:00,2025-01-19 06:51:00,17
M1,ST6,Cooling_System,2025-01-19,Starved,,,2025-01-19 07:58:00,2025-01-19 07:59:00,2
M1,ST6,Cooling_System,2025-01-19,Starved,,,2025-01-19 08:21:00,2025-01-19 08:30:00,10
M1,ST6,Cooling_System,2025-01-19,Starved,,,2025-01-19 09:25:00,2025-01-19 10:08:00,44
M1,ST6,Cooling_System,2025-01-19,Starved,,,2025-01-19 10:54:00,2025-01-19 11:42:00,49
M1,ST6,Cooling_System,2025-01-19,Starved,,,2025-01-19 11:55:00,2025-01-19 11:59:00,5
M1,ST6,Cooling_System,2025-01-19,Starved,,,2025-01-19 13:18:00,2025-01-19 13:33:00,16
M1,ST6,Cooling_System,2025-01-19,Starved,,,2025-01-19 13:41:00,2025-01-19 14:31:00,51
M1,ST6,Cooling_System,2025-01-19,Starved,,,2025-01-19 15:30:00,2025-01-19 15:41:00,12
M1,ST6,Cooling_System,2025-01-19,Starved,,,2025-01-19 16:16:00,2025-01-19 16:47:00,32
M1,ST6,Cooling_System,2025-01-19,Starved,,,2025-01-19 17:30:00,2025-01-19 17:46:00,17
M1,ST6,Cooling_System,2025-01-19,Starved,,,2025-01-19 18:11:00,2025-01-19 18:26:00,16
M1,ST6,Cooling_System,2025-01-19,Starved,,,2025-01-19 18:51:00,2025-01-19 19:25:00,35
M1,ST6,Cooling_System,2025-01-19,Starved,,,2025-01-19 19:33:00,2025-01-19 20:38:00,66
M1,ST6,Cooling_System,2025-01-19,Starved,,,2025-01-19 20:42:00,2025-01-19 21:15:00,34
M1,ST6,Cooling_System,2025-01-19,Starved,,,2025-01-19 21:21:00,2025-01-19 21:28:00,8
M1,ST6,Cooling_System,2025-01-19,Starved,,,2025-01-19 22:09:00,2025-01-19 22:41:00,33
M1,ST6,Cooling_System,2025-01-19,Starved,,,2025-01-19 23:01:00,2025-01-19 23:23:00,23
M1,ST6,Cooling_System,2025-01-19,Starved,,,2025-01-19 23:48:00,2025-01-19 23:49:00,2
M1,ST6,Cooling_System,2025-01-20,Starved,,,2025-01-20 00:21:00,2025-01-20 00:35:00,15
M1,ST6,Cooling_System,2025-01-20,Starved,,,2025-01-20 00:55:00,2025-01-20 01:01:00,7
M1,ST6,Cooling_System,2025-01-20,Starved,,,2025-01-20 02:12:00,2025-01-20 02:22:00,11
M1,ST6,Cooling_System,2025-01-20,Starved,,,2025-01-20 03:02:00,2025-01-20 03:05:00,4
M1,ST6,Cooling_System,2025-01-20,Starved,,,2025-01-20 04:14:00,2025-01-20 04:36:00,23
M1,ST6,Cooling_System,2025-01-20,Starved,,,2025-01-20 06:06:00,2025-01-20 06:27:00,22
M1,ST6,Cooling_System,2025-01-20,Starved,,,2025-01-20 06:31:00,2025-01-20 06:33:00,3
M1,ST6,Cooling_System,2025-01-20,Starved,,,2025-01-20 06:50:00,2025-01-20 07:15:00,26
M1,ST6,Cooling_System,2025-01-20,Starved,,,2025-01-20 07:26:00,2025-01-20 07:56:00,31
M1,ST6,Cooling_System,2025-01-20,Starved,,,2025-01-20 07:59:00,2025-01-20 08:09:00,11
M1,ST6,Cooling_System,2025-01-20,Starved,,,2025-01-20 08:12:00,2025-01-20 08:20:00,9
M1,ST6,Cooling_System,2025-01-20,Starved,,,2025-01-20 08:24:00,2025-01-20 08:49:00,26
M1,ST6,Cooling_System,2025-01-20,Starved,,,2025-01-20 08:53:00,2025-01-20 09:23:00,31
M1,ST6,Cooling_System,2025-01-20,Starved,,,2025-01-20 10:46:00,2025-01-20 10:55:00,10
M1,ST6,Cooling_System,2025-01-20,Starved,,,2025-01-20 11:11:00,2025-01-20 11:12:00,2
M1,ST6,Cooling_System,2025-01-20,Starved,,,2025-01-20 13:37:00,2025-01-20 13:52:00,16
M1,ST6,Cooling_System,2025-01-20,Starved,,,2025-01-20 13:59:00,2025-01-20 14:28:00,30
M1,ST6,Cooling_System,2025-01-20,Starved,,,2025-01-20 14:32:00,2025-01-20 14:41:00,10
M1,ST6,Cooling_System,2025-01-20,Starved,,,2025-01-20 15:07:00,2025-01-20 15:26:00,20
M1,ST6,Cooling_System,2025-01-20,Starved,,,2025-01-20 15:30:00,2025-01-20 16:08:00,39
M1,ST6,Cooling_System,2025-01-20,Starved,,,2025-01-20 16:36:00,2025-01-20 16:59:00,24
M1,ST6,Cooling_System,2025-01-20,Starved,,,2025-01-20 17:05:00,2025-01-20 17:25:00,21
M1,ST6,Cooling_System,2025-01-20,Starved,,,2025-01-20 18:54:00,2025-01-20 19:03:00,10
M1,ST6,Cooling_System,2025-01-20,Starved,,,2025-01-20 19:32:00,2025-01-20 19:40:00,9
M1,ST6,Cooling_System,2025-01-20,Starved,,,2025-01-20 19:44:00,2025-01-20 20:03:00,20
M1,ST6,Cooling_System,2025-01-20,Starved,,,2025-01-20 20:49:00,2025-01-20 21:20:00,32
M1,ST6,Cooling_System,2025-01-20,Starved,,,2025-01-20 22:16:00,2025-01-20 23:11:00,56
M1,ST6,Cooling_System,2025-01-20,Starved,,,2025-01-20 23:13:00,2025-01-20 23:18:00,6
M1,ST6,Cooling_System,2025-01-20,Starved,,,2025-01-20 23:21:00,2025-01-20 23:39:00,19
M1,ST6,Cooling_System,2025-01-20,Starved,,,2025-01-20 23:47:00,2025-01-21 00:22:00,36
M1,ST6,Cooling_System,2025-01-21,Starved,,,2025-01-21 00:34:00,2025-01-21 01:04:00,31
M1,ST6,Cooling_System,2025-01-21,Starved,,,2025-01-21 01:08:00,2025-01-21 01:29:00,22
M1,ST6,Cooling_System,2025-01-21,Starved,,,2025-01-21 01:56:00,2025-01-21 02:10:00,15
M1,ST6,Cooling_System,2025-01-21,Starved,,,2025-01-21 02:30:00,2025-01-21 02:56:00,27
M1,ST6,Cooling_System,2025-01-21,Starved,,,2025-01-21 03:25:00,2025-01-21 03:40:00,16
M1,ST6,Cooling_System,2025-01-21,Starved,,,2025-01-21 04:01:00,2025-01-21 04:24:00,24
M1,ST6,Cooling_System,2025-01-21,Starved,,,2025-01-21 04:38:00,2025-01-21 04:57:00,20
M1,ST6,Cooling_System,2025-01-21,Starved,,,2025-01-21 05:22:00,2025-01-21 05:25:00,4
M1,ST6,Cooling_System,2025-01-21,Starved,,,2025-01-21 06:36:00,2025-01-21 06:57:00,22
M1,ST6,Cooling_System,2025-01-21,Starved,,,2025-01-21 08:21:00,2025-01-21 08:50:00,30
M1,ST6,Cooling_System,2025-01-21,Starved,,,2025-01-21 09:16:00,2025-01-21 09:25:00,10
M1,ST6,Cooling_System,2025-01-21,Starved,,,2025-01-21 09:56:00,2025-01-21 10:13:00,18
M1,ST6,Cooling_System,2025-01-21,Starved,,,2025-01-21 10:40:00,2025-01-21 11:31:00,52
M1,ST6,Cooling_System,2025-01-21,Starved,,,2025-01-21 11:59:00,2025-01-21 12:16:00,18
M1,ST6,Cooling_System,2025-01-21,Starved,,,2025-01-21 13:04:00,2025-01-21 13:07:00,4
M1,ST6,Cooling_System,2025-01-21,Starved,,,2025-01-21 13:32:00,2025-01-21 13:42:00,11
M1,ST6,Cooling_System,2025-01-21,Starved,,,2025-01-21 14:34:00,2025-01-21 14:35:00,2
M1,ST6,Cooling_System,2025-01-21,Starved,,,2025-01-21 16:30:00,2025-01-21 16:45:00,16
M1,ST6,Cooling_System,2025-01-21,Starved,,,2025-01-21 17:32:00,2025-01-21 17:40:00,9
M1,ST6,Cooling_System,2025-01-21,Starved,,,2025-01-21 17:59:00,2025-01-21 18:31:00,33
M1,ST6,Cooling_System,2025-01-21,Starved,,,2025-01-21 18:42:00,2025-01-21 19:20:00,39
M1,ST6,Cooling_System,2025-01-21,Starved,,,2025-01-21 19:48:00,2025-01-21 20:08:00,21
M1,ST6,Cooling_System,2025-01-21,Starved,,,2025-01-21 20:16:00,2025-01-21 20:17:00,2
M1,ST6,Cooling_System,2025-01-21,Starved,,,2025-01-21 21:19:00,2025-01-21 21:48:00,30
M1,ST6,Cooling_System,2025-01-21,Starved,,,2025-01-21 21:52:00,2025-01-21 22:11:00,20
M1,ST6,Cooling_System,2025-01-21,Starved,,,2025-01-21 22:19:00,2025-01-21 22:32:00,14
M1,ST6,Cooling_System,2025-01-21,Starved,,,2025-01-21 23:18:00,2025-01-21 23:31:00,14
M1,ST6,Cooling_System,2025-01-21,Starved,,,2025-01-21 23:57:00,2025-01-22 00:08:00,12
M1,ST6,Cooling_System,2025-01-22,Starved,,,2025-01-22 00:43:00,2025-01-22 01:28:00,46
M1,ST6,Cooling_System,2025-01-22,Starved,,,2025-01-22 02:20:00,2025-01-22 02:43:00,24
M1,ST6,Cooling_System,2025-01-22,Starved,,,2025-01-22 03:12:00,2025-01-22 03:47:00,36
M1,ST6,Cooling_System,2025-01-22,Starved,,,2025-01-22 04:54:00,2025-01-22 05:22:00,29
M1,ST6,Cooling_System,2025-01-22,Starved,,,2025-01-22 05:55:00,2025-01-22 06:02:00,8
M1,ST6,Cooling_System,2025-01-22,Starved,,,2025-01-22 07:47:00,2025-01-22 08:15:00,29
M1,ST6,Cooling_System,2025-01-22,Starved,,,2025-01-22 08:26:00,2025-01-22 08:26:00,1
M1,ST6,Cooling_System,2025-01-22,Starved,,,2025-01-22 11:06:00,2025-01-22 11:23:00,18
M1,ST6,Cooling_System,2025-01-22,Starved,,,2025-01-22 11:49:00,2025-01-22 12:18:00,30
M1,ST6,Cooling_System,2025-01-22,Starved,,,2025-01-22 12:23:00,2025-01-22 12:35:00,13
M1,ST6,Cooling_System,2025-01-22,Starved,,,2025-01-22 12:54:00,2025-01-22 13:28:00,35
M1,ST6,Cooling_System,2025-01-22,Starved,,,2025-01-22 13:32:00,2025-01-22 13:35:00,4
M1,ST6,Cooling_System,2025-01-22,Starved,,,2025-01-22 13:42:00,2025-01-22 14:21:00,40
M1,ST6,Cooling_System,2025-01-22,Starved,,,2025-01-22 14:26:00,2025-01-22 14:36:00,11
M1,ST6,Cooling_System,2025-01-22,Starved,,,2025-01-22 15:19:00,2025-01-22 15:52:00,34
M1,ST6,Cooling_System,2025-01-22,Starved,,,2025-01-22 16:24:00,2025-01-22 16:39:00,16
M1,ST6,Cooling_System,2025-01-22,Starved,,,2025-01-22 17:23:00,2025-01-22 17:54:00,32
M1,ST6,Cooling_System,2025-01-22,Starved,,,2025-01-22 17:58:00,2025-01-22 18:27:00,30
M1,ST6,Cooling_System,2025-01-22,Starved,,,2025-01-22 18:38:00,2025-01-22 18:51:00,14
M1,ST6,Cooling_System,2025-01-22,Starved,,,2025-01-22 21:01:00,2025-01-22 21:19:00,19
M1,ST6,Cooling_System,2025-01-22,Starved,,,2025-01-22 21:23:00,2025-01-22 22:14:00,52
M1,ST6,Cooling_System,2025-01-22,Starved,,,2025-01-22 22:17:00,2025-01-22 22:44:00,28
M1,ST6,Cooling_System,2025-01-22,Starved,,,2025-01-22 23:23:00,2025-01-23 00:13:00,51
M1,ST6,Cooling_System,2025-01-23,Starved,,,2025-01-23 00:31:00,2025-01-23 00:38:00,8
M1,ST6,Cooling_System,2025-01-23,Starved,,,2025-01-23 00:53:00,2025-01-23 00:58:00,6
M1,ST6,Cooling_System,2025-01-23,Starved,,,2025-01-23 01:01:00,2025-01-23 01:16:00,16
M1,ST6,Cooling_System,2025-01-23,Starved,,,2025-01-23 01:20:00,2025-01-23 02:25:00,66
M1,ST6,Cooling_System,2025-01-23,Starved,,,2025-01-23 03:56:00,2025-01-23 04:14:00,19
M1,ST6,Cooling_System,2025-01-23,Starved,,,2025-01-23 04:18:00,2025-01-23 04:23:00,6
M1,ST6,Cooling_System,2025-01-23,Starved,,,2025-01-23 04:38:00,2025-01-23 04:54:00,17
M1,ST6,Cooling_System,2025-01-23,Starved,,,2025-01-23 05:00:00,2025-01-23 05:16:00,17
M1,ST6,Cooling_System,2025-01-23,Starved,,,2025-01-23 05:20:00,2025-01-23 05:24:00,5
M1,ST6,Cooling_System,2025-01-23,Starved,,,2025-01-23 05:28:00,2025-01-23 05:46:00,19
M1,ST6,Cooling_System,2025-01-23,Starved,,,2025-01-23 05:53:00,2025-01-23 05:53:00,1
M1,ST6,Cooling_System,2025-01-23,Starved,,,2025-01-23 06:32:00,2025-01-23 06:58:00,27
M1,ST6,Cooling_System,2025-01-23,Starved,,,2025-01-23 07:08:00,2025-01-23 07:21:00,14
M1,ST6,Cooling_System,2025-01-23,Starved,,,2025-01-23 08:15:00,2025-01-23 08:38:00,24
M1,ST6,Cooling_System,2025-01-23,Starved,,,2025-01-23 11:24:00,2025-01-23 11:26:00,3
M1,ST6,Cooling_System,2025-01-23,Starved,,,2025-01-23 12:20:00,2025-01-23 12:44:00,25
M1,ST6,Cooling_System,2025-01-23,Starved,,,2025-01-23 12:49:00,2025-01-23 13:12:00,24
M1,ST6,Cooling_System,2025-01-23,Starved,,,2025-01-23 13:14:00,2025-01-23 13:15:00,2
M1,ST6,Cooling_System,2025-01-23,Starved,,,2025-01-23 13:17:00,2025-01-23 13:40:00,24
M1,ST6,Cooling_System,2025-01-23,Starved,,,2025-01-23 13:45:00,2025-01-23 14:00:00,16
M1,ST6,Cooling_System,2025-01-23,Starved,,,2025-01-23 14:31:00,2025-01-23 15:02:00,32
M1,ST6,Cooling_System,2025-01-23,Starved,,,2025-01-23 15:06:00,2025-01-23 15:45:00,40
M1,ST6,Cooling_System,2025-01-23,Starved,,,2025-01-23 15:51:00,2025-01-23 16:02:00,12
M1,ST6,Cooling_System,2025-01-23,Starved,,,2025-01-23 16:39:00,2025-01-23 16:48:00,10
M1,ST6,Cooling_System,2025-01-23,Starved,,,2025-01-23 17:07:00,2025-01-23 17:23:00,17
M1,ST6,Cooling_System,2025-01-23,Starved,,,2025-01-23 18:41:00,2025-01-23 19:11:00,31
M1,ST6,Cooling_System,2025-01-23,Starved,,,2025-01-23 19:15:00,2025-01-23 19:16:00,2
M1,ST6,Cooling_System,2025-01-23,Starved,,,2025-01-23 19:37:00,2025-01-23 19:40:00,4
M1,ST6,Cooling_System,2025-01-23,Starved,,,2025-01-23 19:55:00,2025-01-23 19:56:00,2
M1,ST6,Cooling_System,2025-01-23,Starved,,,2025-01-23 20:50:00,2025-01-23 21:23:00,34
M1,ST6,Cooling_System,2025-01-23,Starved,,,2025-01-23 21:27:00,2025-01-23 21:41:00,15
M1,ST6,Cooling_System,2025-01-23,Starved,,,2025-01-23 22:08:00,2025-01-23 22:16:00,9
M1,ST6,Cooling_System,2025-01-23,Starved,,,2025-01-23 22:28:00,2025-01-23 23:03:00,36
M1,ST6,Cooling_System,2025-01-23,Starved,,,2025-01-23 23:10:00,2025-01-23 23:20:00,11
M1,ST6,Cooling_System,2025-01-24,Starved,,,2025-01-24 00:18:00,2025-01-24 00:36:00,19
M1,ST6,Cooling_System,2025-01-24,Starved,,,2025-01-24 00:40:00,2025-01-24 00:45:00,6
M1,ST6,Cooling_System,2025-01-24,Starved,,,2025-01-24 01:34:00,2025-01-24 01:41:00,8
M1,ST6,Cooling_System,2025-01-24,Starved,,,2025-01-24 02:42:00,2025-01-24 03:19:00,38
M1,ST6,Cooling_System,2025-01-24,Starved,,,2025-01-24 03:32:00,2025-01-24 04:07:00,36
M1,ST6,Cooling_System,2025-01-24,Starved,,,2025-01-24 04:10:00,2025-01-24 04:31:00,22
M1,ST6,Cooling_System,2025-01-24,Starved,,,2025-01-24 04:44:00,2025-01-24 04:54:00,11
M1,ST6,Cooling_System,2025-01-24,Starved,,,2025-01-24 05:35:00,2025-01-24 05:57:00,23
M1,ST6,Cooling_System,2025-01-24,Starved,,,2025-01-24 06:03:00,2025-01-24 06:36:00,34
M1,ST6,Cooling_System,2025-01-24,Starved,,,2025-01-24 07:08:00,2025-01-24 07:12:00,5
M1,ST6,Cooling_System,2025-01-24,Starved,,,2025-01-24 08:37:00,2025-01-24 08:38:00,2
M1,ST6,Cooling_System,2025-01-24,Starved,,,2025-01-24 08:42:00,2025-01-24 09:17:00,36
M1,ST6,Cooling_System,2025-01-24,Starved,,,2025-01-24 10:55:00,2025-01-24 11:18:00,24
M1,ST6,Cooling_System,2025-01-24,Starved,,,2025-01-24 11:22:00,2025-01-24 11:52:00,31
M1,ST6,Cooling_System,2025-01-24,Starved,,,2025-01-24 12:47:00,2025-01-24 12:50:00,4
M1,ST6,Cooling_System,2025-01-24,Starved,,,2025-01-24 12:56:00,2025-01-24 13:04:00,9
M1,ST6,Cooling_System,2025-01-24,Starved,,,2025-01-24 13:44:00,2025-01-24 14:03:00,20
M1,ST6,Cooling_System,2025-01-24,Starved,,,2025-01-24 14:35:00,2025-01-24 15:00:00,26
M1,ST6,Cooling_System,2025-01-24,Starved,,,2025-01-24 15:02:00,2025-01-24 15:34:00,33
M1,ST6,Cooling_System,2025-01-24,Starved,,,2025-01-24 15:38:00,2025-01-24 15:40:00,3
M1,ST6,Cooling_System,2025-01-24,Starved,,,2025-01-24 15:45:00,2025-01-24 16:12:00,28
M1,ST6,Cooling_System,2025-01-24,Starved,,,2025-01-24 17:05:00,2025-01-24 17:05:00,1
M1,ST6,Cooling_System,2025-01-24,Starved,,,2025-01-24 21:10:00,2025-01-24 21:16:00,7
M1,ST6,Cooling_System,2025-01-24,Starved,,,2025-01-24 21:38:00,2025-01-24 21:52:00,15
M1,ST6,Cooling_System,2025-01-24,Starved,,,2025-01-24 23:00:00,2025-01-24 23:04:00,5
M1,ST6,Cooling_System,2025-01-24,Starved,,,2025-01-24 23:36:00,2025-01-24 23:55:00,20
M1,ST6,Cooling_System,2025-01-25,Starved,,,2025-01-25 00:57:00,2025-01-25 01:17:00,21
M1,ST6,Cooling_System,2025-01-25,Starved,,,2025-01-25 01:21:00,2025-01-25 01:46:00,26
M1,ST6,Cooling_System,2025-01-25,Starved,,,2025-01-25 02:33:00,2025-01-25 02:38:00,6
M1,ST6,Cooling_System,2025-01-25,Starved,,,2025-01-25 02:46:00,2025-01-25 02:58:00,13
M1,ST6,Cooling_System,2025-01-25,Starved,,,2025-01-25 04:21:00,2025-01-25 04:41:00,21
M1,ST6,Cooling_System,2025-01-25,Starved,,,2025-01-25 04:46:00,2025-01-25 05:28:00,43
M1,ST6,Cooling_System,2025-01-25,Starved,,,2025-01-25 05:32:00,2025-01-25 06:05:00,34
M1,ST6,Cooling_System,2025-01-25,Starved,,,2025-01-25 06:11:00,2025-01-25 06:17:00,7
M1,ST6,Cooling_System,2025-01-25,Starved,,,2025-01-25 06:48:00,2025-01-25 06:51:00,4
M1,ST6,Cooling_System,2025-01-25,Starved,,,2025-01-25 08:08:00,2025-01-25 08:15:00,8
M1,ST6,Cooling_System,2025-01-25,Starved,,,2025-01-25 10:19:00,2025-01-25 10:41:00,23
M1,ST6,Cooling_System,2025-01-25,Starved,,,2025-01-25 10:44:00,2025-01-25 11:24:00,41
M1,ST6,Cooling_System,2025-01-25,Starved,,,2025-01-25 12:27:00,2025-01-25 12:38:00,12
M1,ST6,Cooling_System,2025-01-25,Starved,,,2025-01-25 12:40:00,2025-01-25 12:44:00,5
M1,ST6,Cooling_System,2025-01-25,Starved,,,2025-01-25 13:07:00,2025-01-25 13:20:00,14
M1,ST6,Cooling_System,2025-01-25,Starved,,,2025-01-25 13:24:00,2025-01-25 13:50:00,27
M1,ST6,Cooling_System,2025-01-25,Starved,,,2025-01-25 14:02:00,2025-01-25 14:08:00,7
M1,ST6,Cooling_System,2025-01-25,Starved,,,2025-01-25 14:13:00,2025-01-25 14:25:00,13
M1,ST6,Cooling_System,2025-01-25,Starved,,,2025-01-25 15:01:00,2025-01-25 15:39:00,39
M1,ST6,Cooling_System,2025-01-25,Starved,,,2025-01-25 15:45:00,2025-01-25 15:53:00,9
M1,ST6,Cooling_System,2025-01-25,Starved,,,2025-01-25 15:57:00,2025-01-25 15:57:00,1
M1,ST6,Cooling_System,2025-01-25,Starved,,,2025-01-25 16:18:00,2025-01-25 16:43:00,26
M1,ST6,Cooling_System,2025-01-25,Starved,,,2025-01-25 17:54:00,2025-01-25 18:26:00,33
M1,ST6,Cooling_System,2025-01-25,Starved,,,2025-01-25 19:11:00,2025-01-25 19:19:00,9
M1,ST6,Cooling_System,2025-01-25,Starved,,,2025-01-25 19:58:00,2025-01-25 20:00:00,3
M1,ST6,Cooling_System,2025-01-25,Starved,,,2025-01-25 21:12:00,2025-01-25 21:25:00,14
M1,ST6,Cooling_System,2025-01-25,Starved,,,2025-01-25 21:46:00,2025-01-25 21:59:00,14
M1,ST6,Cooling_System,2025-01-25,Starved,,,2025-01-25 22:34:00,2025-01-25 22:54:00,21
M1,ST6,Cooling_System,2025-01-25,Starved,,,2025-01-25 23:28:00,2025-01-25 23:50:00,23
M1,ST6,Cooling_System,2025-01-26,Starved,,,2025-01-26 00:04:00,2025-01-26 00:36:00,33
M1,ST6,Cooling_System,2025-01-26,Starved,,,2025-01-26 01:05:00,2025-01-26 01:17:00,13
M1,ST6,Cooling_System,2025-01-26,Starved,,,2025-01-26 02:00:00,2025-01-26 02:13:00,14
M1,ST6,Cooling_System,2025-01-26,Starved,,,2025-01-26 02:30:00,2025-01-26 03:00:00,31
M1,ST6,Cooling_System,2025-01-26,Starved,,,2025-01-26 03:04:00,2025-01-26 03:16:00,13
M1,ST6,Cooling_System,2025-01-26,Starved,,,2025-01-26 03:20:00,2025-01-26 03:32:00,13
M1,ST6,Cooling_System,2025-01-26,Starved,,,2025-01-26 03:36:00,2025-01-26 03:44:00,9
M1,ST6,Cooling_System,2025-01-26,Starved,,,2025-01-26 03:57:00,2025-01-26 04:08:00,12
M1,ST6,Cooling_System,2025-01-26,Starved,,,2025-01-26 06:15:00,2025-01-26 06:43:00,29
M1,ST6,Cooling_System,2025-01-26,Starved,,,2025-01-26 07:11:00,2025-01-26 07:12:00,2
M1,ST6,Cooling_System,2025-01-26,Starved,,,2025-01-26 07:40:00,2025-01-26 08:01:00,22
M1,ST6,Cooling_System,2025-01-26,Starved,,,2025-01-26 08:04:00,2025-01-26 08:04:00,1
M1,ST6,Cooling_System,2025-01-26,Starved,,,2025-01-26 09:04:00,2025-01-26 09:20:00,17
M1,ST6,Cooling_System,2025-01-26,Starved,,,2025-01-26 09:29:00,2025-01-26 09:51:00,23
M1,ST6,Cooling_System,2025-01-26,Starved,,,2025-01-26 09:56:00,2025-01-26 10:12:00,17
M1,ST6,Cooling_System,2025-01-26,Starved,,,2025-01-26 10:31:00,2025-01-26 11:06:00,36
M1,ST6,Cooling_System,2025-01-26,Starved,,,2025-01-26 12:22:00,2025-01-26 12:45:00,24
M1,ST6,Cooling_System,2025-01-26,Starved,,,2025-01-26 13:05:00,2025-01-26 13:32:00,28
M1,ST6,Cooling_System,2025-01-26,Starved,,,2025-01-26 14:11:00,2025-01-26 14:40:00,30
M1,ST6,Cooling_System,2025-01-26,Starved,,,2025-01-26 16:37:00,2025-01-26 16:40:00,4
M1,ST6,Cooling_System,2025-01-26,Starved,,,2025-01-26 18:10:00,2025-01-26 18:26:00,17
M1,ST6,Cooling_System,2025-01-26,Starved,,,2025-01-26 18:29:00,2025-01-26 18:53:00,25
M1,ST6,Cooling_System,2025-01-26,Starved,,,2025-01-26 19:40:00,2025-01-26 20:05:00,26
M1,ST6,Cooling_System,2025-01-26,Starved,,,2025-01-26 20:09:00,2025-01-26 20:30:00,22
M1,ST6,Cooling_System,2025-01-26,Starved,,,2025-01-26 20:49:00,2025-01-26 21:15:00,27
M1,ST6,Cooling_System,2025-01-26,Starved,,,2025-01-26 21:25:00,2025-01-26 21:59:00,35
M1,ST6,Cooling_System,2025-01-26,Starved,,,2025-01-26 22:03:00,2025-01-26 22:21:00,19
M1,ST6,Cooling_System,2025-01-26,Starved,,,2025-01-26 22:37:00,2025-01-26 22:39:00,3
M1,ST6,Cooling_System,2025-01-26,Starved,,,2025-01-26 23:53:00,2025-01-27 00:10:00,18
M1,ST6,Cooling_System,2025-01-27,Starved,,,2025-01-27 05:48:00,2025-01-27 06:03:00,16
M1,ST6,Cooling_System,2025-01-27,Starved,,,2025-01-27 06:08:00,2025-01-27 06:43:00,36
M1,ST6,Cooling_System,2025-01-27,Starved,,,2025-01-27 06:49:00,2025-01-27 07:09:00,21
M1,ST6,Cooling_System,2025-01-27,Starved,,,2025-01-27 07:38:00,2025-01-27 07:50:00,13
M1,ST6,Cooling_System,2025-01-27,Starved,,,2025-01-27 07:55:00,2025-01-27 08:41:00,47
M1,ST6,Cooling_System,2025-01-27,Starved,,,2025-01-27 08:43:00,2025-01-27 08:48:00,6
M1,ST6,Cooling_System,2025-01-27,Starved,,,2025-01-27 10:45:00,2025-01-27 10:55:00,11
M1,ST6,Cooling_System,2025-01-27,Starved,,,2025-01-27 11:27:00,2025-01-27 11:32:00,6
M1,ST6,Cooling_System,2025-01-27,Starved,,,2025-01-27 12:08:00,2025-01-27 12:40:00,33
M1,ST6,Cooling_System,2025-01-27,Starved,,,2025-01-27 13:20:00,2025-01-27 13:46:00,27
M1,ST6,Cooling_System,2025-01-27,Starved,,,2025-01-27 14:13:00,2025-01-27 14:22:00,10
M1,ST6,Cooling_System,2025-01-27,Starved,,,2025-01-27 16:14:00,2025-01-27 16:20:00,7
M1,ST6,Cooling_System,2025-01-27,Starved,,,2025-01-27 16:35:00,2025-01-27 17:15:00,41
M1,ST6,Cooling_System,2025-01-27,Starved,,,2025-01-27 17:33:00,2025-01-27 17:52:00,20
M1,ST6,Cooling_System,2025-01-27,Starved,,,2025-01-27 18:07:00,2025-01-27 18:20:00,14
M1,ST6,Cooling_System,2025-01-27,Starved,,,2025-01-27 18:22:00,2025-01-27 18:44:00,23
M1,ST6,Cooling_System,2025-01-27,Starved,,,2025-01-27 19:16:00,2025-01-27 19:32:00,17
M1,ST6,Cooling_System,2025-01-27,Starved,,,2025-01-27 19:36:00,2025-01-27 19:57:00,22
M1,ST6,Cooling_System,2025-01-27,Starved,,,2025-01-27 20:22:00,2025-01-27 20:59:00,38
M1,ST6,Cooling_System,2025-01-27,Starved,,,2025-01-27 21:29:00,2025-01-27 21:34:00,6
M1,ST6,Cooling_System,2025-01-27,Starved,,,2025-01-27 21:51:00,2025-01-27 21:58:00,8
M1,ST6,Cooling_System,2025-01-27,Starved,,,2025-01-27 22:36:00,2025-01-27 22:40:00,5
M1,ST6,Cooling_System,2025-01-27,Starved,,,2025-01-27 23:41:00,2025-01-27 23:56:00,16
M1,ST6,Cooling_System,2025-01-28,Starved,,,2025-01-28 00:03:00,2025-01-28 00:05:00,3
M1,ST6,Cooling_System,2025-01-28,Starved,,,2025-01-28 00:13:00,2025-01-28 00:53:00,41
M1,ST6,Cooling_System,2025-01-28,Starved,,,2025-01-28 01:01:00,2025-01-28 01:10:00,10
M1,ST6,Cooling_System,2025-01-28,Starved,,,2025-01-28 02:14:00,2025-01-28 02:20:00,7
M1,ST6,Cooling_System,2025-01-28,Starved,,,2025-01-28 03:36:00,2025-01-28 03:38:00,3
M1,ST6,Cooling_System,2025-01-28,Starved,,,2025-01-28 05:30:00,2025-01-28 05:38:00,9
M1,ST6,Cooling_System,2025-01-28,Starved,,,2025-01-28 05:40:00,2025-01-28 06:02:00,23
M1,ST6,Cooling_System,2025-01-28,Starved,,,2025-01-28 06:05:00,2025-01-28 06:11:00,7
M1,ST6,Cooling_System,2025-01-28,Starved,,,2025-01-28 06:31:00,2025-01-28 06:54:00,24
M1,ST6,Cooling_System,2025-01-28,Starved,,,2025-01-28 07:50:00,2025-01-28 08:07:00,18
M1,ST6,Cooling_System,2025-01-28,Starved,,,2025-01-28 09:01:00,2025-01-28 09:15:00,15
M1,ST6,Cooling_System,2025-01-28,Starved,,,2025-01-28 09:53:00,2025-01-28 10:22:00,30
M1,ST6,Cooling_System,2025-01-28,Starved,,,2025-01-28 11:34:00,2025-01-28 11:39:00,6
M1,ST6,Cooling_System,2025-01-28,Starved,,,2025-01-28 12:14:00,2025-01-28 13:08:00,55
M1,ST6,Cooling_System,2025-01-28,Starved,,,2025-01-28 13:17:00,2025-01-28 13:33:00,17
M1,ST6,Cooling_System,2025-01-28,Starved,,,2025-01-28 15:34:00,2025-01-28 15:38:00,5
M1,ST6,Cooling_System,2025-01-28,Starved,,,2025-01-28 15:50:00,2025-01-28 16:23:00,34
M1,ST6,Cooling_System,2025-01-28,Starved,,,2025-01-28 17:12:00,2025-01-28 17:23:00,12
M1,ST6,Cooling_System,2025-01-28,Starved,,,2025-01-28 17:46:00,2025-01-28 17:48:00,3
M1,ST6,Cooling_System,2025-01-28,Starved,,,2025-01-28 18:21:00,2025-01-28 18:53:00,33
M1,ST6,Cooling_System,2025-01-28,Starved,,,2025-01-28 18:55:00,2025-01-28 18:55:00,1
M1,ST6,Cooling_System,2025-01-28,Starved,,,2025-01-28 19:43:00,2025-01-28 20:06:00,24
M1,ST6,Cooling_System,2025-01-28,Starved,,,2025-01-28 20:17:00,2025-01-28 21:05:00,49
M1,ST6,Cooling_System,2025-01-28,Starved,,,2025-01-28 21:11:00,2025-01-28 21:20:00,10
M1,ST6,Cooling_System,2025-01-28,Starved,,,2025-01-28 21:55:00,2025-01-28 22:09:00,15
M1,ST6,Cooling_System,2025-01-28,Starved,,,2025-01-28 22:45:00,2025-01-28 22:50:00,6
M1,ST6,Cooling_System,2025-01-28,Starved,,,2025-01-28 23:04:00,2025-01-28 23:14:00,11
M1,ST6,Cooling_System,2025-01-28,Starved,,,2025-01-28 23:25:00,2025-01-28 23:38:00,14
M1,ST6,Cooling_System,2025-01-29,Starved,,,2025-01-29 00:22:00,2025-01-29 00:27:00,6
M1,ST6,Cooling_System,2025-01-29,Starved,,,2025-01-29 00:30:00,2025-01-29 00:44:00,15
M1,ST6,Cooling_System,2025-01-29,Starved,,,2025-01-29 00:46:00,2025-01-29 01:06:00,21
M1,ST6,Cooling_System,2025-01-29,Starved,,,2025-01-29 01:44:00,2025-01-29 02:05:00,22
M1,ST6,Cooling_System,2025-01-29,Starved,,,2025-01-29 02:23:00,2025-01-29 02:37:00,15
M1,ST6,Cooling_System,2025-01-29,Starved,,,2025-01-29 03:24:00,2025-01-29 03:46:00,23
M1,ST6,Cooling_System,2025-01-29,Starved,,,2025-01-29 04:37:00,2025-01-29 04:37:00,1
M1,ST6,Cooling_System,2025-01-29,Starved,,,2025-01-29 04:51:00,2025-01-29 05:18:00,28
M1,ST6,Cooling_System,2025-01-29,Starved,,,2025-01-29 05:36:00,2025-01-29 05:44:00,9
M1,ST6,Cooling_System,2025-01-29,Starved,,,2025-01-29 06:02:00,2025-01-29 06:34:00,33
M1,ST6,Cooling_System,2025-01-29,Starved,,,2025-01-29 06:38:00,2025-01-29 06:51:00,14
M1,ST6,Cooling_System,2025-01-29,Starved,,,2025-01-29 06:55:00,2025-01-29 06:56:00,2
M1,ST6,Cooling_System,2025-01-29,Starved,,,2025-01-29 08:03:00,2025-01-29 08:33:00,31
M1,ST6,Cooling_System,2025-01-29,Starved,,,2025-01-29 09:16:00,2025-01-29 09:39:00,24
M1,ST6,Cooling_System,2025-01-29,Starved,,,2025-01-29 09:50:00,2025-01-29 10:05:00,16
M1,ST6,Cooling_System,2025-01-29,Starved,,,2025-01-29 10:15:00,2025-01-29 10:34:00,20
M1,ST6,Cooling_System,2025-01-29,Starved,,,2025-01-29 11:35:00,2025-01-29 11:49:00,15
M1,ST6,Cooling_System,2025-01-29,Starved,,,2025-01-29 12:00:00,2025-01-29 12:14:00,15
M1,ST6,Cooling_System,2025-01-29,Starved,,,2025-01-29 12:59:00,2025-01-29 13:05:00,7
M1,ST6,Cooling_System,2025-01-29,Starved,,,2025-01-29 13:45:00,2025-01-29 14:08:00,24
M1,ST6,Cooling_System,2025-01-29,Starved,,,2025-01-29 14:47:00,2025-01-29 14:47:00,1
M1,ST6,Cooling_System,2025-01-29,Starved,,,2025-01-29 15:43:00,2025-01-29 16:03:00,21
M1,ST6,Cooling_System,2025-01-29,Starved,,,2025-01-29 16:13:00,2025-01-29 16:31:00,19
M1,ST6,Cooling_System,2025-01-29,Starved,,,2025-01-29 16:48:00,2025-01-29 17:23:00,36
M1,ST6,Cooling_System,2025-01-29,Starved,,,2025-01-29 19:01:00,2025-01-29 19:17:00,17
M1,ST6,Cooling_System,2025-01-29,Starved,,,2025-01-29 19:39:00,2025-01-29 19:59:00,21
M1,ST6,Cooling_System,2025-01-29,Starved,,,2025-01-29 20:03:00,2025-01-29 20:29:00,27
M1,ST6,Cooling_System,2025-01-29,Starved,,,2025-01-29 21:11:00,2025-01-29 21:45:00,35
M1,ST6,Cooling_System,2025-01-29,Starved,,,2025-01-29 22:08:00,2025-01-29 22:09:00,2
M1,ST6,Cooling_System,2025-01-29,Starved,,,2025-01-29 22:17:00,2025-01-29 22:21:00,5
M1,ST6,Cooling_System,2025-01-29,Starved,,,2025-01-29 23:14:00,2025-01-29 23:51:00,38
M1,ST6,Cooling_System,2025-01-30,Starved,,,2025-01-30 00:54:00,2025-01-30 00:57:00,4
M1,ST6,Cooling_System,2025-01-30,Starved,,,2025-01-30 02:29:00,2025-01-30 02:34:00,6
M1,ST6,Cooling_System,2025-01-30,Starved,,,2025-01-30 02:39:00,2025-01-30 02:48:00,10
M1,ST6,Cooling_System,2025-01-30,Starved,,,2025-01-30 04:46:00,2025-01-30 05:06:00,21
M1,ST6,Cooling_System,2025-01-30,Starved,,,2025-01-30 06:06:00,2025-01-30 06:32:00,27
M1,ST6,Cooling_System,2025-01-30,Starved,,,2025-01-30 06:36:00,2025-01-30 06:43:00,8
M1,ST6,Cooling_System,2025-01-30,Starved,,,2025-01-30 06:47:00,2025-01-30 06:48:00,2
M1,ST6,Cooling_System,2025-01-30,Starved,,,2025-01-30 06:59:00,2025-01-30 07:14:00,16
M1,ST6,Cooling_System,2025-01-30,Starved,,,2025-01-30 07:18:00,2025-01-30 07:25:00,8
M1,ST6,Cooling_System,2025-01-30,Starved,,,2025-01-30 08:01:00,2025-01-30 08:02:00,2
M1,ST6,Cooling_System,2025-01-30,Starved,,,2025-01-30 08:18:00,2025-01-30 08:49:00,32
M1,ST6,Cooling_System,2025-01-30,Starved,,,2025-01-30 08:53:00,2025-01-30 08:56:00,4
M1,ST6,Cooling_System,2025-01-30,Starved,,,2025-01-30 09:24:00,2025-01-30 09:25:00,2
M1,ST6,Cooling_System,2025-01-30,Starved,,,2025-01-30 10:20:00,2025-01-30 10:40:00,21
M1,ST6,Cooling_System,2025-01-30,Starved,,,2025-01-30 10:51:00,2025-01-30 11:52:00,62
M1,ST6,Cooling_System,2025-01-30,Starved,,,2025-01-30 13:03:00,2025-01-30 13:50:00,48
M1,ST6,Cooling_System,2025-01-30,Starved,,,2025-01-30 14:17:00,2025-01-30 14:47:00,31
M1,ST6,Cooling_System,2025-01-30,Starved,,,2025-01-30 15:17:00,2025-01-30 15:31:00,15
M1,ST6,Cooling_System,2025-01-30,Starved,,,2025-01-30 15:56:00,2025-01-30 16:14:00,19
M1,ST6,Cooling_System,2025-01-30,Starved,,,2025-01-30 16:34:00,2025-01-30 17:01:00,28
M1,ST6,Cooling_System,2025-01-30,Starved,,,2025-01-30 17:08:00,2025-01-30 17:13:00,6
M1,ST6,Cooling_System,2025-01-30,Starved,,,2025-01-30 18:12:00,2025-01-30 18:39:00,28
M1,ST6,Cooling_System,2025-01-30,Starved,,,2025-01-30 18:53:00,2025-01-30 19:52:00,60
M1,ST6,Cooling_System,2025-01-30,Starved,,,2025-01-30 20:51:00,2025-01-30 20:53:00,3
M1,ST6,Cooling_System,2025-01-30,Starved,,,2025-01-30 21:21:00,2025-01-30 21:53:00,33
M1,ST6,Cooling_System,2025-01-30,Starved,,,2025-01-30 21:58:00,2025-01-30 22:36:00,39
M1,ST6,Cooling_System,2025-01-30,Starved,,,2025-01-30 22:40:00,2025-01-30 22:41:00,2
M1,ST6,Cooling_System,2025-01-30,Starved,,,2025-01-30 23:10:00,2025-01-30 23:23:00,14
M1,ST6,Cooling_System,2025-01-30,Starved,,,2025-01-30 23:59:00,2025-01-31 00:09:00,11
M1,ST6,Cooling_System,2025-01-31,Starved,,,2025-01-31 00:58:00,2025-01-31 01:26:00,29
M1,ST6,Cooling_System,2025-01-31,Starved,,,2025-01-31 01:36:00,2025-01-31 01:59:00,24
M1,ST6,Cooling_System,2025-01-31,Starved,,,2025-01-31 02:03:00,2025-01-31 02:03:00,1
M1,ST6,Cooling_System,2025-01-31,Starved,,,2025-01-31 02:42:00,2025-01-31 03:00:00,19
M1,ST6,Cooling_System,2025-01-31,Starved,,,2025-01-31 04:34:00,2025-01-31 04:46:00,13
M1,ST6,Cooling_System,2025-01-31,Starved,,,2025-01-31 04:48:00,2025-01-31 05:02:00,15
M1,ST6,Cooling_System,2025-01-31,Starved,,,2025-01-31 05:09:00,2025-01-31 05:31:00,23
M1,ST6,Cooling_System,2025-01-04,Quality,,,2025-01-04 05:14:00,2025-01-04 05:21:00,8
M1,ST6,Cooling_System,2025-01-07,Quality,,,2025-01-07 04:23:00,2025-01-07 04:51:00,29
M1,ST6,Cooling_System,2025-01-08,Quality,,,2025-01-08 16:35:00,2025-01-08 16:40:00,6
M1,ST6,Cooling_System,2025-01-10,Quality,,,2025-01-10 14:21:00,2025-01-10 14:54:00,34
M1,ST6,Cooling_System,2025-01-11,Quality,,,2025-01-11 03:44:00,2025-01-11 04:16:00,33
M1,ST6,Cooling_System,2025-01-13,Quality,,,2025-01-13 21:10:00,2025-01-13 21:26:00,17
M1,ST6,Cooling_System,2025-01-13,Quality,,,2025-01-13 22:53:00,2025-01-13 23:26:00,34
M1,ST6,Cooling_System,2025-01-15,Quality,,,2025-01-15 22:15:00,2025-01-15 22:31:00,17
M1,ST6,Cooling_System,2025-01-17,Quality,,,2025-01-17 23:25:00,2025-01-17 23:33:00,9
M1,ST6,Cooling_System,2025-01-19,Quality,,,2025-01-19 02:12:00,2025-01-19 02:15:00,4
M1,ST6,Cooling_System,2025-01-19,Quality,,,2025-01-19 23:24:00,2025-01-19 23:43:00,20
M1,ST6,Cooling_System,2025-01-23,Quality,,,2025-01-23 02:46:00,2025-01-23 03:20:00,35
M1,ST6,Cooling_System,2025-01-23,Quality,,,2025-01-23 09:53:00,2025-01-23 09:55:00,3
M1,ST6,Cooling_System,2025-01-24,Quality,,,2025-01-24 17:06:00,2025-01-24 17:16:00,11
M1,ST6,Cooling_System,2025-01-28,Quality,,,2025-01-28 02:54:00,2025-01-28 03:11:00,18
M1,ST6,Cooling_System,2025-01-29,Quality,,,2025-01-29 10:53:00,2025-01-29 11:22:00,30
M1,ST6,Cooling_System,2025-01-29,Quality,,,2025-01-29 14:48:00,2025-01-29 15:12:00,25
M1,ST6,Cooling_System,2025-01-30,Quality,,,2025-01-30 03:45:00,2025-01-30 04:14:00,30
M1,ST6,Cooling_System,2025-01-30,Quality,,,2025-01-30 05:07:00,2025-01-30 05:25:00,19
M1,ST6,Cooling_System,2025-01-30,Quality,,,2025-01-30 12:25:00,2025-01-30 12:53:00,29
M1,ST6,Cooling_System,2025-01-31,Quality,,,2025-01-31 02:04:00,2025-01-31 02:31:00,28
M1,ST7,Inspection,2025-01-02,Mechanical,,,2025-01-02 01:06:00,2025-01-02 01:19:00,14
M1,ST7,Inspection,2025-01-04,Mechanical,,,2025-01-04 18:38:00,2025-01-04 18:56:00,19
M1,ST7,Inspection,2025-01-05,Mechanical,,,2025-01-05 19:41:00,2025-01-05 20:19:00,39
M1,ST7,Inspection,2025-01-06,Mechanical,,,2025-01-06 11:25:00,2025-01-06 11:32:00,8
M1,ST7,Inspection,2025-01-09,Mechanical,,,2025-01-09 10:15:00,2025-01-09 10:37:00,23
M1,ST7,Inspection,2025-01-10,Mechanical,,,2025-01-10 12:56:00,2025-01-10 13:06:00,11
M1,ST7,Inspection,2025-01-12,Mechanical,,,2025-01-12 02:25:00,2025-01-12 02:30:00,6
M1,ST7,Inspection,2025-01-12,Mechanical,,,2025-01-12 22:36:00,2025-01-12 22:58:00,23
M1,ST7,Inspection,2025-01-13,Mechanical,,,2025-01-13 17:46:00,2025-01-13 18:20:00,35
M1,ST7,Inspection,2025-01-14,Mechanical,,,2025-01-14 04:08:00,2025-01-14 04:46:00,39
M1,ST7,Inspection,2025-01-14,Mechanical,,,2025-01-14 16:11:00,2025-01-14 16:50:00,40
M1,ST7,Inspection,2025-01-17,Mechanical,,,2025-01-17 13:40:00,2025-01-17 14:06:00,27
M1,ST7,Inspection,2025-01-18,Mechanical,,,2025-01-18 10:55:00,2025-01-18 11:23:00,29
M1,ST7,Inspection,2025-01-18,Mechanical,,,2025-01-18 13:01:00,2025-01-18 13:12:00,12
M1,ST7,Inspection,2025-01-19,Mechanical,,,2025-01-19 01:31:00,2025-01-19 02:05:00,35
M1,ST7,Inspection,2025-01-24,Mechanical,,,2025-01-24 17:40:00,2025-01-24 18:17:00,38
M1,ST7,Inspection,2025-01-25,Mechanical,,,2025-01-25 01:34:00,2025-01-25 02:11:00,38
M1,ST7,Inspection,2025-01-25,Mechanical,,,2025-01-25 03:02:00,2025-01-25 03:41:00,40
M1,ST7,Inspection,2025-01-28,Mechanical,,,2025-01-28 14:51:00,2025-01-28 15:22:00,32
M1,ST7,Inspection,2025-01-28,Mechanical,,,2025-01-28 18:57:00,2025-01-28 19:35:00,39
M1,ST7,Inspection,2025-01-01,Electrical,energy_consumption,,2025-01-01 13:44:00,2025-01-01 14:15:00,32
M1,ST7,Inspection,2025-01-02,Electrical,energy_consumption,,2025-01-02 03:13:00,2025-01-02 03:32:00,20
M1,ST7,Inspection,2025-01-02,Electrical,energy_consumption,,2025-01-02 12:39:00,2025-01-02 13:03:00,25
M1,ST7,Inspection,2025-01-02,Electrical,energy_consumption,,2025-01-02 23:27:00,2025-01-03 00:02:00,36
M1,ST7,Inspection,2025-01-03,Electrical,energy_consumption,,2025-01-03 10:01:00,2025-01-03 10:08:00,8
M1,ST7,Inspection,2025-01-03,Electrical,energy_consumption,,2025-01-03 23:31:00,2025-01-04 00:09:00,39
M1,ST7,Inspection,2025-01-04,Electrical,energy_consumption,,2025-01-04 11:33:00,2025-01-04 11:38:00,6
M1,ST7,Inspection,2025-01-04,Electrical,energy_consumption,,2025-01-04 22:50:00,2025-01-04 23:22:00,33
M1,ST7,Inspection,2025-01-05,Electrical,energy_consumption,,2025-01-05 13:04:00,2025-01-05 13:20:00,17
M1,ST7,Inspection,2025-01-06,Electrical,energy_consumption,,2025-01-06 05:46:00,2025-01-06 06:10:00,25
M1,ST7,Inspection,2025-01-06,Electrical,energy_consumption,,2025-01-06 20:50:00,2025-01-06 21:26:00,37
M1,ST7,Inspection,2025-01-07,Electrical,energy_consumption,,2025-01-07 09:12:00,2025-01-07 09:47:00,36
M1,ST7,Inspection,2025-01-07,Electrical,energy_consumption,,2025-01-07 21:17:00,2025-01-07 21:34:00,18
M1,ST7,Inspection,2025-01-08,Electrical,energy_consumption,,2025-01-08 08:57:00,2025-01-08 09:27:00,31
M1,ST7,Inspection,2025-01-09,Electrical,energy_consumption,,2025-01-09 00:18:00,2025-01-09 00:30:00,13
M1,ST7,Inspection,2025-01-09,Electrical,energy_consumption,,2025-01-09 12:51:00,2025-01-09 13:03:00,13
M1,ST7,Inspection,2025-01-09,Electrical,energy_consumption,,2025-01-09 22:33:00,2025-01-09 22:51:00,19
M1,ST7,Inspection,2025-01-10,Electrical,energy_consumption,,2025-01-10 10:27:00,2025-01-10 10:59:00,33
M1,ST7,Inspection,2025-01-11,Electrical,energy_consumption,,2025-01-11 00:25:00,2025-01-11 00:57:00,33
M1,ST7,Inspection,2025-01-11,Electrical,energy_consumption,,2025-01-11 10:12:00,2025-01-11 10:40:00,29
M1,ST7,Inspection,2025-01-11,Electrical,energy_consumption,,2025-01-11 23:43:00,2025-01-11 23:48:00,6
M1,ST7,Inspection,2025-01-12,Electrical,energy_consumption,,2025-01-12 08:45:00,2025-01-12 08:57:00,13
M1,ST7,Inspection,2025-01-12,Electrical,energy_consumption,,2025-01-12 23:20:00,2025-01-12 23:28:00,9
M1,ST7,Inspection,2025-01-13,Electrical,energy_consumption,,2025-01-13 08:44:00,2025-01-13 09:21:00,38
M1,ST7,Inspection,2025-01-13,Electrical,energy_consumption,,2025-01-13 19:02:00,2025-01-13 19:12:00,11
M1,ST7,Inspection,2025-01-14,Electrical,energy_consumption,,2025-01-14 05:56:00,2025-01-14 06:49:00,54
M1,ST7,Inspection,2025-01-14,Electrical,energy_consumption,,2025-01-14 19:00:00,2025-01-14 19:13:00,14
M1,ST7,Inspection,2025-01-15,Electrical,energy_consumption,,2025-01-15 06:08:00,2025-01-15 06:35:00,28
M1,ST7,Inspection,2025-01-15,Electrical,energy_consumption,,2025-01-15 14:49:00,2025-01-15 15:21:00,33
M1,ST7,Inspection,2025-01-16,Electrical,energy_consumption,,2025-01-16 00:36:00,2025-01-16 00:49:00,14
M1,ST7,Inspection,2025-01-16,Electrical,energy_consumption,,2025-01-16 11:54:00,2025-01-16 12:28:00,35
M1,ST7,Inspection,2025-01-16,Electrical,energy_consumption,,2025-01-16 20:06:00,2025-01-16 20:38:00,33
M1,ST7,Inspection,2025-01-17,Electrical,energy_consumption,,2025-01-17 08:40:00,2025-01-17 09:09:00,30
M1,ST7,Inspection,2025-01-17,Electrical,energy_consumption,,2025-01-17 23:35:00,2025-01-18 00:02:00,28
M1,ST7,Inspection,2025-01-18,Electrical,energy_consumption,,2025-01-18 10:01:00,2025-01-18 10:21:00,21
M1,ST7,Inspection,2025-01-18,Electrical,energy_consumption,,2025-01-18 23:58:00,2025-01-19 00:10:00,13
M1,ST7,Inspection,2025-01-19,Electrical,energy_consumption,,2025-01-19 14:47:00,2025-01-19 15:01:00,15
M1,ST7,Inspection,2025-01-20,Electrical,energy_consumption,,2025-01-20 05:32:00,2025-01-20 06:01:00,30
M1,ST7,Inspection,2025-01-20,Electrical,energy_consumption,,2025-01-20 18:14:00,2025-01-20 18:45:00,32
M1,ST7,Inspection,2025-01-21,Electrical,energy_consumption,,2025-01-21 04:19:00,2025-01-21 04:30:00,12
M1,ST7,Inspection,2025-01-21,Electrical,energy_consumption,,2025-01-21 15:22:00,2025-01-21 15:52:00,31
M1,ST7,Inspection,2025-01-22,Electrical,energy_consumption,,2025-01-22 05:02:00,2025-01-22 05:32:00,31
M1,ST7,Inspection,2025-01-22,Electrical,energy_consumption,,2025-01-22 20:07:00,2025-01-22 20:38:00,32
M1,ST7,Inspection,2025-01-23,Electrical,energy_consumption,,2025-01-23 12:02:00,2025-01-23 12:11:00,10
M1,ST7,Inspection,2025-01-24,Electrical,energy_consumption,,2025-01-24 00:24:00,2025-01-24 00:36:00,13
M1,ST7,Inspection,2025-01-24,Electrical,energy_consumption,,2025-01-24 07:56:00,2025-01-24 08:28:00,33
M1,ST7,Inspection,2025-01-24,Electrical,energy_consumption,,2025-01-24 22:00:00,2025-01-24 22:26:00,27
M1,ST7,Inspection,2025-01-25,Electrical,energy_consumption,,2025-01-25 09:15:00,2025-01-25 09:47:00,33
M1,ST7,Inspection,2025-01-25,Electrical,energy_consumption,,2025-01-25 18:26:00,2025-01-25 18:55:00,30
M1,ST7,Inspection,2025-01-26,Electrical,energy_consumption,,2025-01-26 04:20:00,2025-01-26 04:47:00,28
M1,ST7,Inspection,2025-01-26,Electrical,energy_consumption,,2025-01-26 17:25:00,2025-01-26 17:33:00,9
M1,ST7,Inspection,2025-01-27,Electrical,energy_consumption,,2025-01-27 03:33:00,2025-01-27 04:09:00,37
M1,ST7,Inspection,2025-01-27,Electrical,energy_consumption,,2025-01-27 15:13:00,2025-01-27 15:51:00,39
M1,ST7,Inspection,2025-01-28,Electrical,energy_consumption,,2025-01-28 05:48:00,2025-01-28 06:24:00,37
M1,ST7,Inspection,2025-01-28,Electrical,energy_consumption,,2025-01-28 19:42:00,2025-01-28 20:13:00,32
M1,ST7,Inspection,2025-01-29,Electrical,energy_consumption,,2025-01-29 12:00:00,2025-01-29 12:23:00,24
M1,ST7,Inspection,2025-01-30,Electrical,energy_consumption,,2025-01-30 01:40:00,2025-01-30 02:19:00,40
M1,ST7,Inspection,2025-01-30,Electrical,energy_consumption,,2025-01-30 13:18:00,2025-01-30 13:50:00,33
M1,ST7,Inspection,2025-01-31,Electrical,energy_consumption,,2025-01-31 04:03:00,2025-01-31 04:26:00,24
M1,ST7,Inspection,2025-01-01,Changeover,,,2025-01-01 08:03:00,2025-01-01 08:12:00,10
M1,ST7,Inspection,2025-01-02,Changeover,,,2025-01-02 18:24:00,2025-01-02 18:34:00,11
M1,ST7,Inspection,2025-01-03,Changeover,,,2025-01-03 17:47:00,2025-01-03 18:21:00,35
M1,ST7,Inspection,2025-01-08,Changeover,,,2025-01-08 23:09:00,2025-01-08 23:36:00,28
M1,ST7,Inspection,2025-01-09,Changeover,,,2025-01-09 02:34:00,2025-01-09 02:54:00,21
M1,ST7,Inspection,2025-01-09,Changeover,,,2025-01-09 06:48:00,2025-01-09 07:11:00,24
M1,ST7,Inspection,2025-01-10,Changeover,,,2025-01-10 03:48:00,2025-01-10 04:02:00,15
M1,ST7,Inspection,2025-01-10,Changeover,,,2025-01-10 06:31:00,2025-01-10 06:58:00,28
M1,ST7,Inspection,2025-01-11,Changeover,,,2025-01-11 17:58:00,2025-01-11 18:36:00,39
M1,ST7,Inspection,2025-01-12,Changeover,,,2025-01-12 02:59:00,2025-01-12 03:16:00,18
M1,ST7,Inspection,2025-01-12,Changeover,,,2025-01-12 09:02:00,2025-01-12 09:39:00,38
M1,ST7,Inspection,2025-01-12,Changeover,,,2025-01-12 18:37:00,2025-01-12 18:58:00,22
M1,ST7,Inspection,2025-01-12,Changeover,,,2025-01-12 21:58:00,2025-01-12 22:10:00,13
M1,ST7,Inspection,2025-01-15,Changeover,,,2025-01-15 01:45:00,2025-01-15 01:58:00,14
M1,ST7,Inspection,2025-01-18,Changeover,,,2025-01-18 07:40:00,2025-01-18 07:54:00,15
M1,ST7,Inspection,2025-01-20,Changeover,,,2025-01-20 22:43:00,2025-01-20 23:11:00,29
M1,ST7,Inspection,2025-01-21,Changeover,,,2025-01-21 04:01:00,2025-01-21 04:18:00,18
M1,ST7,Inspection,2025-01-22,Changeover,,,2025-01-22 03:17:00,2025-01-22 03:55:00,39
M1,ST7,Inspection,2025-01-22,Changeover,,,2025-01-22 10:48:00,2025-01-22 10:59:00,12
M1,ST7,Inspection,2025-01-23,Changeover,,,2025-01-23 00:30:00,2025-01-23 00:45:00,16
M1,ST7,Inspection,2025-01-23,Changeover,,,2025-01-23 07:23:00,2025-01-23 07:50:00,28
M1,ST7,Inspection,2025-01-24,Changeover,,,2025-01-24 16:07:00,2025-01-24 16:41:00,35
M1,ST7,Inspection,2025-01-24,Changeover,,,2025-01-24 22:27:00,2025-01-24 22:53:00,27
M1,ST7,Inspection,2025-01-25,Changeover,,,2025-01-25 19:22:00,2025-01-25 19:49:00,28
M1,ST7,Inspection,2025-01-26,Changeover,,,2025-01-26 06:31:00,2025-01-26 07:01:00,31
M1,ST7,Inspection,2025-01-28,Changeover,,,2025-01-28 02:24:00,2025-01-28 02:59:00,36
M1,ST7,Inspection,2025-01-28,Changeover,,,2025-01-28 13:28:00,2025-01-28 13:52:00,25
M1,ST7,Inspection,2025-01-29,Changeover,,,2025-01-29 21:11:00,2025-01-29 21:27:00,17
M1,ST7,Inspection,2025-01-01,Blocked,,,2025-01-01 12:02:00,2025-01-01 12:24:00,23
M1,ST7,Inspection,2025-01-01,Blocked,,,2025-01-01 13:43:00,2025-01-01 13:43:00,1
M1,ST7,Inspection,2025-01-01,Blocked,,,2025-01-01 18:12:00,2025-01-01 18:18:00,7
M1,ST7,Inspection,2025-01-01,Blocked,,,2025-01-01 20:19:00,2025-01-01 20:51:00,33
M1,ST7,Inspection,2025-01-01,Blocked,,,2025-01-01 21:16:00,2025-01-01 21:21:00,6
M1,ST7,Inspection,2025-01-01,Blocked,,,2025-01-01 21:51:00,2025-01-01 22:07:00,17
M1,ST7,Inspection,2025-01-02,Blocked,,,2025-01-02 03:47:00,2025-01-02 03:54:00,8
M1,ST7,Inspection,2025-01-02,Blocked,,,2025-01-02 05:52:00,2025-01-02 06:18:00,27
M1,ST7,Inspection,2025-01-02,Blocked,,,2025-01-02 13:20:00,2025-01-02 13:43:00,24
M1,ST7,Inspection,2025-01-02,Blocked,,,2025-01-02 15:32:00,2025-01-02 16:03:00,32
M1,ST7,Inspection,2025-01-02,Blocked,,,2025-01-02 16:31:00,2025-01-02 16:46:00,16
M1,ST7,Inspection,2025-01-02,Blocked,,,2025-01-02 22:55:00,2025-01-02 23:16:00,22
M1,ST7,Inspection,2025-01-03,Blocked,,,2025-01-03 00:06:00,2025-01-03 00:06:00,1
M1,ST7,Inspection,2025-01-03,Blocked,,,2025-01-03 01:51:00,2025-01-03 01:58:00,8
M1,ST7,Inspection,2025-01-03,Blocked,,,2025-01-03 08:02:00,2025-01-03 08:09:00,8
M1,ST7,Inspection,2025-01-03,Blocked,,,2025-01-03 11:00:00,2025-01-03 11:15:00,16
M1,ST7,Inspection,2025-01-03,Blocked,,,2025-01-03 13:06:00,2025-01-03 13:22:00,17
M1,ST7,Inspection,2025-01-04,Blocked,,,2025-01-04 02:21:00,2025-01-04 03:14:00,54
M1,ST7,Inspection,2025-01-04,Blocked,,,2025-01-04 05:32:00,2025-01-04 05:55:00,24
M1,ST7,Inspection,2025-01-04,Blocked,,,2025-01-04 07:34:00,2025-01-04 07:43:00,10
M1,ST7,Inspection,2025-01-04,Blocked,,,2025-01-04 10:45:00,2025-01-04 11:06:00,22
M1,ST7,Inspection,2025-01-04,Blocked,,,2025-01-04 12:22:00,2025-01-04 12:51:00,30
M1,ST7,Inspection,2025-01-04,Blocked,,,2025-01-04 17:10:00,2025-01-04 17:40:00,31
M1,ST7,Inspection,2025-01-04,Blocked,,,2025-01-04 19:00:00,2025-01-04 19:17:00,18
M1,ST7,Inspection,2025-01-04,Blocked,,,2025-01-04 19:39:00,2025-01-04 19:51:00,13
M1,ST7,Inspection,2025-01-04,Blocked,,,2025-01-04 22:30:00,2025-01-04 22:38:00,9
M1,ST7,Inspection,2025-01-05,Blocked,,,2025-01-05 07:03:00,2025-01-05 07:40:00,38
M1,ST7,Inspection,2025-01-05,Blocked,,,2025-01-05 17:50:00,2025-01-05 18:32:00,43
M1,ST7,Inspection,2025-01-05,Blocked,,,2025-01-05 19:29:00,2025-01-05 19:40:00,12
M1,ST7,Inspection,2025-01-05,Blocked,,,2025-01-05 21:25:00,2025-01-05 21:43:00,19
M1,ST7,Inspection,2025-01-06,Blocked,,,2025-01-06 02:32:00,2025-01-06 02:53:00,22
M1,ST7,Inspection,2025-01-06,Blocked,,,2025-01-06 05:18:00,2025-01-06 05:42:00,25
M1,ST7,Inspection,2025-01-06,Blocked,,,2025-01-06 12:41:00,2025-01-06 12:41:00,1
M1,ST7,Inspection,2025-01-06,Blocked,,,2025-01-06 15:30:00,2025-01-06 15:37:00,8
M1,ST7,Inspection,2025-01-06,Blocked,,,2025-01-06 18:21:00,2025-01-06 18:51:00,31
M1,ST7,Inspection,2025-01-06,Blocked,,,2025-01-06 23:24:00,2025-01-07 00:02:00,39
M1,ST7,Inspection,2025-01-07,Blocked,,,2025-01-07 01:47:00,2025-01-07 01:58:00,12
M1,ST7,Inspection,2025-01-07,Blocked,,,2025-01-07 02:04:00,2025-01-07 02:19:00,16
M1,ST7,Inspection,2025-01-07,Blocked,,,2025-01-07 08:57:00,2025-01-07 09:11:00,15
M1,ST7,Inspection,2025-01-07,Blocked,,,2025-01-07 09:51:00,2025-01-07 10:07:00,17
M1,ST7,Inspection,2025-01-07,Blocked,,,2025-01-07 10:15:00,2025-01-07 10:33:00,19
M1,ST7,Inspection,2025-01-07,Blocked,,,2025-01-07 11:58:00,2025-01-07 12:12:00,15
M1,ST7,Inspection,2025-01-07,Blocked,,,2025-01-07 16:04:00,2025-01-07 16:20:00,17
M1,ST7,Inspection,2025-01-07,Blocked,,,2025-01-07 20:14:00,2025-01-07 20:32:00,19
M1,ST7,Inspection,2025-01-07,Blocked,,,2025-01-07 23:06:00,2025-01-07 23:30:00,25
M1,ST7,Inspection,2025-01-08,Blocked,,,2025-01-08 02:00:00,2025-01-08 02:36:00,37
M1,ST7,Inspection,2025-01-08,Blocked,,,2025-01-08 04:42:00,2025-01-08 05:19:00,38
M1,ST7,Inspection,2025-01-08,Blocked,,,2025-01-08 07:55:00,2025-01-08 08:03:00,9
M1,ST7,Inspection,2025-01-08,Blocked,,,2025-01-08 09:31:00,2025-01-08 09:39:00,9
M1,ST7,Inspection,2025-01-08,Blocked,,,2025-01-08 10:57:00,2025-01-08 11:30:00,34
M1,ST7,Inspection,2025-01-08,Blocked,,,2025-01-08 20:35:00,2025-01-08 21:09:00,35
M1,ST7,Inspection,2025-01-09,Blocked,,,2025-01-09 00:34:00,2025-01-09 00:36:00,3
M1,ST7,Inspection,2025-01-09,Blocked,,,2025-01-09 02:19:00,2025-01-09 02:33:00,15
M1,ST7,Inspection,2025-01-09,Blocked,,,2025-01-09 05:50:00,2025-01-09 06:21:00,32
M1,ST7,Inspection,2025-01-09,Blocked,,,2025-01-09 07:18:00,2025-01-09 07:52:00,35
M1,ST7,Inspection,2025-01-09,Blocked,,,2025-01-09 08:05:00,2025-01-09 08:26:00,22
M1,ST7,Inspection,2025-01-09,Blocked,,,2025-01-09 17:20:00,2025-01-09 17:39:00,20
M1,ST7,Inspection,2025-01-09,Blocked,,,2025-01-09 19:21:00,2025-01-09 19:26:00,6
M1,ST7,Inspection,2025-01-10,Blocked,,,2025-01-10 00:20:00,2025-01-10 00:24:00,5
M1,ST7,Inspection,2025-01-10,Blocked,,,2025-01-10 00:52:00,2025-01-10 01:04:00,13
M1,ST7,Inspection,2025-01-10,Blocked,,,2025-01-10 09:57:00,2025-01-10 10:08:00,12
M1,ST7,Inspection,2025-01-10,Blocked,,,2025-01-10 11:58:00,2025-01-10 12:02:00,5
M1,ST7,Inspection,2025-01-10,Blocked,,,2025-01-10 18:13:00,2025-01-10 18:16:00,4
M1,ST7,Inspection,2025-01-10,Blocked,,,2025-01-10 22:37:00,2025-01-10 22:41:00,5
M1,ST7,Inspection,2025-01-11,Blocked,,,2025-01-11 08:57:00,2025-01-11 09:21:00,25
M1,ST7,Inspection,2025-01-11,Blocked,,,2025-01-11 15:09:00,2025-01-11 15:24:00,16
M1,ST7,Inspection,2025-01-11,Blocked,,,2025-01-11 21:47:00,2025-01-11 22:13:00,27
M1,ST7,Inspection,2025-01-12,Blocked,,,2025-01-12 00:01:00,2025-01-12 00:24:00,24
M1,ST7,Inspection,2025-01-12,Blocked,,,2025-01-12 01:35:00,2025-01-12 01:39:00,5
M1,ST7,Inspection,2025-01-12,Blocked,,,2025-01-12 07:01:00,2025-01-12 07:13:00,13
M1,ST7,Inspection,2025-01-12,Blocked,,,2025-01-12 10:39:00,2025-01-12 10:42:00,4
M1,ST7,Inspection,2025-01-12,Blocked,,,2025-01-12 12:58:00,2025-01-12 13:06:00,9
M1,ST7,Inspection,2025-01-12,Blocked,,,2025-01-12 14:00:00,2025-01-12 14:20:00,21
M1,ST7,Inspection,2025-01-12,Blocked,,,2025-01-12 19:03:00,2025-01-12 19:21:00,19
M1,ST7,Inspection,2025-01-12,Blocked,,,2025-01-12 23:02:00,2025-01-12 23:19:00,18
M1,ST7,Inspection,2025-01-13,Blocked,,,2025-01-13 00:04:00,2025-01-13 00:15:00,12
M1,ST7,Inspection,2025-01-13,Blocked,,,2025-01-13 03:09:00,2025-01-13 03:34:00,26
M1,ST7,Inspection,2025-01-13,Blocked,,,2025-01-13 07:03:00,2025-01-13 07:08:00,6
M1,ST7,Inspection,2025-01-13,Blocked,,,2025-01-13 11:34:00,2025-01-13 11:35:00,2
M1,ST7,Inspection,2025-01-13,Blocked,,,2025-01-13 12:44:00,2025-01-13 12:57:00,14
M1,ST7,Inspection,2025-01-13,Blocked,,,2025-01-13 14:16:00,2025-01-13 14:42:00,27
M1,ST7,Inspection,2025-01-13,Blocked,,,2025-01-13 20:19:00,2025-01-13 20:53:00,35
M1,ST7,Inspection,2025-01-14,Blocked,,,2025-01-14 03:13:00,2025-01-14 03:18:00,6
M1,ST7,Inspection,2025-01-14,Blocked,,,2025-01-14 03:56:00,2025-01-14 04:02:00,7
M1,ST7,Inspection,2025-01-14,Blocked,,,2025-01-14 04:05:00,2025-01-14 04:07:00,3
M1,ST7,Inspection,2025-01-14,Blocked,,,2025-01-14 12:02:00,2025-01-14 12:36:00,35
M1,ST7,Inspection,2025-01-14,Blocked,,,2025-01-14 16:54:00,2025-01-14 17:05:00,12
M1,ST7,Inspection,2025-01-14,Blocked,,,2025-01-14 18:17:00,2025-01-14 18:29:00,13
M1,ST7,Inspection,2025-01-15,Blocked,,,2025-01-15 00:43:00,2025-01-15 01:16:00,34
M1,ST7,Inspection,2025-01-15,Blocked,,,2025-01-15 09:44:00,2025-01-15 09:55:00,12
M1,ST7,Inspection,2025-01-15,Blocked,,,2025-01-15 11:01:00,2025-01-15 11:04:00,4
M1,ST7,Inspection,2025-01-15,Blocked,,,2025-01-15 18:44:00,2025-01-15 19:11:00,28
M1,ST7,Inspection,2025-01-15,Blocked,,,2025-01-15 22:35:00,2025-01-15 22:50:00,16
M1,ST7,Inspection,2025-01-16,Blocked,,,2025-01-16 04:32:00,2025-01-16 04:34:00,3
M1,ST7,Inspection,2025-01-16,Blocked,,,2025-01-16 06:22:00,2025-01-16 06:27:00,6
M1,ST7,Inspection,2025-01-16,Blocked,,,2025-01-16 07:21:00,2025-01-16 07:55:00,35
M1,ST7,Inspection,2025-01-16,Blocked,,,2025-01-16 09:08:00,2025-01-16 09:11:00,4
M1,ST7,Inspection,2025-01-16,Blocked,,,2025-01-16 12:58:00,2025-01-16 13:16:00,19
M1,ST7,Inspection,2025-01-16,Blocked,,,2025-01-16 17:24:00,2025-01-16 17:39:00,16
M1,ST7,Inspection,2025-01-16,Blocked,,,2025-01-16 20:42:00,2025-01-16 20:44:00,3
M1,ST7,Inspection,2025-01-16,Blocked,,,2025-01-16 21:41:00,2025-01-16 21:48:00,8
M1,ST7,Inspection,2025-01-17,Blocked,,,2025-01-17 05:25:00,2025-01-17 05:42:00,18
M1,ST7,Inspection,2025-01-17,Blocked,,,2025-01-17 06:01:00,2025-01-17 06:38:00,38
M1,ST7,Inspection,2025-01-17,Blocked,,,2025-01-17 09:25:00,2025-01-17 09:41:00,17
M1,ST7,Inspection,2025-01-17,Blocked,,,2025-01-17 14:10:00,2025-01-17 14:28:00,19
M1,ST7,Inspection,2025-01-17,Blocked,,,2025-01-17 16:35:00,2025-01-17 16:59:00,25
M1,ST7,Inspection,2025-01-17,Blocked,,,2025-01-17 17:20:00,2025-01-17 17:32:00,13
M1,ST7,Inspection,2025-01-17,Blocked,,,2025-01-17 20:14:00,2025-01-17 20:49:00,36
M1,ST7,Inspection,2025-01-18,Blocked,,,2025-01-18 06:08:00,2025-01-18 06:11:00,4
M1,ST7,Inspection,2025-01-18,Blocked,,,2025-01-18 07:12:00,2025-01-18 07:21:00,10
M1,ST7,Inspection,2025-01-18,Blocked,,,2025-01-18 09:36:00,2025-01-18 10:00:00,25
M1,ST7,Inspection,2025-01-18,Blocked,,,2025-01-18 11:27:00,2025-01-18 11:44:00,18
M1,ST7,Inspection,2025-01-18,Blocked,,,2025-01-18 15:24:00,2025-01-18 15:36:00,13
M1,ST7,Inspection,2025-01-18,Blocked,,,2025-01-18 18:54:00,2025-01-18 18:59:00,6
M1,ST7,Inspection,2025-01-18,Blocked,,,2025-01-18 20:36:00,2025-01-18 20:40:00,5
M1,ST7,Inspection,2025-01-19,Blocked,,,2025-01-19 04:38:00,2025-01-19 04:58:00,21
M1,ST7,Inspection,2025-01-19,Blocked,,,2025-01-19 08:57:00,2025-01-19 08:59:00,3
M1,ST7,Inspection,2025-01-19,Blocked,,,2025-01-19 15:05:00,2025-01-19 15:21:00,17
M1,ST7,Inspection,2025-01-19,Blocked,,,2025-01-19 21:32:00,2025-01-19 21:52:00,21
M1,ST7,Inspection,2025-01-20,Blocked,,,2025-01-20 01:40:00,2025-01-20 02:07:00,28
M1,ST7,Inspection,2025-01-20,Blocked,,,2025-01-20 09:27:00,2025-01-20 10:13:00,47
M1,ST7,Inspection,2025-01-20,Blocked,,,2025-01-20 11:23:00,2025-01-20 11:34:00,12
M1,ST7,Inspection,2025-01-20,Blocked,,,2025-01-20 12:14:00,2025-01-20 12:33:00,20
M1,ST7,Inspection,2025-01-20,Blocked,,,2025-01-20 12:57:00,2025-01-20 13:23:00,27
M1,ST7,Inspection,2025-01-20,Blocked,,,2025-01-20 20:07:00,2025-01-20 20:20:00,14
M1,ST7,Inspection,2025-01-21,Blocked,,,2025-01-21 02:30:00,2025-01-21 03:05:00,36
M1,ST7,Inspection,2025-01-21,Blocked,,,2025-01-21 05:30:00,2025-01-21 05:33:00,4
M1,ST7,Inspection,2025-01-21,Blocked,,,2025-01-21 07:07:00,2025-01-21 07:33:00,27
M1,ST7,Inspection,2025-01-21,Blocked,,,2025-01-21 13:31:00,2025-01-21 14:07:00,37
M1,ST7,Inspection,2025-01-21,Blocked,,,2025-01-21 14:42:00,2025-01-21 15:11:00,30
M1,ST7,Inspection,2025-01-21,Blocked,,,2025-01-21 15:58:00,2025-01-21 16:21:00,24
M1,ST7,Inspection,2025-01-22,Blocked,,,2025-01-22 01:44:00,2025-01-22 02:08:00,25
M1,ST7,Inspection,2025-01-22,Blocked,,,2025-01-22 03:59:00,2025-01-22 04:34:00,36
M1,ST7,Inspection,2025-01-22,Blocked,,,2025-01-22 09:25:00,2025-01-22 09:30:00,6
M1,ST7,Inspection,2025-01-22,Blocked,,,2025-01-22 10:25:00,2025-01-22 10:47:00,23
M1,ST7,Inspection,2025-01-22,Blocked,,,2025-01-22 14:25:00,2025-01-22 14:57:00,33
M1,ST7,Inspection,2025-01-23,Blocked,,,2025-01-23 07:54:00,2025-01-23 07:54:00,1
M1,ST7,Inspection,2025-01-23,Blocked,,,2025-01-23 07:57:00,2025-01-23 08:10:00,14
M1,ST7,Inspection,2025-01-23,Blocked,,,2025-01-23 09:25:00,2025-01-23 09:30:00,6
M1,ST7,Inspection,2025-01-23,Blocked,,,2025-01-23 17:37:00,2025-01-23 18:00:00,24
M1,ST7,Inspection,2025-01-23,Blocked,,,2025-01-23 21:28:00,2025-01-23 21:46:00,19
M1,ST7,Inspection,2025-01-23,Blocked,,,2025-01-23 23:42:00,2025-01-23 23:45:00,4
M1,ST7,Inspection,2025-01-24,Blocked,,,2025-01-24 02:09:00,2025-01-24 02:20:00,12
M1,ST7,Inspection,2025-01-24,Blocked,,,2025-01-24 10:08:00,2025-01-24 10:33:00,26
M1,ST7,Inspection,2025-01-24,Blocked,,,2025-01-24 11:57:00,2025-01-24 12:14:00,18
M1,ST7,Inspection,2025-01-24,Blocked,,,2025-01-24 12:35:00,2025-01-24 12:42:00,8
M1,ST7,Inspection,2025-01-24,Blocked,,,2025-01-24 16:45:00,2025-01-24 16:55:00,11
M1,ST7,Inspection,2025-01-24,Blocked,,,2025-01-24 21:56:00,2025-01-24 21:59:00,4
M1,ST7,Inspection,2025-01-25,Blocked,,,2025-01-25 00:09:00,2025-01-25 00:46:00,38
M1,ST7,Inspection,2025-01-25,Blocked,,,2025-01-25 03:45:00,2025-01-25 04:08:00,24
M1,ST7,Inspection,2025-01-25,Blocked,,,2025-01-25 05:32:00,2025-01-25 05:37:00,6
M1,ST7,Inspection,2025-01-25,Blocked,,,2025-01-25 13:54:00,2025-01-25 13:54:00,1
M1,ST7,Inspection,2025-01-26,Blocked,,,2025-01-26 05:16:00,2025-01-26 05:47:00,32
M1,ST7,Inspection,2025-01-26,Blocked,,,2025-01-26 08:10:00,2025-01-26 08:46:00,37
M1,ST7,Inspection,2025-01-26,Blocked,,,2025-01-26 09:22:00,2025-01-26 09:25:00,4
M1,ST7,Inspection,2025-01-26,Blocked,,,2025-01-26 14:58:00,2025-01-26 15:11:00,14
M1,ST7,Inspection,2025-01-26,Blocked,,,2025-01-26 16:02:00,2025-01-26 16:26:00,25
M1,ST7,Inspection,2025-01-26,Blocked,,,2025-01-26 16:37:00,2025-01-26 17:12:00,36
M1,ST7,Inspection,2025-01-27,Blocked,,,2025-01-27 02:16:00,2025-01-27 02:17:00,2
M1,ST7,Inspection,2025-01-27,Blocked,,,2025-01-27 02:49:00,2025-01-27 03:21:00,33
M1,ST7,Inspection,2025-01-27,Blocked,,,2025-01-27 10:01:00,2025-01-27 10:31:00,31
M1,ST7,Inspection,2025-01-27,Blocked,,,2025-01-27 14:55:00,2025-01-27 15:06:00,12
M1,ST7,Inspection,2025-01-27,Blocked,,,2025-01-27 17:25:00,2025-01-27 17:28:00,4
M1,ST7,Inspection,2025-01-27,Blocked,,,2025-01-27 21:08:00,2025-01-27 21:12:00,5
M1,ST7,Inspection,2025-01-27,Blocked,,,2025-01-27 23:04:00,2025-01-27 23:09:00,6
M1,ST7,Inspection,2025-01-28,Blocked,,,2025-01-28 04:20:00,2025-01-28 04:23:00,4
M1,ST7,Inspection,2025-01-28,Blocked,,,2025-01-28 05:01:00,2025-01-28 05:26:00,26
M1,ST7,Inspection,2025-01-28,Blocked,,,2025-01-28 06:58:00,2025-01-28 07:00:00,3
M1,ST7,Inspection,2025-01-28,Blocked,,,2025-01-28 07:07:00,2025-01-28 07:36:00,30
M1,ST7,Inspection,2025-01-28,Blocked,,,2025-01-28 08:12:00,2025-01-28 08:49:00,38
M1,ST7,Inspection,2025-01-28,Blocked,,,2025-01-28 13:56:00,2025-01-28 14:13:00,18
M1,ST7,Inspection,2025-01-28,Blocked,,,2025-01-28 16:29:00,2025-01-28 17:05:00,37
M1,ST7,Inspection,2025-01-28,Blocked,,,2025-01-28 22:43:00,2025-01-28 22:59:00,17
M1,ST7,Inspection,2025-01-29,Blocked,,,2025-01-29 01:13:00,2025-01-29 01:35:00,23
M1,ST7,Inspection,2025-01-29,Blocked,,,2025-01-29 05:22:00,2025-01-29 05:25:00,4
M1,ST7,Inspection,2025-01-29,Blocked,,,2025-01-29 06:54:00,2025-01-29 07:07:00,14
M1,ST7,Inspection,2025-01-29,Blocked,,,2025-01-29 12:27:00,2025-01-29 12:46:00,20
M1,ST7,Inspection,2025-01-29,Blocked,,,2025-01-29 18:37:00,2025-01-29 18:42:00,6
M1,ST7,Inspection,2025-01-30,Blocked,,,2025-01-30 00:35:00,2025-01-30 00:43:00,9
M1,ST7,Inspection,2025-01-30,Blocked,,,2025-01-30 02:39:00,2025-01-30 02:50:00,12
M1,ST7,Inspection,2025-01-30,Blocked,,,2025-01-30 09:00:00,2025-01-30 09:19:00,20
M1,ST7,Inspection,2025-01-30,Blocked,,,2025-01-30 15:35:00,2025-01-30 15:45:00,11
M1,ST7,Inspection,2025-01-31,Blocked,,,2025-01-31 03:43:00,2025-01-31 04:02:00,20
M1,ST7,Inspection,2025-01-01,Starved,,,2025-01-01 07:17:00,2025-01-01 07:50:00,34
M1,ST7,Inspection,2025-01-01,Starved,,,2025-01-01 08:53:00,2025-01-01 09:16:00,24
M1,ST7,Inspection,2025-01-01,Starved,,,2025-01-01 09:56:00,2025-01-01 10:04:00,9
M1,ST7,Inspection,2025-01-01,Starved,,,2025-01-01 10:17:00,2025-01-01 10:45:00,29
M1,ST7,Inspection,2025-01-01,Starved,,,2025-01-01 12:26:00,2025-01-01 12:29:00,4
M1,ST7,Inspection,2025-01-01,Starved,,,2025-01-01 12:38:00,2025-01-01 13:15:00,38
M1,ST7,Inspection,2025-01-01,Starved,,,2025-01-01 14:21:00,2025-01-01 14:48:00,28
M1,ST7,Inspection,2025-01-01,Starved,,,2025-01-01 14:56:00,2025-01-01 15:12:00,17
M1,ST7,Inspection,2025-01-01,Starved,,,2025-01-01 15:40:00,2025-01-01 16:02:00,23
M1,ST7,Inspection,2025-01-01,Starved,,,2025-01-01 16:06:00,2025-01-01 16:55:00,50
M1,ST7,Inspection,2025-01-01,Starved,,,2025-01-01 17:05:00,2025-01-01 17:07:00,3
M1,ST7,Inspection,2025-01-01,Starved,,,2025-01-01 17:26:00,2025-01-01 18:08:00,43
M1,ST7,Inspection,2025-01-01,Starved,,,2025-01-01 19:11:00,2025-01-01 19:16:00,6
M1,ST7,Inspection,2025-01-01,Starved,,,2025-01-01 19:58:00,2025-01-01 20:15:00,18
M1,ST7,Inspection,2025-01-01,Starved,,,2025-01-01 21:36:00,2025-01-01 21:47:00,12
M1,ST7,Inspection,2025-01-01,Starved,,,2025-01-01 22:15:00,2025-01-01 22:39:00,25
M1,ST7,Inspection,2025-01-01,Starved,,,2025-01-01 23:22:00,2025-01-02 00:37:00,76
M1,ST7,Inspection,2025-01-02,Starved,,,2025-01-02 00:41:00,2025-01-02 00:51:00,11
M1,ST7,Inspection,2025-01-02,Starved,,,2025-01-02 01:05:00,2025-01-02 01:05:00,1
M1,ST7,Inspection,2025-01-02,Starved,,,2025-01-02 01:21:00,2025-01-02 01:42:00,22
M1,ST7,Inspection,2025-01-02,Starved,,,2025-01-02 02:03:00,2025-01-02 02:20:00,18
M1,ST7,Inspection,2025-01-02,Starved,,,2025-01-02 02:28:00,2025-01-02 02:47:00,20
M1,ST7,Inspection,2025-01-02,Starved,,,2025-01-02 03:58:00,2025-01-02 04:22:00,25
M1,ST7,Inspection,2025-01-02,Starved,,,2025-01-02 05:26:00,2025-01-02 05:48:00,23
M1,ST7,Inspection,2025-01-02,Starved,,,2025-01-02 06:33:00,2025-01-02 07:33:00,61
M1,ST7,Inspection,2025-01-02,Starved,,,2025-01-02 07:43:00,2025-01-02 07:51:00,9
M1,ST7,Inspection,2025-01-02,Starved,,,2025-01-02 07:55:00,2025-01-02 08:28:00,34
M1,ST7,Inspection,2025-01-02,Starved,,,2025-01-02 08:35:00,2025-01-02 09:11:00,37
M1,ST7,Inspection,2025-01-02,Starved,,,2025-01-02 09:43:00,2025-01-02 10:41:00,59
M1,ST7,Inspection,2025-01-02,Starved,,,2025-01-02 10:46:00,2025-01-02 11:00:00,15
M1,ST7,Inspection,2025-01-02,Starved,,,2025-01-02 11:04:00,2025-01-02 11:11:00,8
M1,ST7,Inspection,2025-01-02,Starved,,,2025-01-02 11:13:00,2025-01-02 11:46:00,34
M1,ST7,Inspection,2025-01-02,Starved,,,2025-01-02 11:52:00,2025-01-02 12:08:00,17
M1,ST7,Inspection,2025-01-02,Starved,,,2025-01-02 12:12:00,2025-01-02 12:29:00,18
M1,ST7,Inspection,2025-01-02,Starved,,,2025-01-02 12:33:00,2025-01-02 12:38:00,6
M1,ST7,Inspection,2025-01-02,Starved,,,2025-01-02 14:21:00,2025-01-02 14:56:00,36
M1,ST7,Inspection,2025-01-02,Starved,,,2025-01-02 16:10:00,2025-01-02 16:27:00,18
M1,ST7,Inspection,2025-01-02,Starved,,,2025-01-02 17:19:00,2025-01-02 17:22:00,4
M1,ST7,Inspection,2025-01-02,Starved,,,2025-01-02 17:51:00,2025-01-02 18:20:00,30
M1,ST7,Inspection,2025-01-02,Starved,,,2025-01-02 18:40:00,2025-01-02 18:44:00,5
M1,ST7,Inspection,2025-01-02,Starved,,,2025-01-02 18:59:00,2025-01-02 19:10:00,12
M1,ST7,Inspection,2025-01-02,Starved,,,2025-01-02 19:28:00,2025-01-02 20:06:00,39
M1,ST7,Inspection,2025-01-02,Starved,,,2025-01-02 20:24:00,2025-01-02 20:27:00,4
M1,ST7,Inspection,2025-01-02,Starved,,,2025-01-02 20:44:00,2025-01-02 21:19:00,36
M1,ST7,Inspection,2025-01-02,Starved,,,2025-01-02 21:23:00,2025-01-02 21:35:00,13
M1,ST7,Inspection,2025-01-02,Starved,,,2025-01-02 21:39:00,2025-01-02 22:09:00,31
M1,ST7,Inspection,2025-01-02,Starved,,,2025-01-02 22:17:00,2025-01-02 22:32:00,16
M1,ST7,Inspection,2025-01-03,Starved,,,2025-01-03 00:46:00,2025-01-03 00:56:00,11
M1,ST7,Inspection,2025-01-03,Starved,,,2025-01-03 01:13:00,2025-01-03 01:47:00,35
M1,ST7,Inspection,2025-01-03,Starved,,,2025-01-03 02:21:00,2025-01-03 03:25:00,65
M1,ST7,Inspection,2025-01-03,Starved,,,2025-01-03 04:05:00,2025-01-03 04:13:00,9
M1,ST7,Inspection,2025-01-03,Starved,,,2025-01-03 04:22:00,2025-01-03 04:35:00,14
M1,ST7,Inspection,2025-01-03,Starved,,,2025-01-03 04:38:00,2025-01-03 05:19:00,42
M1,ST7,Inspection,2025-01-03,Starved,,,2025-01-03 05:38:00,2025-01-03 05:57:00,20
M1,ST7,Inspection,2025-01-03,Starved,,,2025-01-03 07:13:00,2025-01-03 07:33:00,21
M1,ST7,Inspection,2025-01-03,Starved,,,2025-01-03 08:31:00,2025-01-03 08:38:00,8
M1,ST7,Inspection,2025-01-03,Starved,,,2025-01-03 08:44:00,2025-01-03 09:30:00,47
M1,ST7,Inspection,2025-01-03,Starved,,,2025-01-03 10:29:00,2025-01-03 10:56:00,28
M1,ST7,Inspection,2025-01-03,Starved,,,2025-01-03 11:21:00,2025-01-03 11:44:00,24
M1,ST7,Inspection,2025-01-03,Starved,,,2025-01-03 11:58:00,2025-01-03 12:05:00,8
M1,ST7,Inspection,2025-01-03,Starved,,,2025-01-03 12:45:00,2025-01-03 13:02:00,18
M1,ST7,Inspection,2025-01-03,Starved,,,2025-01-03 13:37:00,2025-01-03 13:45:00,9
M1,ST7,Inspection,2025-01-03,Starved,,,2025-01-03 14:03:00,2025-01-03 14:23:00,21
M1,ST7,Inspection,2025-01-03,Starved,,,2025-01-03 14:27:00,2025-01-03 14:29:00,3
M1,ST7,Inspection,2025-01-03,Starved,,,2025-01-03 15:32:00,2025-01-03 16:36:00,65
M1,ST7,Inspection,2025-01-03,Starved,,,2025-01-03 16:40:00,2025-01-03 16:50:00,11
M1,ST7,Inspection,2025-01-03,Starved,,,2025-01-03 16:56:00,2025-01-03 17:45:00,50
M1,ST7,Inspection,2025-01-03,Starved,,,2025-01-03 18:33:00,2025-01-03 19:22:00,50
M1,ST7,Inspection,2025-01-03,Starved,,,2025-01-03 19:24:00,2025-01-03 20:10:00,47
M1,ST7,Inspection,2025-01-03,Starved,,,2025-01-03 21:00:00,2025-01-03 21:28:00,29
M1,ST7,Inspection,2025-01-03,Starved,,,2025-01-03 23:17:00,2025-01-03 23:30:00,14
M1,ST7,Inspection,2025-01-04,Starved,,,2025-01-04 00:13:00,2025-01-04 00:18:00,6
M1,ST7,Inspection,2025-01-04,Starved,,,2025-01-04 00:31:00,2025-01-04 00:53:00,23
M1,ST7,Inspection,2025-01-04,Starved,,,2025-01-04 01:08:00,2025-01-04 01:16:00,9
M1,ST7,Inspection,2025-01-04,Starved,,,2025-01-04 01:23:00,2025-01-04 01:24:00,2
M1,ST7,Inspection,2025-01-04,Starved,,,2025-01-04 01:34:00,2025-01-04 01:59:00,26
M1,ST7,Inspection,2025-01-04,Starved,,,2025-01-04 03:23:00,2025-01-04 03:38:00,16
M1,ST7,Inspection,2025-01-04,Starved,,,2025-01-04 03:45:00,2025-01-04 03:50:00,6
M1,ST7,Inspection,2025-01-04,Starved,,,2025-01-04 04:38:00,2025-01-04 05:03:00,26
M1,ST7,Inspection,2025-01-04,Starved,,,2025-01-04 05:14:00,2025-01-04 05:21:00,8
M1,ST7,Inspection,2025-01-04,Starved,,,2025-01-04 06:25:00,2025-01-04 06:29:00,5
M1,ST7,Inspection,2025-01-04,Starved,,,2025-01-04 06:34:00,2025-01-04 06:53:00,20
M1,ST7,Inspection,2025-01-04,Starved,,,2025-01-04 07:06:00,2025-01-04 07:30:00,25
M1,ST7,Inspection,2025-01-04,Starved,,,2025-01-04 08:04:00,2025-01-04 09:00:00,57
M1,ST7,Inspection,2025-01-04,Starved,,,2025-01-04 11:18:00,2025-01-04 11:32:00,15
M1,ST7,Inspection,2025-01-04,Starved,,,2025-01-04 12:00:00,2025-01-04 12:15:00,16
M1,ST7,Inspection,2025-01-04,Starved,,,2025-01-04 12:55:00,2025-01-04 13:12:00,18
M1,ST7,Inspection,2025-01-04,Starved,,,2025-01-04 13:17:00,2025-01-04 13:48:00,32
M1,ST7,Inspection,2025-01-04,Starved,,,2025-01-04 13:50:00,2025-01-04 14:33:00,44
M1,ST7,Inspection,2025-01-04,Starved,,,2025-01-04 16:38:00,2025-01-04 17:06:00,29
M1,ST7,Inspection,2025-01-04,Starved,,,2025-01-04 18:09:00,2025-01-04 18:09:00,1
M1,ST7,Inspection,2025-01-04,Starved,,,2025-01-04 18:18:00,2025-01-04 18:37:00,20
M1,ST7,Inspection,2025-01-04,Starved,,,2025-01-04 19:54:00,2025-01-04 19:56:00,3
M1,ST7,Inspection,2025-01-04,Starved,,,2025-01-04 20:32:00,2025-01-04 21:56:00,85
M1,ST7,Inspection,2025-01-04,Starved,,,2025-01-04 22:01:00,2025-01-04 22:25:00,25
M1,ST7,Inspection,2025-01-04,Starved,,,2025-01-04 23:43:00,2025-01-05 00:09:00,27
M1,ST7,Inspection,2025-01-05,Starved,,,2025-01-05 00:38:00,2025-01-05 00:59:00,22
M1,ST7,Inspection,2025-01-05,Starved,,,2025-01-05 01:13:00,2025-01-05 01:17:00,5
M1,ST7,Inspection,2025-01-05,Starved,,,2025-01-05 02:08:00,2025-01-05 02:43:00,36
M1,ST7,Inspection,2025-01-05,Starved,,,2025-01-05 02:47:00,2025-01-05 03:20:00,34
M1,ST7,Inspection,2025-01-05,Starved,,,2025-01-05 03:26:00,2025-01-05 03:28:00,3
M1,ST7,Inspection,2025-01-05,Starved,,,2025-01-05 04:09:00,2025-01-05 04:52:00,44
M1,ST7,Inspection,2025-01-05,Starved,,,2025-01-05 05:25:00,2025-01-05 05:31:00,7
M1,ST7,Inspection,2025-01-05,Starved,,,2025-01-05 06:02:00,2025-01-05 06:59:00,58
M1,ST7,Inspection,2025-01-05,Starved,,,2025-01-05 07:48:00,2025-01-05 08:07:00,20
M1,ST7,Inspection,2025-01-05,Starved,,,2025-01-05 09:04:00,2025-01-05 09:43:00,40
M1,ST7,Inspection,2025-01-05,Starved,,,2025-01-05 10:05:00,2025-01-05 10:29:00,25
M1,ST7,Inspection,2025-01-05,Starved,,,2025-01-05 10:32:00,2025-01-05 10:59:00,28
M1,ST7,Inspection,2025-01-05,Starved,,,2025-01-05 11:03:00,2025-01-05 11:11:00,9
M1,ST7,Inspection,2025-01-05,Starved,,,2025-01-05 12:18:00,2025-01-05 12:38:00,21
M1,ST7,Inspection,2025-01-05,Starved,,,2025-01-05 12:45:00,2025-01-05 13:03:00,19
M1,ST7,Inspection,2025-01-05,Starved,,,2025-01-05 14:07:00,2025-01-05 14:09:00,3
M1,ST7,Inspection,2025-01-05,Starved,,,2025-01-05 15:22:00,2025-01-05 15:44:00,23
M1,ST7,Inspection,2025-01-05,Starved,,,2025-01-05 16:44:00,2025-01-05 16:49:00,6
M1,ST7,Inspection,2025-01-05,Starved,,,2025-01-05 16:53:00,2025-01-05 17:46:00,54
M1,ST7,Inspection,2025-01-05,Starved,,,2025-01-05 18:36:00,2025-01-05 19:25:00,50
M1,ST7,Inspection,2025-01-05,Starved,,,2025-01-05 20:37:00,2025-01-05 20:48:00,12
M1,ST7,Inspection,2025-01-05,Starved,,,2025-01-05 21:52:00,2025-01-05 22:07:00,16
M1,ST7,Inspection,2025-01-05,Starved,,,2025-01-05 22:23:00,2025-01-05 22:47:00,25
M1,ST7,Inspection,2025-01-05,Starved,,,2025-01-05 23:15:00,2025-01-05 23:42:00,28
M1,ST7,Inspection,2025-01-05,Starved,,,2025-01-05 23:51:00,2025-01-06 00:05:00,15
M1,ST7,Inspection,2025-01-06,Starved,,,2025-01-06 00:07:00,2025-01-06 00:24:00,18
M1,ST7,Inspection,2025-01-06,Starved,,,2025-01-06 00:43:00,2025-01-06 01:35:00,53
M1,ST7,Inspection,2025-01-06,Starved,,,2025-01-06 02:10:00,2025-01-06 02:28:00,19
M1,ST7,Inspection,2025-01-06,Starved,,,2025-01-06 03:28:00,2025-01-06 03:32:00,5
M1,ST7,Inspection,2025-01-06,Starved,,,2025-01-06 04:01:00,2025-01-06 04:36:00,36
M1,ST7,Inspection,2025-01-06,Starved,,,2025-01-06 04:41:00,2025-01-06 04:54:00,14
M1,ST7,Inspection,2025-01-06,Starved,,,2025-01-06 06:16:00,2025-01-06 06:27:00,12
M1,ST7,Inspection,2025-01-06,Starved,,,2025-01-06 06:54:00,2025-01-06 07:15:00,22
M1,ST7,Inspection,2025-01-06,Starved,,,2025-01-06 07:23:00,2025-01-06 07:32:00,10
M1,ST7,Inspection,2025-01-06,Starved,,,2025-01-06 07:42:00,2025-01-06 08:00:00,19
M1,ST7,Inspection,2025-01-06,Starved,,,2025-01-06 09:33:00,2025-01-06 09:38:00,6
M1,ST7,Inspection,2025-01-06,Starved,,,2025-01-06 09:54:00,2025-01-06 10:37:00,44
M1,ST7,Inspection,2025-01-06,Starved,,,2025-01-06 10:41:00,2025-01-06 10:49:00,9
M1,ST7,Inspection,2025-01-06,Starved,,,2025-01-06 11:05:00,2025-01-06 11:24:00,20
M1,ST7,Inspection,2025-01-06,Starved,,,2025-01-06 11:38:00,2025-01-06 12:03:00,26
M1,ST7,Inspection,2025-01-06,Starved,,,2025-01-06 12:07:00,2025-01-06 12:23:00,17
M1,ST7,Inspection,2025-01-06,Starved,,,2025-01-06 12:25:00,2025-01-06 12:38:00,14
M1,ST7,Inspection,2025-01-06,Starved,,,2025-01-06 13:44:00,2025-01-06 13:50:00,7
M1,ST7,Inspection,2025-01-06,Starved,,,2025-01-06 13:54:00,2025-01-06 14:09:00,16
M1,ST7,Inspection,2025-01-06,Starved,,,2025-01-06 14:13:00,2025-01-06 14:20:00,8
M1,ST7,Inspection,2025-01-06,Starved,,,2025-01-06 14:26:00,2025-01-06 15:07:00,42
M1,ST7,Inspection,2025-01-06,Starved,,,2025-01-06 15:09:00,2025-01-06 15:27:00,19
M1,ST7,Inspection,2025-01-06,Starved,,,2025-01-06 16:01:00,2025-01-06 16:05:00,5
M1,ST7,Inspection,2025-01-06,Starved,,,2025-01-06 16:09:00,2025-01-06 16:21:00,13
M1,ST7,Inspection,2025-01-06,Starved,,,2025-01-06 16:25:00,2025-01-06 16:50:00,26
M1,ST7,Inspection,2025-01-06,Starved,,,2025-01-06 17:18:00,2025-01-06 17:39:00,22
M1,ST7,Inspection,2025-01-06,Starved,,,2025-01-06 17:41:00,2025-01-06 18:11:00,31
M1,ST7,Inspection,2025-01-06,Starved,,,2025-01-06 19:13:00,2025-01-06 19:20:00,8
M1,ST7,Inspection,2025-01-06,Starved,,,2025-01-06 19:21:00,2025-01-06 19:36:00,16
M1,ST7,Inspection,2025-01-06,Starved,,,2025-01-06 20:41:00,2025-01-06 20:49:00,9
M1,ST7,Inspection,2025-01-06,Starved,,,2025-01-06 21:38:00,2025-01-06 22:05:00,28
M1,ST7,Inspection,2025-01-06,Starved,,,2025-01-06 22:09:00,2025-01-06 22:16:00,8
M1,ST7,Inspection,2025-01-06,Starved,,,2025-01-06 22:22:00,2025-01-06 22:33:00,12
M1,ST7,Inspection,2025-01-06,Starved,,,2025-01-06 22:40:00,2025-01-06 22:49:00,10
M1,ST7,Inspection,2025-01-07,Starved,,,2025-01-07 00:08:00,2025-01-07 00:08:00,1
M1,ST7,Inspection,2025-01-07,Starved,,,2025-01-07 00:14:00,2025-01-07 00:14:00,1
M1,ST7,Inspection,2025-01-07,Starved,,,2025-01-07 00:31:00,2025-01-07 00:49:00,19
M1,ST7,Inspection,2025-01-07,Starved,,,2025-01-07 00:53:00,2025-01-07 00:58:00,6
M1,ST7,Inspection,2025-01-07,Starved,,,2025-01-07 01:19:00,2025-01-07 01:29:00,11
M1,ST7,Inspection,2025-01-07,Starved,,,2025-01-07 01:38:00,2025-01-07 01:39:00,2
M1,ST7,Inspection,2025-01-07,Starved,,,2025-01-07 02:30:00,2025-01-07 03:00:00,31
M1,ST7,Inspection,2025-01-07,Starved,,,2025-01-07 03:04:00,2025-01-07 03:05:00,2
M1,ST7,Inspection,2025-01-07,Starved,,,2025-01-07 03:09:00,2025-01-07 03:15:00,7
M1,ST7,Inspection,2025-01-07,Starved,,,2025-01-07 03:18:00,2025-01-07 03:36:00,19
M1,ST7,Inspection,2025-01-07,Starved,,,2025-01-07 04:20:00,2025-01-07 04:51:00,32
M1,ST7,Inspection,2025-01-07,Starved,,,2025-01-07 05:03:00,2025-01-07 05:41:00,39
M1,ST7,Inspection,2025-01-07,Starved,,,2025-01-07 05:45:00,2025-01-07 06:23:00,39
M1,ST7,Inspection,2025-01-07,Starved,,,2025-01-07 06:31:00,2025-01-07 06:45:00,15
M1,ST7,Inspection,2025-01-07,Starved,,,2025-01-07 06:59:00,2025-01-07 07:43:00,45
M1,ST7,Inspection,2025-01-07,Starved,,,2025-01-07 08:35:00,2025-01-07 08:48:00,14
M1,ST7,Inspection,2025-01-07,Starved,,,2025-01-07 10:40:00,2025-01-07 11:16:00,37
M1,ST7,Inspection,2025-01-07,Starved,,,2025-01-07 12:37:00,2025-01-07 12:44:00,8
M1,ST7,Inspection,2025-01-07,Starved,,,2025-01-07 12:51:00,2025-01-07 13:08:00,18
M1,ST7,Inspection,2025-01-07,Starved,,,2025-01-07 13:36:00,2025-01-07 13:40:00,5
M1,ST7,Inspection,2025-01-07,Starved,,,2025-01-07 13:47:00,2025-01-07 14:32:00,46
M1,ST7,Inspection,2025-01-07,Starved,,,2025-01-07 14:41:00,2025-01-07 14:54:00,14
M1,ST7,Inspection,2025-01-07,Starved,,,2025-01-07 15:34:00,2025-01-07 15:53:00,20
M1,ST7,Inspection,2025-01-07,Starved,,,2025-01-07 15:59:00,2025-01-07 16:00:00,2
M1,ST7,Inspection,2025-01-07,Starved,,,2025-01-07 16:24:00,2025-01-07 16:57:00,34
M1,ST7,Inspection,2025-01-07,Starved,,,2025-01-07 17:07:00,2025-01-07 17:25:00,19
M1,ST7,Inspection,2025-01-07,Starved,,,2025-01-07 17:29:00,2025-01-07 17:36:00,8
M1,ST7,Inspection,2025-01-07,Starved,,,2025-01-07 17:49:00,2025-01-07 18:23:00,35
M1,ST7,Inspection,2025-01-07,Starved,,,2025-01-07 18:48:00,2025-01-07 18:55:00,8
M1,ST7,Inspection,2025-01-07,Starved,,,2025-01-07 19:13:00,2025-01-07 19:38:00,26
M1,ST7,Inspection,2025-01-07,Starved,,,2025-01-07 19:46:00,2025-01-07 20:09:00,24
M1,ST7,Inspection,2025-01-07,Starved,,,2025-01-07 21:03:00,2025-01-07 21:09:00,7
M1,ST7,Inspection,2025-01-07,Starved,,,2025-01-07 21:40:00,2025-01-07 21:51:00,12
M1,ST7,Inspection,2025-01-07,Starved,,,2025-01-07 22:03:00,2025-01-07 22:20:00,18
M1,ST7,Inspection,2025-01-07,Starved,,,2025-01-07 22:24:00,2025-01-07 23:02:00,39
M1,ST7,Inspection,2025-01-07,Starved,,,2025-01-07 23:45:00,2025-01-07 23:45:00,1
M1,ST7,Inspection,2025-01-08,Starved,,,2025-01-08 00:37:00,2025-01-08 00:43:00,7
M1,ST7,Inspection,2025-01-08,Starved,,,2025-01-08 00:54:00,2025-01-08 01:12:00,19
M1,ST7,Inspection,2025-01-08,Starved,,,2025-01-08 01:33:00,2025-01-08 01:50:00,18
M1,ST7,Inspection,2025-01-08,Starved,,,2025-01-08 02:40:00,2025-01-08 02:41:00,2
M1,ST7,Inspection,2025-01-08,Starved,,,2025-01-08 02:48:00,2025-01-08 03:13:00,26
M1,ST7,Inspection,2025-01-08,Starved,,,2025-01-08 03:20:00,2025-01-08 03:59:00,40
M1,ST7,Inspection,2025-01-08,Starved,,,2025-01-08 04:07:00,2025-01-08 04:21:00,15
M1,ST7,Inspection,2025-01-08,Starved,,,2025-01-08 05:25:00,2025-01-08 05:41:00,17
M1,ST7,Inspection,2025-01-08,Starved,,,2025-01-08 05:52:00,2025-01-08 06:14:00,23
M1,ST7,Inspection,2025-01-08,Starved,,,2025-01-08 06:16:00,2025-01-08 06:29:00,14
M1,ST7,Inspection,2025-01-08,Starved,,,2025-01-08 06:44:00,2025-01-08 06:58:00,15
M1,ST7,Inspection,2025-01-08,Starved,,,2025-01-08 07:16:00,2025-01-08 07:26:00,11
M1,ST7,Inspection,2025-01-08,Starved,,,2025-01-08 08:28:00,2025-01-08 08:28:00,1
M1,ST7,Inspection,2025-01-08,Starved,,,2025-01-08 08:43:00,2025-01-08 08:56:00,14
M1,ST7,Inspection,2025-01-08,Starved,,,2025-01-08 09:45:00,2025-01-08 10:18:00,34
M1,ST7,Inspection,2025-01-08,Starved,,,2025-01-08 10:22:00,2025-01-08 10:53:00,32
M1,ST7,Inspection,2025-01-08,Starved,,,2025-01-08 11:46:00,2025-01-08 12:13:00,28
M1,ST7,Inspection,2025-01-08,Starved,,,2025-01-08 13:16:00,2025-01-08 13:52:00,37
M1,ST7,Inspection,2025-01-08,Starved,,,2025-01-08 14:13:00,2025-01-08 14:29:00,17
M1,ST7,Inspection,2025-01-08,Starved,,,2025-01-08 15:04:00,2025-01-08 15:28:00,25
M1,ST7,Inspection,2025-01-08,Starved,,,2025-01-08 15:48:00,2025-01-08 16:11:00,24
M1,ST7,Inspection,2025-01-08,Starved,,,2025-01-08 16:18:00,2025-01-08 16:30:00,13
M1,ST7,Inspection,2025-01-08,Starved,,,2025-01-08 16:35:00,2025-01-08 16:40:00,6
M1,ST7,Inspection,2025-01-08,Starved,,,2025-01-08 17:05:00,2025-01-08 17:39:00,35
M1,ST7,Inspection,2025-01-08,Starved,,,2025-01-08 18:01:00,2025-01-08 18:26:00,26
M1,ST7,Inspection,2025-01-08,Starved,,,2025-01-08 18:44:00,2025-01-08 19:12:00,29
M1,ST7,Inspection,2025-01-08,Starved,,,2025-01-08 19:29:00,2025-01-08 19:37:00,9
M1,ST7,Inspection,2025-01-08,Starved,,,2025-01-08 19:53:00,2025-01-08 20:19:00,27
M1,ST7,Inspection,2025-01-08,Starved,,,2025-01-08 20:27:00,2025-01-08 20:31:00,5
M1,ST7,Inspection,2025-01-08,Starved,,,2025-01-08 21:16:00,2025-01-08 21:22:00,7
M1,ST7,Inspection,2025-01-08,Starved,,,2025-01-08 21:31:00,2025-01-08 21:43:00,13
M1,ST7,Inspection,2025-01-08,Starved,,,2025-01-08 21:47:00,2025-01-08 22:14:00,28
M1,ST7,Inspection,2025-01-08,Starved,,,2025-01-08 22:25:00,2025-01-08 22:30:00,6
M1,ST7,Inspection,2025-01-08,Starved,,,2025-01-08 22:46:00,2025-01-08 23:08:00,23
M1,ST7,Inspection,2025-01-08,Starved,,,2025-01-08 23:56:00,2025-01-09 00:17:00,22
M1,ST7,Inspection,2025-01-09,Starved,,,2025-01-09 00:55:00,2025-01-09 00:58:00,4
M1,ST7,Inspection,2025-01-09,Starved,,,2025-01-09 01:11:00,2025-01-09 01:36:00,26
M1,ST7,Inspection,2025-01-09,Starved,,,2025-01-09 02:58:00,2025-01-09 03:08:00,11
M1,ST7,Inspection,2025-01-09,Starved,,,2025-01-09 03:22:00,2025-01-09 03:26:00,5
M1,ST7,Inspection,2025-01-09,Starved,,,2025-01-09 03:54:00,2025-01-09 04:33:00,40
M1,ST7,Inspection,2025-01-09,Starved,,,2025-01-09 04:50:00,2025-01-09 05:46:00,57
M1,ST7,Inspection,2025-01-09,Starved,,,2025-01-09 06:35:00,2025-01-09 06:47:00,13
M1,ST7,Inspection,2025-01-09,Starved,,,2025-01-09 09:15:00,2025-01-09 09:40:00,26
M1,ST7,Inspection,2025-01-09,Starved,,,2025-01-09 09:55:00,2025-01-09 10:14:00,20
M1,ST7,Inspection,2025-01-09,Starved,,,2025-01-09 11:06:00,2025-01-09 11:15:00,10
M1,ST7,Inspection,2025-01-09,Starved,,,2025-01-09 12:00:00,2025-01-09 12:03:00,4
M1,ST7,Inspection,2025-01-09,Starved,,,2025-01-09 12:07:00,2025-01-09 12:20:00,14
M1,ST7,Inspection,2025-01-09,Starved,,,2025-01-09 12:37:00,2025-01-09 12:50:00,14
M1,ST7,Inspection,2025-01-09,Starved,,,2025-01-09 13:11:00,2025-01-09 13:30:00,20
M1,ST7,Inspection,2025-01-09,Starved,,,2025-01-09 13:44:00,2025-01-09 14:07:00,24
M1,ST7,Inspection,2025-01-09,Starved,,,2025-01-09 14:16:00,2025-01-09 14:50:00,35
M1,ST7,Inspection,2025-01-09,Starved,,,2025-01-09 14:54:00,2025-01-09 14:56:00,3
M1,ST7,Inspection,2025-01-09,Starved,,,2025-01-09 14:58:00,2025-01-09 15:27:00,30
M1,ST7,Inspection,2025-01-09,Starved,,,2025-01-09 15:31:00,2025-01-09 16:07:00,37
M1,ST7,Inspection,2025-01-09,Starved,,,2025-01-09 16:20:00,2025-01-09 16:29:00,10
M1,ST7,Inspection,2025-01-09,Starved,,,2025-01-09 17:48:00,2025-01-09 18:09:00,22
M1,ST7,Inspection,2025-01-09,Starved,,,2025-01-09 18:20:00,2025-01-09 18:50:00,31
M1,ST7,Inspection,2025-01-09,Starved,,,2025-01-09 19:34:00,2025-01-09 19:47:00,14
M1,ST7,Inspection,2025-01-09,Starved,,,2025-01-09 20:04:00,2025-01-09 20:33:00,30
M1,ST7,Inspection,2025-01-09,Starved,,,2025-01-09 20:35:00,2025-01-09 20:48:00,14
M1,ST7,Inspection,2025-01-09,Starved,,,2025-01-09 20:52:00,2025-01-09 21:41:00,50
M1,ST7,Inspection,2025-01-09,Starved,,,2025-01-09 21:47:00,2025-01-09 22:18:00,32
M1,ST7,Inspection,2025-01-09,Starved,,,2025-01-09 23:05:00,2025-01-09 23:30:00,26
M1,ST7,Inspection,2025-01-09,Starved,,,2025-01-09 23:40:00,2025-01-09 23:52:00,13
M1,ST7,Inspection,2025-01-10,Starved,,,2025-01-10 00:29:00,2025-01-10 00:48:00,20
M1,ST7,Inspection,2025-01-10,Starved,,,2025-01-10 01:19:00,2025-01-10 01:30:00,12
M1,ST7,Inspection,2025-01-10,Starved,,,2025-01-10 01:35:00,2025-01-10 01:37:00,3
M1,ST7,Inspection,2025-01-10,Starved,,,2025-01-10 02:00:00,2025-01-10 02:44:00,45
M1,ST7,Inspection,2025-01-10,Starved,,,2025-01-10 02:48:00,2025-01-10 02:48:00,1
M1,ST7,Inspection,2025-01-10,Starved,,,2025-01-10 03:04:00,2025-01-10 03:45:00,42
M1,ST7,Inspection,2025-01-10,Starved,,,2025-01-10 04:49:00,2025-01-10 05:11:00,23
M1,ST7,Inspection,2025-01-10,Starved,,,2025-01-10 05:15:00,2025-01-10 05:38:00,24
M1,ST7,Inspection,2025-01-10,Starved,,,2025-01-10 07:09:00,2025-01-10 07:36:00,28
M1,ST7,Inspection,2025-01-10,Starved,,,2025-01-10 08:06:00,2025-01-10 08:11:00,6
M1,ST7,Inspection,2025-01-10,Starved,,,2025-01-10 08:22:00,2025-01-10 09:04:00,43
M1,ST7,Inspection,2025-01-10,Starved,,,2025-01-10 09:12:00,2025-01-10 09:53:00,42
M1,ST7,Inspection,2025-01-10,Starved,,,2025-01-10 10:23:00,2025-01-10 10:24:00,2
M1,ST7,Inspection,2025-01-10,Starved,,,2025-01-10 11:29:00,2025-01-10 11:54:00,26
M1,ST7,Inspection,2025-01-10,Starved,,,2025-01-10 12:31:00,2025-01-10 12:54:00,24
M1,ST7,Inspection,2025-01-10,Starved,,,2025-01-10 13:33:00,2025-01-10 13:42:00,10
M1,ST7,Inspection,2025-01-10,Starved,,,2025-01-10 13:46:00,2025-01-10 14:54:00,69
M1,ST7,Inspection,2025-01-10,Starved,,,2025-01-10 14:58:00,2025-01-10 15:09:00,12
M1,ST7,Inspection,2025-01-10,Starved,,,2025-01-10 15:13:00,2025-01-10 15:17:00,5
M1,ST7,Inspection,2025-01-10,Starved,,,2025-01-10 15:22:00,2025-01-10 15:27:00,6
M1,ST7,Inspection,2025-01-10,Starved,,,2025-01-10 15:35:00,2025-01-10 15:39:00,5
M1,ST7,Inspection,2025-01-10,Starved,,,2025-01-10 16:56:00,2025-01-10 17:31:00,36
M1,ST7,Inspection,2025-01-10,Starved,,,2025-01-10 18:33:00,2025-01-10 19:33:00,61
M1,ST7,Inspection,2025-01-10,Starved,,,2025-01-10 19:47:00,2025-01-10 20:47:00,61
M1,ST7,Inspection,2025-01-10,Starved,,,2025-01-10 21:10:00,2025-01-10 21:26:00,17
M1,ST7,Inspection,2025-01-10,Starved,,,2025-01-10 21:34:00,2025-01-10 22:03:00,30
M1,ST7,Inspection,2025-01-10,Starved,,,2025-01-10 22:46:00,2025-01-10 22:53:00,8
M1,ST7,Inspection,2025-01-10,Starved,,,2025-01-10 22:59:00,2025-01-10 23:26:00,28
M1,ST7,Inspection,2025-01-10,Starved,,,2025-01-10 23:55:00,2025-01-11 00:04:00,10
M1,ST7,Inspection,2025-01-11,Starved,,,2025-01-11 01:05:00,2025-01-11 01:52:00,48
M1,ST7,Inspection,2025-01-11,Starved,,,2025-01-11 02:28:00,2025-01-11 03:00:00,33
M1,ST7,Inspection,2025-01-11,Starved,,,2025-01-11 03:04:00,2025-01-11 03:28:00,25
M1,ST7,Inspection,2025-01-11,Starved,,,2025-01-11 03:45:00,2025-01-11 04:16:00,32
M1,ST7,Inspection,2025-01-11,Starved,,,2025-01-11 04:20:00,2025-01-11 04:33:00,14
M1,ST7,Inspection,2025-01-11,Starved,,,2025-01-11 04:42:00,2025-01-11 05:08:00,27
M1,ST7,Inspection,2025-01-11,Starved,,,2025-01-11 05:17:00,2025-01-11 05:57:00,41
M1,ST7,Inspection,2025-01-11,Starved,,,2025-01-11 06:16:00,2025-01-11 06:28:00,13
M1,ST7,Inspection,2025-01-11,Starved,,,2025-01-11 06:29:00,2025-01-11 06:48:00,20
M1,ST7,Inspection,2025-01-11,Starved,,,2025-01-11 07:49:00,2025-01-11 08:53:00,65
M1,ST7,Inspection,2025-01-11,Starved,,,2025-01-11 09:25:00,2025-01-11 09:34:00,10
M1,ST7,Inspection,2025-01-11,Starved,,,2025-01-11 10:10:00,2025-01-11 10:11:00,2
M1,ST7,Inspection,2025-01-11,Starved,,,2025-01-11 10:48:00,2025-01-11 11:06:00,19
M1,ST7,Inspection,2025-01-11,Starved,,,2025-01-11 11:59:00,2025-01-11 12:12:00,14
M1,ST7,Inspection,2025-01-11,Starved,,,2025-01-11 12:21:00,2025-01-11 13:03:00,43
M1,ST7,Inspection,2025-01-11,Starved,,,2025-01-11 13:36:00,2025-01-11 14:08:00,33
M1,ST7,Inspection,2025-01-11,Starved,,,2025-01-11 14:12:00,2025-01-11 14:16:00,5
M1,ST7,Inspection,2025-01-11,Starved,,,2025-01-11 14:40:00,2025-01-11 14:49:00,10
M1,ST7,Inspection,2025-01-11,Starved,,,2025-01-11 16:58:00,2025-01-11 17:09:00,12
M1,ST7,Inspection,2025-01-11,Starved,,,2025-01-11 17:20:00,2025-01-11 17:35:00,16
M1,ST7,Inspection,2025-01-11,Starved,,,2025-01-11 17:42:00,2025-01-11 17:53:00,12
M1,ST7,Inspection,2025-01-11,Starved,,,2025-01-11 18:43:00,2025-01-11 18:58:00,16
M1,ST7,Inspection,2025-01-11,Starved,,,2025-01-11 19:11:00,2025-01-11 19:14:00,4
M1,ST7,Inspection,2025-01-11,Starved,,,2025-01-11 19:41:00,2025-01-11 19:43:00,3
M1,ST7,Inspection,2025-01-11,Starved,,,2025-01-11 20:25:00,2025-01-11 20:53:00,29
M1,ST7,Inspection,2025-01-11,Starved,,,2025-01-11 20:57:00,2025-01-11 21:31:00,35
M1,ST7,Inspection,2025-01-11,Starved,,,2025-01-11 22:24:00,2025-01-11 22:35:00,12
M1,ST7,Inspection,2025-01-11,Starved,,,2025-01-11 22:39:00,2025-01-11 22:54:00,16
M1,ST7,Inspection,2025-01-11,Starved,,,2025-01-11 23:01:00,2025-01-11 23:12:00,12
M1,ST7,Inspection,2025-01-12,Starved,,,2025-01-12 00:27:00,2025-01-12 00:28:00,2
M1,ST7,Inspection,2025-01-12,Starved,,,2025-01-12 00:34:00,2025-01-12 00:37:00,4
M1,ST7,Inspection,2025-01-12,Starved,,,2025-01-12 00:46:00,2025-01-12 01:00:00,15
M1,ST7,Inspection,2025-01-12,Starved,,,2025-01-12 01:14:00,2025-01-12 01:23:00,10
M1,ST7,Inspection,2025-01-12,Starved,,,2025-01-12 02:53:00,2025-01-12 02:58:00,6
M1,ST7,Inspection,2025-01-12,Starved,,,2025-01-12 03:38:00,2025-01-12 03:39:00,2
M1,ST7,Inspection,2025-01-12,Starved,,,2025-01-12 04:50:00,2025-01-12 05:12:00,23
M1,ST7,Inspection,2025-01-12,Starved,,,2025-01-12 05:29:00,2025-01-12 05:38:00,10
M1,ST7,Inspection,2025-01-12,Starved,,,2025-01-12 06:04:00,2025-01-12 06:25:00,22
M1,ST7,Inspection,2025-01-12,Starved,,,2025-01-12 06:28:00,2025-01-12 06:37:00,10
M1,ST7,Inspection,2025-01-12,Starved,,,2025-01-12 06:42:00,2025-01-12 06:57:00,16
M1,ST7,Inspection,2025-01-12,Starved,,,2025-01-12 07:19:00,2025-01-12 08:13:00,55
M1,ST7,Inspection,2025-01-12,Starved,,,2025-01-12 08:21:00,2025-01-12 08:33:00,13
M1,ST7,Inspection,2025-01-12,Starved,,,2025-01-12 10:11:00,2025-01-12 10:30:00,20
M1,ST7,Inspection,2025-01-12,Starved,,,2025-01-12 11:18:00,2025-01-12 11:20:00,3
M1,ST7,Inspection,2025-01-12,Starved,,,2025-01-12 11:49:00,2025-01-12 12:18:00,30
M1,ST7,Inspection,2025-01-12,Starved,,,2025-01-12 12:24:00,2025-01-12 12:38:00,15
M1,ST7,Inspection,2025-01-12,Starved,,,2025-01-12 13:24:00,2025-01-12 13:56:00,33
M1,ST7,Inspection,2025-01-12,Starved,,,2025-01-12 14:31:00,2025-01-12 14:44:00,14
M1,ST7,Inspection,2025-01-12,Starved,,,2025-01-12 14:49:00,2025-01-12 15:00:00,12
M1,ST7,Inspection,2025-01-12,Starved,,,2025-01-12 16:11:00,2025-01-12 16:50:00,40
M1,ST7,Inspection,2025-01-12,Starved,,,2025-01-12 17:06:00,2025-01-12 17:23:00,18
M1,ST7,Inspection,2025-01-12,Starved,,,2025-01-12 17:58:00,2025-01-12 18:10:00,13
M1,ST7,Inspection,2025-01-12,Starved,,,2025-01-12 18:18:00,2025-01-12 18:29:00,12
M1,ST7,Inspection,2025-01-12,Starved,,,2025-01-12 18:35:00,2025-01-12 18:36:00,2
M1,ST7,Inspection,2025-01-12,Starved,,,2025-01-12 19:23:00,2025-01-12 19:25:00,3
M1,ST7,Inspection,2025-01-12,Starved,,,2025-01-12 19:45:00,2025-01-12 20:15:00,31
M1,ST7,Inspection,2025-01-12,Starved,,,2025-01-12 20:19:00,2025-01-12 20:30:00,12
M1,ST7,Inspection,2025-01-12,Starved,,,2025-01-12 22:16:00,2025-01-12 22:35:00,20
M1,ST7,Inspection,2025-01-12,Starved,,,2025-01-12 23:34:00,2025-01-12 23:39:00,6
M1,ST7,Inspection,2025-01-12,Starved,,,2025-01-12 23:45:00,2025-01-12 23:52:00,8
M1,ST7,Inspection,2025-01-13,Starved,,,2025-01-13 00:33:00,2025-01-13 00:46:00,14
M1,ST7,Inspection,2025-01-13,Starved,,,2025-01-13 00:56:00,2025-01-13 01:24:00,29
M1,ST7,Inspection,2025-01-13,Starved,,,2025-01-13 01:42:00,2025-01-13 02:25:00,44
M1,ST7,Inspection,2025-01-13,Starved,,,2025-01-13 03:44:00,2025-01-13 04:08:00,25
M1,ST7,Inspection,2025-01-13,Starved,,,2025-01-13 04:53:00,2025-01-13 05:23:00,31
M1,ST7,Inspection,2025-01-13,Starved,,,2025-01-13 05:27:00,2025-01-13 05:30:00,4
M1,ST7,Inspection,2025-01-13,Starved,,,2025-01-13 06:03:00,2025-01-13 06:26:00,24
M1,ST7,Inspection,2025-01-13,Starved,,,2025-01-13 06:30:00,2025-01-13 06:59:00,30
M1,ST7,Inspection,2025-01-13,Starved,,,2025-01-13 07:14:00,2025-01-13 07:25:00,12
M1,ST7,Inspection,2025-01-13,Starved,,,2025-01-13 07:53:00,2025-01-13 08:43:00,51
M1,ST7,Inspection,2025-01-13,Starved,,,2025-01-13 09:57:00,2025-01-13 10:28:00,32
M1,ST7,Inspection,2025-01-13,Starved,,,2025-01-13 10:34:00,2025-01-13 11:02:00,29
M1,ST7,Inspection,2025-01-13,Starved,,,2025-01-13 11:09:00,2025-01-13 11:30:00,22
M1,ST7,Inspection,2025-01-13,Starved,,,2025-01-13 11:38:00,2025-01-13 12:03:00,26
M1,ST7,Inspection,2025-01-13,Starved,,,2025-01-13 12:11:00,2025-01-13 12:36:00,26
M1,ST7,Inspection,2025-01-13,Starved,,,2025-01-13 13:03:00,2025-01-13 13:10:00,8
M1,ST7,Inspection,2025-01-13,Starved,,,2025-01-13 13:40:00,2025-01-13 13:51:00,12
M1,ST7,Inspection,2025-01-13,Starved,,,2025-01-13 15:14:00,2025-01-13 15:58:00,45
M1,ST7,Inspection,2025-01-13,Starved,,,2025-01-13 16:04:00,2025-01-13 16:06:00,3
M1,ST7,Inspection,2025-01-13,Starved,,,2025-01-13 16:10:00,2025-01-13 16:38:00,29
M1,ST7,Inspection,2025-01-13,Starved,,,2025-01-13 17:10:00,2025-01-13 17:14:00,5
M1,ST7,Inspection,2025-01-13,Starved,,,2025-01-13 17:32:00,2025-01-13 17:45:00,14
M1,ST7,Inspection,2025-01-13,Starved,,,2025-01-13 18:24:00,2025-01-13 18:43:00,20
M1,ST7,Inspection,2025-01-13,Starved,,,2025-01-13 18:47:00,2025-01-13 18:57:00,11
M1,ST7,Inspection,2025-01-13,Starved,,,2025-01-13 19:01:00,2025-01-13 19:01:00,1
M1,ST7,Inspection,2025-01-13,Starved,,,2025-01-13 19:43:00,2025-01-13 19:59:00,17
M1,ST7,Inspection,2025-01-13,Starved,,,2025-01-13 20:03:00,2025-01-13 20:04:00,2
M1,ST7,Inspection,2025-01-13,Starved,,,2025-01-13 21:12:00,2025-01-13 21:26:00,15
M1,ST7,Inspection,2025-01-13,Starved,,,2025-01-13 22:30:00,2025-01-13 23:26:00,57
M1,ST7,Inspection,2025-01-14,Starved,,,2025-01-14 00:03:00,2025-01-14 00:48:00,46
M1,ST7,Inspection,2025-01-14,Starved,,,2025-01-14 01:07:00,2025-01-14 01:14:00,8
M1,ST7,Inspection,2025-01-14,Starved,,,2025-01-14 01:24:00,2025-01-14 02:51:00,88
M1,ST7,Inspection,2025-01-14,Starved,,,2025-01-14 03:20:00,2025-01-14 03:40:00,21
M1,ST7,Inspection,2025-01-14,Starved,,,2025-01-14 04:52:00,2025-01-14 05:05:00,14
M1,ST7,Inspection,2025-01-14,Starved,,,2025-01-14 05:49:00,2025-01-14 05:55:00,7
M1,ST7,Inspection,2025-01-14,Starved,,,2025-01-14 06:53:00,2025-01-14 06:56:00,4
M1,ST7,Inspection,2025-01-14,Starved,,,2025-01-14 07:07:00,2025-01-14 07:17:00,11
M1,ST7,Inspection,2025-01-14,Starved,,,2025-01-14 07:47:00,2025-01-14 08:56:00,70
M1,ST7,Inspection,2025-01-14,Starved,,,2025-01-14 09:42:00,2025-01-14 09:47:00,6
M1,ST7,Inspection,2025-01-14,Starved,,,2025-01-14 10:05:00,2025-01-14 10:24:00,20
M1,ST7,Inspection,2025-01-14,Starved,,,2025-01-14 10:28:00,2025-01-14 10:51:00,24
M1,ST7,Inspection,2025-01-14,Starved,,,2025-01-14 11:01:00,2025-01-14 11:16:00,16
M1,ST7,Inspection,2025-01-14,Starved,,,2025-01-14 13:20:00,2025-01-14 13:37:00,18
M1,ST7,Inspection,2025-01-14,Starved,,,2025-01-14 13:42:00,2025-01-14 14:00:00,19
M1,ST7,Inspection,2025-01-14,Starved,,,2025-01-14 14:26:00,2025-01-14 14:33:00,8
M1,ST7,Inspection,2025-01-14,Starved,,,2025-01-14 14:51:00,2025-01-14 15:00:00,10
M1,ST7,Inspection,2025-01-14,Starved,,,2025-01-14 15:07:00,2025-01-14 15:52:00,46
M1,ST7,Inspection,2025-01-14,Starved,,,2025-01-14 17:28:00,2025-01-14 18:04:00,37
M1,ST7,Inspection,2025-01-14,Starved,,,2025-01-14 18:40:00,2025-01-14 18:59:00,20
M1,ST7,Inspection,2025-01-14,Starved,,,2025-01-14 19:17:00,2025-01-14 19:53:00,37
M1,ST7,Inspection,2025-01-14,Starved,,,2025-01-14 19:58:00,2025-01-14 20:05:00,8
M1,ST7,Inspection,2025-01-14,Starved,,,2025-01-14 20:33:00,2025-01-14 20:46:00,14
M1,ST7,Inspection,2025-01-14,Starved,,,2025-01-14 22:07:00,2025-01-14 22:21:00,15
M1,ST7,Inspection,2025-01-14,Starved,,,2025-01-14 22:25:00,2025-01-14 22:47:00,23
M1,ST7,Inspection,2025-01-14,Starved,,,2025-01-14 22:55:00,2025-01-14 23:14:00,20
M1,ST7,Inspection,2025-01-14,Starved,,,2025-01-14 23:16:00,2025-01-14 23:24:00,9
M1,ST7,Inspection,2025-01-14,Starved,,,2025-01-14 23:48:00,2025-01-15 00:17:00,30
M1,ST7,Inspection,2025-01-15,Starved,,,2025-01-15 00:22:00,2025-01-15 00:39:00,18
M1,ST7,Inspection,2025-01-15,Starved,,,2025-01-15 01:20:00,2025-01-15 01:25:00,6
M1,ST7,Inspection,2025-01-15,Starved,,,2025-01-15 01:31:00,2025-01-15 01:36:00,6
M1,ST7,Inspection,2025-01-15,Starved,,,2025-01-15 02:44:00,2025-01-15 02:51:00,8
M1,ST7,Inspection,2025-01-15,Starved,,,2025-01-15 03:00:00,2025-01-15 04:11:00,72
M1,ST7,Inspection,2025-01-15,Starved,,,2025-01-15 04:16:00,2025-01-15 04:20:00,5
M1,ST7,Inspection,2025-01-15,Starved,,,2025-01-15 04:37:00,2025-01-15 04:42:00,6
M1,ST7,Inspection,2025-01-15,Starved,,,2025-01-15 04:53:00,2025-01-15 05:40:00,48
M1,ST7,Inspection,2025-01-15,Starved,,,2025-01-15 05:49:00,2025-01-15 06:07:00,19
M1,ST7,Inspection,2025-01-15,Starved,,,2025-01-15 07:00:00,2025-01-15 08:04:00,65
M1,ST7,Inspection,2025-01-15,Starved,,,2025-01-15 09:08:00,2025-01-15 09:14:00,7
M1,ST7,Inspection,2025-01-15,Starved,,,2025-01-15 10:05:00,2025-01-15 10:26:00,22
M1,ST7,Inspection,2025-01-15,Starved,,,2025-01-15 10:33:00,2025-01-15 10:56:00,24
M1,ST7,Inspection,2025-01-15,Starved,,,2025-01-15 12:02:00,2025-01-15 12:24:00,23
M1,ST7,Inspection,2025-01-15,Starved,,,2025-01-15 12:28:00,2025-01-15 12:54:00,27
M1,ST7,Inspection,2025-01-15,Starved,,,2025-01-15 13:01:00,2025-01-15 13:14:00,14
M1,ST7,Inspection,2025-01-15,Starved,,,2025-01-15 13:48:00,2025-01-15 13:57:00,10
M1,ST7,Inspection,2025-01-15,Starved,,,2025-01-15 14:43:00,2025-01-15 14:48:00,6
M1,ST7,Inspection,2025-01-15,Starved,,,2025-01-15 15:36:00,2025-01-15 16:00:00,25
M1,ST7,Inspection,2025-01-15,Starved,,,2025-01-15 16:07:00,2025-01-15 16:30:00,24
M1,ST7,Inspection,2025-01-15,Starved,,,2025-01-15 16:32:00,2025-01-15 16:58:00,27
M1,ST7,Inspection,2025-01-15,Starved,,,2025-01-15 17:16:00,2025-01-15 18:09:00,54
M1,ST7,Inspection,2025-01-15,Starved,,,2025-01-15 18:13:00,2025-01-15 18:15:00,3
M1,ST7,Inspection,2025-01-15,Starved,,,2025-01-15 19:34:00,2025-01-15 19:47:00,14
M1,ST7,Inspection,2025-01-15,Starved,,,2025-01-15 19:52:00,2025-01-15 20:13:00,22
M1,ST7,Inspection,2025-01-15,Starved,,,2025-01-15 20:18:00,2025-01-15 20:33:00,16
M1,ST7,Inspection,2025-01-15,Starved,,,2025-01-15 20:58:00,2025-01-15 21:15:00,18
M1,ST7,Inspection,2025-01-15,Starved,,,2025-01-15 21:23:00,2025-01-15 21:45:00,23
M1,ST7,Inspection,2025-01-15,Starved,,,2025-01-15 22:04:00,2025-01-15 22:31:00,28
M1,ST7,Inspection,2025-01-15,Starved,,,2025-01-15 23:57:00,2025-01-16 00:17:00,21
M1,ST7,Inspection,2025-01-16,Starved,,,2025-01-16 00:23:00,2025-01-16 00:25:00,3
M1,ST7,Inspection,2025-01-16,Starved,,,2025-01-16 01:01:00,2025-01-16 01:14:00,14
M1,ST7,Inspection,2025-01-16,Starved,,,2025-01-16 01:21:00,2025-01-16 01:55:00,35
M1,ST7,Inspection,2025-01-16,Starved,,,2025-01-16 02:04:00,2025-01-16 02:28:00,25
M1,ST7,Inspection,2025-01-16,Starved,,,2025-01-16 02:40:00,2025-01-16 02:58:00,19
M1,ST7,Inspection,2025-01-16,Starved,,,2025-01-16 03:03:00,2025-01-16 03:45:00,43
M1,ST7,Inspection,2025-01-16,Starved,,,2025-01-16 03:53:00,2025-01-16 04:28:00,36
M1,ST7,Inspection,2025-01-16,Starved,,,2025-01-16 05:09:00,2025-01-16 05:16:00,8
M1,ST7,Inspection,2025-01-16,Starved,,,2025-01-16 05:40:00,2025-01-16 06:18:00,39
M1,ST7,Inspection,2025-01-16,Starved,,,2025-01-16 06:38:00,2025-01-16 07:17:00,40
M1,ST7,Inspection,2025-01-16,Starved,,,2025-01-16 08:25:00,2025-01-16 09:03:00,39
M1,ST7,Inspection,2025-01-16,Starved,,,2025-01-16 09:41:00,2025-01-16 10:03:00,23
M1,ST7,Inspection,2025-01-16,Starved,,,2025-01-16 10:29:00,2025-01-16 10:53:00,25
M1,ST7,Inspection,2025-01-16,Starved,,,2025-01-16 11:03:00,2025-01-16 11:43:00,41
M1,ST7,Inspection,2025-01-16,Starved,,,2025-01-16 13:27:00,2025-01-16 13:52:00,26
M1,ST7,Inspection,2025-01-16,Starved,,,2025-01-16 14:25:00,2025-01-16 15:46:00,82
M1,ST7,Inspection,2025-01-16,Starved,,,2025-01-16 15:55:00,2025-01-16 16:35:00,41
M1,ST7,Inspection,2025-01-16,Starved,,,2025-01-16 16:44:00,2025-01-16 17:16:00,33
M1,ST7,Inspection,2025-01-16,Starved,,,2025-01-16 18:17:00,2025-01-16 18:20:00,4
M1,ST7,Inspection,2025-01-16,Starved,,,2025-01-16 18:24:00,2025-01-16 19:01:00,38
M1,ST7,Inspection,2025-01-16,Starved,,,2025-01-16 19:21:00,2025-01-16 19:46:00,26
M1,ST7,Inspection,2025-01-16,Starved,,,2025-01-16 20:57:00,2025-01-16 21:29:00,33
M1,ST7,Inspection,2025-01-16,Starved,,,2025-01-16 21:52:00,2025-01-16 21:53:00,2
M1,ST7,Inspection,2025-01-16,Starved,,,2025-01-16 22:24:00,2025-01-16 22:43:00,20
M1,ST7,Inspection,2025-01-16,Starved,,,2025-01-16 22:57:00,2025-01-16 23:02:00,6
M1,ST7,Inspection,2025-01-16,Starved,,,2025-01-16 23:09:00,2025-01-16 23:22:00,14
M1,ST7,Inspection,2025-01-16,Starved,,,2025-01-16 23:33:00,2025-01-17 00:12:00,40
M1,ST7,Inspection,2025-01-17,Starved,,,2025-01-17 00:19:00,2025-01-17 00:49:00,31
M1,ST7,Inspection,2025-01-17,Starved,,,2025-01-17 00:55:00,2025-01-17 01:11:00,17
M1,ST7,Inspection,2025-01-17,Starved,,,2025-01-17 01:38:00,2025-01-17 02:11:00,34
M1,ST7,Inspection,2025-01-17,Starved,,,2025-01-17 02:15:00,2025-01-17 02:15:00,1
M1,ST7,Inspection,2025-01-17,Starved,,,2025-01-17 02:23:00,2025-01-17 02:25:00,3
M1,ST7,Inspection,2025-01-17,Starved,,,2025-01-17 02:34:00,2025-01-17 02:50:00,17
M1,ST7,Inspection,2025-01-17,Starved,,,2025-01-17 03:08:00,2025-01-17 03:59:00,52
M1,ST7,Inspection,2025-01-17,Starved,,,2025-01-17 04:03:00,2025-01-17 04:31:00,29
M1,ST7,Inspection,2025-01-17,Starved,,,2025-01-17 06:47:00,2025-01-17 07:13:00,27
M1,ST7,Inspection,2025-01-17,Starved,,,2025-01-17 07:23:00,2025-01-17 07:24:00,2
M1,ST7,Inspection,2025-01-17,Starved,,,2025-01-17 08:08:00,2025-01-17 08:13:00,6
M1,ST7,Inspection,2025-01-17,Starved,,,2025-01-17 09:54:00,2025-01-17 10:04:00,11
M1,ST7,Inspection,2025-01-17,Starved,,,2025-01-17 11:01:00,2025-01-17 11:18:00,18
M1,ST7,Inspection,2025-01-17,Starved,,,2025-01-17 11:27:00,2025-01-17 11:27:00,1
M1,ST7,Inspection,2025-01-17,Starved,,,2025-01-17 11:44:00,2025-01-17 12:01:00,18
M1,ST7,Inspection,2025-01-17,Starved,,,2025-01-17 12:09:00,2025-01-17 12:31:00,23
M1,ST7,Inspection,2025-01-17,Starved,,,2025-01-17 12:36:00,2025-01-17 13:13:00,38
M1,ST7,Inspection,2025-01-17,Starved,,,2025-01-17 14:44:00,2025-01-17 15:15:00,32
M1,ST7,Inspection,2025-01-17,Starved,,,2025-01-17 15:36:00,2025-01-17 15:43:00,8
M1,ST7,Inspection,2025-01-17,Starved,,,2025-01-17 15:50:00,2025-01-17 15:55:00,6
M1,ST7,Inspection,2025-01-17,Starved,,,2025-01-17 17:36:00,2025-01-17 17:56:00,21
M1,ST7,Inspection,2025-01-17,Starved,,,2025-01-17 18:53:00,2025-01-17 19:17:00,25
M1,ST7,Inspection,2025-01-17,Starved,,,2025-01-17 19:20:00,2025-01-17 19:31:00,12
M1,ST7,Inspection,2025-01-17,Starved,,,2025-01-17 19:54:00,2025-01-17 20:10:00,17
M1,ST7,Inspection,2025-01-17,Starved,,,2025-01-17 21:52:00,2025-01-17 22:28:00,37
M1,ST7,Inspection,2025-01-17,Starved,,,2025-01-17 22:58:00,2025-01-17 23:23:00,26
M1,ST7,Inspection,2025-01-17,Starved,,,2025-01-17 23:25:00,2025-01-17 23:34:00,10
M1,ST7,Inspection,2025-01-18,Starved,,,2025-01-18 00:13:00,2025-01-18 00:37:00,25
M1,ST7,Inspection,2025-01-18,Starved,,,2025-01-18 01:16:00,2025-01-18 01:18:00,3
M1,ST7,Inspection,2025-01-18,Starved,,,2025-01-18 01:31:00,2025-01-18 01:51:00,21
M1,ST7,Inspection,2025-01-18,Starved,,,2025-01-18 02:01:00,2025-01-18 02:22:00,22
M1,ST7,Inspection,2025-01-18,Starved,,,2025-01-18 02:50:00,2025-01-18 03:00:00,11
M1,ST7,Inspection,2025-01-18,Starved,,,2025-01-18 03:21:00,2025-01-18 04:19:00,59
M1,ST7,Inspection,2025-01-18,Starved,,,2025-01-18 04:27:00,2025-01-18 04:33:00,7
M1,ST7,Inspection,2025-01-18,Starved,,,2025-01-18 04:44:00,2025-01-18 05:21:00,38
M1,ST7,Inspection,2025-01-18,Starved,,,2025-01-18 05:41:00,2025-01-18 06:04:00,24
M1,ST7,Inspection,2025-01-18,Starved,,,2025-01-18 06:28:00,2025-01-18 06:36:00,9
M1,ST7,Inspection,2025-01-18,Starved,,,2025-01-18 06:45:00,2025-01-18 07:08:00,24
M1,ST7,Inspection,2025-01-18,Starved,,,2025-01-18 07:32:00,2025-01-18 07:39:00,8
M1,ST7,Inspection,2025-01-18,Starved,,,2025-01-18 08:29:00,2025-01-18 08:40:00,12
M1,ST7,Inspection,2025-01-18,Starved,,,2025-01-18 10:27:00,2025-01-18 10:38:00,12
M1,ST7,Inspection,2025-01-18,Starved,,,2025-01-18 11:52:00,2025-01-18 12:03:00,12
M1,ST7,Inspection,2025-01-18,Starved,,,2025-01-18 12:09:00,2025-01-18 12:15:00,7
M1,ST7,Inspection,2025-01-18,Starved,,,2025-01-18 14:51:00,2025-01-18 15:20:00,30
M1,ST7,Inspection,2025-01-18,Starved,,,2025-01-18 15:42:00,2025-01-18 15:53:00,12
M1,ST7,Inspection,2025-01-18,Starved,,,2025-01-18 16:14:00,2025-01-18 16:49:00,36
M1,ST7,Inspection,2025-01-18,Starved,,,2025-01-18 17:15:00,2025-01-18 17:19:00,5
M1,ST7,Inspection,2025-01-18,Starved,,,2025-01-18 17:25:00,2025-01-18 17:28:00,4
M1,ST7,Inspection,2025-01-18,Starved,,,2025-01-18 17:39:00,2025-01-18 18:00:00,22
M1,ST7,Inspection,2025-01-18,Starved,,,2025-01-18 18:06:00,2025-01-18 18:21:00,16
M1,ST7,Inspection,2025-01-18,Starved,,,2025-01-18 18:23:00,2025-01-18 18:37:00,15
M1,ST7,Inspection,2025-01-18,Starved,,,2025-01-18 18:42:00,2025-01-18 18:49:00,8
M1,ST7,Inspection,2025-01-18,Starved,,,2025-01-18 19:03:00,2025-01-18 19:14:00,12
M1,ST7,Inspection,2025-01-18,Starved,,,2025-01-18 19:22:00,2025-01-18 19:34:00,13
M1,ST7,Inspection,2025-01-18,Starved,,,2025-01-18 19:42:00,2025-01-18 19:49:00,8
M1,ST7,Inspection,2025-01-18,Starved,,,2025-01-18 21:03:00,2025-01-18 21:34:00,32
M1,ST7,Inspection,2025-01-18,Starved,,,2025-01-18 21:38:00,2025-01-18 22:18:00,41
M1,ST7,Inspection,2025-01-18,Starved,,,2025-01-18 22:33:00,2025-01-18 22:39:00,7
M1,ST7,Inspection,2025-01-18,Starved,,,2025-01-18 23:19:00,2025-01-18 23:42:00,24
M1,ST7,Inspection,2025-01-18,Starved,,,2025-01-18 23:51:00,2025-01-18 23:51:00,1
M1,ST7,Inspection,2025-01-19,Starved,,,2025-01-19 00:18:00,2025-01-19 00:26:00,9
M1,ST7,Inspection,2025-01-19,Starved,,,2025-01-19 00:36:00,2025-01-19 00:49:00,14
M1,ST7,Inspection,2025-01-19,Starved,,,2025-01-19 00:53:00,2025-01-19 01:13:00,21
M1,ST7,Inspection,2025-01-19,Starved,,,2025-01-19 02:14:00,2025-01-19 02:49:00,36
M1,ST7,Inspection,2025-01-19,Starved,,,2025-01-19 02:53:00,2025-01-19 03:16:00,24
M1,ST7,Inspection,2025-01-19,Starved,,,2025-01-19 03:24:00,2025-01-19 03:50:00,27
M1,ST7,Inspection,2025-01-19,Starved,,,2025-01-19 03:54:00,2025-01-19 04:31:00,38
M1,ST7,Inspection,2025-01-19,Starved,,,2025-01-19 05:07:00,2025-01-19 05:21:00,15
M1,ST7,Inspection,2025-01-19,Starved,,,2025-01-19 05:59:00,2025-01-19 06:03:00,5
M1,ST7,Inspection,2025-01-19,Starved,,,2025-01-19 06:05:00,2025-01-19 06:30:00,26
M1,ST7,Inspection,2025-01-19,Starved,,,2025-01-19 06:35:00,2025-01-19 06:51:00,17
M1,ST7,Inspection,2025-01-19,Starved,,,2025-01-19 07:58:00,2025-01-19 07:59:00,2
M1,ST7,Inspection,2025-01-19,Starved,,,2025-01-19 08:21:00,2025-01-19 08:53:00,33
M1,ST7,Inspection,2025-01-19,Starved,,,2025-01-19 09:27:00,2025-01-19 10:08:00,42
M1,ST7,Inspection,2025-01-19,Starved,,,2025-01-19 10:54:00,2025-01-19 11:42:00,49
M1,ST7,Inspection,2025-01-19,Starved,,,2025-01-19 11:55:00,2025-01-19 12:22:00,28
M1,ST7,Inspection,2025-01-19,Starved,,,2025-01-19 12:31:00,2025-01-19 13:08:00,38
M1,ST7,Inspection,2025-01-19,Starved,,,2025-01-19 13:18:00,2025-01-19 13:33:00,16
M1,ST7,Inspection,2025-01-19,Starved,,,2025-01-19 13:41:00,2025-01-19 14:31:00,51
M1,ST7,Inspection,2025-01-19,Starved,,,2025-01-19 15:32:00,2025-01-19 15:41:00,10
M1,ST7,Inspection,2025-01-19,Starved,,,2025-01-19 16:17:00,2025-01-19 16:47:00,31
M1,ST7,Inspection,2025-01-19,Starved,,,2025-01-19 17:30:00,2025-01-19 17:46:00,17
M1,ST7,Inspection,2025-01-19,Starved,,,2025-01-19 18:11:00,2025-01-19 18:41:00,31
M1,ST7,Inspection,2025-01-19,Starved,,,2025-01-19 18:52:00,2025-01-19 19:25:00,34
M1,ST7,Inspection,2025-01-19,Starved,,,2025-01-19 19:34:00,2025-01-19 20:38:00,65
M1,ST7,Inspection,2025-01-19,Starved,,,2025-01-19 20:42:00,2025-01-19 21:15:00,34
M1,ST7,Inspection,2025-01-19,Starved,,,2025-01-19 21:21:00,2025-01-19 21:28:00,8
M1,ST7,Inspection,2025-01-19,Starved,,,2025-01-19 22:10:00,2025-01-19 22:41:00,32
M1,ST7,Inspection,2025-01-19,Starved,,,2025-01-19 23:01:00,2025-01-19 23:43:00,43
M1,ST7,Inspection,2025-01-19,Starved,,,2025-01-19 23:48:00,2025-01-19 23:49:00,2
M1,ST7,Inspection,2025-01-20,Starved,,,2025-01-20 00:21:00,2025-01-20 00:35:00,15
M1,ST7,Inspection,2025-01-20,Starved,,,2025-01-20 00:55:00,2025-01-20 01:01:00,7
M1,ST7,Inspection,2025-01-20,Starved,,,2025-01-20 02:13:00,2025-01-20 02:22:00,10
M1,ST7,Inspection,2025-01-20,Starved,,,2025-01-20 02:28:00,2025-01-20 02:59:00,32
M1,ST7,Inspection,2025-01-20,Starved,,,2025-01-20 03:02:00,2025-01-20 03:05:00,4
M1,ST7,Inspection,2025-01-20,Starved,,,2025-01-20 03:42:00,2025-01-20 03:59:00,18
M1,ST7,Inspection,2025-01-20,Starved,,,2025-01-20 04:16:00,2025-01-20 05:15:00,60
M1,ST7,Inspection,2025-01-20,Starved,,,2025-01-20 06:07:00,2025-01-20 06:27:00,21
M1,ST7,Inspection,2025-01-20,Starved,,,2025-01-20 06:31:00,2025-01-20 06:33:00,3
M1,ST7,Inspection,2025-01-20,Starved,,,2025-01-20 06:50:00,2025-01-20 07:15:00,26
M1,ST7,Inspection,2025-01-20,Starved,,,2025-01-20 07:26:00,2025-01-20 07:56:00,31
M1,ST7,Inspection,2025-01-20,Starved,,,2025-01-20 07:59:00,2025-01-20 08:09:00,11
M1,ST7,Inspection,2025-01-20,Starved,,,2025-01-20 08:12:00,2025-01-20 08:20:00,9
M1,ST7,Inspection,2025-01-20,Starved,,,2025-01-20 08:24:00,2025-01-20 08:49:00,26
M1,ST7,Inspection,2025-01-20,Starved,,,2025-01-20 08:53:00,2025-01-20 09:23:00,31
M1,ST7,Inspection,2025-01-20,Starved,,,2025-01-20 10:47:00,2025-01-20 10:55:00,9
M1,ST7,Inspection,2025-01-20,Starved,,,2025-01-20 11:11:00,2025-01-20 11:12:00,2
M1,ST7,Inspection,2025-01-20,Starved,,,2025-01-20 13:27:00,2025-01-20 13:31:00,5
M1,ST7,Inspection,2025-01-20,Starved,,,2025-01-20 13:37:00,2025-01-20 13:52:00,16
M1,ST7,Inspection,2025-01-20,Starved,,,2025-01-20 13:59:00,2025-01-20 14:28:00,30
M1,ST7,Inspection,2025-01-20,Starved,,,2025-01-20 14:32:00,2025-01-20 15:00:00,29
M1,ST7,Inspection,2025-01-20,Starved,,,2025-01-20 15:07:00,2025-01-20 15:26:00,20
M1,ST7,Inspection,2025-01-20,Starved,,,2025-01-20 15:30:00,2025-01-20 16:08:00,39
M1,ST7,Inspection,2025-01-20,Starved,,,2025-01-20 16:36:00,2025-01-20 16:59:00,24
M1,ST7,Inspection,2025-01-20,Starved,,,2025-01-20 17:06:00,2025-01-20 17:25:00,20
M1,ST7,Inspection,2025-01-20,Starved,,,2025-01-20 18:55:00,2025-01-20 19:26:00,32
M1,ST7,Inspection,2025-01-20,Starved,,,2025-01-20 19:32:00,2025-01-20 19:40:00,9
M1,ST7,Inspection,2025-01-20,Starved,,,2025-01-20 19:44:00,2025-01-20 20:03:00,20
M1,ST7,Inspection,2025-01-20,Starved,,,2025-01-20 20:50:00,2025-01-20 21:20:00,31
M1,ST7,Inspection,2025-01-20,Starved,,,2025-01-20 22:16:00,2025-01-20 22:42:00,27
M1,ST7,Inspection,2025-01-20,Starved,,,2025-01-20 23:13:00,2025-01-20 23:18:00,6
M1,ST7,Inspection,2025-01-20,Starved,,,2025-01-20 23:21:00,2025-01-20 23:39:00,19
M1,ST7,Inspection,2025-01-20,Starved,,,2025-01-20 23:47:00,2025-01-21 00:22:00,36
M1,ST7,Inspection,2025-01-21,Starved,,,2025-01-21 00:34:00,2025-01-21 01:04:00,31
M1,ST7,Inspection,2025-01-21,Starved,,,2025-01-21 01:08:00,2025-01-21 01:29:00,22
M1,ST7,Inspection,2025-01-21,Starved,,,2025-01-21 01:59:00,2025-01-21 02:25:00,27
M1,ST7,Inspection,2025-01-21,Starved,,,2025-01-21 03:26:00,2025-01-21 03:51:00,26
M1,ST7,Inspection,2025-01-21,Starved,,,2025-01-21 04:39:00,2025-01-21 05:14:00,36
M1,ST7,Inspection,2025-01-21,Starved,,,2025-01-21 05:22:00,2025-01-21 05:25:00,4
M1,ST7,Inspection,2025-01-21,Starved,,,2025-01-21 05:37:00,2025-01-21 06:01:00,25
M1,ST7,Inspection,2025-01-21,Starved,,,2025-01-21 06:37:00,2025-01-21 06:57:00,21
M1,ST7,Inspection,2025-01-21,Starved,,,2025-01-21 08:22:00,2025-01-21 08:50:00,29
M1,ST7,Inspection,2025-01-21,Starved,,,2025-01-21 09:16:00,2025-01-21 09:25:00,10
M1,ST7,Inspection,2025-01-21,Starved,,,2025-01-21 09:59:00,2025-01-21 10:13:00,15
M1,ST7,Inspection,2025-01-21,Starved,,,2025-01-21 10:42:00,2025-01-21 11:55:00,74
M1,ST7,Inspection,2025-01-21,Starved,,,2025-01-21 11:59:00,2025-01-21 12:16:00,18
M1,ST7,Inspection,2025-01-21,Starved,,,2025-01-21 12:36:00,2025-01-21 13:00:00,25
M1,ST7,Inspection,2025-01-21,Starved,,,2025-01-21 13:04:00,2025-01-21 13:07:00,4
M1,ST7,Inspection,2025-01-21,Starved,,,2025-01-21 14:11:00,2025-01-21 14:24:00,14
M1,ST7,Inspection,2025-01-21,Starved,,,2025-01-21 14:34:00,2025-01-21 14:35:00,2
M1,ST7,Inspection,2025-01-21,Starved,,,2025-01-21 15:18:00,2025-01-21 15:21:00,4
M1,ST7,Inspection,2025-01-21,Starved,,,2025-01-21 16:32:00,2025-01-21 16:45:00,14
M1,ST7,Inspection,2025-01-21,Starved,,,2025-01-21 17:32:00,2025-01-21 17:40:00,9
M1,ST7,Inspection,2025-01-21,Starved,,,2025-01-21 17:59:00,2025-01-21 18:31:00,33
M1,ST7,Inspection,2025-01-21,Starved,,,2025-01-21 18:42:00,2025-01-21 19:20:00,39
M1,ST7,Inspection,2025-01-21,Starved,,,2025-01-21 19:48:00,2025-01-21 20:08:00,21
M1,ST7,Inspection,2025-01-21,Starved,,,2025-01-21 21:21:00,2025-01-21 21:48:00,28
M1,ST7,Inspection,2025-01-21,Starved,,,2025-01-21 21:52:00,2025-01-21 22:11:00,20
M1,ST7,Inspection,2025-01-21,Starved,,,2025-01-21 22:19:00,2025-01-21 22:32:00,14
M1,ST7,Inspection,2025-01-21,Starved,,,2025-01-21 22:50:00,2025-01-21 23:11:00,22
M1,ST7,Inspection,2025-01-21,Starved,,,2025-01-21 23:18:00,2025-01-21 23:31:00,14
M1,ST7,Inspection,2025-01-21,Starved,,,2025-01-21 23:57:00,2025-01-22 00:36:00,40
M1,ST7,Inspection,2025-01-22,Starved,,,2025-01-22 00:43:00,2025-01-22 01:28:00,46
M1,ST7,Inspection,2025-01-22,Starved,,,2025-01-22 02:21:00,2025-01-22 02:43:00,23
M1,ST7,Inspection,2025-01-22,Starved,,,2025-01-22 03:13:00,2025-01-22 03:16:00,4
M1,ST7,Inspection,2025-01-22,Starved,,,2025-01-22 04:54:00,2025-01-22 05:01:00,8
M1,ST7,Inspection,2025-01-22,Starved,,,2025-01-22 05:55:00,2025-01-22 06:02:00,8
M1,ST7,Inspection,2025-01-22,Starved,,,2025-01-22 07:03:00,2025-01-22 07:37:00,35
M1,ST7,Inspection,2025-01-22,Starved,,,2025-01-22 07:47:00,2025-01-22 08:15:00,29
M1,ST7,Inspection,2025-01-22,Starved,,,2025-01-22 08:26:00,2025-01-22 08:26:00,1
M1,ST7,Inspection,2025-01-22,Starved,,,2025-01-22 08:35:00,2025-01-22 08:44:00,10
M1,ST7,Inspection,2025-01-22,Starved,,,2025-01-22 11:07:00,2025-01-22 11:23:00,17
M1,ST7,Inspection,2025-01-22,Starved,,,2025-01-22 11:49:00,2025-01-22 12:18:00,30
M1,ST7,Inspection,2025-01-22,Starved,,,2025-01-22 12:23:00,2025-01-22 12:35:00,13
M1,ST7,Inspection,2025-01-22,Starved,,,2025-01-22 12:54:00,2025-01-22 13:28:00,35
M1,ST7,Inspection,2025-01-22,Starved,,,2025-01-22 13:32:00,2025-01-22 13:35:00,4
M1,ST7,Inspection,2025-01-22,Starved,,,2025-01-22 13:42:00,2025-01-22 14:21:00,40
M1,ST7,Inspection,2025-01-22,Starved,,,2025-01-22 15:20:00,2025-01-22 15:52:00,33
M1,ST7,Inspection,2025-01-22,Starved,,,2025-01-22 16:24:00,2025-01-22 16:39:00,16
M1,ST7,Inspection,2025-01-22,Starved,,,2025-01-22 17:24:00,2025-01-22 17:54:00,31
M1,ST7,Inspection,2025-01-22,Starved,,,2025-01-22 17:58:00,2025-01-22 18:27:00,30
M1,ST7,Inspection,2025-01-22,Starved,,,2025-01-22 18:38:00,2025-01-22 18:51:00,14
M1,ST7,Inspection,2025-01-22,Starved,,,2025-01-22 19:15:00,2025-01-22 19:40:00,26
M1,ST7,Inspection,2025-01-22,Starved,,,2025-01-22 19:48:00,2025-01-22 20:06:00,19
M1,ST7,Inspection,2025-01-22,Starved,,,2025-01-22 20:49:00,2025-01-22 20:51:00,3
M1,ST7,Inspection,2025-01-22,Starved,,,2025-01-22 21:03:00,2025-01-22 21:19:00,17
M1,ST7,Inspection,2025-01-22,Starved,,,2025-01-22 21:23:00,2025-01-22 22:14:00,52
M1,ST7,Inspection,2025-01-22,Starved,,,2025-01-22 22:17:00,2025-01-22 22:44:00,28
M1,ST7,Inspection,2025-01-22,Starved,,,2025-01-22 23:23:00,2025-01-23 00:13:00,51
M1,ST7,Inspection,2025-01-23,Starved,,,2025-01-23 00:54:00,2025-01-23 00:58:00,5
M1,ST7,Inspection,2025-01-23,Starved,,,2025-01-23 01:01:00,2025-01-23 01:16:00,16
M1,ST7,Inspection,2025-01-23,Starved,,,2025-01-23 01:20:00,2025-01-23 02:25:00,66
M1,ST7,Inspection,2025-01-23,Starved,,,2025-01-23 02:46:00,2025-01-23 03:20:00,35
M1,ST7,Inspection,2025-01-23,Starved,,,2025-01-23 03:56:00,2025-01-23 04:14:00,19
M1,ST7,Inspection,2025-01-23,Starved,,,2025-01-23 04:18:00,2025-01-23 04:23:00,6
M1,ST7,Inspection,2025-01-23,Starved,,,2025-01-23 04:38:00,2025-01-23 04:54:00,17
M1,ST7,Inspection,2025-01-23,Starved,,,2025-01-23 05:00:00,2025-01-23 05:16:00,17
M1,ST7,Inspection,2025-01-23,Starved,,,2025-01-23 05:20:00,2025-01-23 05:24:00,5
M1,ST7,Inspection,2025-01-23,Starved,,,2025-01-23 05:28:00,2025-01-23 05:46:00,19
M1,ST7,Inspection,2025-01-23,Starved,,,2025-01-23 05:53:00,2025-01-23 05:53:00,1
M1,ST7,Inspection,2025-01-23,Starved,,,2025-01-23 06:33:00,2025-01-23 06:58:00,26
M1,ST7,Inspection,2025-01-23,Starved,,,2025-01-23 07:09:00,2025-01-23 07:22:00,14
M1,ST7,Inspection,2025-01-23,Starved,,,2025-01-23 08:16:00,2025-01-23 08:38:00,23
M1,ST7,Inspection,2025-01-23,Starved,,,2025-01-23 08:41:00,2025-01-23 09:21:00,41
M1,ST7,Inspection,2025-01-23,Starved,,,2025-01-23 09:55:00,2025-01-23 10:17:00,23
M1,ST7,Inspection,2025-01-23,Starved,,,2025-01-23 10:46:00,2025-01-23 11:09:00,24
M1,ST7,Inspection,2025-01-23,Starved,,,2025-01-23 11:25:00,2025-01-23 11:26:00,2
M1,ST7,Inspection,2025-01-23,Starved,,,2025-01-23 12:21:00,2025-01-23 12:44:00,24
M1,ST7,Inspection,2025-01-23,Starved,,,2025-01-23 12:50:00,2025-01-23 13:12:00,23
M1,ST7,Inspection,2025-01-23,Starved,,,2025-01-23 13:14:00,2025-01-23 13:15:00,2
M1,ST7,Inspection,2025-01-23,Starved,,,2025-01-23 13:17:00,2025-01-23 13:40:00,24
M1,ST7,Inspection,2025-01-23,Starved,,,2025-01-23 13:45:00,2025-01-23 14:00:00,16
M1,ST7,Inspection,2025-01-23,Starved,,,2025-01-23 14:31:00,2025-01-23 15:02:00,32
M1,ST7,Inspection,2025-01-23,Starved,,,2025-01-23 15:06:00,2025-01-23 15:45:00,40
M1,ST7,Inspection,2025-01-23,Starved,,,2025-01-23 15:51:00,2025-01-23 16:02:00,12
M1,ST7,Inspection,2025-01-23,Starved,,,2025-01-23 16:39:00,2025-01-23 16:48:00,10
M1,ST7,Inspection,2025-01-23,Starved,,,2025-01-23 17:07:00,2025-01-23 17:23:00,17
M1,ST7,Inspection,2025-01-23,Starved,,,2025-01-23 18:41:00,2025-01-23 19:11:00,31
M1,ST7,Inspection,2025-01-23,Starved,,,2025-01-23 19:16:00,2025-01-23 19:29:00,14
M1,ST7,Inspection,2025-01-23,Starved,,,2025-01-23 19:37:00,2025-01-23 19:40:00,4
M1,ST7,Inspection,2025-01-23,Starved,,,2025-01-23 19:55:00,2025-01-23 19:56:00,2
M1,ST7,Inspection,2025-01-23,Starved,,,2025-01-23 20:50:00,2025-01-23 21:23:00,34
M1,ST7,Inspection,2025-01-23,Starved,,,2025-01-23 22:11:00,2025-01-23 22:16:00,6
M1,ST7,Inspection,2025-01-23,Starved,,,2025-01-23 22:29:00,2025-01-23 23:03:00,35
M1,ST7,Inspection,2025-01-23,Starved,,,2025-01-23 23:10:00,2025-01-23 23:20:00,11
M1,ST7,Inspection,2025-01-24,Starved,,,2025-01-24 00:18:00,2025-01-24 00:23:00,6
M1,ST7,Inspection,2025-01-24,Starved,,,2025-01-24 00:40:00,2025-01-24 00:45:00,6
M1,ST7,Inspection,2025-01-24,Starved,,,2025-01-24 00:48:00,2025-01-24 01:26:00,39
M1,ST7,Inspection,2025-01-24,Starved,,,2025-01-24 01:34:00,2025-01-24 01:41:00,8
M1,ST7,Inspection,2025-01-24,Starved,,,2025-01-24 02:43:00,2025-01-24 03:19:00,37
M1,ST7,Inspection,2025-01-24,Starved,,,2025-01-24 03:32:00,2025-01-24 04:07:00,36
M1,ST7,Inspection,2025-01-24,Starved,,,2025-01-24 04:10:00,2025-01-24 04:31:00,22
M1,ST7,Inspection,2025-01-24,Starved,,,2025-01-24 04:44:00,2025-01-24 05:26:00,43
M1,ST7,Inspection,2025-01-24,Starved,,,2025-01-24 05:35:00,2025-01-24 05:57:00,23
M1,ST7,Inspection,2025-01-24,Starved,,,2025-01-24 06:03:00,2025-01-24 06:36:00,34
M1,ST7,Inspection,2025-01-24,Starved,,,2025-01-24 07:08:00,2025-01-24 07:12:00,5
M1,ST7,Inspection,2025-01-24,Starved,,,2025-01-24 07:50:00,2025-01-24 07:55:00,6
M1,ST7,Inspection,2025-01-24,Starved,,,2025-01-24 08:42:00,2025-01-24 09:17:00,36
M1,ST7,Inspection,2025-01-24,Starved,,,2025-01-24 10:57:00,2025-01-24 11:18:00,22
M1,ST7,Inspection,2025-01-24,Starved,,,2025-01-24 11:22:00,2025-01-24 11:52:00,31
M1,ST7,Inspection,2025-01-24,Starved,,,2025-01-24 12:48:00,2025-01-24 12:50:00,3
M1,ST7,Inspection,2025-01-24,Starved,,,2025-01-24 12:56:00,2025-01-24 13:04:00,9
M1,ST7,Inspection,2025-01-24,Starved,,,2025-01-24 13:44:00,2025-01-24 14:03:00,20
M1,ST7,Inspection,2025-01-24,Starved,,,2025-01-24 14:35:00,2025-01-24 15:00:00,26
M1,ST7,Inspection,2025-01-24,Starved,,,2025-01-24 15:03:00,2025-01-24 15:34:00,32
M1,ST7,Inspection,2025-01-24,Starved,,,2025-01-24 15:38:00,2025-01-24 15:40:00,3
M1,ST7,Inspection,2025-01-24,Starved,,,2025-01-24 15:45:00,2025-01-24 16:06:00,22
M1,ST7,Inspection,2025-01-24,Starved,,,2025-01-24 17:05:00,2025-01-24 17:16:00,12
M1,ST7,Inspection,2025-01-24,Starved,,,2025-01-24 17:24:00,2025-01-24 17:30:00,7
M1,ST7,Inspection,2025-01-24,Starved,,,2025-01-24 20:09:00,2025-01-24 20:33:00,25
M1,ST7,Inspection,2025-01-24,Starved,,,2025-01-24 21:11:00,2025-01-24 21:16:00,6
M1,ST7,Inspection,2025-01-24,Starved,,,2025-01-24 21:39:00,2025-01-24 21:52:00,14
M1,ST7,Inspection,2025-01-24,Starved,,,2025-01-24 23:01:00,2025-01-24 23:04:00,4
M1,ST7,Inspection,2025-01-24,Starved,,,2025-01-24 23:36:00,2025-01-24 23:55:00,20
M1,ST7,Inspection,2025-01-25,Starved,,,2025-01-25 00:59:00,2025-01-25 01:17:00,19
M1,ST7,Inspection,2025-01-25,Starved,,,2025-01-25 01:21:00,2025-01-25 01:33:00,13
M1,ST7,Inspection,2025-01-25,Starved,,,2025-01-25 02:33:00,2025-01-25 02:38:00,6
M1,ST7,Inspection,2025-01-25,Starved,,,2025-01-25 02:46:00,2025-01-25 02:58:00,13
M1,ST7,Inspection,2025-01-25,Starved,,,2025-01-25 04:22:00,2025-01-25 04:41:00,20
M1,ST7,Inspection,2025-01-25,Starved,,,2025-01-25 04:46:00,2025-01-25 05:28:00,43
M1,ST7,Inspection,2025-01-25,Starved,,,2025-01-25 05:39:00,2025-01-25 06:05:00,27
M1,ST7,Inspection,2025-01-25,Starved,,,2025-01-25 06:11:00,2025-01-25 06:17:00,7
M1,ST7,Inspection,2025-01-25,Starved,,,2025-01-25 06:48:00,2025-01-25 06:51:00,4
M1,ST7,Inspection,2025-01-25,Starved,,,2025-01-25 07:20:00,2025-01-25 07:33:00,14
M1,ST7,Inspection,2025-01-25,Starved,,,2025-01-25 08:09:00,2025-01-25 08:15:00,7
M1,ST7,Inspection,2025-01-25,Starved,,,2025-01-25 10:20:00,2025-01-25 10:41:00,22
M1,ST7,Inspection,2025-01-25,Starved,,,2025-01-25 10:44:00,2025-01-25 11:24:00,41
M1,ST7,Inspection,2025-01-25,Starved,,,2025-01-25 11:42:00,2025-01-25 12:15:00,34
M1,ST7,Inspection,2025-01-25,Starved,,,2025-01-25 12:27:00,2025-01-25 12:38:00,12
M1,ST7,Inspection,2025-01-25,Starved,,,2025-01-25 12:40:00,2025-01-25 12:44:00,5
M1,ST7,Inspection,2025-01-25,Starved,,,2025-01-25 13:09:00,2025-01-25 13:20:00,12
M1,ST7,Inspection,2025-01-25,Starved,,,2025-01-25 13:24:00,2025-01-25 13:50:00,27
M1,ST7,Inspection,2025-01-25,Starved,,,2025-01-25 14:04:00,2025-01-25 14:08:00,5
M1,ST7,Inspection,2025-01-25,Starved,,,2025-01-25 14:14:00,2025-01-25 14:59:00,46
M1,ST7,Inspection,2025-01-25,Starved,,,2025-01-25 15:01:00,2025-01-25 15:39:00,39
M1,ST7,Inspection,2025-01-25,Starved,,,2025-01-25 15:45:00,2025-01-25 15:53:00,9
M1,ST7,Inspection,2025-01-25,Starved,,,2025-01-25 15:57:00,2025-01-25 15:57:00,1
M1,ST7,Inspection,2025-01-25,Starved,,,2025-01-25 16:18:00,2025-01-25 16:43:00,26
M1,ST7,Inspection,2025-01-25,Starved,,,2025-01-25 17:54:00,2025-01-25 18:25:00,32
M1,ST7,Inspection,2025-01-25,Starved,,,2025-01-25 19:12:00,2025-01-25 19:19:00,8
M1,ST7,Inspection,2025-01-25,Starved,,,2025-01-25 19:59:00,2025-01-25 20:00:00,2
M1,ST7,Inspection,2025-01-25,Starved,,,2025-01-25 20:13:00,2025-01-25 20:45:00,33
M1,ST7,Inspection,2025-01-25,Starved,,,2025-01-25 21:13:00,2025-01-25 21:25:00,13
M1,ST7,Inspection,2025-01-25,Starved,,,2025-01-25 21:46:00,2025-01-25 22:30:00,45
M1,ST7,Inspection,2025-01-25,Starved,,,2025-01-25 22:34:00,2025-01-25 22:54:00,21
M1,ST7,Inspection,2025-01-25,Starved,,,2025-01-25 23:29:00,2025-01-25 23:50:00,22
M1,ST7,Inspection,2025-01-26,Starved,,,2025-01-26 00:06:00,2025-01-26 00:36:00,31
M1,ST7,Inspection,2025-01-26,Starved,,,2025-01-26 00:41:00,2025-01-26 00:56:00,16
M1,ST7,Inspection,2025-01-26,Starved,,,2025-01-26 01:05:00,2025-01-26 01:17:00,13
M1,ST7,Inspection,2025-01-26,Starved,,,2025-01-26 02:00:00,2025-01-26 02:13:00,14
M1,ST7,Inspection,2025-01-26,Starved,,,2025-01-26 02:30:00,2025-01-26 03:00:00,31
M1,ST7,Inspection,2025-01-26,Starved,,,2025-01-26 03:04:00,2025-01-26 03:16:00,13
M1,ST7,Inspection,2025-01-26,Starved,,,2025-01-26 03:20:00,2025-01-26 03:32:00,13
M1,ST7,Inspection,2025-01-26,Starved,,,2025-01-26 03:36:00,2025-01-26 03:44:00,9
M1,ST7,Inspection,2025-01-26,Starved,,,2025-01-26 03:57:00,2025-01-26 04:08:00,12
M1,ST7,Inspection,2025-01-26,Starved,,,2025-01-26 06:00:00,2025-01-26 06:11:00,12
M1,ST7,Inspection,2025-01-26,Starved,,,2025-01-26 06:15:00,2025-01-26 06:30:00,16
M1,ST7,Inspection,2025-01-26,Starved,,,2025-01-26 07:12:00,2025-01-26 07:38:00,27
M1,ST7,Inspection,2025-01-26,Starved,,,2025-01-26 07:40:00,2025-01-26 08:01:00,22
M1,ST7,Inspection,2025-01-26,Starved,,,2025-01-26 09:07:00,2025-01-26 09:20:00,14
M1,ST7,Inspection,2025-01-26,Starved,,,2025-01-26 09:30:00,2025-01-26 09:51:00,22
M1,ST7,Inspection,2025-01-26,Starved,,,2025-01-26 09:56:00,2025-01-26 10:12:00,17
M1,ST7,Inspection,2025-01-26,Starved,,,2025-01-26 10:31:00,2025-01-26 11:43:00,73
M1,ST7,Inspection,2025-01-26,Starved,,,2025-01-26 12:22:00,2025-01-26 12:45:00,24
M1,ST7,Inspection,2025-01-26,Starved,,,2025-01-26 13:05:00,2025-01-26 13:32:00,28
M1,ST7,Inspection,2025-01-26,Starved,,,2025-01-26 14:11:00,2025-01-26 14:40:00,30
M1,ST7,Inspection,2025-01-26,Starved,,,2025-01-26 15:18:00,2025-01-26 15:54:00,37
M1,ST7,Inspection,2025-01-26,Starved,,,2025-01-26 18:11:00,2025-01-26 18:26:00,16
M1,ST7,Inspection,2025-01-26,Starved,,,2025-01-26 18:29:00,2025-01-26 18:53:00,25
M1,ST7,Inspection,2025-01-26,Starved,,,2025-01-26 18:58:00,2025-01-26 19:33:00,36
M1,ST7,Inspection,2025-01-26,Starved,,,2025-01-26 19:40:00,2025-01-26 20:05:00,26
M1,ST7,Inspection,2025-01-26,Starved,,,2025-01-26 20:09:00,2025-01-26 20:30:00,22
M1,ST7,Inspection,2025-01-26,Starved,,,2025-01-26 20:49:00,2025-01-26 21:15:00,27
M1,ST7,Inspection,2025-01-26,Starved,,,2025-01-26 21:25:00,2025-01-26 21:59:00,35
M1,ST7,Inspection,2025-01-26,Starved,,,2025-01-26 22:04:00,2025-01-26 22:21:00,18
M1,ST7,Inspection,2025-01-26,Starved,,,2025-01-26 22:37:00,2025-01-26 23:07:00,31
M1,ST7,Inspection,2025-01-26,Starved,,,2025-01-26 23:53:00,2025-01-27 00:10:00,18
M1,ST7,Inspection,2025-01-27,Starved,,,2025-01-27 01:39:00,2025-01-27 02:12:00,34
M1,ST7,Inspection,2025-01-27,Starved,,,2025-01-27 04:27:00,2025-01-27 04:54:00,28
M1,ST7,Inspection,2025-01-27,Starved,,,2025-01-27 05:48:00,2025-01-27 06:03:00,16
M1,ST7,Inspection,2025-01-27,Starved,,,2025-01-27 06:08:00,2025-01-27 06:43:00,36
M1,ST7,Inspection,2025-01-27,Starved,,,2025-01-27 06:49:00,2025-01-27 07:09:00,21
M1,ST7,Inspection,2025-01-27,Starved,,,2025-01-27 07:38:00,2025-01-27 07:50:00,13
M1,ST7,Inspection,2025-01-27,Starved,,,2025-01-27 07:55:00,2025-01-27 08:41:00,47
M1,ST7,Inspection,2025-01-27,Starved,,,2025-01-27 08:43:00,2025-01-27 08:48:00,6
M1,ST7,Inspection,2025-01-27,Starved,,,2025-01-27 10:47:00,2025-01-27 11:17:00,31
M1,ST7,Inspection,2025-01-27,Starved,,,2025-01-27 11:27:00,2025-01-27 11:32:00,6
M1,ST7,Inspection,2025-01-27,Starved,,,2025-01-27 12:08:00,2025-01-27 12:40:00,33
M1,ST7,Inspection,2025-01-27,Starved,,,2025-01-27 13:21:00,2025-01-27 14:00:00,40
M1,ST7,Inspection,2025-01-27,Starved,,,2025-01-27 14:13:00,2025-01-27 14:51:00,39
M1,ST7,Inspection,2025-01-27,Starved,,,2025-01-27 16:15:00,2025-01-27 16:31:00,17
M1,ST7,Inspection,2025-01-27,Starved,,,2025-01-27 16:35:00,2025-01-27 17:15:00,41
M1,ST7,Inspection,2025-01-27,Starved,,,2025-01-27 17:34:00,2025-01-27 17:52:00,19
M1,ST7,Inspection,2025-01-27,Starved,,,2025-01-27 18:09:00,2025-01-27 18:20:00,12
M1,ST7,Inspection,2025-01-27,Starved,,,2025-01-27 18:23:00,2025-01-27 18:44:00,22
M1,ST7,Inspection,2025-01-27,Starved,,,2025-01-27 19:16:00,2025-01-27 19:32:00,17
M1,ST7,Inspection,2025-01-27,Starved,,,2025-01-27 19:36:00,2025-01-27 19:57:00,22
M1,ST7,Inspection,2025-01-27,Starved,,,2025-01-27 20:22:00,2025-01-27 20:59:00,38
M1,ST7,Inspection,2025-01-27,Starved,,,2025-01-27 21:30:00,2025-01-27 21:34:00,5
M1,ST7,Inspection,2025-01-27,Starved,,,2025-01-27 21:51:00,2025-01-27 21:58:00,8
M1,ST7,Inspection,2025-01-27,Starved,,,2025-01-27 22:37:00,2025-01-27 22:40:00,4
M1,ST7,Inspection,2025-01-27,Starved,,,2025-01-27 23:42:00,2025-01-27 23:56:00,15
M1,ST7,Inspection,2025-01-28,Starved,,,2025-01-28 00:03:00,2025-01-28 00:05:00,3
M1,ST7,Inspection,2025-01-28,Starved,,,2025-01-28 00:13:00,2025-01-28 00:53:00,41
M1,ST7,Inspection,2025-01-28,Starved,,,2025-01-28 01:01:00,2025-01-28 01:10:00,10
M1,ST7,Inspection,2025-01-28,Starved,,,2025-01-28 01:29:00,2025-01-28 01:46:00,18
M1,ST7,Inspection,2025-01-28,Starved,,,2025-01-28 02:16:00,2025-01-28 02:20:00,5
M1,ST7,Inspection,2025-01-28,Starved,,,2025-01-28 03:03:00,2025-01-28 03:32:00,30
M1,ST7,Inspection,2025-01-28,Starved,,,2025-01-28 03:36:00,2025-01-28 03:38:00,3
M1,ST7,Inspection,2025-01-28,Starved,,,2025-01-28 05:31:00,2025-01-28 05:38:00,8
M1,ST7,Inspection,2025-01-28,Starved,,,2025-01-28 05:40:00,2025-01-28 05:47:00,8
M1,ST7,Inspection,2025-01-28,Starved,,,2025-01-28 06:33:00,2025-01-28 06:54:00,22
M1,ST7,Inspection,2025-01-28,Starved,,,2025-01-28 07:51:00,2025-01-28 08:07:00,17
M1,ST7,Inspection,2025-01-28,Starved,,,2025-01-28 09:02:00,2025-01-28 09:40:00,39
M1,ST7,Inspection,2025-01-28,Starved,,,2025-01-28 09:53:00,2025-01-28 10:22:00,30
M1,ST7,Inspection,2025-01-28,Starved,,,2025-01-28 10:30:00,2025-01-28 10:55:00,26
M1,ST7,Inspection,2025-01-28,Starved,,,2025-01-28 11:34:00,2025-01-28 11:39:00,6
M1,ST7,Inspection,2025-01-28,Starved,,,2025-01-28 12:14:00,2025-01-28 13:08:00,55
M1,ST7,Inspection,2025-01-28,Starved,,,2025-01-28 13:17:00,2025-01-28 13:27:00,11
M1,ST7,Inspection,2025-01-28,Starved,,,2025-01-28 14:17:00,2025-01-28 14:18:00,2
M1,ST7,Inspection,2025-01-28,Starved,,,2025-01-28 14:22:00,2025-01-28 14:47:00,26
M1,ST7,Inspection,2025-01-28,Starved,,,2025-01-28 15:35:00,2025-01-28 15:38:00,4
M1,ST7,Inspection,2025-01-28,Starved,,,2025-01-28 15:53:00,2025-01-28 16:23:00,31
M1,ST7,Inspection,2025-01-28,Starved,,,2025-01-28 17:14:00,2025-01-28 17:32:00,19
M1,ST7,Inspection,2025-01-28,Starved,,,2025-01-28 17:37:00,2025-01-28 17:42:00,6
M1,ST7,Inspection,2025-01-28,Starved,,,2025-01-28 17:46:00,2025-01-28 17:48:00,3
M1,ST7,Inspection,2025-01-28,Starved,,,2025-01-28 18:21:00,2025-01-28 18:53:00,33
M1,ST7,Inspection,2025-01-28,Starved,,,2025-01-28 18:55:00,2025-01-28 18:55:00,1
M1,ST7,Inspection,2025-01-28,Starved,,,2025-01-28 20:19:00,2025-01-28 21:05:00,47
M1,ST7,Inspection,2025-01-28,Starved,,,2025-01-28 21:11:00,2025-01-28 21:20:00,10
M1,ST7,Inspection,2025-01-28,Starved,,,2025-01-28 21:29:00,2025-01-28 21:51:00,23
M1,ST7,Inspection,2025-01-28,Starved,,,2025-01-28 21:55:00,2025-01-28 22:09:00,15
M1,ST7,Inspection,2025-01-28,Starved,,,2025-01-28 23:05:00,2025-01-28 23:14:00,10
M1,ST7,Inspection,2025-01-28,Starved,,,2025-01-28 23:25:00,2025-01-28 23:38:00,14
M1,ST7,Inspection,2025-01-29,Starved,,,2025-01-29 00:22:00,2025-01-29 00:27:00,6
M1,ST7,Inspection,2025-01-29,Starved,,,2025-01-29 00:30:00,2025-01-29 00:44:00,15
M1,ST7,Inspection,2025-01-29,Starved,,,2025-01-29 00:46:00,2025-01-29 01:06:00,21
M1,ST7,Inspection,2025-01-29,Starved,,,2025-01-29 01:46:00,2025-01-29 02:05:00,20
M1,ST7,Inspection,2025-01-29,Starved,,,2025-01-29 02:23:00,2025-01-29 02:53:00,31
M1,ST7,Inspection,2025-01-29,Starved,,,2025-01-29 03:00:00,2025-01-29 03:20:00,21
M1,ST7,Inspection,2025-01-29,Starved,,,2025-01-29 03:24:00,2025-01-29 04:29:00,66
M1,ST7,Inspection,2025-01-29,Starved,,,2025-01-29 04:37:00,2025-01-29 04:37:00,1
M1,ST7,Inspection,2025-01-29,Starved,,,2025-01-29 04:51:00,2025-01-29 05:18:00,28
M1,ST7,Inspection,2025-01-29,Starved,,,2025-01-29 05:37:00,2025-01-29 05:44:00,8
M1,ST7,Inspection,2025-01-29,Starved,,,2025-01-29 06:04:00,2025-01-29 06:34:00,31
M1,ST7,Inspection,2025-01-29,Starved,,,2025-01-29 06:38:00,2025-01-29 06:51:00,14
M1,ST7,Inspection,2025-01-29,Starved,,,2025-01-29 08:04:00,2025-01-29 08:33:00,30
M1,ST7,Inspection,2025-01-29,Starved,,,2025-01-29 09:16:00,2025-01-29 09:39:00,24
M1,ST7,Inspection,2025-01-29,Starved,,,2025-01-29 09:50:00,2025-01-29 10:05:00,16
M1,ST7,Inspection,2025-01-29,Starved,,,2025-01-29 10:15:00,2025-01-29 10:34:00,20
M1,ST7,Inspection,2025-01-29,Starved,,,2025-01-29 10:53:00,2025-01-29 11:22:00,30
M1,ST7,Inspection,2025-01-29,Starved,,,2025-01-29 11:35:00,2025-01-29 11:49:00,15
M1,ST7,Inspection,2025-01-29,Starved,,,2025-01-29 12:51:00,2025-01-29 12:57:00,7
M1,ST7,Inspection,2025-01-29,Starved,,,2025-01-29 12:59:00,2025-01-29 13:05:00,7
M1,ST7,Inspection,2025-01-29,Starved,,,2025-01-29 13:45:00,2025-01-29 14:41:00,57
M1,ST7,Inspection,2025-01-29,Starved,,,2025-01-29 14:47:00,2025-01-29 15:12:00,26
M1,ST7,Inspection,2025-01-29,Starved,,,2025-01-29 15:43:00,2025-01-29 16:03:00,21
M1,ST7,Inspection,2025-01-29,Starved,,,2025-01-29 16:13:00,2025-01-29 16:31:00,19
M1,ST7,Inspection,2025-01-29,Starved,,,2025-01-29 16:48:00,2025-01-29 18:26:00,99
M1,ST7,Inspection,2025-01-29,Starved,,,2025-01-29 19:02:00,2025-01-29 19:17:00,16
M1,ST7,Inspection,2025-01-29,Starved,,,2025-01-29 19:39:00,2025-01-29 19:59:00,21
M1,ST7,Inspection,2025-01-29,Starved,,,2025-01-29 20:04:00,2025-01-29 20:29:00,26
M1,ST7,Inspection,2025-01-29,Starved,,,2025-01-29 21:30:00,2025-01-29 21:45:00,16
M1,ST7,Inspection,2025-01-29,Starved,,,2025-01-29 22:08:00,2025-01-29 22:09:00,2
M1,ST7,Inspection,2025-01-29,Starved,,,2025-01-29 22:17:00,2025-01-29 23:06:00,50
M1,ST7,Inspection,2025-01-29,Starved,,,2025-01-29 23:14:00,2025-01-29 23:51:00,38
M1,ST7,Inspection,2025-01-29,Starved,,,2025-01-29 23:53:00,2025-01-30 00:31:00,39
M1,ST7,Inspection,2025-01-30,Starved,,,2025-01-30 00:55:00,2025-01-30 00:57:00,3
M1,ST7,Inspection,2025-01-30,Starved,,,2025-01-30 02:29:00,2025-01-30 02:34:00,6
M1,ST7,Inspection,2025-01-30,Starved,,,2025-01-30 03:45:00,2025-01-30 04:14:00,30
M1,ST7,Inspection,2025-01-30,Starved,,,2025-01-30 04:47:00,2025-01-30 05:25:00,39
M1,ST7,Inspection,2025-01-30,Starved,,,2025-01-30 06:06:00,2025-01-30 06:32:00,27
M1,ST7,Inspection,2025-01-30,Starved,,,2025-01-30 06:36:00,2025-01-30 06:43:00,8
M1,ST7,Inspection,2025-01-30,Starved,,,2025-01-30 06:47:00,2025-01-30 06:48:00,2
M1,ST7,Inspection,2025-01-30,Starved,,,2025-01-30 06:59:00,2025-01-30 07:14:00,16
M1,ST7,Inspection,2025-01-30,Starved,,,2025-01-30 07:18:00,2025-01-30 07:50:00,33
M1,ST7,Inspection,2025-01-30,Starved,,,2025-01-30 08:01:00,2025-01-30 08:02:00,2
M1,ST7,Inspection,2025-01-30,Starved,,,2025-01-30 08:18:00,2025-01-30 08:49:00,32
M1,ST7,Inspection,2025-01-30,Starved,,,2025-01-30 08:53:00,2025-01-30 08:56:00,4
M1,ST7,Inspection,2025-01-30,Starved,,,2025-01-30 09:31:00,2025-01-30 10:06:00,36
M1,ST7,Inspection,2025-01-30,Starved,,,2025-01-30 10:21:00,2025-01-30 10:40:00,20
M1,ST7,Inspection,2025-01-30,Starved,,,2025-01-30 10:51:00,2025-01-30 11:52:00,62
M1,ST7,Inspection,2025-01-30,Starved,,,2025-01-30 12:28:00,2025-01-30 12:53:00,26
M1,ST7,Inspection,2025-01-30,Starved,,,2025-01-30 13:04:00,2025-01-30 13:17:00,14
M1,ST7,Inspection,2025-01-30,Starved,,,2025-01-30 14:17:00,2025-01-30 14:47:00,31
M1,ST7,Inspection,2025-01-30,Starved,,,2025-01-30 15:17:00,2025-01-30 15:31:00,15
M1,ST7,Inspection,2025-01-30,Starved,,,2025-01-30 15:56:00,2025-01-30 16:14:00,19
M1,ST7,Inspection,2025-01-30,Starved,,,2025-01-30 16:34:00,2025-01-30 17:01:00,28
M1,ST7,Inspection,2025-01-30,Starved,,,2025-01-30 17:08:00,2025-01-30 17:58:00,51
M1,ST7,Inspection,2025-01-30,Starved,,,2025-01-30 18:12:00,2025-01-30 18:39:00,28
M1,ST7,Inspection,2025-01-30,Starved,,,2025-01-30 18:53:00,2025-01-30 19:52:00,60
M1,ST7,Inspection,2025-01-30,Starved,,,2025-01-30 20:36:00,2025-01-30 20:45:00,10
M1,ST7,Inspection,2025-01-30,Starved,,,2025-01-30 20:51:00,2025-01-30 20:53:00,3
M1,ST7,Inspection,2025-01-30,Starved,,,2025-01-30 21:22:00,2025-01-30 21:53:00,32
M1,ST7,Inspection,2025-01-30,Starved,,,2025-01-30 21:58:00,2025-01-30 22:36:00,39
M1,ST7,Inspection,2025-01-30,Starved,,,2025-01-30 22:40:00,2025-01-30 22:41:00,2
M1,ST7,Inspection,2025-01-30,Starved,,,2025-01-30 23:10:00,2025-01-30 23:23:00,14
M1,ST7,Inspection,2025-01-30,Starved,,,2025-01-30 23:37:00,2025-01-30 23:55:00,19
M1,ST7,Inspection,2025-01-30,Starved,,,2025-01-30 23:59:00,2025-01-31 00:44:00,46
M1,ST7,Inspection,2025-01-31,Starved,,,2025-01-31 00:58:00,2025-01-31 01:26:00,29
M1,ST7,Inspection,2025-01-31,Starved,,,2025-01-31 01:36:00,2025-01-31 01:59:00,24
M1,ST7,Inspection,2025-01-31,Starved,,,2025-01-31 02:03:00,2025-01-31 02:31:00,29
M1,ST7,Inspection,2025-01-31,Starved,,,2025-01-31 02:42:00,2025-01-31 03:00:00,19
M1,ST7,Inspection,2025-01-31,Starved,,,2025-01-31 04:35:00,2025-01-31 04:46:00,12
M1,ST7,Inspection,2025-01-31,Starved,,,2025-01-31 04:48:00,2025-01-31 05:02:00,15
M1,ST7,Inspection,2025-01-31,Starved,,,2025-01-31 05:09:00,2025-01-31 05:51:00,43
M1,ST7,Inspection,2025-01-03,Quality,scrap_rule,,2025-01-03 03:51:00,2025-01-03 04:04:00,14
M1,ST7,Inspection,2025-01-04,Quality,scrap_rule,,2025-01-04 05:28:00,2025-01-04 05:31:00,4
M1,ST7,Inspection,2025-01-04,Quality,scrap_rule,,2025-01-04 17:45:00,2025-01-04 18:05:00,21
M1,ST7,Inspection,2025-01-06,Quality,scrap_rule,,2025-01-06 13:21:00,2025-01-06 13:37:00,17
M1,ST7,Inspection,2025-01-06,Quality,scrap_rule,,2025-01-06 18:56:00,2025-01-06 19:12:00,17
M1,ST7,Inspection,2025-01-08,Quality,scrap_rule,,2025-01-08 14:51:00,2025-01-08 15:03:00,13
M1,ST7,Inspection,2025-01-11,Quality,scrap_rule,,2025-01-11 06:01:00,2025-01-11 06:15:00,15
M1,ST7,Inspection,2025-01-21,Quality,scrap_rule,,2025-01-21 10:21:00,2025-01-21 10:33:00,13
M1,ST7,Inspection,2025-01-26,Quality,scrap_rule,,2025-01-26 07:06:00,2025-01-26 07:11:00,6
M1,ST7,Inspection,2025-01-27,Quality,scrap_rule,,2025-01-27 03:28:00,2025-01-27 03:32:00,5
M1,ST7,Inspection,2025-01-30,Quality,scrap_rule,,2025-01-30 04:27:00,2025-01-30 04:46:00,20
M1,ST8,Packaging,2025-01-01,Mechanical,vibration,,2025-01-01 17:52:00,2025-01-01 18:17:00,26
M1,ST8,Packaging,2025-01-01,Mechanical,air_pressure,,2025-01-01 21:45:00,2025-01-01 22:06:00,22
M1,ST8,Packaging,2025-01-01,Mechanical,vibration,,2025-01-01 23:37:00,2025-01-02 00:37:00,61
M1,ST8,Packaging,2025-01-02,Mechanical,vibration,,2025-01-02 05:43:00,2025-01-02 06:17:00,35
M1,ST8,Packaging,2025-01-02,Mechanical,air_pressure,,2025-01-02 13:17:00,2025-01-02 13:42:00,26
M1,ST8,Packaging,2025-01-02,Mechanical,vibration,,2025-01-02 15:29:00,2025-01-02 16:02:00,34
M1,ST8,Packaging,2025-01-02,Mechanical,vibration,,2025-01-02 22:51:00,2025-01-02 23:15:00,25
M1,ST8,Packaging,2025-01-03,Mechanical,air_pressure,,2025-01-03 01:47:00,2025-01-03 01:57:00,11
M1,ST8,Packaging,2025-01-03,Mechanical,vibration,,2025-01-03 10:37:00,2025-01-03 11:14:00,38
M1,ST8,Packaging,2025-01-03,Mechanical,air_pressure,,2025-01-03 17:46:00,2025-01-03 18:23:00,38
M1,ST8,Packaging,2025-01-03,Mechanical,vibration,,2025-01-03 19:55:00,2025-01-03 20:10:00,16
M1,ST8,Packaging,2025-01-04,Mechanical,vibration,,2025-01-04 02:44:00,2025-01-04 03:13:00,30
M1,ST8,Packaging,2025-01-04,Mechanical,air_pressure,,2025-01-04 07:08:00,2025-01-04 07:42:00,35
M1,ST8,Packaging,2025-01-04,Mechanical,vibration,,2025-01-04 12:19:00,2025-01-04 12:50:00,32
M1,ST8,Packaging,2025-01-04,Mechanical,air_pressure,,2025-01-04 17:02:00,2025-01-04 17:39:00,38
M1,ST8,Packaging,2025-01-04,Mechanical,vibration,,2025-01-04 22:26:00,2025-01-04 22:37:00,12
M1,ST8,Packaging,2025-01-05,Mechanical,air_pressure,,2025-01-05 10:23:00,2025-01-05 10:41:00,19
M1,ST8,Packaging,2025-01-05,Mechanical,vibration,,2025-01-05 16:59:00,2025-01-05 17:41:00,43
M1,ST8,Packaging,2025-01-05,Mechanical,air_pressure,,2025-01-05 21:21:00,2025-01-05 21:42:00,22
M1,ST8,Packaging,2025-01-06,Mechanical,vibration,,2025-01-06 05:15:00,2025-01-06 05:41:00,27
M1,ST8,Packaging,2025-01-06,Mechanical,air_pressure,,2025-01-06 12:18:00,2025-01-06 12:40:00,23
M1,ST8,Packaging,2025-01-06,Mechanical,vibration,,2025-01-06 15:12:00,2025-01-06 15:36:00,25
M1,ST8,Packaging,2025-01-07,Mechanical,air_pressure,,2025-01-07 01:44:00,2025-01-07 01:57:00,14
M1,ST8,Packaging,2025-01-07,Mechanical,vibration,,2025-01-07 02:02:00,2025-01-07 02:18:00,17
M1,ST8,Packaging,2025-01-07,Mechanical,vibration,,2025-01-07 10:13:00,2025-01-07 10:32:00,20
M1,ST8,Packaging,2025-01-07,Mechanical,air_pressure,,2025-01-07 15:59:00,2025-01-07 16:19:00,21
M1,ST8,Packaging,2025-01-07,Mechanical,vibration,,2025-01-07 19:59:00,2025-01-07 20:31:00,33
M1,ST8,Packaging,2025-01-08,Mechanical,air_pressure,,2025-01-08 01:57:00,2025-01-08 02:35:00,39
M1,ST8,Packaging,2025-01-08,Mechanical,vibration,,2025-01-08 09:04:00,2025-01-08 09:38:00,35
M1,ST8,Packaging,2025-01-08,Mechanical,vibration,,2025-01-08 20:31:00,2025-01-08 21:08:00,38
M1,ST8,Packaging,2025-01-09,Mechanical,vibration,,2025-01-09 05:46:00,2025-01-09 06:20:00,35
M1,ST8,Packaging,2025-01-09,Mechanical,air_pressure,,2025-01-09 08:03:00,2025-01-09 08:25:00,23
M1,ST8,Packaging,2025-01-09,Mechanical,vibration,,2025-01-09 15:12:00,2025-01-09 15:27:00,16
M1,ST8,Packaging,2025-01-09,Mechanical,vibration,,2025-01-09 23:22:00,2025-01-09 23:32:00,11
M1,ST8,Packaging,2025-01-10,Mechanical,air_pressure,,2025-01-10 00:17:00,2025-01-10 00:23:00,7
M1,ST8,Packaging,2025-01-10,Mechanical,vibration,,2025-01-10 07:13:00,2025-01-10 07:36:00,24
M1,ST8,Packaging,2025-01-10,Mechanical,air_pressure,,2025-01-10 11:45:00,2025-01-10 12:01:00,17
M1,ST8,Packaging,2025-01-10,Mechanical,vibration,,2025-01-10 14:22:00,2025-01-10 14:54:00,33
M1,ST8,Packaging,2025-01-10,Mechanical,air_pressure,,2025-01-10 22:34:00,2025-01-10 22:40:00,7
M1,ST8,Packaging,2025-01-11,Mechanical,vibration,,2025-01-11 01:26:00,2025-01-11 01:52:00,27
M1,ST8,Packaging,2025-01-11,Mechanical,vibration,,2025-01-11 12:46:00,2025-01-11 13:03:00,18
M1,ST8,Packaging,2025-01-11,Mechanical,vibration,,2025-01-11 21:44:00,2025-01-11 21:54:00,11
M1,ST8,Packaging,2025-01-12,Mechanical,air_pressure,,2025-01-12 01:31:00,2025-01-12 01:38:00,8
M1,ST8,Packaging,2025-01-12,Mechanical,vibration,,2025-01-12 06:46:00,2025-01-12 07:12:00,27
M1,ST8,Packaging,2025-01-12,Mechanical,vibration,,2025-01-12 18:51:00,2025-01-12 19:20:00,30
M1,ST8,Packaging,2025-01-13,Mechanical,vibration,,2025-01-13 03:05:00,2025-01-13 03:33:00,29
M1,ST8,Packaging,2025-01-13,Mechanical,air_pressure,,2025-01-13 11:10:00,2025-01-13 11:34:00,25
M1,ST8,Packaging,2025-01-13,Mechanical,vibration,,2025-01-13 14:13:00,2025-01-13 14:41:00,29
M1,ST8,Packaging,2025-01-13,Mechanical,vibration,,2025-01-13 20:16:00,2025-01-13 20:52:00,37
M1,ST8,Packaging,2025-01-14,Mechanical,air_pressure,,2025-01-14 03:53:00,2025-01-14 04:01:00,9
M1,ST8,Packaging,2025-01-14,Mechanical,vibration,,2025-01-14 04:04:00,2025-01-14 04:12:00,9
M1,ST8,Packaging,2025-01-14,Mechanical,vibration,,2025-01-14 11:59:00,2025-01-14 12:35:00,37
M1,ST8,Packaging,2025-01-14,Mechanical,vibration,,2025-01-14 18:14:00,2025-01-14 18:28:00,15
M1,ST8,Packaging,2025-01-14,Mechanical,air_pressure,,2025-01-14 19:26:00,2025-01-14 19:53:00,28
M1,ST8,Packaging,2025-01-15,Mechanical,vibration,,2025-01-15 00:27:00,2025-01-15 01:02:00,36
M1,ST8,Packaging,2025-01-15,Mechanical,vibration,,2025-01-15 09:41:00,2025-01-15 09:54:00,14
M1,ST8,Packaging,2025-01-15,Mechanical,air_pressure,,2025-01-15 10:39:00,2025-01-15 11:03:00,25
M1,ST8,Packaging,2025-01-15,Mechanical,vibration,,2025-01-15 22:30:00,2025-01-15 22:49:00,20
M1,ST8,Packaging,2025-01-16,Mechanical,air_pressure,,2025-01-16 04:08:00,2025-01-16 04:33:00,26
M1,ST8,Packaging,2025-01-16,Mechanical,vibration,,2025-01-16 09:02:00,2025-01-16 09:10:00,9
M1,ST8,Packaging,2025-01-16,Mechanical,vibration,,2025-01-16 17:21:00,2025-01-16 17:38:00,18
M1,ST8,Packaging,2025-01-16,Mechanical,air_pressure,,2025-01-16 20:12:00,2025-01-16 20:43:00,32
M1,ST8,Packaging,2025-01-17,Mechanical,vibration,,2025-01-17 05:23:00,2025-01-17 05:41:00,19
M1,ST8,Packaging,2025-01-17,Mechanical,air_pressure,,2025-01-17 14:06:00,2025-01-17 14:27:00,22
M1,ST8,Packaging,2025-01-17,Mechanical,vibration,,2025-01-17 17:18:00,2025-01-17 17:31:00,14
M1,ST8,Packaging,2025-01-18,Mechanical,vibration,,2025-01-18 03:23:00,2025-01-18 04:19:00,57
M1,ST8,Packaging,2025-01-18,Mechanical,air_pressure,,2025-01-18 04:47:00,2025-01-18 05:21:00,35
M1,ST8,Packaging,2025-01-18,Mechanical,vibration,,2025-01-18 11:09:00,2025-01-18 11:43:00,35
M1,ST8,Packaging,2025-01-18,Mechanical,air_pressure,,2025-01-18 15:10:00,2025-01-18 15:28:00,19
M1,ST8,Packaging,2025-01-18,Mechanical,vibration,,2025-01-18 20:33:00,2025-01-18 20:39:00,7
M1,ST8,Packaging,2025-01-19,Mechanical,air_pressure,,2025-01-19 03:58:00,2025-01-19 04:33:00,36
M1,ST8,Packaging,2025-01-19,Mechanical,vibration,,2025-01-19 04:36:00,2025-01-19 04:57:00,22
M1,ST8,Packaging,2025-01-19,Mechanical,air_pressure,,2025-01-19 14:46:00,2025-01-19 15:20:00,35
M1,ST8,Packaging,2025-01-20,Mechanical,vibration,,2025-01-20 01:36:00,2025-01-20 02:06:00,31
M1,ST8,Packaging,2025-01-20,Mechanical,air_pressure,,2025-01-20 09:52:00,2025-01-20 10:12:00,21
M1,ST8,Packaging,2025-01-20,Mechanical,vibration,,2025-01-20 11:20:00,2025-01-20 11:33:00,14
M1,ST8,Packaging,2025-01-20,Mechanical,vibration,,2025-01-20 19:50:00,2025-01-20 20:19:00,30
M1,ST8,Packaging,2025-01-20,Mechanical,air_pressure,,2025-01-20 23:20:00,2025-01-20 23:27:00,8
M1,ST8,Packaging,2025-01-21,Mechanical,vibration,,2025-01-21 05:25:00,2025-01-21 05:32:00,8
M1,ST8,Packaging,2025-01-21,Mechanical,air_pressure,,2025-01-21 11:57:00,2025-01-21 12:09:00,13
M1,ST8,Packaging,2025-01-21,Mechanical,vibration,,2025-01-21 14:38:00,2025-01-21 15:10:00,33
M1,ST8,Packaging,2025-01-21,Mechanical,air_pressure,,2025-01-21 22:18:00,2025-01-21 22:25:00,8
M1,ST8,Packaging,2025-01-22,Mechanical,vibration,,2025-01-22 01:41:00,2025-01-22 02:07:00,27
M1,ST8,Packaging,2025-01-22,Mechanical,air_pressure,,2025-01-22 09:22:00,2025-01-22 09:29:00,8
M1,ST8,Packaging,2025-01-22,Mechanical,vibration,,2025-01-22 10:23:00,2025-01-22 10:55:00,33
M1,ST8,Packaging,2025-01-22,Mechanical,air_pressure,,2025-01-22 21:28:00,2025-01-22 22:14:00,47
M1,ST8,Packaging,2025-01-22,Mechanical,vibration,,2025-01-22 23:28:00,2025-01-23 00:13:00,46
M1,ST8,Packaging,2025-01-23,Mechanical,vibration,,2025-01-23 07:56:00,2025-01-23 08:09:00,14
M1,ST8,Packaging,2025-01-23,Mechanical,air_pressure,,2025-01-23 09:10:00,2025-01-23 09:29:00,20
M1,ST8,Packaging,2025-01-23,Mechanical,vibration,,2025-01-23 17:33:00,2025-01-23 17:59:00,27
M1,ST8,Packaging,2025-01-23,Mechanical,air_pressure,,2025-01-23 23:39:00,2025-01-23 23:44:00,6
M1,ST8,Packaging,2025-01-24,Mechanical,vibration,,2025-01-24 02:06:00,2025-01-24 02:19:00,14
M1,ST8,Packaging,2025-01-24,Mechanical,vibration,,2025-01-24 12:33:00,2025-01-24 12:41:00,9
M1,ST8,Packaging,2025-01-24,Mechanical,air_pressure,,2025-01-24 16:17:00,2025-01-24 16:54:00,38
M1,ST8,Packaging,2025-01-24,Mechanical,vibration,,2025-01-24 21:51:00,2025-01-24 22:29:00,39
M1,ST8,Packaging,2025-01-25,Mechanical,air_pressure,,2025-01-25 03:57:00,2025-01-25 04:07:00,11
M1,ST8,Packaging,2025-01-25,Mechanical,vibration,,2025-01-25 04:57:00,2025-01-25 05:36:00,40
M1,ST8,Packaging,2025-01-25,Mechanical,air_pressure,,2025-01-25 18:03:00,2025-01-25 18:55:00,53
M1,ST8,Packaging,2025-01-25,Mechanical,vibration,,2025-01-25 23:33:00,2025-01-25 23:50:00,18
M1,ST8,Packaging,2025-01-26,Mechanical,air_pressure,,2025-01-26 05:13:00,2025-01-26 05:46:00,34
M1,ST8,Packaging,2025-01-26,Mechanical,vibration,,2025-01-26 09:04:00,2025-01-26 09:24:00,21
M1,ST8,Packaging,2025-01-26,Mechanical,vibration,,2025-01-26 16:35:00,2025-01-26 17:11:00,37
M1,ST8,Packaging,2025-01-26,Mechanical,air_pressure,,2025-01-26 22:36:00,2025-01-26 22:54:00,19
M1,ST8,Packaging,2025-01-27,Mechanical,vibration,,2025-01-27 02:06:00,2025-01-27 02:16:00,11
M1,ST8,Packaging,2025-01-27,Mechanical,vibration,,2025-01-27 09:58:00,2025-01-27 10:30:00,33
M1,ST8,Packaging,2025-01-27,Mechanical,air_pressure,,2025-01-27 14:45:00,2025-01-27 15:05:00,21
M1,ST8,Packaging,2025-01-27,Mechanical,vibration,,2025-01-27 21:05:00,2025-01-27 21:11:00,7
M1,ST8,Packaging,2025-01-28,Mechanical,air_pressure,,2025-01-28 04:57:00,2025-01-28 05:25:00,29
M1,ST8,Packaging,2025-01-28,Mechanical,vibration,,2025-01-28 08:09:00,2025-01-28 08:48:00,40
M1,ST8,Packaging,2025-01-28,Mechanical,vibration,,2025-01-28 16:25:00,2025-01-28 17:04:00,40
M1,ST8,Packaging,2025-01-28,Mechanical,air_pressure,,2025-01-28 22:40:00,2025-01-28 22:58:00,19
M1,ST8,Packaging,2025-01-29,Mechanical,vibration,,2025-01-29 01:10:00,2025-01-29 01:34:00,25
M1,ST8,Packaging,2025-01-29,Mechanical,air_pressure,,2025-01-29 06:57:00,2025-01-29 07:06:00,10
M1,ST8,Packaging,2025-01-29,Mechanical,vibration,,2025-01-29 12:13:00,2025-01-29 12:45:00,33
M1,ST8,Packaging,2025-01-29,Mechanical,air_pressure,,2025-01-29 18:34:00,2025-01-29 18:41:00,8
M1,ST8,Packaging,2025-01-30,Mechanical,vibration,,2025-01-30 00:08:00,2025-01-30 00:42:00,35
M1,ST8,Packaging,2025-01-30,Mechanical,air_pressure,,2025-01-30 10:24:00,2025-01-30 10:40:00,17
M1,ST8,Packaging,2025-01-30,Mechanical,vibration,,2025-01-30 11:03:00,2025-01-30 11:52:00,50
M1,ST8,Packaging,2025-01-30,Mechanical,vibration,,2025-01-30 18:15:00,2025-01-30 18:39:00,25
M1,ST8,Packaging,2025-01-31,Mechanical,vibration,,2025-01-31 02:19:00,2025-01-31 02:31:00,13
M1,ST8,Packaging,2025-01-31,Mechanical,air_pressure,,2025-01-31 03:40:00,2025-01-31 04:07:00,28
M1,ST8,Packaging,2025-01-01,Electrical,energy_consumption,,2025-01-01 16:14:00,2025-01-01 16:55:00,42
M1,ST8,Packaging,2025-01-02,Electrical,energy_consumption,,2025-01-02 09:47:00,2025-01-02 10:41:00,55
M1,ST8,Packaging,2025-01-02,Electrical,energy_consumption,,2025-01-02 23:49:00,2025-01-03 00:05:00,17
M1,ST8,Packaging,2025-01-03,Electrical,energy_consumption,,2025-01-03 07:59:00,2025-01-03 08:08:00,10
M1,ST8,Packaging,2025-01-03,Electrical,energy_consumption,,2025-01-03 23:19:00,2025-01-04 00:09:00,51
M1,ST8,Packaging,2025-01-04,Electrical,energy_consumption,,2025-01-04 10:42:00,2025-01-04 11:05:00,24
M1,ST8,Packaging,2025-01-04,Electrical,energy_consumption,,2025-01-04 18:45:00,2025-01-04 19:16:00,32
M1,ST8,Packaging,2025-01-05,Electrical,energy_consumption,,2025-01-05 06:52:00,2025-01-05 07:04:00,13
M1,ST8,Packaging,2025-01-05,Electrical,energy_consumption,,2025-01-05 17:42:00,2025-01-05 17:49:00,8
M1,ST8,Packaging,2025-01-06,Electrical,energy_consumption,,2025-01-06 02:25:00,2025-01-06 02:52:00,28
M1,ST8,Packaging,2025-01-06,Electrical,energy_consumption,,2025-01-06 17:51:00,2025-01-06 18:11:00,21
M1,ST8,Packaging,2025-01-07,Electrical,energy_consumption,,2025-01-07 09:34:00,2025-01-07 10:03:00,30
M1,ST8,Packaging,2025-01-07,Electrical,energy_consumption,,2025-01-07 22:47:00,2025-01-07 23:19:00,33
M1,ST8,Packaging,2025-01-08,Electrical,energy_consumption,,2025-01-08 07:51:00,2025-01-08 08:02:00,12
M1,ST8,Packaging,2025-01-08,Electrical,energy_consumption,,2025-01-08 20:07:00,2025-01-08 20:19:00,13
M1,ST8,Packaging,2025-01-09,Electrical,energy_consumption,,2025-01-09 07:15:00,2025-01-09 07:51:00,37
M1,ST8,Packaging,2025-01-09,Electrical,energy_consumption,,2025-01-09 20:10:00,2025-01-09 20:33:00,24
M1,ST8,Packaging,2025-01-10,Electrical,energy_consumption,,2025-01-10 09:34:00,2025-01-10 10:07:00,34
M1,ST8,Packaging,2025-01-10,Electrical,energy_consumption,,2025-01-10 18:10:00,2025-01-10 18:15:00,6
M1,ST8,Packaging,2025-01-11,Electrical,energy_consumption,,2025-01-11 08:59:00,2025-01-11 09:20:00,22
M1,ST8,Packaging,2025-01-12,Electrical,energy_consumption,,2025-01-12 00:00:00,2025-01-12 00:23:00,24
M1,ST8,Packaging,2025-01-12,Electrical,energy_consumption,,2025-01-12 10:36:00,2025-01-12 10:41:00,6
M1,ST8,Packaging,2025-01-13,Electrical,energy_consumption,,2025-01-13 00:01:00,2025-01-13 00:14:00,14
M1,ST8,Packaging,2025-01-13,Electrical,energy_consumption,,2025-01-13 12:40:00,2025-01-13 12:56:00,17
M1,ST8,Packaging,2025-01-14,Electrical,energy_consumption,,2025-01-14 03:10:00,2025-01-14 03:17:00,8
M1,ST8,Packaging,2025-01-14,Electrical,energy_consumption,,2025-01-14 16:45:00,2025-01-14 17:04:00,20
M1,ST8,Packaging,2025-01-15,Electrical,energy_consumption,,2025-01-15 07:00:00,2025-01-15 07:21:00,22
M1,ST8,Packaging,2025-01-15,Electrical,energy_consumption,,2025-01-15 18:41:00,2025-01-15 19:10:00,30
M1,ST8,Packaging,2025-01-16,Electrical,energy_consumption,,2025-01-16 07:37:00,2025-01-16 07:55:00,19
M1,ST8,Packaging,2025-01-16,Electrical,energy_consumption,,2025-01-16 21:38:00,2025-01-16 21:47:00,10
M1,ST8,Packaging,2025-01-17,Electrical,energy_consumption,,2025-01-17 09:22:00,2025-01-17 09:40:00,19
M1,ST8,Packaging,2025-01-17,Electrical,energy_consumption,,2025-01-17 20:09:00,2025-01-17 20:48:00,40
M1,ST8,Packaging,2025-01-18,Electrical,energy_consumption,,2025-01-18 09:33:00,2025-01-18 10:07:00,35
M1,ST8,Packaging,2025-01-18,Electrical,energy_consumption,,2025-01-18 18:44:00,2025-01-18 18:58:00,15
M1,ST8,Packaging,2025-01-19,Electrical,energy_consumption,,2025-01-19 08:31:00,2025-01-19 08:58:00,28
M1,ST8,Packaging,2025-01-19,Electrical,energy_consumption,,2025-01-19 21:22:00,2025-01-19 21:51:00,30
M1,ST8,Packaging,2025-01-20,Electrical,energy_consumption,,2025-01-20 12:53:00,2025-01-20 13:22:00,30
M1,ST8,Packaging,2025-01-21,Electrical,energy_consumption,,2025-01-21 02:37:00,2025-01-21 03:04:00,28
M1,ST8,Packaging,2025-01-21,Electrical,energy_consumption,,2025-01-21 15:55:00,2025-01-21 16:20:00,26
M1,ST8,Packaging,2025-01-22,Electrical,energy_consumption,,2025-01-22 03:39:00,2025-01-22 04:11:00,33
M1,ST8,Packaging,2025-01-22,Electrical,energy_consumption,,2025-01-22 14:18:00,2025-01-22 14:56:00,39
M1,ST8,Packaging,2025-01-23,Electrical,energy_consumption,,2025-01-23 07:22:00,2025-01-23 07:53:00,32
M1,ST8,Packaging,2025-01-23,Electrical,energy_consumption,,2025-01-23 21:18:00,2025-01-23 21:45:00,28
M1,ST8,Packaging,2025-01-24,Electrical,energy_consumption,,2025-01-24 10:05:00,2025-01-24 10:32:00,28
M1,ST8,Packaging,2025-01-25,Electrical,energy_consumption,,2025-01-25 00:06:00,2025-01-25 00:45:00,40
M1,ST8,Packaging,2025-01-25,Electrical,energy_consumption,,2025-01-25 13:44:00,2025-01-25 13:53:00,10
M1,ST8,Packaging,2025-01-26,Electrical,energy_consumption,,2025-01-26 16:00:00,2025-01-26 16:25:00,26
M1,ST8,Packaging,2025-01-27,Electrical,energy_consumption,,2025-01-27 03:39:00,2025-01-27 04:09:00,31
M1,ST8,Packaging,2025-01-27,Electrical,energy_consumption,,2025-01-27 20:25:00,2025-01-27 20:59:00,35
M1,ST8,Packaging,2025-01-28,Electrical,energy_consumption,,2025-01-28 13:40:00,2025-01-28 14:12:00,33
M1,ST8,Packaging,2025-01-29,Electrical,energy_consumption,,2025-01-29 03:26:00,2025-01-29 04:29:00,64
M1,ST8,Packaging,2025-01-29,Electrical,energy_consumption,,2025-01-29 16:19:00,2025-01-29 16:31:00,13
M1,ST8,Packaging,2025-01-30,Electrical,energy_consumption,,2025-01-30 02:32:00,2025-01-30 02:49:00,18
M1,ST8,Packaging,2025-01-30,Electrical,energy_consumption,,2025-01-30 15:18:00,2025-01-30 15:30:00,13
M1,ST8,Packaging,2025-01-01,Changeover,,,2025-01-01 12:00:00,2025-01-01 12:23:00,24
M1,ST8,Packaging,2025-01-01,Changeover,,,2025-01-01 13:39:00,2025-01-01 14:14:00,36
M1,ST8,Packaging,2025-01-01,Changeover,,,2025-01-01 20:11:00,2025-01-01 20:50:00,40
M1,ST8,Packaging,2025-01-01,Changeover,,,2025-01-01 21:15:00,2025-01-01 21:20:00,6
M1,ST8,Packaging,2025-01-02,Changeover,,,2025-01-02 03:44:00,2025-01-02 03:53:00,10
M1,ST8,Packaging,2025-01-02,Changeover,,,2025-01-02 14:34:00,2025-01-02 14:56:00,23
M1,ST8,Packaging,2025-01-03,Changeover,,,2025-01-03 01:39:00,2025-01-03 01:46:00,8
M1,ST8,Packaging,2025-01-04,Changeover,,,2025-01-04 05:29:00,2025-01-04 05:54:00,26
M1,ST8,Packaging,2025-01-04,Changeover,,,2025-01-04 19:37:00,2025-01-04 19:50:00,14
M1,ST8,Packaging,2025-01-05,Changeover,,,2025-01-05 04:35:00,2025-01-05 04:52:00,18
M1,ST8,Packaging,2025-01-05,Changeover,,,2025-01-05 13:01:00,2025-01-05 13:20:00,20
M1,ST8,Packaging,2025-01-05,Changeover,,,2025-01-05 19:21:00,2025-01-05 19:55:00,35
M1,ST8,Packaging,2025-01-06,Changeover,,,2025-01-06 15:04:00,2025-01-06 15:11:00,8
M1,ST8,Packaging,2025-01-06,Changeover,,,2025-01-06 17:35:00,2025-01-06 17:48:00,14
M1,ST8,Packaging,2025-01-06,Changeover,,,2025-01-06 23:23:00,2025-01-07 00:01:00,39
M1,ST8,Packaging,2025-01-07,Changeover,,,2025-01-07 08:54:00,2025-01-07 09:22:00,29
M1,ST8,Packaging,2025-01-07,Changeover,,,2025-01-07 11:54:00,2025-01-07 12:11:00,18
M1,ST8,Packaging,2025-01-07,Changeover,,,2025-01-07 19:49:00,2025-01-07 19:58:00,10
M1,ST8,Packaging,2025-01-08,Changeover,,,2025-01-08 10:53:00,2025-01-08 11:29:00,37
M1,ST8,Packaging,2025-01-08,Changeover,,,2025-01-08 23:59:00,2025-01-09 00:35:00,37
M1,ST8,Packaging,2025-01-09,Changeover,,,2025-01-09 03:59:00,2025-01-09 04:33:00,35
M1,ST8,Packaging,2025-01-09,Changeover,,,2025-01-09 17:19:00,2025-01-09 17:38:00,20
M1,ST8,Packaging,2025-01-10,Changeover,,,2025-01-10 00:33:00,2025-01-10 01:03:00,31
M1,ST8,Packaging,2025-01-10,Changeover,,,2025-01-10 19:57:00,2025-01-10 20:47:00,51
M1,ST8,Packaging,2025-01-11,Changeover,,,2025-01-11 08:41:00,2025-01-11 08:58:00,18
M1,ST8,Packaging,2025-01-11,Changeover,,,2025-01-11 15:06:00,2025-01-11 15:23:00,18
M1,ST8,Packaging,2025-01-12,Changeover,,,2025-01-12 07:47:00,2025-01-12 08:13:00,27
M1,ST8,Packaging,2025-01-12,Changeover,,,2025-01-12 12:55:00,2025-01-12 13:05:00,11
M1,ST8,Packaging,2025-01-12,Changeover,,,2025-01-12 13:57:00,2025-01-12 14:19:00,23
M1,ST8,Packaging,2025-01-12,Changeover,,,2025-01-12 22:55:00,2025-01-12 23:27:00,33
M1,ST8,Packaging,2025-01-13,Changeover,,,2025-01-13 04:56:00,2025-01-13 05:23:00,28
M1,ST8,Packaging,2025-01-16,Changeover,,,2025-01-16 07:04:00,2025-01-16 07:22:00,19
M1,ST8,Packaging,2025-01-16,Changeover,,,2025-01-16 12:55:00,2025-01-16 13:15:00,21
M1,ST8,Packaging,2025-01-16,Changeover,,,2025-01-16 14:35:00,2025-01-16 15:46:00,72
M1,ST8,Packaging,2025-01-17,Changeover,,,2025-01-17 05:58:00,2025-01-17 06:37:00,40
M1,ST8,Packaging,2025-01-17,Changeover,,,2025-01-17 16:32:00,2025-01-17 16:58:00,27
M1,ST8,Packaging,2025-01-18,Changeover,,,2025-01-18 05:42:00,2025-01-18 06:10:00,29
M1,ST8,Packaging,2025-01-18,Changeover,,,2025-01-18 06:51:00,2025-01-18 07:20:00,30
M1,ST8,Packaging,2025-01-20,Changeover,,,2025-01-20 08:47:00,2025-01-20 09:10:00,24
M1,ST8,Packaging,2025-01-20,Changeover,,,2025-01-20 09:23:00,2025-01-20 09:51:00,29
M1,ST8,Packaging,2025-01-20,Changeover,,,2025-01-20 15:21:00,2025-01-20 15:37:00,17
M1,ST8,Packaging,2025-01-21,Changeover,,,2025-01-21 02:05:00,2025-01-21 02:36:00,32
M1,ST8,Packaging,2025-01-21,Changeover,,,2025-01-21 07:04:00,2025-01-21 07:32:00,29
M1,ST8,Packaging,2025-01-21,Changeover,,,2025-01-21 13:27:00,2025-01-21 14:06:00,40
M1,ST8,Packaging,2025-01-22,Changeover,,,2025-01-22 00:31:00,2025-01-22 00:37:00,7
M1,ST8,Packaging,2025-01-25,Changeover,,,2025-01-25 03:40:00,2025-01-25 03:56:00,17
M1,ST8,Packaging,2025-01-25,Changeover,,,2025-01-25 10:21:00,2025-01-25 10:54:00,34
M1,ST8,Packaging,2025-01-25,Changeover,,,2025-01-25 22:05:00,2025-01-25 22:30:00,26
M1,ST8,Packaging,2025-01-26,Changeover,,,2025-01-26 08:06:00,2025-01-26 08:45:00,40
M1,ST8,Packaging,2025-01-26,Changeover,,,2025-01-26 14:55:00,2025-01-26 15:10:00,16
M1,ST8,Packaging,2025-01-27,Changeover,,,2025-01-27 01:46:00,2025-01-27 02:05:00,20
M1,ST8,Packaging,2025-01-27,Changeover,,,2025-01-27 02:46:00,2025-01-27 03:20:00,35
M1,ST8,Packaging,2025-01-27,Changeover,,,2025-01-27 17:22:00,2025-01-27 17:27:00,6
M1,ST8,Packaging,2025-01-27,Changeover,,,2025-01-27 23:01:00,2025-01-27 23:08:00,8
M1,ST8,Packaging,2025-01-28,Changeover,,,2025-01-28 04:16:00,2025-01-28 04:22:00,7
M1,ST8,Packaging,2025-01-28,Changeover,,,2025-01-28 06:52:00,2025-01-28 06:59:00,8
M1,ST8,Packaging,2025-01-28,Changeover,,,2025-01-28 07:04:00,2025-01-28 07:35:00,32
M1,ST8,Packaging,2025-01-29,Changeover,,,2025-01-29 05:13:00,2025-01-29 05:24:00,12
M1,ST8,Packaging,2025-01-29,Changeover,,,2025-01-29 06:36:00,2025-01-29 06:56:00,21
M1,ST8,Packaging,2025-01-29,Changeover,,,2025-01-29 19:02:00,2025-01-29 19:09:00,8
M1,ST8,Packaging,2025-01-30,Changeover,,,2025-01-30 08:56:00,2025-01-30 09:18:00,23
M1,ST8,Packaging,2025-01-01,Starved,,,2025-01-01 07:18:00,2025-01-01 07:50:00,33
M1,ST8,Packaging,2025-01-01,Starved,,,2025-01-01 08:04:00,2025-01-01 08:12:00,9
M1,ST8,Packaging,2025-01-01,Starved,,,2025-01-01 08:53:00,2025-01-01 09:16:00,24
M1,ST8,Packaging,2025-01-01,Starved,,,2025-01-01 09:56:00,2025-01-01 10:04:00,9
M1,ST8,Packaging,2025-01-01,Starved,,,2025-01-01 10:17:00,2025-01-01 10:45:00,29
M1,ST8,Packaging,2025-01-01,Starved,,,2025-01-01 12:27:00,2025-01-01 12:29:00,3
M1,ST8,Packaging,2025-01-01,Starved,,,2025-01-01 12:38:00,2025-01-01 13:15:00,38
M1,ST8,Packaging,2025-01-01,Starved,,,2025-01-01 14:22:00,2025-01-01 14:48:00,27
M1,ST8,Packaging,2025-01-01,Starved,,,2025-01-01 14:57:00,2025-01-01 15:12:00,16
M1,ST8,Packaging,2025-01-01,Starved,,,2025-01-01 15:40:00,2025-01-01 16:02:00,23
M1,ST8,Packaging,2025-01-01,Starved,,,2025-01-01 16:06:00,2025-01-01 16:13:00,8
M1,ST8,Packaging,2025-01-01,Starved,,,2025-01-01 17:07:00,2025-01-01 17:07:00,1
M1,ST8,Packaging,2025-01-01,Starved,,,2025-01-01 17:28:00,2025-01-01 17:51:00,24
M1,ST8,Packaging,2025-01-01,Starved,,,2025-01-01 19:12:00,2025-01-01 19:16:00,5
M1,ST8,Packaging,2025-01-01,Starved,,,2025-01-01 19:58:00,2025-01-01 20:10:00,13
M1,ST8,Packaging,2025-01-01,Starved,,,2025-01-01 21:37:00,2025-01-01 21:44:00,8
M1,ST8,Packaging,2025-01-01,Starved,,,2025-01-01 22:17:00,2025-01-01 22:39:00,23
M1,ST8,Packaging,2025-01-01,Starved,,,2025-01-01 23:22:00,2025-01-01 23:36:00,15
M1,ST8,Packaging,2025-01-02,Starved,,,2025-01-02 00:41:00,2025-01-02 00:51:00,11
M1,ST8,Packaging,2025-01-02,Starved,,,2025-01-02 01:05:00,2025-01-02 01:19:00,15
M1,ST8,Packaging,2025-01-02,Starved,,,2025-01-02 01:21:00,2025-01-02 01:42:00,22
M1,ST8,Packaging,2025-01-02,Starved,,,2025-01-02 02:03:00,2025-01-02 02:20:00,18
M1,ST8,Packaging,2025-01-02,Starved,,,2025-01-02 02:28:00,2025-01-02 02:47:00,20
M1,ST8,Packaging,2025-01-02,Starved,,,2025-01-02 03:15:00,2025-01-02 03:32:00,18
M1,ST8,Packaging,2025-01-02,Starved,,,2025-01-02 03:59:00,2025-01-02 04:22:00,24
M1,ST8,Packaging,2025-01-02,Starved,,,2025-01-02 05:26:00,2025-01-02 05:42:00,17
M1,ST8,Packaging,2025-01-02,Starved,,,2025-01-02 06:35:00,2025-01-02 07:33:00,59
M1,ST8,Packaging,2025-01-02,Starved,,,2025-01-02 07:43:00,2025-01-02 07:51:00,9
M1,ST8,Packaging,2025-01-02,Starved,,,2025-01-02 07:55:00,2025-01-02 08:28:00,34
M1,ST8,Packaging,2025-01-02,Starved,,,2025-01-02 08:35:00,2025-01-02 09:11:00,37
M1,ST8,Packaging,2025-01-02,Starved,,,2025-01-02 09:43:00,2025-01-02 09:46:00,4
M1,ST8,Packaging,2025-01-02,Starved,,,2025-01-02 10:46:00,2025-01-02 11:00:00,15
M1,ST8,Packaging,2025-01-02,Starved,,,2025-01-02 11:04:00,2025-01-02 11:11:00,8
M1,ST8,Packaging,2025-01-02,Starved,,,2025-01-02 11:13:00,2025-01-02 11:46:00,34
M1,ST8,Packaging,2025-01-02,Starved,,,2025-01-02 11:52:00,2025-01-02 12:08:00,17
M1,ST8,Packaging,2025-01-02,Starved,,,2025-01-02 12:12:00,2025-01-02 12:29:00,18
M1,ST8,Packaging,2025-01-02,Starved,,,2025-01-02 12:33:00,2025-01-02 13:03:00,31
M1,ST8,Packaging,2025-01-02,Starved,,,2025-01-02 14:21:00,2025-01-02 14:33:00,13
M1,ST8,Packaging,2025-01-02,Starved,,,2025-01-02 17:19:00,2025-01-02 17:22:00,4
M1,ST8,Packaging,2025-01-02,Starved,,,2025-01-02 17:51:00,2025-01-02 18:20:00,30
M1,ST8,Packaging,2025-01-02,Starved,,,2025-01-02 18:25:00,2025-01-02 18:34:00,10
M1,ST8,Packaging,2025-01-02,Starved,,,2025-01-02 18:40:00,2025-01-02 18:44:00,5
M1,ST8,Packaging,2025-01-02,Starved,,,2025-01-02 18:59:00,2025-01-02 19:10:00,12
M1,ST8,Packaging,2025-01-02,Starved,,,2025-01-02 19:28:00,2025-01-02 20:06:00,39
M1,ST8,Packaging,2025-01-02,Starved,,,2025-01-02 20:24:00,2025-01-02 20:27:00,4
M1,ST8,Packaging,2025-01-02,Starved,,,2025-01-02 20:44:00,2025-01-02 21:19:00,36
M1,ST8,Packaging,2025-01-02,Starved,,,2025-01-02 21:23:00,2025-01-02 21:35:00,13
M1,ST8,Packaging,2025-01-02,Starved,,,2025-01-02 21:39:00,2025-01-02 22:09:00,31
M1,ST8,Packaging,2025-01-02,Starved,,,2025-01-02 22:17:00,2025-01-02 22:32:00,16
M1,ST8,Packaging,2025-01-02,Starved,,,2025-01-02 23:27:00,2025-01-02 23:48:00,22
M1,ST8,Packaging,2025-01-03,Starved,,,2025-01-03 00:47:00,2025-01-03 00:56:00,10
M1,ST8,Packaging,2025-01-03,Starved,,,2025-01-03 01:13:00,2025-01-03 01:38:00,26
M1,ST8,Packaging,2025-01-03,Starved,,,2025-01-03 02:23:00,2025-01-03 03:25:00,63
M1,ST8,Packaging,2025-01-03,Starved,,,2025-01-03 04:05:00,2025-01-03 04:13:00,9
M1,ST8,Packaging,2025-01-03,Starved,,,2025-01-03 04:22:00,2025-01-03 04:35:00,14
M1,ST8,Packaging,2025-01-03,Starved,,,2025-01-03 04:38:00,2025-01-03 05:19:00,42
M1,ST8,Packaging,2025-01-03,Starved,,,2025-01-03 05:38:00,2025-01-03 05:57:00,20
M1,ST8,Packaging,2025-01-03,Starved,,,2025-01-03 07:13:00,2025-01-03 07:33:00,21
M1,ST8,Packaging,2025-01-03,Starved,,,2025-01-03 08:31:00,2025-01-03 08:38:00,8
M1,ST8,Packaging,2025-01-03,Starved,,,2025-01-03 08:44:00,2025-01-03 09:30:00,47
M1,ST8,Packaging,2025-01-03,Starved,,,2025-01-03 10:01:00,2025-01-03 10:08:00,8
M1,ST8,Packaging,2025-01-03,Starved,,,2025-01-03 10:29:00,2025-01-03 10:36:00,8
M1,ST8,Packaging,2025-01-03,Starved,,,2025-01-03 11:22:00,2025-01-03 11:44:00,23
M1,ST8,Packaging,2025-01-03,Starved,,,2025-01-03 11:58:00,2025-01-03 12:05:00,8
M1,ST8,Packaging,2025-01-03,Starved,,,2025-01-03 12:45:00,2025-01-03 12:55:00,11
M1,ST8,Packaging,2025-01-03,Starved,,,2025-01-03 13:38:00,2025-01-03 13:45:00,8
M1,ST8,Packaging,2025-01-03,Starved,,,2025-01-03 14:03:00,2025-01-03 14:23:00,21
M1,ST8,Packaging,2025-01-03,Starved,,,2025-01-03 14:27:00,2025-01-03 14:29:00,3
M1,ST8,Packaging,2025-01-03,Starved,,,2025-01-03 15:33:00,2025-01-03 16:36:00,64
M1,ST8,Packaging,2025-01-03,Starved,,,2025-01-03 16:41:00,2025-01-03 16:50:00,10
M1,ST8,Packaging,2025-01-03,Starved,,,2025-01-03 16:57:00,2025-01-03 17:45:00,49
M1,ST8,Packaging,2025-01-03,Starved,,,2025-01-03 18:33:00,2025-01-03 19:22:00,50
M1,ST8,Packaging,2025-01-03,Starved,,,2025-01-03 19:24:00,2025-01-03 19:54:00,31
M1,ST8,Packaging,2025-01-03,Starved,,,2025-01-03 21:00:00,2025-01-03 21:28:00,29
M1,ST8,Packaging,2025-01-03,Starved,,,2025-01-03 23:17:00,2025-01-03 23:18:00,2
M1,ST8,Packaging,2025-01-04,Starved,,,2025-01-04 00:13:00,2025-01-04 00:18:00,6
M1,ST8,Packaging,2025-01-04,Starved,,,2025-01-04 00:31:00,2025-01-04 00:53:00,23
M1,ST8,Packaging,2025-01-04,Starved,,,2025-01-04 01:08:00,2025-01-04 01:16:00,9
M1,ST8,Packaging,2025-01-04,Starved,,,2025-01-04 01:23:00,2025-01-04 01:24:00,2
M1,ST8,Packaging,2025-01-04,Starved,,,2025-01-04 01:34:00,2025-01-04 01:59:00,26
M1,ST8,Packaging,2025-01-04,Starved,,,2025-01-04 03:25:00,2025-01-04 03:38:00,14
M1,ST8,Packaging,2025-01-04,Starved,,,2025-01-04 03:47:00,2025-01-04 03:50:00,4
M1,ST8,Packaging,2025-01-04,Starved,,,2025-01-04 04:39:00,2025-01-04 05:03:00,25
M1,ST8,Packaging,2025-01-04,Starved,,,2025-01-04 05:14:00,2025-01-04 05:21:00,8
M1,ST8,Packaging,2025-01-04,Starved,,,2025-01-04 06:25:00,2025-01-04 06:29:00,5
M1,ST8,Packaging,2025-01-04,Starved,,,2025-01-04 06:34:00,2025-01-04 06:53:00,20
M1,ST8,Packaging,2025-01-04,Starved,,,2025-01-04 07:06:00,2025-01-04 07:07:00,2
M1,ST8,Packaging,2025-01-04,Starved,,,2025-01-04 08:19:00,2025-01-04 09:00:00,42
M1,ST8,Packaging,2025-01-04,Starved,,,2025-01-04 11:19:00,2025-01-04 11:38:00,20
M1,ST8,Packaging,2025-01-04,Starved,,,2025-01-04 12:00:00,2025-01-04 12:15:00,16
M1,ST8,Packaging,2025-01-04,Starved,,,2025-01-04 12:56:00,2025-01-04 13:12:00,17
M1,ST8,Packaging,2025-01-04,Starved,,,2025-01-04 13:17:00,2025-01-04 13:48:00,32
M1,ST8,Packaging,2025-01-04,Starved,,,2025-01-04 13:51:00,2025-01-04 14:33:00,43
M1,ST8,Packaging,2025-01-04,Starved,,,2025-01-04 16:38:00,2025-01-04 17:01:00,24
M1,ST8,Packaging,2025-01-04,Starved,,,2025-01-04 18:18:00,2025-01-04 18:44:00,27
M1,ST8,Packaging,2025-01-04,Starved,,,2025-01-04 19:55:00,2025-01-04 19:56:00,2
M1,ST8,Packaging,2025-01-04,Starved,,,2025-01-04 20:32:00,2025-01-04 21:56:00,85
M1,ST8,Packaging,2025-01-04,Starved,,,2025-01-04 22:01:00,2025-01-04 22:25:00,25
M1,ST8,Packaging,2025-01-04,Starved,,,2025-01-04 22:52:00,2025-01-04 23:22:00,31
M1,ST8,Packaging,2025-01-04,Starved,,,2025-01-04 23:45:00,2025-01-05 00:09:00,25
M1,ST8,Packaging,2025-01-05,Starved,,,2025-01-05 00:38:00,2025-01-05 00:59:00,22
M1,ST8,Packaging,2025-01-05,Starved,,,2025-01-05 01:13:00,2025-01-05 01:17:00,5
M1,ST8,Packaging,2025-01-05,Starved,,,2025-01-05 02:08:00,2025-01-05 02:43:00,36
M1,ST8,Packaging,2025-01-05,Starved,,,2025-01-05 02:47:00,2025-01-05 03:20:00,34
M1,ST8,Packaging,2025-01-05,Starved,,,2025-01-05 03:26:00,2025-01-05 03:28:00,3
M1,ST8,Packaging,2025-01-05,Starved,,,2025-01-05 04:09:00,2025-01-05 04:34:00,26
M1,ST8,Packaging,2025-01-05,Starved,,,2025-01-05 05:25:00,2025-01-05 05:31:00,7
M1,ST8,Packaging,2025-01-05,Starved,,,2025-01-05 06:02:00,2025-01-05 06:51:00,50
M1,ST8,Packaging,2025-01-05,Starved,,,2025-01-05 07:08:00,2025-01-05 07:40:00,33
M1,ST8,Packaging,2025-01-05,Starved,,,2025-01-05 07:49:00,2025-01-05 08:07:00,19
M1,ST8,Packaging,2025-01-05,Starved,,,2025-01-05 09:04:00,2025-01-05 09:43:00,40
M1,ST8,Packaging,2025-01-05,Starved,,,2025-01-05 10:05:00,2025-01-05 10:22:00,18
M1,ST8,Packaging,2025-01-05,Starved,,,2025-01-05 10:43:00,2025-01-05 10:59:00,17
M1,ST8,Packaging,2025-01-05,Starved,,,2025-01-05 11:03:00,2025-01-05 11:11:00,9
M1,ST8,Packaging,2025-01-05,Starved,,,2025-01-05 12:18:00,2025-01-05 12:38:00,21
M1,ST8,Packaging,2025-01-05,Starved,,,2025-01-05 12:46:00,2025-01-05 13:00:00,15
M1,ST8,Packaging,2025-01-05,Starved,,,2025-01-05 14:08:00,2025-01-05 14:09:00,2
M1,ST8,Packaging,2025-01-05,Starved,,,2025-01-05 15:22:00,2025-01-05 15:44:00,23
M1,ST8,Packaging,2025-01-05,Starved,,,2025-01-05 16:44:00,2025-01-05 16:49:00,6
M1,ST8,Packaging,2025-01-05,Starved,,,2025-01-05 16:53:00,2025-01-05 16:58:00,6
M1,ST8,Packaging,2025-01-05,Starved,,,2025-01-05 17:53:00,2025-01-05 18:32:00,40
M1,ST8,Packaging,2025-01-05,Starved,,,2025-01-05 18:36:00,2025-01-05 19:20:00,45
M1,ST8,Packaging,2025-01-05,Starved,,,2025-01-05 19:59:00,2025-01-05 20:19:00,21
M1,ST8,Packaging,2025-01-05,Starved,,,2025-01-05 20:37:00,2025-01-05 20:48:00,12
M1,ST8,Packaging,2025-01-05,Starved,,,2025-01-05 21:54:00,2025-01-05 22:07:00,14
M1,ST8,Packaging,2025-01-05,Starved,,,2025-01-05 22:23:00,2025-01-05 22:47:00,25
M1,ST8,Packaging,2025-01-05,Starved,,,2025-01-05 23:15:00,2025-01-05 23:42:00,28
M1,ST8,Packaging,2025-01-05,Starved,,,2025-01-05 23:52:00,2025-01-06 00:05:00,14
M1,ST8,Packaging,2025-01-06,Starved,,,2025-01-06 00:07:00,2025-01-06 00:24:00,18
M1,ST8,Packaging,2025-01-06,Starved,,,2025-01-06 00:43:00,2025-01-06 01:35:00,53
M1,ST8,Packaging,2025-01-06,Starved,,,2025-01-06 02:11:00,2025-01-06 02:24:00,14
M1,ST8,Packaging,2025-01-06,Starved,,,2025-01-06 03:28:00,2025-01-06 03:32:00,5
M1,ST8,Packaging,2025-01-06,Starved,,,2025-01-06 04:01:00,2025-01-06 04:36:00,36
M1,ST8,Packaging,2025-01-06,Starved,,,2025-01-06 04:41:00,2025-01-06 04:54:00,14
M1,ST8,Packaging,2025-01-06,Starved,,,2025-01-06 05:48:00,2025-01-06 06:10:00,23
M1,ST8,Packaging,2025-01-06,Starved,,,2025-01-06 06:16:00,2025-01-06 06:27:00,12
M1,ST8,Packaging,2025-01-06,Starved,,,2025-01-06 06:55:00,2025-01-06 07:15:00,21
M1,ST8,Packaging,2025-01-06,Starved,,,2025-01-06 07:23:00,2025-01-06 07:32:00,10
M1,ST8,Packaging,2025-01-06,Starved,,,2025-01-06 07:42:00,2025-01-06 08:00:00,19
M1,ST8,Packaging,2025-01-06,Starved,,,2025-01-06 09:33:00,2025-01-06 09:38:00,6
M1,ST8,Packaging,2025-01-06,Starved,,,2025-01-06 09:54:00,2025-01-06 10:37:00,44
M1,ST8,Packaging,2025-01-06,Starved,,,2025-01-06 10:41:00,2025-01-06 10:49:00,9
M1,ST8,Packaging,2025-01-06,Starved,,,2025-01-06 11:05:00,2025-01-06 11:32:00,28
M1,ST8,Packaging,2025-01-06,Starved,,,2025-01-06 11:38:00,2025-01-06 12:03:00,26
M1,ST8,Packaging,2025-01-06,Starved,,,2025-01-06 12:07:00,2025-01-06 12:17:00,11
M1,ST8,Packaging,2025-01-06,Starved,,,2025-01-06 13:45:00,2025-01-06 13:50:00,6
M1,ST8,Packaging,2025-01-06,Starved,,,2025-01-06 13:54:00,2025-01-06 14:09:00,16
M1,ST8,Packaging,2025-01-06,Starved,,,2025-01-06 14:13:00,2025-01-06 14:20:00,8
M1,ST8,Packaging,2025-01-06,Starved,,,2025-01-06 14:27:00,2025-01-06 15:03:00,37
M1,ST8,Packaging,2025-01-06,Starved,,,2025-01-06 16:02:00,2025-01-06 16:05:00,4
M1,ST8,Packaging,2025-01-06,Starved,,,2025-01-06 16:09:00,2025-01-06 16:21:00,13
M1,ST8,Packaging,2025-01-06,Starved,,,2025-01-06 16:25:00,2025-01-06 16:50:00,26
M1,ST8,Packaging,2025-01-06,Starved,,,2025-01-06 17:18:00,2025-01-06 17:34:00,17
M1,ST8,Packaging,2025-01-06,Starved,,,2025-01-06 17:50:00,2025-01-06 17:50:00,1
M1,ST8,Packaging,2025-01-06,Starved,,,2025-01-06 19:14:00,2025-01-06 19:19:00,6
M1,ST8,Packaging,2025-01-06,Starved,,,2025-01-06 19:21:00,2025-01-06 19:36:00,16
M1,ST8,Packaging,2025-01-06,Starved,,,2025-01-06 20:41:00,2025-01-06 21:26:00,46
M1,ST8,Packaging,2025-01-06,Starved,,,2025-01-06 21:38:00,2025-01-06 22:05:00,28
M1,ST8,Packaging,2025-01-06,Starved,,,2025-01-06 22:09:00,2025-01-06 22:16:00,8
M1,ST8,Packaging,2025-01-06,Starved,,,2025-01-06 22:22:00,2025-01-06 22:33:00,12
M1,ST8,Packaging,2025-01-06,Starved,,,2025-01-06 22:40:00,2025-01-06 22:49:00,10
M1,ST8,Packaging,2025-01-07,Starved,,,2025-01-07 00:14:00,2025-01-07 00:14:00,1
M1,ST8,Packaging,2025-01-07,Starved,,,2025-01-07 00:31:00,2025-01-07 00:49:00,19
M1,ST8,Packaging,2025-01-07,Starved,,,2025-01-07 00:53:00,2025-01-07 00:58:00,6
M1,ST8,Packaging,2025-01-07,Starved,,,2025-01-07 01:19:00,2025-01-07 01:29:00,11
M1,ST8,Packaging,2025-01-07,Starved,,,2025-01-07 01:38:00,2025-01-07 01:39:00,2
M1,ST8,Packaging,2025-01-07,Starved,,,2025-01-07 02:31:00,2025-01-07 03:00:00,30
M1,ST8,Packaging,2025-01-07,Starved,,,2025-01-07 03:04:00,2025-01-07 03:05:00,2
M1,ST8,Packaging,2025-01-07,Starved,,,2025-01-07 03:09:00,2025-01-07 03:15:00,7
M1,ST8,Packaging,2025-01-07,Starved,,,2025-01-07 03:19:00,2025-01-07 03:36:00,18
M1,ST8,Packaging,2025-01-07,Starved,,,2025-01-07 04:20:00,2025-01-07 04:51:00,32
M1,ST8,Packaging,2025-01-07,Starved,,,2025-01-07 05:03:00,2025-01-07 05:41:00,39
M1,ST8,Packaging,2025-01-07,Starved,,,2025-01-07 05:45:00,2025-01-07 06:23:00,39
M1,ST8,Packaging,2025-01-07,Starved,,,2025-01-07 06:31:00,2025-01-07 06:45:00,15
M1,ST8,Packaging,2025-01-07,Starved,,,2025-01-07 06:59:00,2025-01-07 07:43:00,45
M1,ST8,Packaging,2025-01-07,Starved,,,2025-01-07 08:35:00,2025-01-07 08:48:00,14
M1,ST8,Packaging,2025-01-07,Starved,,,2025-01-07 09:26:00,2025-01-07 09:33:00,8
M1,ST8,Packaging,2025-01-07,Starved,,,2025-01-07 10:07:00,2025-01-07 10:07:00,1
M1,ST8,Packaging,2025-01-07,Starved,,,2025-01-07 10:42:00,2025-01-07 11:16:00,35
M1,ST8,Packaging,2025-01-07,Starved,,,2025-01-07 12:38:00,2025-01-07 12:44:00,7
M1,ST8,Packaging,2025-01-07,Starved,,,2025-01-07 12:51:00,2025-01-07 13:08:00,18
M1,ST8,Packaging,2025-01-07,Starved,,,2025-01-07 13:36:00,2025-01-07 13:40:00,5
M1,ST8,Packaging,2025-01-07,Starved,,,2025-01-07 13:47:00,2025-01-07 14:32:00,46
M1,ST8,Packaging,2025-01-07,Starved,,,2025-01-07 14:41:00,2025-01-07 14:54:00,14
M1,ST8,Packaging,2025-01-07,Starved,,,2025-01-07 15:34:00,2025-01-07 15:53:00,20
M1,ST8,Packaging,2025-01-07,Starved,,,2025-01-07 16:25:00,2025-01-07 16:57:00,33
M1,ST8,Packaging,2025-01-07,Starved,,,2025-01-07 17:07:00,2025-01-07 17:25:00,19
M1,ST8,Packaging,2025-01-07,Starved,,,2025-01-07 17:29:00,2025-01-07 17:36:00,8
M1,ST8,Packaging,2025-01-07,Starved,,,2025-01-07 17:49:00,2025-01-07 18:23:00,35
M1,ST8,Packaging,2025-01-07,Starved,,,2025-01-07 18:48:00,2025-01-07 18:55:00,8
M1,ST8,Packaging,2025-01-07,Starved,,,2025-01-07 19:13:00,2025-01-07 19:38:00,26
M1,ST8,Packaging,2025-01-07,Starved,,,2025-01-07 19:46:00,2025-01-07 19:48:00,3
M1,ST8,Packaging,2025-01-07,Starved,,,2025-01-07 21:04:00,2025-01-07 21:09:00,6
M1,ST8,Packaging,2025-01-07,Starved,,,2025-01-07 21:17:00,2025-01-07 21:34:00,18
M1,ST8,Packaging,2025-01-07,Starved,,,2025-01-07 21:40:00,2025-01-07 21:51:00,12
M1,ST8,Packaging,2025-01-07,Starved,,,2025-01-07 22:03:00,2025-01-07 22:20:00,18
M1,ST8,Packaging,2025-01-07,Starved,,,2025-01-07 22:24:00,2025-01-07 22:46:00,23
M1,ST8,Packaging,2025-01-07,Starved,,,2025-01-07 23:24:00,2025-01-07 23:30:00,7
M1,ST8,Packaging,2025-01-08,Starved,,,2025-01-08 00:38:00,2025-01-08 00:43:00,6
M1,ST8,Packaging,2025-01-08,Starved,,,2025-01-08 00:55:00,2025-01-08 01:12:00,18
M1,ST8,Packaging,2025-01-08,Starved,,,2025-01-08 01:33:00,2025-01-08 01:50:00,18
M1,ST8,Packaging,2025-01-08,Starved,,,2025-01-08 02:41:00,2025-01-08 02:41:00,1
M1,ST8,Packaging,2025-01-08,Starved,,,2025-01-08 02:48:00,2025-01-08 03:13:00,26
M1,ST8,Packaging,2025-01-08,Starved,,,2025-01-08 03:20:00,2025-01-08 03:59:00,40
M1,ST8,Packaging,2025-01-08,Starved,,,2025-01-08 04:07:00,2025-01-08 04:21:00,15
M1,ST8,Packaging,2025-01-08,Starved,,,2025-01-08 05:26:00,2025-01-08 05:41:00,16
M1,ST8,Packaging,2025-01-08,Starved,,,2025-01-08 05:52:00,2025-01-08 06:14:00,23
M1,ST8,Packaging,2025-01-08,Starved,,,2025-01-08 06:16:00,2025-01-08 06:29:00,14
M1,ST8,Packaging,2025-01-08,Starved,,,2025-01-08 06:45:00,2025-01-08 06:58:00,14
M1,ST8,Packaging,2025-01-08,Starved,,,2025-01-08 07:16:00,2025-01-08 07:26:00,11
M1,ST8,Packaging,2025-01-08,Starved,,,2025-01-08 08:43:00,2025-01-08 09:03:00,21
M1,ST8,Packaging,2025-01-08,Starved,,,2025-01-08 09:46:00,2025-01-08 10:18:00,33
M1,ST8,Packaging,2025-01-08,Starved,,,2025-01-08 10:22:00,2025-01-08 10:52:00,31
M1,ST8,Packaging,2025-01-08,Starved,,,2025-01-08 11:47:00,2025-01-08 12:13:00,27
M1,ST8,Packaging,2025-01-08,Starved,,,2025-01-08 13:18:00,2025-01-08 13:52:00,35
M1,ST8,Packaging,2025-01-08,Starved,,,2025-01-08 14:13:00,2025-01-08 14:29:00,17
M1,ST8,Packaging,2025-01-08,Starved,,,2025-01-08 15:04:00,2025-01-08 15:19:00,16
M1,ST8,Packaging,2025-01-08,Starved,,,2025-01-08 15:48:00,2025-01-08 16:11:00,24
M1,ST8,Packaging,2025-01-08,Starved,,,2025-01-08 16:18:00,2025-01-08 16:30:00,13
M1,ST8,Packaging,2025-01-08,Starved,,,2025-01-08 16:35:00,2025-01-08 16:40:00,6
M1,ST8,Packaging,2025-01-08,Starved,,,2025-01-08 17:05:00,2025-01-08 17:39:00,35
M1,ST8,Packaging,2025-01-08,Starved,,,2025-01-08 18:01:00,2025-01-08 18:26:00,26
M1,ST8,Packaging,2025-01-08,Starved,,,2025-01-08 18:44:00,2025-01-08 19:12:00,29
M1,ST8,Packaging,2025-01-08,Starved,,,2025-01-08 19:29:00,2025-01-08 19:37:00,9
M1,ST8,Packaging,2025-01-08,Starved,,,2025-01-08 19:53:00,2025-01-08 20:06:00,14
M1,ST8,Packaging,2025-01-08,Starved,,,2025-01-08 20:27:00,2025-01-08 20:30:00,4
M1,ST8,Packaging,2025-01-08,Starved,,,2025-01-08 21:17:00,2025-01-08 21:22:00,6
M1,ST8,Packaging,2025-01-08,Starved,,,2025-01-08 21:31:00,2025-01-08 21:43:00,13
M1,ST8,Packaging,2025-01-08,Starved,,,2025-01-08 21:47:00,2025-01-08 22:14:00,28
M1,ST8,Packaging,2025-01-08,Starved,,,2025-01-08 22:25:00,2025-01-08 22:30:00,6
M1,ST8,Packaging,2025-01-08,Starved,,,2025-01-08 22:46:00,2025-01-08 23:36:00,51
M1,ST8,Packaging,2025-01-08,Starved,,,2025-01-08 23:56:00,2025-01-08 23:58:00,3
M1,ST8,Packaging,2025-01-09,Starved,,,2025-01-09 00:55:00,2025-01-09 00:58:00,4
M1,ST8,Packaging,2025-01-09,Starved,,,2025-01-09 01:11:00,2025-01-09 01:36:00,26
M1,ST8,Packaging,2025-01-09,Starved,,,2025-01-09 02:46:00,2025-01-09 02:54:00,9
M1,ST8,Packaging,2025-01-09,Starved,,,2025-01-09 02:58:00,2025-01-09 03:08:00,11
M1,ST8,Packaging,2025-01-09,Starved,,,2025-01-09 03:23:00,2025-01-09 03:26:00,4
M1,ST8,Packaging,2025-01-09,Starved,,,2025-01-09 03:54:00,2025-01-09 03:58:00,5
M1,ST8,Packaging,2025-01-09,Starved,,,2025-01-09 04:50:00,2025-01-09 05:45:00,56
M1,ST8,Packaging,2025-01-09,Starved,,,2025-01-09 06:37:00,2025-01-09 07:11:00,35
M1,ST8,Packaging,2025-01-09,Starved,,,2025-01-09 09:15:00,2025-01-09 09:40:00,26
M1,ST8,Packaging,2025-01-09,Starved,,,2025-01-09 09:55:00,2025-01-09 10:37:00,43
M1,ST8,Packaging,2025-01-09,Starved,,,2025-01-09 11:06:00,2025-01-09 11:15:00,10
M1,ST8,Packaging,2025-01-09,Starved,,,2025-01-09 12:00:00,2025-01-09 12:03:00,4
M1,ST8,Packaging,2025-01-09,Starved,,,2025-01-09 12:07:00,2025-01-09 12:20:00,14
M1,ST8,Packaging,2025-01-09,Starved,,,2025-01-09 12:38:00,2025-01-09 13:03:00,26
M1,ST8,Packaging,2025-01-09,Starved,,,2025-01-09 13:11:00,2025-01-09 13:30:00,20
M1,ST8,Packaging,2025-01-09,Starved,,,2025-01-09 13:44:00,2025-01-09 14:07:00,24
M1,ST8,Packaging,2025-01-09,Starved,,,2025-01-09 14:16:00,2025-01-09 14:50:00,35
M1,ST8,Packaging,2025-01-09,Starved,,,2025-01-09 14:54:00,2025-01-09 14:56:00,3
M1,ST8,Packaging,2025-01-09,Starved,,,2025-01-09 14:58:00,2025-01-09 15:11:00,14
M1,ST8,Packaging,2025-01-09,Starved,,,2025-01-09 15:31:00,2025-01-09 16:07:00,37
M1,ST8,Packaging,2025-01-09,Starved,,,2025-01-09 16:20:00,2025-01-09 16:29:00,10
M1,ST8,Packaging,2025-01-09,Starved,,,2025-01-09 17:50:00,2025-01-09 18:09:00,20
M1,ST8,Packaging,2025-01-09,Starved,,,2025-01-09 18:21:00,2025-01-09 18:50:00,30
M1,ST8,Packaging,2025-01-09,Starved,,,2025-01-09 19:35:00,2025-01-09 19:47:00,13
M1,ST8,Packaging,2025-01-09,Starved,,,2025-01-09 20:04:00,2025-01-09 20:09:00,6
M1,ST8,Packaging,2025-01-09,Starved,,,2025-01-09 20:35:00,2025-01-09 20:48:00,14
M1,ST8,Packaging,2025-01-09,Starved,,,2025-01-09 20:52:00,2025-01-09 21:41:00,50
M1,ST8,Packaging,2025-01-09,Starved,,,2025-01-09 21:47:00,2025-01-09 22:18:00,32
M1,ST8,Packaging,2025-01-09,Starved,,,2025-01-09 22:34:00,2025-01-09 22:51:00,18
M1,ST8,Packaging,2025-01-09,Starved,,,2025-01-09 23:05:00,2025-01-09 23:21:00,17
M1,ST8,Packaging,2025-01-09,Starved,,,2025-01-09 23:40:00,2025-01-09 23:52:00,13
M1,ST8,Packaging,2025-01-10,Starved,,,2025-01-10 00:30:00,2025-01-10 00:32:00,3
M1,ST8,Packaging,2025-01-10,Starved,,,2025-01-10 01:21:00,2025-01-10 01:30:00,10
M1,ST8,Packaging,2025-01-10,Starved,,,2025-01-10 01:35:00,2025-01-10 01:37:00,3
M1,ST8,Packaging,2025-01-10,Starved,,,2025-01-10 02:00:00,2025-01-10 02:44:00,45
M1,ST8,Packaging,2025-01-10,Starved,,,2025-01-10 02:48:00,2025-01-10 02:48:00,1
M1,ST8,Packaging,2025-01-10,Starved,,,2025-01-10 03:04:00,2025-01-10 03:45:00,42
M1,ST8,Packaging,2025-01-10,Starved,,,2025-01-10 03:48:00,2025-01-10 04:02:00,15
M1,ST8,Packaging,2025-01-10,Starved,,,2025-01-10 04:51:00,2025-01-10 05:11:00,21
M1,ST8,Packaging,2025-01-10,Starved,,,2025-01-10 05:16:00,2025-01-10 05:38:00,23
M1,ST8,Packaging,2025-01-10,Starved,,,2025-01-10 06:31:00,2025-01-10 06:58:00,28
M1,ST8,Packaging,2025-01-10,Starved,,,2025-01-10 07:09:00,2025-01-10 07:12:00,4
M1,ST8,Packaging,2025-01-10,Starved,,,2025-01-10 08:06:00,2025-01-10 08:11:00,6
M1,ST8,Packaging,2025-01-10,Starved,,,2025-01-10 08:22:00,2025-01-10 09:04:00,43
M1,ST8,Packaging,2025-01-10,Starved,,,2025-01-10 09:12:00,2025-01-10 09:33:00,22
M1,ST8,Packaging,2025-01-10,Starved,,,2025-01-10 10:23:00,2025-01-10 10:24:00,2
M1,ST8,Packaging,2025-01-10,Starved,,,2025-01-10 10:27:00,2025-01-10 10:59:00,33
M1,ST8,Packaging,2025-01-10,Starved,,,2025-01-10 11:29:00,2025-01-10 11:44:00,16
M1,ST8,Packaging,2025-01-10,Starved,,,2025-01-10 12:32:00,2025-01-10 12:54:00,23
M1,ST8,Packaging,2025-01-10,Starved,,,2025-01-10 12:56:00,2025-01-10 13:06:00,11
M1,ST8,Packaging,2025-01-10,Starved,,,2025-01-10 13:33:00,2025-01-10 13:42:00,10
M1,ST8,Packaging,2025-01-10,Starved,,,2025-01-10 13:46:00,2025-01-10 14:21:00,36
M1,ST8,Packaging,2025-01-10,Starved,,,2025-01-10 14:58:00,2025-01-10 15:09:00,12
M1,ST8,Packaging,2025-01-10,Starved,,,2025-01-10 15:13:00,2025-01-10 15:17:00,5
M1,ST8,Packaging,2025-01-10,Starved,,,2025-01-10 15:22:00,2025-01-10 15:27:00,6
M1,ST8,Packaging,2025-01-10,Starved,,,2025-01-10 15:35:00,2025-01-10 15:39:00,5
M1,ST8,Packaging,2025-01-10,Starved,,,2025-01-10 16:58:00,2025-01-10 17:31:00,34
M1,ST8,Packaging,2025-01-10,Starved,,,2025-01-10 18:33:00,2025-01-10 19:33:00,61
M1,ST8,Packaging,2025-01-10,Starved,,,2025-01-10 19:47:00,2025-01-10 19:56:00,10
M1,ST8,Packaging,2025-01-10,Starved,,,2025-01-10 21:11:00,2025-01-10 21:26:00,16
M1,ST8,Packaging,2025-01-10,Starved,,,2025-01-10 21:35:00,2025-01-10 22:03:00,29
M1,ST8,Packaging,2025-01-10,Starved,,,2025-01-10 22:47:00,2025-01-10 22:53:00,7
M1,ST8,Packaging,2025-01-10,Starved,,,2025-01-10 22:59:00,2025-01-10 23:26:00,28
M1,ST8,Packaging,2025-01-10,Starved,,,2025-01-10 23:55:00,2025-01-11 00:04:00,10
M1,ST8,Packaging,2025-01-11,Starved,,,2025-01-11 00:25:00,2025-01-11 00:57:00,33
M1,ST8,Packaging,2025-01-11,Starved,,,2025-01-11 01:05:00,2025-01-11 01:25:00,21
M1,ST8,Packaging,2025-01-11,Starved,,,2025-01-11 02:28:00,2025-01-11 03:00:00,33
M1,ST8,Packaging,2025-01-11,Starved,,,2025-01-11 03:04:00,2025-01-11 03:28:00,25
M1,ST8,Packaging,2025-01-11,Starved,,,2025-01-11 03:46:00,2025-01-11 04:16:00,31
M1,ST8,Packaging,2025-01-11,Starved,,,2025-01-11 04:20:00,2025-01-11 04:33:00,14
M1,ST8,Packaging,2025-01-11,Starved,,,2025-01-11 04:43:00,2025-01-11 05:08:00,26
M1,ST8,Packaging,2025-01-11,Starved,,,2025-01-11 05:17:00,2025-01-11 05:57:00,41
M1,ST8,Packaging,2025-01-11,Starved,,,2025-01-11 06:17:00,2025-01-11 06:23:00,7
M1,ST8,Packaging,2025-01-11,Starved,,,2025-01-11 06:29:00,2025-01-11 06:48:00,20
M1,ST8,Packaging,2025-01-11,Starved,,,2025-01-11 07:49:00,2025-01-11 08:40:00,52
M1,ST8,Packaging,2025-01-11,Starved,,,2025-01-11 09:26:00,2025-01-11 09:34:00,9
M1,ST8,Packaging,2025-01-11,Starved,,,2025-01-11 10:11:00,2025-01-11 10:40:00,30
M1,ST8,Packaging,2025-01-11,Starved,,,2025-01-11 10:48:00,2025-01-11 11:06:00,19
M1,ST8,Packaging,2025-01-11,Starved,,,2025-01-11 12:01:00,2025-01-11 12:12:00,12
M1,ST8,Packaging,2025-01-11,Starved,,,2025-01-11 12:24:00,2025-01-11 12:45:00,22
M1,ST8,Packaging,2025-01-11,Starved,,,2025-01-11 13:36:00,2025-01-11 14:08:00,33
M1,ST8,Packaging,2025-01-11,Starved,,,2025-01-11 14:12:00,2025-01-11 14:16:00,5
M1,ST8,Packaging,2025-01-11,Starved,,,2025-01-11 14:40:00,2025-01-11 14:49:00,10
M1,ST8,Packaging,2025-01-11,Starved,,,2025-01-11 16:58:00,2025-01-11 17:09:00,12
M1,ST8,Packaging,2025-01-11,Starved,,,2025-01-11 17:20:00,2025-01-11 17:35:00,16
M1,ST8,Packaging,2025-01-11,Starved,,,2025-01-11 17:42:00,2025-01-11 17:53:00,12
M1,ST8,Packaging,2025-01-11,Starved,,,2025-01-11 17:59:00,2025-01-11 18:36:00,38
M1,ST8,Packaging,2025-01-11,Starved,,,2025-01-11 18:43:00,2025-01-11 18:58:00,16
M1,ST8,Packaging,2025-01-11,Starved,,,2025-01-11 19:11:00,2025-01-11 19:14:00,4
M1,ST8,Packaging,2025-01-11,Starved,,,2025-01-11 19:41:00,2025-01-11 19:43:00,3
M1,ST8,Packaging,2025-01-11,Starved,,,2025-01-11 20:25:00,2025-01-11 20:53:00,29
M1,ST8,Packaging,2025-01-11,Starved,,,2025-01-11 20:57:00,2025-01-11 21:31:00,35
M1,ST8,Packaging,2025-01-11,Starved,,,2025-01-11 21:58:00,2025-01-11 22:13:00,16
M1,ST8,Packaging,2025-01-11,Starved,,,2025-01-11 22:24:00,2025-01-11 22:35:00,12
M1,ST8,Packaging,2025-01-11,Starved,,,2025-01-11 22:39:00,2025-01-11 22:54:00,16
M1,ST8,Packaging,2025-01-11,Starved,,,2025-01-11 23:03:00,2025-01-11 23:12:00,10
M1,ST8,Packaging,2025-01-11,Starved,,,2025-01-11 23:45:00,2025-01-11 23:48:00,4
M1,ST8,Packaging,2025-01-12,Starved,,,2025-01-12 00:35:00,2025-01-12 00:37:00,3
M1,ST8,Packaging,2025-01-12,Starved,,,2025-01-12 00:46:00,2025-01-12 01:00:00,15
M1,ST8,Packaging,2025-01-12,Starved,,,2025-01-12 01:14:00,2025-01-12 01:23:00,10
M1,ST8,Packaging,2025-01-12,Starved,,,2025-01-12 02:26:00,2025-01-12 02:30:00,5
M1,ST8,Packaging,2025-01-12,Starved,,,2025-01-12 02:53:00,2025-01-12 03:16:00,24
M1,ST8,Packaging,2025-01-12,Starved,,,2025-01-12 03:38:00,2025-01-12 03:39:00,2
M1,ST8,Packaging,2025-01-12,Starved,,,2025-01-12 04:50:00,2025-01-12 05:12:00,23
M1,ST8,Packaging,2025-01-12,Starved,,,2025-01-12 05:29:00,2025-01-12 05:38:00,10
M1,ST8,Packaging,2025-01-12,Starved,,,2025-01-12 06:04:00,2025-01-12 06:25:00,22
M1,ST8,Packaging,2025-01-12,Starved,,,2025-01-12 06:28:00,2025-01-12 06:37:00,10
M1,ST8,Packaging,2025-01-12,Starved,,,2025-01-12 06:42:00,2025-01-12 06:45:00,4
M1,ST8,Packaging,2025-01-12,Starved,,,2025-01-12 07:20:00,2025-01-12 07:46:00,27
M1,ST8,Packaging,2025-01-12,Starved,,,2025-01-12 08:22:00,2025-01-12 08:33:00,12
M1,ST8,Packaging,2025-01-12,Starved,,,2025-01-12 08:45:00,2025-01-12 08:57:00,13
M1,ST8,Packaging,2025-01-12,Starved,,,2025-01-12 09:02:00,2025-01-12 09:39:00,38
M1,ST8,Packaging,2025-01-12,Starved,,,2025-01-12 10:11:00,2025-01-12 10:30:00,20
M1,ST8,Packaging,2025-01-12,Starved,,,2025-01-12 11:20:00,2025-01-12 11:20:00,1
M1,ST8,Packaging,2025-01-12,Starved,,,2025-01-12 11:51:00,2025-01-12 12:18:00,28
M1,ST8,Packaging,2025-01-12,Starved,,,2025-01-12 12:26:00,2025-01-12 12:38:00,13
M1,ST8,Packaging,2025-01-12,Starved,,,2025-01-12 13:26:00,2025-01-12 13:56:00,31
M1,ST8,Packaging,2025-01-12,Starved,,,2025-01-12 14:32:00,2025-01-12 14:44:00,13
M1,ST8,Packaging,2025-01-12,Starved,,,2025-01-12 14:49:00,2025-01-12 15:00:00,12
M1,ST8,Packaging,2025-01-12,Starved,,,2025-01-12 16:11:00,2025-01-12 16:50:00,40
M1,ST8,Packaging,2025-01-12,Starved,,,2025-01-12 17:06:00,2025-01-12 17:23:00,18
M1,ST8,Packaging,2025-01-12,Starved,,,2025-01-12 17:58:00,2025-01-12 18:10:00,13
M1,ST8,Packaging,2025-01-12,Starved,,,2025-01-12 18:19:00,2025-01-12 18:29:00,11
M1,ST8,Packaging,2025-01-12,Starved,,,2025-01-12 18:35:00,2025-01-12 18:50:00,16
M1,ST8,Packaging,2025-01-12,Starved,,,2025-01-12 19:24:00,2025-01-12 19:25:00,2
M1,ST8,Packaging,2025-01-12,Starved,,,2025-01-12 19:45:00,2025-01-12 20:15:00,31
M1,ST8,Packaging,2025-01-12,Starved,,,2025-01-12 20:19:00,2025-01-12 20:30:00,12
M1,ST8,Packaging,2025-01-12,Starved,,,2025-01-12 22:00:00,2025-01-12 22:10:00,11
M1,ST8,Packaging,2025-01-12,Starved,,,2025-01-12 22:17:00,2025-01-12 22:54:00,38
M1,ST8,Packaging,2025-01-12,Starved,,,2025-01-12 23:35:00,2025-01-12 23:39:00,5
M1,ST8,Packaging,2025-01-12,Starved,,,2025-01-12 23:45:00,2025-01-12 23:52:00,8
M1,ST8,Packaging,2025-01-13,Starved,,,2025-01-13 00:35:00,2025-01-13 00:46:00,12
M1,ST8,Packaging,2025-01-13,Starved,,,2025-01-13 00:56:00,2025-01-13 01:24:00,29
M1,ST8,Packaging,2025-01-13,Starved,,,2025-01-13 01:42:00,2025-01-13 02:25:00,44
M1,ST8,Packaging,2025-01-13,Starved,,,2025-01-13 03:45:00,2025-01-13 04:08:00,24
M1,ST8,Packaging,2025-01-13,Starved,,,2025-01-13 04:53:00,2025-01-13 04:55:00,3
M1,ST8,Packaging,2025-01-13,Starved,,,2025-01-13 05:27:00,2025-01-13 05:30:00,4
M1,ST8,Packaging,2025-01-13,Starved,,,2025-01-13 06:03:00,2025-01-13 06:26:00,24
M1,ST8,Packaging,2025-01-13,Starved,,,2025-01-13 06:30:00,2025-01-13 06:57:00,28
M1,ST8,Packaging,2025-01-13,Starved,,,2025-01-13 07:15:00,2025-01-13 07:25:00,11
M1,ST8,Packaging,2025-01-13,Starved,,,2025-01-13 07:53:00,2025-01-13 09:21:00,89
M1,ST8,Packaging,2025-01-13,Starved,,,2025-01-13 09:58:00,2025-01-13 10:28:00,31
M1,ST8,Packaging,2025-01-13,Starved,,,2025-01-13 10:34:00,2025-01-13 11:02:00,29
M1,ST8,Packaging,2025-01-13,Starved,,,2025-01-13 11:40:00,2025-01-13 12:03:00,24
M1,ST8,Packaging,2025-01-13,Starved,,,2025-01-13 12:11:00,2025-01-13 12:36:00,26
M1,ST8,Packaging,2025-01-13,Starved,,,2025-01-13 13:04:00,2025-01-13 13:10:00,7
M1,ST8,Packaging,2025-01-13,Starved,,,2025-01-13 13:40:00,2025-01-13 13:51:00,12
M1,ST8,Packaging,2025-01-13,Starved,,,2025-01-13 15:14:00,2025-01-13 15:58:00,45
M1,ST8,Packaging,2025-01-13,Starved,,,2025-01-13 16:04:00,2025-01-13 16:06:00,3
M1,ST8,Packaging,2025-01-13,Starved,,,2025-01-13 16:10:00,2025-01-13 16:38:00,29
M1,ST8,Packaging,2025-01-13,Starved,,,2025-01-13 17:10:00,2025-01-13 17:14:00,5
M1,ST8,Packaging,2025-01-13,Starved,,,2025-01-13 17:32:00,2025-01-13 18:20:00,49
M1,ST8,Packaging,2025-01-13,Starved,,,2025-01-13 18:24:00,2025-01-13 18:43:00,20
M1,ST8,Packaging,2025-01-13,Starved,,,2025-01-13 18:47:00,2025-01-13 18:57:00,11
M1,ST8,Packaging,2025-01-13,Starved,,,2025-01-13 19:01:00,2025-01-13 19:12:00,12
M1,ST8,Packaging,2025-01-13,Starved,,,2025-01-13 19:43:00,2025-01-13 19:59:00,17
M1,ST8,Packaging,2025-01-13,Starved,,,2025-01-13 20:03:00,2025-01-13 20:04:00,2
M1,ST8,Packaging,2025-01-13,Starved,,,2025-01-13 21:12:00,2025-01-13 21:26:00,15
M1,ST8,Packaging,2025-01-13,Starved,,,2025-01-13 22:30:00,2025-01-13 23:26:00,57
M1,ST8,Packaging,2025-01-14,Starved,,,2025-01-14 00:03:00,2025-01-14 00:48:00,46
M1,ST8,Packaging,2025-01-14,Starved,,,2025-01-14 01:07:00,2025-01-14 01:14:00,8
M1,ST8,Packaging,2025-01-14,Starved,,,2025-01-14 01:24:00,2025-01-14 02:51:00,88
M1,ST8,Packaging,2025-01-14,Starved,,,2025-01-14 03:21:00,2025-01-14 03:40:00,20
M1,ST8,Packaging,2025-01-14,Starved,,,2025-01-14 04:16:00,2025-01-14 04:46:00,31
M1,ST8,Packaging,2025-01-14,Starved,,,2025-01-14 04:52:00,2025-01-14 05:05:00,14
M1,ST8,Packaging,2025-01-14,Starved,,,2025-01-14 05:49:00,2025-01-14 06:49:00,61
M1,ST8,Packaging,2025-01-14,Starved,,,2025-01-14 06:53:00,2025-01-14 06:56:00,4
M1,ST8,Packaging,2025-01-14,Starved,,,2025-01-14 07:07:00,2025-01-14 07:17:00,11
M1,ST8,Packaging,2025-01-14,Starved,,,2025-01-14 07:47:00,2025-01-14 08:56:00,70
M1,ST8,Packaging,2025-01-14,Starved,,,2025-01-14 09:44:00,2025-01-14 09:47:00,4
M1,ST8,Packaging,2025-01-14,Starved,,,2025-01-14 10:07:00,2025-01-14 10:24:00,18
M1,ST8,Packaging,2025-01-14,Starved,,,2025-01-14 10:29:00,2025-01-14 10:51:00,23
M1,ST8,Packaging,2025-01-14,Starved,,,2025-01-14 11:01:00,2025-01-14 11:16:00,16
M1,ST8,Packaging,2025-01-14,Starved,,,2025-01-14 13:20:00,2025-01-14 13:37:00,18
M1,ST8,Packaging,2025-01-14,Starved,,,2025-01-14 13:42:00,2025-01-14 14:00:00,19
M1,ST8,Packaging,2025-01-14,Starved,,,2025-01-14 14:26:00,2025-01-14 14:33:00,8
M1,ST8,Packaging,2025-01-14,Starved,,,2025-01-14 14:51:00,2025-01-14 15:00:00,10
M1,ST8,Packaging,2025-01-14,Starved,,,2025-01-14 15:07:00,2025-01-14 15:52:00,46
M1,ST8,Packaging,2025-01-14,Starved,,,2025-01-14 16:11:00,2025-01-14 16:44:00,34
M1,ST8,Packaging,2025-01-14,Starved,,,2025-01-14 17:28:00,2025-01-14 18:04:00,37
M1,ST8,Packaging,2025-01-14,Starved,,,2025-01-14 18:41:00,2025-01-14 19:13:00,33
M1,ST8,Packaging,2025-01-14,Starved,,,2025-01-14 19:17:00,2025-01-14 19:25:00,9
M1,ST8,Packaging,2025-01-14,Starved,,,2025-01-14 19:58:00,2025-01-14 20:05:00,8
M1,ST8,Packaging,2025-01-14,Starved,,,2025-01-14 20:36:00,2025-01-14 20:46:00,11
M1,ST8,Packaging,2025-01-14,Starved,,,2025-01-14 22:09:00,2025-01-14 22:21:00,13
M1,ST8,Packaging,2025-01-14,Starved,,,2025-01-14 22:25:00,2025-01-14 22:47:00,23
M1,ST8,Packaging,2025-01-14,Starved,,,2025-01-14 22:55:00,2025-01-14 23:14:00,20
M1,ST8,Packaging,2025-01-14,Starved,,,2025-01-14 23:16:00,2025-01-14 23:24:00,9
M1,ST8,Packaging,2025-01-14,Starved,,,2025-01-14 23:48:00,2025-01-15 00:17:00,30
M1,ST8,Packaging,2025-01-15,Starved,,,2025-01-15 00:22:00,2025-01-15 00:26:00,5
M1,ST8,Packaging,2025-01-15,Starved,,,2025-01-15 01:06:00,2025-01-15 01:16:00,11
M1,ST8,Packaging,2025-01-15,Starved,,,2025-01-15 01:20:00,2025-01-15 01:25:00,6
M1,ST8,Packaging,2025-01-15,Starved,,,2025-01-15 01:31:00,2025-01-15 01:36:00,6
M1,ST8,Packaging,2025-01-15,Starved,,,2025-01-15 01:45:00,2025-01-15 01:58:00,14
M1,ST8,Packaging,2025-01-15,Starved,,,2025-01-15 02:44:00,2025-01-15 02:51:00,8
M1,ST8,Packaging,2025-01-15,Starved,,,2025-01-15 03:00:00,2025-01-15 04:11:00,72
M1,ST8,Packaging,2025-01-15,Starved,,,2025-01-15 04:16:00,2025-01-15 04:20:00,5
M1,ST8,Packaging,2025-01-15,Starved,,,2025-01-15 04:37:00,2025-01-15 04:42:00,6
M1,ST8,Packaging,2025-01-15,Starved,,,2025-01-15 04:53:00,2025-01-15 05:40:00,48
M1,ST8,Packaging,2025-01-15,Starved,,,2025-01-15 05:50:00,2025-01-15 06:35:00,46
M1,ST8,Packaging,2025-01-15,Starved,,,2025-01-15 07:24:00,2025-01-15 08:04:00,41
M1,ST8,Packaging,2025-01-15,Starved,,,2025-01-15 09:08:00,2025-01-15 09:14:00,7
M1,ST8,Packaging,2025-01-15,Starved,,,2025-01-15 10:06:00,2025-01-15 10:26:00,21
M1,ST8,Packaging,2025-01-15,Starved,,,2025-01-15 10:33:00,2025-01-15 10:38:00,6
M1,ST8,Packaging,2025-01-15,Starved,,,2025-01-15 12:02:00,2025-01-15 12:24:00,23
M1,ST8,Packaging,2025-01-15,Starved,,,2025-01-15 12:28:00,2025-01-15 12:54:00,27
M1,ST8,Packaging,2025-01-15,Starved,,,2025-01-15 13:01:00,2025-01-15 13:14:00,14
M1,ST8,Packaging,2025-01-15,Starved,,,2025-01-15 13:48:00,2025-01-15 13:57:00,10
M1,ST8,Packaging,2025-01-15,Starved,,,2025-01-15 14:43:00,2025-01-15 15:21:00,39
M1,ST8,Packaging,2025-01-15,Starved,,,2025-01-15 15:36:00,2025-01-15 16:00:00,25
M1,ST8,Packaging,2025-01-15,Starved,,,2025-01-15 16:08:00,2025-01-15 16:30:00,23
M1,ST8,Packaging,2025-01-15,Starved,,,2025-01-15 16:32:00,2025-01-15 16:58:00,27
M1,ST8,Packaging,2025-01-15,Starved,,,2025-01-15 17:16:00,2025-01-15 18:09:00,54
M1,ST8,Packaging,2025-01-15,Starved,,,2025-01-15 18:13:00,2025-01-15 18:15:00,3
M1,ST8,Packaging,2025-01-15,Starved,,,2025-01-15 19:35:00,2025-01-15 19:47:00,13
M1,ST8,Packaging,2025-01-15,Starved,,,2025-01-15 19:52:00,2025-01-15 20:13:00,22
M1,ST8,Packaging,2025-01-15,Starved,,,2025-01-15 20:18:00,2025-01-15 20:33:00,16
M1,ST8,Packaging,2025-01-15,Starved,,,2025-01-15 20:58:00,2025-01-15 21:15:00,18
M1,ST8,Packaging,2025-01-15,Starved,,,2025-01-15 21:23:00,2025-01-15 21:45:00,23
M1,ST8,Packaging,2025-01-15,Starved,,,2025-01-15 22:04:00,2025-01-15 22:29:00,26
M1,ST8,Packaging,2025-01-15,Starved,,,2025-01-15 23:57:00,2025-01-16 00:17:00,21
M1,ST8,Packaging,2025-01-16,Starved,,,2025-01-16 00:23:00,2025-01-16 00:25:00,3
M1,ST8,Packaging,2025-01-16,Starved,,,2025-01-16 00:36:00,2025-01-16 00:49:00,14
M1,ST8,Packaging,2025-01-16,Starved,,,2025-01-16 01:01:00,2025-01-16 01:14:00,14
M1,ST8,Packaging,2025-01-16,Starved,,,2025-01-16 01:21:00,2025-01-16 01:55:00,35
M1,ST8,Packaging,2025-01-16,Starved,,,2025-01-16 02:04:00,2025-01-16 02:28:00,25
M1,ST8,Packaging,2025-01-16,Starved,,,2025-01-16 02:40:00,2025-01-16 02:58:00,19
M1,ST8,Packaging,2025-01-16,Starved,,,2025-01-16 03:03:00,2025-01-16 03:45:00,43
M1,ST8,Packaging,2025-01-16,Starved,,,2025-01-16 03:53:00,2025-01-16 04:07:00,15
M1,ST8,Packaging,2025-01-16,Starved,,,2025-01-16 05:10:00,2025-01-16 05:16:00,7
M1,ST8,Packaging,2025-01-16,Starved,,,2025-01-16 05:41:00,2025-01-16 05:55:00,15
M1,ST8,Packaging,2025-01-16,Starved,,,2025-01-16 06:39:00,2025-01-16 07:03:00,25
M1,ST8,Packaging,2025-01-16,Starved,,,2025-01-16 07:26:00,2025-01-16 07:36:00,11
M1,ST8,Packaging,2025-01-16,Starved,,,2025-01-16 08:25:00,2025-01-16 09:01:00,37
M1,ST8,Packaging,2025-01-16,Starved,,,2025-01-16 09:41:00,2025-01-16 10:03:00,23
M1,ST8,Packaging,2025-01-16,Starved,,,2025-01-16 10:29:00,2025-01-16 10:53:00,25
M1,ST8,Packaging,2025-01-16,Starved,,,2025-01-16 11:03:00,2025-01-16 11:43:00,41
M1,ST8,Packaging,2025-01-16,Starved,,,2025-01-16 11:54:00,2025-01-16 12:28:00,35
M1,ST8,Packaging,2025-01-16,Starved,,,2025-01-16 13:28:00,2025-01-16 13:52:00,25
M1,ST8,Packaging,2025-01-16,Starved,,,2025-01-16 14:25:00,2025-01-16 14:34:00,10
M1,ST8,Packaging,2025-01-16,Starved,,,2025-01-16 15:55:00,2025-01-16 16:35:00,41
M1,ST8,Packaging,2025-01-16,Starved,,,2025-01-16 16:46:00,2025-01-16 17:16:00,31
M1,ST8,Packaging,2025-01-16,Starved,,,2025-01-16 18:18:00,2025-01-16 18:20:00,3
M1,ST8,Packaging,2025-01-16,Starved,,,2025-01-16 18:24:00,2025-01-16 19:01:00,38
M1,ST8,Packaging,2025-01-16,Starved,,,2025-01-16 19:21:00,2025-01-16 19:46:00,26
M1,ST8,Packaging,2025-01-16,Starved,,,2025-01-16 20:06:00,2025-01-16 20:11:00,6
M1,ST8,Packaging,2025-01-16,Starved,,,2025-01-16 20:58:00,2025-01-16 21:29:00,32
M1,ST8,Packaging,2025-01-16,Starved,,,2025-01-16 21:53:00,2025-01-16 21:53:00,1
M1,ST8,Packaging,2025-01-16,Starved,,,2025-01-16 22:24:00,2025-01-16 22:43:00,20
M1,ST8,Packaging,2025-01-16,Starved,,,2025-01-16 22:57:00,2025-01-16 23:02:00,6
M1,ST8,Packaging,2025-01-16,Starved,,,2025-01-16 23:09:00,2025-01-16 23:22:00,14
M1,ST8,Packaging,2025-01-16,Starved,,,2025-01-16 23:34:00,2025-01-17 00:12:00,39
M1,ST8,Packaging,2025-01-17,Starved,,,2025-01-17 00:19:00,2025-01-17 00:49:00,31
M1,ST8,Packaging,2025-01-17,Starved,,,2025-01-17 00:55:00,2025-01-17 01:11:00,17
M1,ST8,Packaging,2025-01-17,Starved,,,2025-01-17 01:38:00,2025-01-17 02:11:00,34
M1,ST8,Packaging,2025-01-17,Starved,,,2025-01-17 02:15:00,2025-01-17 02:15:00,1
M1,ST8,Packaging,2025-01-17,Starved,,,2025-01-17 02:23:00,2025-01-17 02:25:00,3
M1,ST8,Packaging,2025-01-17,Starved,,,2025-01-17 02:34:00,2025-01-17 02:50:00,17
M1,ST8,Packaging,2025-01-17,Starved,,,2025-01-17 03:08:00,2025-01-17 03:59:00,52
M1,ST8,Packaging,2025-01-17,Starved,,,2025-01-17 04:03:00,2025-01-17 04:31:00,29
M1,ST8,Packaging,2025-01-17,Starved,,,2025-01-17 06:48:00,2025-01-17 07:13:00,26
M1,ST8,Packaging,2025-01-17,Starved,,,2025-01-17 07:23:00,2025-01-17 07:24:00,2
M1,ST8,Packaging,2025-01-17,Starved,,,2025-01-17 08:08:00,2025-01-17 08:13:00,6
M1,ST8,Packaging,2025-01-17,Starved,,,2025-01-17 08:40:00,2025-01-17 09:09:00,30
M1,ST8,Packaging,2025-01-17,Starved,,,2025-01-17 09:55:00,2025-01-17 10:04:00,10
M1,ST8,Packaging,2025-01-17,Starved,,,2025-01-17 11:01:00,2025-01-17 11:18:00,18
M1,ST8,Packaging,2025-01-17,Starved,,,2025-01-17 11:27:00,2025-01-17 11:27:00,1
M1,ST8,Packaging,2025-01-17,Starved,,,2025-01-17 11:44:00,2025-01-17 12:01:00,18
M1,ST8,Packaging,2025-01-17,Starved,,,2025-01-17 12:09:00,2025-01-17 12:31:00,23
M1,ST8,Packaging,2025-01-17,Starved,,,2025-01-17 12:36:00,2025-01-17 13:13:00,38
M1,ST8,Packaging,2025-01-17,Starved,,,2025-01-17 13:40:00,2025-01-17 14:05:00,26
M1,ST8,Packaging,2025-01-17,Starved,,,2025-01-17 14:45:00,2025-01-17 15:15:00,31
M1,ST8,Packaging,2025-01-17,Starved,,,2025-01-17 15:36:00,2025-01-17 15:43:00,8
M1,ST8,Packaging,2025-01-17,Starved,,,2025-01-17 15:50:00,2025-01-17 15:55:00,6
M1,ST8,Packaging,2025-01-17,Starved,,,2025-01-17 17:37:00,2025-01-17 17:56:00,20
M1,ST8,Packaging,2025-01-17,Starved,,,2025-01-17 18:56:00,2025-01-17 19:17:00,22
M1,ST8,Packaging,2025-01-17,Starved,,,2025-01-17 19:20:00,2025-01-17 19:31:00,12
M1,ST8,Packaging,2025-01-17,Starved,,,2025-01-17 19:54:00,2025-01-17 20:08:00,15
M1,ST8,Packaging,2025-01-17,Starved,,,2025-01-17 21:54:00,2025-01-17 22:28:00,35
M1,ST8,Packaging,2025-01-17,Starved,,,2025-01-17 22:58:00,2025-01-17 23:23:00,26
M1,ST8,Packaging,2025-01-17,Starved,,,2025-01-17 23:25:00,2025-01-18 00:02:00,38
M1,ST8,Packaging,2025-01-18,Starved,,,2025-01-18 00:13:00,2025-01-18 00:37:00,25
M1,ST8,Packaging,2025-01-18,Starved,,,2025-01-18 01:16:00,2025-01-18 01:18:00,3
M1,ST8,Packaging,2025-01-18,Starved,,,2025-01-18 01:31:00,2025-01-18 01:51:00,21
M1,ST8,Packaging,2025-01-18,Starved,,,2025-01-18 02:01:00,2025-01-18 02:22:00,22
M1,ST8,Packaging,2025-01-18,Starved,,,2025-01-18 02:51:00,2025-01-18 03:00:00,10
M1,ST8,Packaging,2025-01-18,Starved,,,2025-01-18 03:21:00,2025-01-18 03:22:00,2
M1,ST8,Packaging,2025-01-18,Starved,,,2025-01-18 04:28:00,2025-01-18 04:33:00,6
M1,ST8,Packaging,2025-01-18,Starved,,,2025-01-18 04:44:00,2025-01-18 04:46:00,3
M1,ST8,Packaging,2025-01-18,Starved,,,2025-01-18 05:41:00,2025-01-18 05:41:00,1
M1,ST8,Packaging,2025-01-18,Starved,,,2025-01-18 06:29:00,2025-01-18 06:36:00,8
M1,ST8,Packaging,2025-01-18,Starved,,,2025-01-18 06:45:00,2025-01-18 06:50:00,6
M1,ST8,Packaging,2025-01-18,Starved,,,2025-01-18 07:35:00,2025-01-18 07:54:00,20
M1,ST8,Packaging,2025-01-18,Starved,,,2025-01-18 08:29:00,2025-01-18 08:40:00,12
M1,ST8,Packaging,2025-01-18,Starved,,,2025-01-18 10:11:00,2025-01-18 10:21:00,11
M1,ST8,Packaging,2025-01-18,Starved,,,2025-01-18 10:27:00,2025-01-18 10:38:00,12
M1,ST8,Packaging,2025-01-18,Starved,,,2025-01-18 10:55:00,2025-01-18 11:08:00,14
M1,ST8,Packaging,2025-01-18,Starved,,,2025-01-18 11:54:00,2025-01-18 12:03:00,10
M1,ST8,Packaging,2025-01-18,Starved,,,2025-01-18 12:09:00,2025-01-18 12:15:00,7
M1,ST8,Packaging,2025-01-18,Starved,,,2025-01-18 13:01:00,2025-01-18 13:12:00,12
M1,ST8,Packaging,2025-01-18,Starved,,,2025-01-18 14:51:00,2025-01-18 15:09:00,19
M1,ST8,Packaging,2025-01-18,Starved,,,2025-01-18 15:32:00,2025-01-18 15:36:00,5
M1,ST8,Packaging,2025-01-18,Starved,,,2025-01-18 15:42:00,2025-01-18 15:53:00,12
M1,ST8,Packaging,2025-01-18,Starved,,,2025-01-18 16:14:00,2025-01-18 16:49:00,36
M1,ST8,Packaging,2025-01-18,Starved,,,2025-01-18 17:15:00,2025-01-18 17:19:00,5
M1,ST8,Packaging,2025-01-18,Starved,,,2025-01-18 17:25:00,2025-01-18 17:28:00,4
M1,ST8,Packaging,2025-01-18,Starved,,,2025-01-18 17:39:00,2025-01-18 18:00:00,22
M1,ST8,Packaging,2025-01-18,Starved,,,2025-01-18 18:06:00,2025-01-18 18:21:00,16
M1,ST8,Packaging,2025-01-18,Starved,,,2025-01-18 18:23:00,2025-01-18 18:37:00,15
M1,ST8,Packaging,2025-01-18,Starved,,,2025-01-18 18:42:00,2025-01-18 18:43:00,2
M1,ST8,Packaging,2025-01-18,Starved,,,2025-01-18 19:04:00,2025-01-18 19:14:00,11
M1,ST8,Packaging,2025-01-18,Starved,,,2025-01-18 19:22:00,2025-01-18 19:34:00,13
M1,ST8,Packaging,2025-01-18,Starved,,,2025-01-18 19:42:00,2025-01-18 19:49:00,8
M1,ST8,Packaging,2025-01-18,Starved,,,2025-01-18 21:05:00,2025-01-18 21:34:00,30
M1,ST8,Packaging,2025-01-18,Starved,,,2025-01-18 21:38:00,2025-01-18 22:18:00,41
M1,ST8,Packaging,2025-01-18,Starved,,,2025-01-18 22:33:00,2025-01-18 22:39:00,7
M1,ST8,Packaging,2025-01-18,Starved,,,2025-01-18 23:19:00,2025-01-18 23:42:00,24
M1,ST8,Packaging,2025-01-18,Starved,,,2025-01-18 23:51:00,2025-01-18 23:51:00,1
M1,ST8,Packaging,2025-01-18,Starved,,,2025-01-18 23:59:00,2025-01-19 00:10:00,12
M1,ST8,Packaging,2025-01-19,Starved,,,2025-01-19 00:18:00,2025-01-19 00:26:00,9
M1,ST8,Packaging,2025-01-19,Starved,,,2025-01-19 00:36:00,2025-01-19 00:49:00,14
M1,ST8,Packaging,2025-01-19,Starved,,,2025-01-19 00:53:00,2025-01-19 01:13:00,21
M1,ST8,Packaging,2025-01-19,Starved,,,2025-01-19 01:31:00,2025-01-19 02:05:00,35
M1,ST8,Packaging,2025-01-19,Starved,,,2025-01-19 02:14:00,2025-01-19 02:49:00,36
M1,ST8,Packaging,2025-01-19,Starved,,,2025-01-19 02:53:00,2025-01-19 03:16:00,24
M1,ST8,Packaging,2025-01-19,Starved,,,2025-01-19 03:24:00,2025-01-19 03:50:00,27
M1,ST8,Packaging,2025-01-19,Starved,,,2025-01-19 03:54:00,2025-01-19 03:57:00,4
M1,ST8,Packaging,2025-01-19,Starved,,,2025-01-19 05:07:00,2025-01-19 05:21:00,15
M1,ST8,Packaging,2025-01-19,Starved,,,2025-01-19 05:59:00,2025-01-19 06:03:00,5
M1,ST8,Packaging,2025-01-19,Starved,,,2025-01-19 06:05:00,2025-01-19 06:30:00,26
M1,ST8,Packaging,2025-01-19,Starved,,,2025-01-19 06:35:00,2025-01-19 06:51:00,17
M1,ST8,Packaging,2025-01-19,Starved,,,2025-01-19 07:58:00,2025-01-19 07:59:00,2
M1,ST8,Packaging,2025-01-19,Starved,,,2025-01-19 08:21:00,2025-01-19 08:30:00,10
M1,ST8,Packaging,2025-01-19,Starved,,,2025-01-19 09:29:00,2025-01-19 10:08:00,40
M1,ST8,Packaging,2025-01-19,Starved,,,2025-01-19 10:54:00,2025-01-19 11:42:00,49
M1,ST8,Packaging,2025-01-19,Starved,,,2025-01-19 11:55:00,2025-01-19 12:22:00,28
M1,ST8,Packaging,2025-01-19,Starved,,,2025-01-19 12:31:00,2025-01-19 13:08:00,38
M1,ST8,Packaging,2025-01-19,Starved,,,2025-01-19 13:18:00,2025-01-19 13:33:00,16
M1,ST8,Packaging,2025-01-19,Starved,,,2025-01-19 13:41:00,2025-01-19 14:31:00,51
M1,ST8,Packaging,2025-01-19,Starved,,,2025-01-19 15:32:00,2025-01-19 15:41:00,10
M1,ST8,Packaging,2025-01-19,Starved,,,2025-01-19 16:17:00,2025-01-19 16:47:00,31
M1,ST8,Packaging,2025-01-19,Starved,,,2025-01-19 17:30:00,2025-01-19 17:46:00,17
M1,ST8,Packaging,2025-01-19,Starved,,,2025-01-19 18:11:00,2025-01-19 18:41:00,31
M1,ST8,Packaging,2025-01-19,Starved,,,2025-01-19 18:53:00,2025-01-19 19:25:00,33
M1,ST8,Packaging,2025-01-19,Starved,,,2025-01-19 19:36:00,2025-01-19 20:38:00,63
M1,ST8,Packaging,2025-01-19,Starved,,,2025-01-19 20:42:00,2025-01-19 21:15:00,34
M1,ST8,Packaging,2025-01-19,Starved,,,2025-01-19 21:21:00,2025-01-19 21:21:00,1
M1,ST8,Packaging,2025-01-19,Starved,,,2025-01-19 22:11:00,2025-01-19 22:41:00,31
M1,ST8,Packaging,2025-01-19,Starved,,,2025-01-19 23:01:00,2025-01-19 23:43:00,43
M1,ST8,Packaging,2025-01-19,Starved,,,2025-01-19 23:48:00,2025-01-19 23:49:00,2
M1,ST8,Packaging,2025-01-20,Starved,,,2025-01-20 00:21:00,2025-01-20 00:35:00,15
M1,ST8,Packaging,2025-01-20,Starved,,,2025-01-20 00:55:00,2025-01-20 01:01:00,7
M1,ST8,Packaging,2025-01-20,Starved,,,2025-01-20 02:14:00,2025-01-20 02:22:00,9
M1,ST8,Packaging,2025-01-20,Starved,,,2025-01-20 02:28:00,2025-01-20 02:59:00,32
M1,ST8,Packaging,2025-01-20,Starved,,,2025-01-20 03:02:00,2025-01-20 03:05:00,4
M1,ST8,Packaging,2025-01-20,Starved,,,2025-01-20 03:42:00,2025-01-20 03:59:00,18
M1,ST8,Packaging,2025-01-20,Starved,,,2025-01-20 04:16:00,2025-01-20 05:15:00,60
M1,ST8,Packaging,2025-01-20,Starved,,,2025-01-20 05:33:00,2025-01-20 06:01:00,29
M1,ST8,Packaging,2025-01-20,Starved,,,2025-01-20 06:07:00,2025-01-20 06:27:00,21
M1,ST8,Packaging,2025-01-20,Starved,,,2025-01-20 06:31:00,2025-01-20 06:33:00,3
M1,ST8,Packaging,2025-01-20,Starved,,,2025-01-20 06:50:00,2025-01-20 07:15:00,26
M1,ST8,Packaging,2025-01-20,Starved,,,2025-01-20 07:26:00,2025-01-20 07:56:00,31
M1,ST8,Packaging,2025-01-20,Starved,,,2025-01-20 08:00:00,2025-01-20 08:09:00,10
M1,ST8,Packaging,2025-01-20,Starved,,,2025-01-20 08:13:00,2025-01-20 08:20:00,8
M1,ST8,Packaging,2025-01-20,Starved,,,2025-01-20 08:24:00,2025-01-20 08:46:00,23
M1,ST8,Packaging,2025-01-20,Starved,,,2025-01-20 09:14:00,2025-01-20 09:22:00,9
M1,ST8,Packaging,2025-01-20,Starved,,,2025-01-20 10:48:00,2025-01-20 10:55:00,8
M1,ST8,Packaging,2025-01-20,Starved,,,2025-01-20 11:11:00,2025-01-20 11:12:00,2
M1,ST8,Packaging,2025-01-20,Starved,,,2025-01-20 13:28:00,2025-01-20 13:31:00,4
M1,ST8,Packaging,2025-01-20,Starved,,,2025-01-20 13:37:00,2025-01-20 13:52:00,16
M1,ST8,Packaging,2025-01-20,Starved,,,2025-01-20 13:59:00,2025-01-20 14:28:00,30
M1,ST8,Packaging,2025-01-20,Starved,,,2025-01-20 14:32:00,2025-01-20 15:00:00,29
M1,ST8,Packaging,2025-01-20,Starved,,,2025-01-20 15:07:00,2025-01-20 15:20:00,14
M1,ST8,Packaging,2025-01-20,Starved,,,2025-01-20 15:40:00,2025-01-20 16:08:00,29
M1,ST8,Packaging,2025-01-20,Starved,,,2025-01-20 16:36:00,2025-01-20 16:59:00,24
M1,ST8,Packaging,2025-01-20,Starved,,,2025-01-20 17:06:00,2025-01-20 17:25:00,20
M1,ST8,Packaging,2025-01-20,Starved,,,2025-01-20 18:16:00,2025-01-20 18:45:00,30
M1,ST8,Packaging,2025-01-20,Starved,,,2025-01-20 18:55:00,2025-01-20 19:26:00,32
M1,ST8,Packaging,2025-01-20,Starved,,,2025-01-20 19:32:00,2025-01-20 19:40:00,9
M1,ST8,Packaging,2025-01-20,Starved,,,2025-01-20 19:44:00,2025-01-20 19:49:00,6
M1,ST8,Packaging,2025-01-20,Starved,,,2025-01-20 20:51:00,2025-01-20 21:20:00,30
M1,ST8,Packaging,2025-01-20,Starved,,,2025-01-20 22:16:00,2025-01-20 23:11:00,56
M1,ST8,Packaging,2025-01-20,Starved,,,2025-01-20 23:13:00,2025-01-20 23:18:00,6
M1,ST8,Packaging,2025-01-20,Starved,,,2025-01-20 23:29:00,2025-01-20 23:39:00,11
M1,ST8,Packaging,2025-01-20,Starved,,,2025-01-20 23:47:00,2025-01-21 00:22:00,36
M1,ST8,Packaging,2025-01-21,Starved,,,2025-01-21 00:34:00,2025-01-21 01:04:00,31
M1,ST8,Packaging,2025-01-21,Starved,,,2025-01-21 01:08:00,2025-01-21 01:29:00,22
M1,ST8,Packaging,2025-01-21,Starved,,,2025-01-21 01:59:00,2025-01-21 02:04:00,6
M1,ST8,Packaging,2025-01-21,Starved,,,2025-01-21 03:27:00,2025-01-21 03:51:00,25
M1,ST8,Packaging,2025-01-21,Starved,,,2025-01-21 04:01:00,2025-01-21 04:30:00,30
M1,ST8,Packaging,2025-01-21,Starved,,,2025-01-21 04:39:00,2025-01-21 05:14:00,36
M1,ST8,Packaging,2025-01-21,Starved,,,2025-01-21 05:23:00,2025-01-21 05:24:00,2
M1,ST8,Packaging,2025-01-21,Starved,,,2025-01-21 05:38:00,2025-01-21 06:01:00,24
M1,ST8,Packaging,2025-01-21,Starved,,,2025-01-21 06:39:00,2025-01-21 06:57:00,19
M1,ST8,Packaging,2025-01-21,Starved,,,2025-01-21 08:23:00,2025-01-21 08:50:00,28
M1,ST8,Packaging,2025-01-21,Starved,,,2025-01-21 09:16:00,2025-01-21 09:25:00,10
M1,ST8,Packaging,2025-01-21,Starved,,,2025-01-21 09:59:00,2025-01-21 10:13:00,15
M1,ST8,Packaging,2025-01-21,Starved,,,2025-01-21 10:42:00,2025-01-21 11:55:00,74
M1,ST8,Packaging,2025-01-21,Starved,,,2025-01-21 12:12:00,2025-01-21 12:16:00,5
M1,ST8,Packaging,2025-01-21,Starved,,,2025-01-21 12:36:00,2025-01-21 13:00:00,25
M1,ST8,Packaging,2025-01-21,Starved,,,2025-01-21 13:04:00,2025-01-21 13:07:00,4
M1,ST8,Packaging,2025-01-21,Starved,,,2025-01-21 14:13:00,2025-01-21 14:24:00,12
M1,ST8,Packaging,2025-01-21,Starved,,,2025-01-21 14:34:00,2025-01-21 14:35:00,2
M1,ST8,Packaging,2025-01-21,Starved,,,2025-01-21 15:19:00,2025-01-21 15:52:00,34
M1,ST8,Packaging,2025-01-21,Starved,,,2025-01-21 16:33:00,2025-01-21 16:45:00,13
M1,ST8,Packaging,2025-01-21,Starved,,,2025-01-21 17:32:00,2025-01-21 17:40:00,9
M1,ST8,Packaging,2025-01-21,Starved,,,2025-01-21 17:59:00,2025-01-21 18:31:00,33
M1,ST8,Packaging,2025-01-21,Starved,,,2025-01-21 18:42:00,2025-01-21 19:20:00,39
M1,ST8,Packaging,2025-01-21,Starved,,,2025-01-21 19:48:00,2025-01-21 20:08:00,21
M1,ST8,Packaging,2025-01-21,Starved,,,2025-01-21 21:21:00,2025-01-21 21:48:00,28
M1,ST8,Packaging,2025-01-21,Starved,,,2025-01-21 21:52:00,2025-01-21 22:11:00,20
M1,ST8,Packaging,2025-01-21,Starved,,,2025-01-21 22:27:00,2025-01-21 22:32:00,6
M1,ST8,Packaging,2025-01-21,Starved,,,2025-01-21 22:50:00,2025-01-21 23:11:00,22
M1,ST8,Packaging,2025-01-21,Starved,,,2025-01-21 23:18:00,2025-01-21 23:31:00,14
M1,ST8,Packaging,2025-01-21,Starved,,,2025-01-21 23:57:00,2025-01-22 00:30:00,34
M1,ST8,Packaging,2025-01-22,Starved,,,2025-01-22 00:43:00,2025-01-22 01:28:00,46
M1,ST8,Packaging,2025-01-22,Starved,,,2025-01-22 02:22:00,2025-01-22 02:43:00,22
M1,ST8,Packaging,2025-01-22,Starved,,,2025-01-22 03:14:00,2025-01-22 03:38:00,25
M1,ST8,Packaging,2025-01-22,Starved,,,2025-01-22 04:15:00,2025-01-22 04:34:00,20
M1,ST8,Packaging,2025-01-22,Starved,,,2025-01-22 04:54:00,2025-01-22 05:32:00,39
M1,ST8,Packaging,2025-01-22,Starved,,,2025-01-22 05:56:00,2025-01-22 06:02:00,7
M1,ST8,Packaging,2025-01-22,Starved,,,2025-01-22 07:03:00,2025-01-22 07:37:00,35
M1,ST8,Packaging,2025-01-22,Starved,,,2025-01-22 07:47:00,2025-01-22 08:15:00,29
M1,ST8,Packaging,2025-01-22,Starved,,,2025-01-22 08:26:00,2025-01-22 08:26:00,1
M1,ST8,Packaging,2025-01-22,Starved,,,2025-01-22 08:35:00,2025-01-22 08:44:00,10
M1,ST8,Packaging,2025-01-22,Starved,,,2025-01-22 10:59:00,2025-01-22 10:59:00,1
M1,ST8,Packaging,2025-01-22,Starved,,,2025-01-22 11:07:00,2025-01-22 11:23:00,17
M1,ST8,Packaging,2025-01-22,Starved,,,2025-01-22 11:49:00,2025-01-22 12:18:00,30
M1,ST8,Packaging,2025-01-22,Starved,,,2025-01-22 12:23:00,2025-01-22 12:35:00,13
M1,ST8,Packaging,2025-01-22,Starved,,,2025-01-22 12:54:00,2025-01-22 13:28:00,35
M1,ST8,Packaging,2025-01-22,Starved,,,2025-01-22 13:32:00,2025-01-22 13:35:00,4
M1,ST8,Packaging,2025-01-22,Starved,,,2025-01-22 13:42:00,2025-01-22 14:17:00,36
M1,ST8,Packaging,2025-01-22,Starved,,,2025-01-22 15:21:00,2025-01-22 15:52:00,32
M1,ST8,Packaging,2025-01-22,Starved,,,2025-01-22 16:24:00,2025-01-22 16:39:00,16
M1,ST8,Packaging,2025-01-22,Starved,,,2025-01-22 17:26:00,2025-01-22 17:54:00,29
M1,ST8,Packaging,2025-01-22,Starved,,,2025-01-22 17:58:00,2025-01-22 18:27:00,30
M1,ST8,Packaging,2025-01-22,Starved,,,2025-01-22 18:38:00,2025-01-22 18:51:00,14
M1,ST8,Packaging,2025-01-22,Starved,,,2025-01-22 19:15:00,2025-01-22 19:40:00,26
M1,ST8,Packaging,2025-01-22,Starved,,,2025-01-22 19:48:00,2025-01-22 20:38:00,51
M1,ST8,Packaging,2025-01-22,Starved,,,2025-01-22 20:49:00,2025-01-22 20:51:00,3
M1,ST8,Packaging,2025-01-22,Starved,,,2025-01-22 21:03:00,2025-01-22 21:19:00,17
M1,ST8,Packaging,2025-01-22,Starved,,,2025-01-22 21:23:00,2025-01-22 21:27:00,5
M1,ST8,Packaging,2025-01-22,Starved,,,2025-01-22 22:17:00,2025-01-22 22:44:00,28
M1,ST8,Packaging,2025-01-22,Starved,,,2025-01-22 23:23:00,2025-01-22 23:27:00,5
M1,ST8,Packaging,2025-01-23,Starved,,,2025-01-23 00:31:00,2025-01-23 00:45:00,15
M1,ST8,Packaging,2025-01-23,Starved,,,2025-01-23 00:54:00,2025-01-23 00:58:00,5
M1,ST8,Packaging,2025-01-23,Starved,,,2025-01-23 01:01:00,2025-01-23 01:16:00,16
M1,ST8,Packaging,2025-01-23,Starved,,,2025-01-23 01:20:00,2025-01-23 02:25:00,66
M1,ST8,Packaging,2025-01-23,Starved,,,2025-01-23 02:46:00,2025-01-23 03:20:00,35
M1,ST8,Packaging,2025-01-23,Starved,,,2025-01-23 03:56:00,2025-01-23 04:14:00,19
M1,ST8,Packaging,2025-01-23,Starved,,,2025-01-23 04:18:00,2025-01-23 04:23:00,6
M1,ST8,Packaging,2025-01-23,Starved,,,2025-01-23 04:38:00,2025-01-23 04:54:00,17
M1,ST8,Packaging,2025-01-23,Starved,,,2025-01-23 05:00:00,2025-01-23 05:16:00,17
M1,ST8,Packaging,2025-01-23,Starved,,,2025-01-23 05:20:00,2025-01-23 05:24:00,5
M1,ST8,Packaging,2025-01-23,Starved,,,2025-01-23 05:28:00,2025-01-23 05:46:00,19
M1,ST8,Packaging,2025-01-23,Starved,,,2025-01-23 05:53:00,2025-01-23 05:53:00,1
M1,ST8,Packaging,2025-01-23,Starved,,,2025-01-23 06:35:00,2025-01-23 06:58:00,24
M1,ST8,Packaging,2025-01-23,Starved,,,2025-01-23 07:11:00,2025-01-23 07:21:00,11
M1,ST8,Packaging,2025-01-23,Starved,,,2025-01-23 08:17:00,2025-01-23 08:38:00,22
M1,ST8,Packaging,2025-01-23,Starved,,,2025-01-23 08:41:00,2025-01-23 09:09:00,29
M1,ST8,Packaging,2025-01-23,Starved,,,2025-01-23 09:55:00,2025-01-23 10:17:00,23
M1,ST8,Packaging,2025-01-23,Starved,,,2025-01-23 10:46:00,2025-01-23 11:09:00,24
M1,ST8,Packaging,2025-01-23,Starved,,,2025-01-23 11:25:00,2025-01-23 11:26:00,2
M1,ST8,Packaging,2025-01-23,Starved,,,2025-01-23 12:02:00,2025-01-23 12:11:00,10
M1,ST8,Packaging,2025-01-23,Starved,,,2025-01-23 12:21:00,2025-01-23 12:44:00,24
M1,ST8,Packaging,2025-01-23,Starved,,,2025-01-23 12:50:00,2025-01-23 13:12:00,23
M1,ST8,Packaging,2025-01-23,Starved,,,2025-01-23 13:14:00,2025-01-23 13:15:00,2
M1,ST8,Packaging,2025-01-23,Starved,,,2025-01-23 13:17:00,2025-01-23 13:40:00,24
M1,ST8,Packaging,2025-01-23,Starved,,,2025-01-23 13:45:00,2025-01-23 14:00:00,16
M1,ST8,Packaging,2025-01-23,Starved,,,2025-01-23 14:31:00,2025-01-23 15:02:00,32
M1,ST8,Packaging,2025-01-23,Starved,,,2025-01-23 15:06:00,2025-01-23 15:45:00,40
M1,ST8,Packaging,2025-01-23,Starved,,,2025-01-23 15:51:00,2025-01-23 16:02:00,12
M1,ST8,Packaging,2025-01-23,Starved,,,2025-01-23 16:39:00,2025-01-23 16:48:00,10
M1,ST8,Packaging,2025-01-23,Starved,,,2025-01-23 17:07:00,2025-01-23 17:23:00,17
M1,ST8,Packaging,2025-01-23,Starved,,,2025-01-23 18:41:00,2025-01-23 19:11:00,31
M1,ST8,Packaging,2025-01-23,Starved,,,2025-01-23 19:16:00,2025-01-23 19:29:00,14
M1,ST8,Packaging,2025-01-23,Starved,,,2025-01-23 19:37:00,2025-01-23 19:40:00,4
M1,ST8,Packaging,2025-01-23,Starved,,,2025-01-23 19:55:00,2025-01-23 19:56:00,2
M1,ST8,Packaging,2025-01-23,Starved,,,2025-01-23 20:50:00,2025-01-23 21:17:00,28
M1,ST8,Packaging,2025-01-23,Starved,,,2025-01-23 22:11:00,2025-01-23 22:16:00,6
M1,ST8,Packaging,2025-01-23,Starved,,,2025-01-23 22:29:00,2025-01-23 23:03:00,35
M1,ST8,Packaging,2025-01-23,Starved,,,2025-01-23 23:10:00,2025-01-23 23:20:00,11
M1,ST8,Packaging,2025-01-24,Starved,,,2025-01-24 00:18:00,2025-01-24 00:36:00,19
M1,ST8,Packaging,2025-01-24,Starved,,,2025-01-24 00:40:00,2025-01-24 00:45:00,6
M1,ST8,Packaging,2025-01-24,Starved,,,2025-01-24 00:48:00,2025-01-24 01:26:00,39
M1,ST8,Packaging,2025-01-24,Starved,,,2025-01-24 01:34:00,2025-01-24 01:41:00,8
M1,ST8,Packaging,2025-01-24,Starved,,,2025-01-24 02:44:00,2025-01-24 03:19:00,36
M1,ST8,Packaging,2025-01-24,Starved,,,2025-01-24 03:32:00,2025-01-24 04:07:00,36
M1,ST8,Packaging,2025-01-24,Starved,,,2025-01-24 04:10:00,2025-01-24 04:31:00,22
M1,ST8,Packaging,2025-01-24,Starved,,,2025-01-24 04:45:00,2025-01-24 05:26:00,42
M1,ST8,Packaging,2025-01-24,Starved,,,2025-01-24 05:35:00,2025-01-24 05:57:00,23
M1,ST8,Packaging,2025-01-24,Starved,,,2025-01-24 06:03:00,2025-01-24 06:36:00,34
M1,ST8,Packaging,2025-01-24,Starved,,,2025-01-24 07:08:00,2025-01-24 07:12:00,5
M1,ST8,Packaging,2025-01-24,Starved,,,2025-01-24 07:50:00,2025-01-24 08:28:00,39
M1,ST8,Packaging,2025-01-24,Starved,,,2025-01-24 08:42:00,2025-01-24 09:17:00,36
M1,ST8,Packaging,2025-01-24,Starved,,,2025-01-24 10:57:00,2025-01-24 11:18:00,22
M1,ST8,Packaging,2025-01-24,Starved,,,2025-01-24 11:22:00,2025-01-24 11:50:00,29
M1,ST8,Packaging,2025-01-24,Starved,,,2025-01-24 12:49:00,2025-01-24 12:50:00,2
M1,ST8,Packaging,2025-01-24,Starved,,,2025-01-24 12:56:00,2025-01-24 13:04:00,9
M1,ST8,Packaging,2025-01-24,Starved,,,2025-01-24 13:44:00,2025-01-24 14:03:00,20
M1,ST8,Packaging,2025-01-24,Starved,,,2025-01-24 14:35:00,2025-01-24 15:00:00,26
M1,ST8,Packaging,2025-01-24,Starved,,,2025-01-24 15:03:00,2025-01-24 15:34:00,32
M1,ST8,Packaging,2025-01-24,Starved,,,2025-01-24 15:38:00,2025-01-24 15:40:00,3
M1,ST8,Packaging,2025-01-24,Starved,,,2025-01-24 15:45:00,2025-01-24 16:16:00,32
M1,ST8,Packaging,2025-01-24,Starved,,,2025-01-24 17:06:00,2025-01-24 17:16:00,11
M1,ST8,Packaging,2025-01-24,Starved,,,2025-01-24 17:24:00,2025-01-24 17:30:00,7
M1,ST8,Packaging,2025-01-24,Starved,,,2025-01-24 17:40:00,2025-01-24 18:17:00,38
M1,ST8,Packaging,2025-01-24,Starved,,,2025-01-24 20:09:00,2025-01-24 20:33:00,25
M1,ST8,Packaging,2025-01-24,Starved,,,2025-01-24 21:11:00,2025-01-24 21:16:00,6
M1,ST8,Packaging,2025-01-24,Starved,,,2025-01-24 21:39:00,2025-01-24 21:50:00,12
M1,ST8,Packaging,2025-01-24,Starved,,,2025-01-24 22:33:00,2025-01-24 22:53:00,21
M1,ST8,Packaging,2025-01-24,Starved,,,2025-01-24 23:01:00,2025-01-24 23:04:00,4
M1,ST8,Packaging,2025-01-24,Starved,,,2025-01-24 23:36:00,2025-01-24 23:55:00,20
M1,ST8,Packaging,2025-01-25,Starved,,,2025-01-25 00:59:00,2025-01-25 01:17:00,19
M1,ST8,Packaging,2025-01-25,Starved,,,2025-01-25 01:21:00,2025-01-25 02:11:00,51
M1,ST8,Packaging,2025-01-25,Starved,,,2025-01-25 02:33:00,2025-01-25 02:38:00,6
M1,ST8,Packaging,2025-01-25,Starved,,,2025-01-25 02:46:00,2025-01-25 02:58:00,13
M1,ST8,Packaging,2025-01-25,Starved,,,2025-01-25 03:02:00,2025-01-25 03:39:00,38
M1,ST8,Packaging,2025-01-25,Starved,,,2025-01-25 04:24:00,2025-01-25 04:41:00,18
M1,ST8,Packaging,2025-01-25,Starved,,,2025-01-25 04:46:00,2025-01-25 04:56:00,11
M1,ST8,Packaging,2025-01-25,Starved,,,2025-01-25 05:40:00,2025-01-25 06:05:00,26
M1,ST8,Packaging,2025-01-25,Starved,,,2025-01-25 06:11:00,2025-01-25 06:17:00,7
M1,ST8,Packaging,2025-01-25,Starved,,,2025-01-25 06:48:00,2025-01-25 06:51:00,4
M1,ST8,Packaging,2025-01-25,Starved,,,2025-01-25 07:20:00,2025-01-25 07:33:00,14
M1,ST8,Packaging,2025-01-25,Starved,,,2025-01-25 08:09:00,2025-01-25 08:15:00,7
M1,ST8,Packaging,2025-01-25,Starved,,,2025-01-25 09:15:00,2025-01-25 09:47:00,33
M1,ST8,Packaging,2025-01-25,Starved,,,2025-01-25 10:57:00,2025-01-25 11:24:00,28
M1,ST8,Packaging,2025-01-25,Starved,,,2025-01-25 11:43:00,2025-01-25 12:15:00,33
M1,ST8,Packaging,2025-01-25,Starved,,,2025-01-25 12:27:00,2025-01-25 12:38:00,12
M1,ST8,Packaging,2025-01-25,Starved,,,2025-01-25 12:40:00,2025-01-25 12:44:00,5
M1,ST8,Packaging,2025-01-25,Starved,,,2025-01-25 13:09:00,2025-01-25 13:20:00,12
M1,ST8,Packaging,2025-01-25,Starved,,,2025-01-25 13:24:00,2025-01-25 13:43:00,20
M1,ST8,Packaging,2025-01-25,Starved,,,2025-01-25 14:04:00,2025-01-25 14:08:00,5
M1,ST8,Packaging,2025-01-25,Starved,,,2025-01-25 14:14:00,2025-01-25 14:59:00,46
M1,ST8,Packaging,2025-01-25,Starved,,,2025-01-25 15:01:00,2025-01-25 15:39:00,39
M1,ST8,Packaging,2025-01-25,Starved,,,2025-01-25 15:45:00,2025-01-25 15:53:00,9
M1,ST8,Packaging,2025-01-25,Starved,,,2025-01-25 15:57:00,2025-01-25 15:57:00,1
M1,ST8,Packaging,2025-01-25,Starved,,,2025-01-25 16:18:00,2025-01-25 16:43:00,26
M1,ST8,Packaging,2025-01-25,Starved,,,2025-01-25 17:54:00,2025-01-25 18:02:00,9
M1,ST8,Packaging,2025-01-25,Starved,,,2025-01-25 19:12:00,2025-01-25 19:19:00,8
M1,ST8,Packaging,2025-01-25,Starved,,,2025-01-25 19:22:00,2025-01-25 19:49:00,28
M1,ST8,Packaging,2025-01-25,Starved,,,2025-01-25 19:59:00,2025-01-25 20:00:00,2
M1,ST8,Packaging,2025-01-25,Starved,,,2025-01-25 20:13:00,2025-01-25 20:45:00,33
M1,ST8,Packaging,2025-01-25,Starved,,,2025-01-25 21:13:00,2025-01-25 21:25:00,13
M1,ST8,Packaging,2025-01-25,Starved,,,2025-01-25 21:46:00,2025-01-25 22:04:00,19
M1,ST8,Packaging,2025-01-25,Starved,,,2025-01-25 22:34:00,2025-01-25 22:54:00,21
M1,ST8,Packaging,2025-01-25,Starved,,,2025-01-25 23:29:00,2025-01-25 23:32:00,4
M1,ST8,Packaging,2025-01-26,Starved,,,2025-01-26 00:06:00,2025-01-26 00:36:00,31
M1,ST8,Packaging,2025-01-26,Starved,,,2025-01-26 00:42:00,2025-01-26 00:56:00,15
M1,ST8,Packaging,2025-01-26,Starved,,,2025-01-26 01:05:00,2025-01-26 01:17:00,13
M1,ST8,Packaging,2025-01-26,Starved,,,2025-01-26 02:00:00,2025-01-26 02:13:00,14
M1,ST8,Packaging,2025-01-26,Starved,,,2025-01-26 02:30:00,2025-01-26 03:00:00,31
M1,ST8,Packaging,2025-01-26,Starved,,,2025-01-26 03:04:00,2025-01-26 03:16:00,13
M1,ST8,Packaging,2025-01-26,Starved,,,2025-01-26 03:20:00,2025-01-26 03:32:00,13
M1,ST8,Packaging,2025-01-26,Starved,,,2025-01-26 03:36:00,2025-01-26 03:44:00,9
M1,ST8,Packaging,2025-01-26,Starved,,,2025-01-26 03:57:00,2025-01-26 04:08:00,12
M1,ST8,Packaging,2025-01-26,Starved,,,2025-01-26 04:20:00,2025-01-26 04:47:00,28
M1,ST8,Packaging,2025-01-26,Starved,,,2025-01-26 06:01:00,2025-01-26 06:11:00,11
M1,ST8,Packaging,2025-01-26,Starved,,,2025-01-26 06:15:00,2025-01-26 07:01:00,47
M1,ST8,Packaging,2025-01-26,Starved,,,2025-01-26 07:12:00,2025-01-26 07:33:00,22
M1,ST8,Packaging,2025-01-26,Starved,,,2025-01-26 07:40:00,2025-01-26 08:01:00,22
M1,ST8,Packaging,2025-01-26,Starved,,,2025-01-26 09:31:00,2025-01-26 09:51:00,21
M1,ST8,Packaging,2025-01-26,Starved,,,2025-01-26 09:56:00,2025-01-26 10:12:00,17
M1,ST8,Packaging,2025-01-26,Starved,,,2025-01-26 10:31:00,2025-01-26 11:43:00,73
M1,ST8,Packaging,2025-01-26,Starved,,,2025-01-26 12:22:00,2025-01-26 12:45:00,24
M1,ST8,Packaging,2025-01-26,Starved,,,2025-01-26 13:05:00,2025-01-26 13:32:00,28
M1,ST8,Packaging,2025-01-26,Starved,,,2025-01-26 14:11:00,2025-01-26 14:40:00,30
M1,ST8,Packaging,2025-01-26,Starved,,,2025-01-26 15:19:00,2025-01-26 15:54:00,36
M1,ST8,Packaging,2025-01-26,Starved,,,2025-01-26 17:26:00,2025-01-26 17:33:00,8
M1,ST8,Packaging,2025-01-26,Starved,,,2025-01-26 18:12:00,2025-01-26 18:26:00,15
M1,ST8,Packaging,2025-01-26,Starved,,,2025-01-26 18:29:00,2025-01-26 18:53:00,25
M1,ST8,Packaging,2025-01-26,Starved,,,2025-01-26 18:59:00,2025-01-26 19:33:00,35
M1,ST8,Packaging,2025-01-26,Starved,,,2025-01-26 19:40:00,2025-01-26 20:05:00,26
M1,ST8,Packaging,2025-01-26,Starved,,,2025-01-26 20:09:00,2025-01-26 20:30:00,22
M1,ST8,Packaging,2025-01-26,Starved,,,2025-01-26 20:49:00,2025-01-26 21:15:00,27
M1,ST8,Packaging,2025-01-26,Starved,,,2025-01-26 21:25:00,2025-01-26 21:59:00,35
M1,ST8,Packaging,2025-01-26,Starved,,,2025-01-26 22:04:00,2025-01-26 22:21:00,18
M1,ST8,Packaging,2025-01-26,Starved,,,2025-01-26 22:56:00,2025-01-26 23:07:00,12
M1,ST8,Packaging,2025-01-26,Starved,,,2025-01-26 23:53:00,2025-01-27 00:10:00,18
M1,ST8,Packaging,2025-01-27,Starved,,,2025-01-27 01:41:00,2025-01-27 01:45:00,5
M1,ST8,Packaging,2025-01-27,Starved,,,2025-01-27 03:34:00,2025-01-27 03:38:00,5
M1,ST8,Packaging,2025-01-27,Starved,,,2025-01-27 04:27:00,2025-01-27 04:54:00,28
M1,ST8,Packaging,2025-01-27,Starved,,,2025-01-27 05:48:00,2025-01-27 06:03:00,16
M1,ST8,Packaging,2025-01-27,Starved,,,2025-01-27 06:08:00,2025-01-27 06:43:00,36
M1,ST8,Packaging,2025-01-27,Starved,,,2025-01-27 06:49:00,2025-01-27 07:09:00,21
M1,ST8,Packaging,2025-01-27,Starved,,,2025-01-27 07:38:00,2025-01-27 07:50:00,13
M1,ST8,Packaging,2025-01-27,Starved,,,2025-01-27 07:55:00,2025-01-27 08:41:00,47
M1,ST8,Packaging,2025-01-27,Starved,,,2025-01-27 08:43:00,2025-01-27 08:48:00,6
M1,ST8,Packaging,2025-01-27,Starved,,,2025-01-27 10:47:00,2025-01-27 11:17:00,31
M1,ST8,Packaging,2025-01-27,Starved,,,2025-01-27 11:27:00,2025-01-27 11:32:00,6
M1,ST8,Packaging,2025-01-27,Starved,,,2025-01-27 12:09:00,2025-01-27 12:40:00,32
M1,ST8,Packaging,2025-01-27,Starved,,,2025-01-27 13:23:00,2025-01-27 14:00:00,38
M1,ST8,Packaging,2025-01-27,Starved,,,2025-01-27 14:13:00,2025-01-27 14:44:00,32
M1,ST8,Packaging,2025-01-27,Starved,,,2025-01-27 15:15:00,2025-01-27 15:51:00,37
M1,ST8,Packaging,2025-01-27,Starved,,,2025-01-27 16:16:00,2025-01-27 16:31:00,16
M1,ST8,Packaging,2025-01-27,Starved,,,2025-01-27 16:35:00,2025-01-27 17:15:00,41
M1,ST8,Packaging,2025-01-27,Starved,,,2025-01-27 17:36:00,2025-01-27 17:52:00,17
M1,ST8,Packaging,2025-01-27,Starved,,,2025-01-27 18:09:00,2025-01-27 18:20:00,12
M1,ST8,Packaging,2025-01-27,Starved,,,2025-01-27 18:23:00,2025-01-27 18:44:00,22
M1,ST8,Packaging,2025-01-27,Starved,,,2025-01-27 19:16:00,2025-01-27 19:32:00,17
M1,ST8,Packaging,2025-01-27,Starved,,,2025-01-27 19:36:00,2025-01-27 19:57:00,22
M1,ST8,Packaging,2025-01-27,Starved,,,2025-01-27 20:22:00,2025-01-27 20:24:00,3
M1,ST8,Packaging,2025-01-27,Starved,,,2025-01-27 21:31:00,2025-01-27 21:34:00,4
M1,ST8,Packaging,2025-01-27,Starved,,,2025-01-27 21:52:00,2025-01-27 21:58:00,7
M1,ST8,Packaging,2025-01-27,Starved,,,2025-01-27 22:37:00,2025-01-27 22:40:00,4
M1,ST8,Packaging,2025-01-27,Starved,,,2025-01-27 23:43:00,2025-01-27 23:56:00,14
M1,ST8,Packaging,2025-01-28,Starved,,,2025-01-28 00:03:00,2025-01-28 00:05:00,3
M1,ST8,Packaging,2025-01-28,Starved,,,2025-01-28 00:13:00,2025-01-28 00:53:00,41
M1,ST8,Packaging,2025-01-28,Starved,,,2025-01-28 01:01:00,2025-01-28 01:10:00,10
M1,ST8,Packaging,2025-01-28,Starved,,,2025-01-28 01:31:00,2025-01-28 01:46:00,16
M1,ST8,Packaging,2025-01-28,Starved,,,2025-01-28 02:18:00,2025-01-28 02:20:00,3
M1,ST8,Packaging,2025-01-28,Starved,,,2025-01-28 02:25:00,2025-01-28 02:59:00,35
M1,ST8,Packaging,2025-01-28,Starved,,,2025-01-28 03:03:00,2025-01-28 03:32:00,30
M1,ST8,Packaging,2025-01-28,Starved,,,2025-01-28 03:36:00,2025-01-28 03:38:00,3
M1,ST8,Packaging,2025-01-28,Starved,,,2025-01-28 05:32:00,2025-01-28 05:38:00,7
M1,ST8,Packaging,2025-01-28,Starved,,,2025-01-28 05:40:00,2025-01-28 06:24:00,45
M1,ST8,Packaging,2025-01-28,Starved,,,2025-01-28 06:33:00,2025-01-28 06:51:00,19
M1,ST8,Packaging,2025-01-28,Starved,,,2025-01-28 07:52:00,2025-01-28 08:07:00,16
M1,ST8,Packaging,2025-01-28,Starved,,,2025-01-28 09:03:00,2025-01-28 09:40:00,38
M1,ST8,Packaging,2025-01-28,Starved,,,2025-01-28 09:53:00,2025-01-28 10:22:00,30
M1,ST8,Packaging,2025-01-28,Starved,,,2025-01-28 10:30:00,2025-01-28 10:55:00,26
M1,ST8,Packaging,2025-01-28,Starved,,,2025-01-28 11:36:00,2025-01-28 11:39:00,4
M1,ST8,Packaging,2025-01-28,Starved,,,2025-01-28 12:14:00,2025-01-28 13:08:00,55
M1,ST8,Packaging,2025-01-28,Starved,,,2025-01-28 13:17:00,2025-01-28 13:39:00,23
M1,ST8,Packaging,2025-01-28,Starved,,,2025-01-28 14:18:00,2025-01-28 14:18:00,1
M1,ST8,Packaging,2025-01-28,Starved,,,2025-01-28 14:23:00,2025-01-28 14:47:00,25
M1,ST8,Packaging,2025-01-28,Starved,,,2025-01-28 14:51:00,2025-01-28 15:22:00,32
M1,ST8,Packaging,2025-01-28,Starved,,,2025-01-28 15:35:00,2025-01-28 15:38:00,4
M1,ST8,Packaging,2025-01-28,Starved,,,2025-01-28 15:53:00,2025-01-28 16:23:00,31
M1,ST8,Packaging,2025-01-28,Starved,,,2025-01-28 17:15:00,2025-01-28 17:32:00,18
M1,ST8,Packaging,2025-01-28,Starved,,,2025-01-28 17:38:00,2025-01-28 17:42:00,5
M1,ST8,Packaging,2025-01-28,Starved,,,2025-01-28 17:46:00,2025-01-28 17:48:00,3
M1,ST8,Packaging,2025-01-28,Starved,,,2025-01-28 18:21:00,2025-01-28 18:53:00,33
M1,ST8,Packaging,2025-01-28,Starved,,,2025-01-28 18:55:00,2025-01-28 18:55:00,1
M1,ST8,Packaging,2025-01-28,Starved,,,2025-01-28 18:57:00,2025-01-28 19:35:00,39
M1,ST8,Packaging,2025-01-28,Starved,,,2025-01-28 19:42:00,2025-01-28 20:13:00,32
M1,ST8,Packaging,2025-01-28,Starved,,,2025-01-28 20:19:00,2025-01-28 21:05:00,47
M1,ST8,Packaging,2025-01-28,Starved,,,2025-01-28 21:11:00,2025-01-28 21:20:00,10
M1,ST8,Packaging,2025-01-28,Starved,,,2025-01-28 21:29:00,2025-01-28 21:51:00,23
M1,ST8,Packaging,2025-01-28,Starved,,,2025-01-28 21:55:00,2025-01-28 22:09:00,15
M1,ST8,Packaging,2025-01-28,Starved,,,2025-01-28 23:06:00,2025-01-28 23:14:00,9
M1,ST8,Packaging,2025-01-28,Starved,,,2025-01-28 23:25:00,2025-01-28 23:38:00,14
M1,ST8,Packaging,2025-01-29,Starved,,,2025-01-29 00:22:00,2025-01-29 00:27:00,6
M1,ST8,Packaging,2025-01-29,Starved,,,2025-01-29 00:30:00,2025-01-29 00:44:00,15
M1,ST8,Packaging,2025-01-29,Starved,,,2025-01-29 00:46:00,2025-01-29 01:06:00,21
M1,ST8,Packaging,2025-01-29,Starved,,,2025-01-29 01:47:00,2025-01-29 02:05:00,19
M1,ST8,Packaging,2025-01-29,Starved,,,2025-01-29 02:23:00,2025-01-29 02:53:00,31
M1,ST8,Packaging,2025-01-29,Starved,,,2025-01-29 03:00:00,2025-01-29 03:20:00,21
M1,ST8,Packaging,2025-01-29,Starved,,,2025-01-29 03:24:00,2025-01-29 03:25:00,2
M1,ST8,Packaging,2025-01-29,Starved,,,2025-01-29 04:51:00,2025-01-29 05:12:00,22
M1,ST8,Packaging,2025-01-29,Starved,,,2025-01-29 05:38:00,2025-01-29 05:44:00,7
M1,ST8,Packaging,2025-01-29,Starved,,,2025-01-29 06:04:00,2025-01-29 06:34:00,31
M1,ST8,Packaging,2025-01-29,Starved,,,2025-01-29 08:06:00,2025-01-29 08:33:00,28
M1,ST8,Packaging,2025-01-29,Starved,,,2025-01-29 09:16:00,2025-01-29 09:39:00,24
M1,ST8,Packaging,2025-01-29,Starved,,,2025-01-29 09:50:00,2025-01-29 10:05:00,16
M1,ST8,Packaging,2025-01-29,Starved,,,2025-01-29 10:15:00,2025-01-29 10:34:00,20
M1,ST8,Packaging,2025-01-29,Starved,,,2025-01-29 10:53:00,2025-01-29 11:22:00,30
M1,ST8,Packaging,2025-01-29,Starved,,,2025-01-29 11:35:00,2025-01-29 11:49:00,15
M1,ST8,Packaging,2025-01-29,Starved,,,2025-01-29 12:00:00,2025-01-29 12:12:00,13
M1,ST8,Packaging,2025-01-29,Starved,,,2025-01-29 12:53:00,2025-01-29 12:57:00,5
M1,ST8,Packaging,2025-01-29,Starved,,,2025-01-29 13:00:00,2025-01-29 13:05:00,6
M1,ST8,Packaging,2025-01-29,Starved,,,2025-01-29 13:45:00,2025-01-29 14:41:00,57
M1,ST8,Packaging,2025-01-29,Starved,,,2025-01-29 14:47:00,2025-01-29 15:12:00,26
M1,ST8,Packaging,2025-01-29,Starved,,,2025-01-29 15:43:00,2025-01-29 16:03:00,21
M1,ST8,Packaging,2025-01-29,Starved,,,2025-01-29 16:13:00,2025-01-29 16:18:00,6
M1,ST8,Packaging,2025-01-29,Starved,,,2025-01-29 16:48:00,2025-01-29 18:26:00,99
M1,ST8,Packaging,2025-01-29,Starved,,,2025-01-29 19:11:00,2025-01-29 19:17:00,7
M1,ST8,Packaging,2025-01-29,Starved,,,2025-01-29 19:39:00,2025-01-29 19:59:00,21
M1,ST8,Packaging,2025-01-29,Starved,,,2025-01-29 20:04:00,2025-01-29 20:29:00,26
M1,ST8,Packaging,2025-01-29,Starved,,,2025-01-29 21:11:00,2025-01-29 21:27:00,17
M1,ST8,Packaging,2025-01-29,Starved,,,2025-01-29 21:30:00,2025-01-29 21:45:00,16
M1,ST8,Packaging,2025-01-29,Starved,,,2025-01-29 22:08:00,2025-01-29 22:09:00,2
M1,ST8,Packaging,2025-01-29,Starved,,,2025-01-29 22:17:00,2025-01-29 23:06:00,50
M1,ST8,Packaging,2025-01-29,Starved,,,2025-01-29 23:14:00,2025-01-29 23:51:00,38
M1,ST8,Packaging,2025-01-29,Starved,,,2025-01-29 23:53:00,2025-01-30 00:07:00,15
M1,ST8,Packaging,2025-01-30,Starved,,,2025-01-30 00:56:00,2025-01-30 00:57:00,2
M1,ST8,Packaging,2025-01-30,Starved,,,2025-01-30 01:40:00,2025-01-30 02:19:00,40
M1,ST8,Packaging,2025-01-30,Starved,,,2025-01-30 02:30:00,2025-01-30 02:31:00,2
M1,ST8,Packaging,2025-01-30,Starved,,,2025-01-30 03:45:00,2025-01-30 04:14:00,30
M1,ST8,Packaging,2025-01-30,Starved,,,2025-01-30 04:47:00,2025-01-30 05:25:00,39
M1,ST8,Packaging,2025-01-30,Starved,,,2025-01-30 06:06:00,2025-01-30 06:32:00,27
M1,ST8,Packaging,2025-01-30,Starved,,,2025-01-30 06:36:00,2025-01-30 06:43:00,8
M1,ST8,Packaging,2025-01-30,Starved,,,2025-01-30 06:47:00,2025-01-30 06:48:00,2
M1,ST8,Packaging,2025-01-30,Starved,,,2025-01-30 06:59:00,2025-01-30 07:14:00,16
M1,ST8,Packaging,2025-01-30,Starved,,,2025-01-30 07:18:00,2025-01-30 07:50:00,33
M1,ST8,Packaging,2025-01-30,Starved,,,2025-01-30 08:01:00,2025-01-30 08:02:00,2
M1,ST8,Packaging,2025-01-30,Starved,,,2025-01-30 08:18:00,2025-01-30 08:49:00,32
M1,ST8,Packaging,2025-01-30,Starved,,,2025-01-30 08:53:00,2025-01-30 08:55:00,3
M1,ST8,Packaging,2025-01-30,Starved,,,2025-01-30 09:31:00,2025-01-30 10:06:00,36
M1,ST8,Packaging,2025-01-30,Starved,,,2025-01-30 10:21:00,2025-01-30 10:23:00,3
M1,ST8,Packaging,2025-01-30,Starved,,,2025-01-30 10:51:00,2025-01-30 11:02:00,12
M1,ST8,Packaging,2025-01-30,Starved,,,2025-01-30 12:30:00,2025-01-30 12:53:00,24
M1,ST8,Packaging,2025-01-30,Starved,,,2025-01-30 13:04:00,2025-01-30 13:50:00,47
M1,ST8,Packaging,2025-01-30,Starved,,,2025-01-30 14:17:00,2025-01-30 14:47:00,31
M1,ST8,Packaging,2025-01-30,Starved,,,2025-01-30 15:17:00,2025-01-30 15:17:00,1
M1,ST8,Packaging,2025-01-30,Starved,,,2025-01-30 15:57:00,2025-01-30 16:14:00,18
M1,ST8,Packaging,2025-01-30,Starved,,,2025-01-30 16:34:00,2025-01-30 17:01:00,28
M1,ST8,Packaging,2025-01-30,Starved,,,2025-01-30 17:08:00,2025-01-30 17:58:00,51
M1,ST8,Packaging,2025-01-30,Starved,,,2025-01-30 18:12:00,2025-01-30 18:14:00,3
M1,ST8,Packaging,2025-01-30,Starved,,,2025-01-30 18:54:00,2025-01-30 19:52:00,59
M1,ST8,Packaging,2025-01-30,Starved,,,2025-01-30 20:36:00,2025-01-30 20:45:00,10
M1,ST8,Packaging,2025-01-30,Starved,,,2025-01-30 20:52:00,2025-01-30 20:53:00,2
M1,ST8,Packaging,2025-01-30,Starved,,,2025-01-30 21:22:00,2025-01-30 21:53:00,32
M1,ST8,Packaging,2025-01-30,Starved,,,2025-01-30 21:59:00,2025-01-30 22:36:00,38
M1,ST8,Packaging,2025-01-30,Starved,,,2025-01-30 22:40:00,2025-01-30 22:41:00,2
M1,ST8,Packaging,2025-01-30,Starved,,,2025-01-30 23:10:00,2025-01-30 23:23:00,14
M1,ST8,Packaging,2025-01-30,Starved,,,2025-01-30 23:37:00,2025-01-30 23:55:00,19
M1,ST8,Packaging,2025-01-30,Starved,,,2025-01-30 23:59:00,2025-01-31 00:44:00,46
M1,ST8,Packaging,2025-01-31,Starved,,,2025-01-31 00:58:00,2025-01-31 01:26:00,29
M1,ST8,Packaging,2025-01-31,Starved,,,2025-01-31 01:36:00,2025-01-31 01:59:00,24
M1,ST8,Packaging,2025-01-31,Starved,,,2025-01-31 02:03:00,2025-01-31 02:18:00,16
M1,ST8,Packaging,2025-01-31,Starved,,,2025-01-31 02:42:00,2025-01-31 03:00:00,19
M1,ST8,Packaging,2025-01-31,Starved,,,2025-01-31 04:11:00,2025-01-31 04:26:00,16
M1,ST8,Packaging,2025-01-31,Starved,,,2025-01-31 04:35:00,2025-01-31 04:46:00,12
M1,ST8,Packaging,2025-01-31,Starved,,,2025-01-31 04:48:00,2025-01-31 05:02:00,15
M1,ST8,Packaging,2025-01-31,Starved,,,2025-01-31 05:09:00,2025-01-31 05:51:00,43
M1,ST8,Packaging,2025-01-02,Quality,,,2025-01-02 16:11:00,2025-01-02 16:45:00,35
M1,ST8,Packaging,2025-01-03,Quality,,,2025-01-03 12:56:00,2025-01-03 13:21:00,26
M1,ST8,Packaging,2025-01-04,Quality,,,2025-01-04 02:18:00,2025-01-04 02:43:00,26
M1,ST8,Packaging,2025-01-04,Quality,,,2025-01-04 08:03:00,2025-01-04 08:16:00,14
M1,ST8,Packaging,2025-01-06,Quality,,,2025-01-06 18:18:00,2025-01-06 18:50:00,33
M1,ST8,Packaging,2025-01-08,Quality,,,2025-01-08 04:39:00,2025-01-08 05:18:00,40
M1,ST8,Packaging,2025-01-09,Quality,,,2025-01-09 02:16:00,2025-01-09 02:41:00,26
M1,ST8,Packaging,2025-01-09,Quality,,,2025-01-09 19:17:00,2025-01-09 19:25:00,9
M1,ST8,Packaging,2025-01-13,Quality,,,2025-01-13 06:58:00,2025-01-13 07:07:00,10
M1,ST8,Packaging,2025-01-16,Quality,,,2025-01-16 05:56:00,2025-01-16 06:26:00,31
M1,ST8,Packaging,2025-01-20,Quality,,,2025-01-20 12:11:00,2025-01-20 12:32:00,22
M1,ST8,Packaging,2025-01-24,Quality,,,2025-01-24 11:51:00,2025-01-24 12:13:00,23
M1,ST8,Packaging,2025-01-30,Quality,,,2025-01-30 15:31:00,2025-01-30 15:44:00,14
