machine,station_id,hour,count,xbar,s,R
M1,ST1,2025-01-01 06:00:00,60,6.483333333333333,0.5039392842990978,1
M1,ST1,2025-01-01 07:00:00,23,6.391304347826087,0.8913284485317717,4
M1,ST1,2025-01-01 08:00:00,41,6.317073170731708,0.9858758641493335,6
M1,ST1,2025-01-01 09:00:00,43,6.4186046511627906,0.9815575120703122,6
M1,ST1,2025-01-01 10:00:00,24,6.166666666666667,1.2038585308576921,6
M1,ST1,2025-01-01 11:00:00,60,6.483333333333333,0.503939284299098,1
M1,ST1,2025-01-01 12:00:00,12,5.833333333333333,1.6422453217986943,5
M1,ST1,2025-01-01 13:00:00,29,5.586206896551724,0.682288239221013,2
M1,ST1,2025-01-01 14:00:00,4,5.75,1.8929694486000912,4
M1,ST1,2025-01-01 15:00:00,37,5.351351351351352,1.2956383286545203,6
M1,ST1,2025-01-01 16:00:00,2,4.5,0.7071067811865476,1
M1,ST1,2025-01-01 17:00:00,25,6.28,1.021436896402971,5
M1,ST1,2025-01-01 18:00:00,40,6.275,0.45220258677630265,1
M1,ST1,2025-01-01 19:00:00,49,6.387755102040816,0.9313146293146641,6
M1,ST1,2025-01-01 20:00:00,14,6.428571428571429,0.646206172658864,2
M1,ST1,2025-01-01 21:00:00,34,6.352941176470588,0.5439670746038949,2
M1,ST1,2025-01-01 22:00:00,22,5.7272727272727275,1.3159033899195378,6
M1,ST1,2025-01-01 23:00:00,25,4.96,0.5385164807134504,2
M1,ST1,2025-01-02 00:00:00,14,6.071428571428571,0.7300459115473718,2
M1,ST1,2025-01-02 01:00:00,12,5.5,1.7320508075688772,6
M1,ST1,2025-01-02 02:00:00,19,5.894736842105263,1.3701069237311885,6
M1,ST1,2025-01-02 03:00:00,33,5.787878787878788,0.9603897567386298,5
M1,ST1,2025-01-02 04:00:00,34,6.470588235294118,0.5066403971048989,1
M1,ST1,2025-01-02 05:00:00,38,6.342105263157895,0.7453029780973237,4
M1,ST1,2025-01-02 06:00:00,4,4.25,2.6299556396765835,5
M1,ST1,2025-01-02 07:00:00,9,6.333333333333333,0.5,1
M1,ST1,2025-01-02 08:00:00,8,5.875,2.03100960115899,6
M1,ST1,2025-01-02 09:00:00,35,6.285714285714286,0.7100716024967265,3
M1,ST1,2025-01-02 10:00:00,7,5.0,0.5773502691896258,2
M1,ST1,2025-01-02 11:00:00,6,6.0,0.6324555320336759,2
M1,ST1,2025-01-02 12:00:00,4,4.75,2.5,5
M1,ST1,2025-01-02 13:00:00,33,5.333333333333333,0.9895285072531597,4
M1,ST1,2025-01-02 14:00:00,22,5.5,1.300183137283433,6
M1,ST1,2025-01-02 15:00:00,40,6.475,0.5541220822628187,2
M1,ST1,2025-01-02 16:00:00,10,6.3,0.6749485577105528,2
M1,ST1,2025-01-02 17:00:00,44,6.454545454545454,0.6631336970863542,3
M1,ST1,2025-01-02 18:00:00,12,6.416666666666667,0.5149286505444373,1
M1,ST1,2025-01-02 19:00:00,31,5.354838709677419,1.1415891583453361,5
M1,ST1,2025-01-02 20:00:00,33,5.575757575757576,1.1188806636071338,6
M1,ST1,2025-01-02 22:00:00,26,6.1923076923076925,0.63367062543443,2
M1,ST1,2025-01-02 23:00:00,13,4.923076923076923,0.7595545253127501,3
M1,ST1,2025-01-03 00:00:00,34,6.0588235294117645,1.1531557878035132,6
M1,ST1,2025-01-03 01:00:00,27,6.296296296296297,0.8234456132997965,4
M1,ST1,2025-01-03 02:00:00,14,5.214285714285714,1.1883130530663677,5
M1,ST1,2025-01-03 03:00:00,26,6.538461538461538,0.5083911274417939,1
M1,ST1,2025-01-03 04:00:00,24,5.708333333333333,1.3666578295932037,6
M1,ST1,2025-01-03 05:00:00,20,4.95,0.6863327411532597,2
M1,ST1,2025-01-03 06:00:00,58,6.396551724137931,0.5278109434395226,2
M1,ST1,2025-01-03 07:00:00,40,5.65,0.8638019716079877,3
M1,ST1,2025-01-03 08:00:00,21,5.095238095238095,0.8309489698388169,3
M1,ST1,2025-01-03 09:00:00,31,6.354838709677419,1.112006807436423,6
M1,ST1,2025-01-03 10:00:00,28,5.321428571428571,1.4156158567804527,6
M1,ST1,2025-01-03 11:00:00,18,6.055555555555555,0.6391374907061417,2
M1,ST1,2025-01-03 12:00:00,39,6.153846153846154,0.8747469269650611,4
M1,ST1,2025-01-03 13:00:00,31,6.064516129032258,1.12355044007728,6
M1,ST1,2025-01-03 14:00:00,34,6.352941176470588,0.773905989951895,4
M1,ST1,2025-01-03 15:00:00,31,5.645161290322581,0.9848311901632072,3
M1,ST1,2025-01-03 16:00:00,15,4.666666666666667,1.046536236944567,4
M1,ST1,2025-01-03 17:00:00,7,4.857142857142857,1.6761634196950517,5
M1,ST1,2025-01-03 19:00:00,9,5.555555555555555,1.0137937550497031,3
M1,ST1,2025-01-03 20:00:00,42,5.571428571428571,0.8006965608633508,3
M1,ST1,2025-01-03 21:00:00,32,5.4375,1.0757592967370206,6
M1,ST1,2025-01-03 22:00:00,60,6.15,0.7089022308339537,2
M1,ST1,2025-01-03 23:00:00,23,6.260869565217392,1.2510864843424487,6
M1,ST1,2025-01-04 00:00:00,15,6.133333333333334,0.833809387832792,3
M1,ST1,2025-01-04 01:00:00,26,4.884615384615385,0.32581259360842113,1
M1,ST1,2025-01-04 02:00:00,32,5.71875,0.6342063874918665,2
M1,ST1,2025-01-04 03:00:00,9,6.222222222222222,0.6666666666666665,2
M1,ST1,2025-01-04 04:00:00,34,6.264705882352941,0.8981065445808167,4
M1,ST1,2025-01-04 05:00:00,25,5.76,0.9695359714832656,4
M1,ST1,2025-01-04 06:00:00,31,5.645161290322581,1.2260610940942596,6
M1,ST1,2025-01-04 07:00:00,23,5.782608695652174,0.902346523798844,4
M1,ST1,2025-01-04 08:00:00,9,6.0,1.224744871391589,4
M1,ST1,2025-01-04 09:00:00,59,5.305084745762712,0.8148246540405252,3
M1,ST1,2025-01-04 10:00:00,53,6.433962264150943,0.6936368469679924,4
M1,ST1,2025-01-04 11:00:00,25,6.16,1.1789826122551597,6
M1,ST1,2025-01-04 12:00:00,16,6.125,0.9574271077563381,3
M1,ST1,2025-01-04 13:00:00,2,3.5,3.5355339059327378,5
M1,ST1,2025-01-04 14:00:00,26,4.884615384615385,0.8638019716079874,5
M1,ST1,2025-01-04 15:00:00,51,5.1568627450980395,0.5048781642974011,2
M1,ST1,2025-01-04 16:00:00,33,6.03030303030303,0.9514741353831064,3
M1,ST1,2025-01-04 17:00:00,23,6.173913043478261,0.6503267649311159,3
M1,ST1,2025-01-04 18:00:00,20,5.8,1.5761378513048248,6
M1,ST1,2025-01-04 19:00:00,24,5.208333333333333,0.6580053301400786,3
M1,ST1,2025-01-04 20:00:00,30,5.433333333333334,0.9352607356658146,3
M1,ST1,2025-01-04 21:00:00,8,5.625,1.407885953173359,4
M1,ST1,2025-01-04 22:00:00,17,5.470588235294118,1.3284223283101428,5
M1,ST1,2025-01-04 23:00:00,17,5.9411764705882355,1.2976222599091636,5
M1,ST1,2025-01-05 00:00:00,38,4.7894736842105265,0.7035775274456967,4
M1,ST1,2025-01-05 01:00:00,41,6.487804878048781,0.5060608273474739,1
M1,ST1,2025-01-05 02:00:00,14,5.785714285714286,1.7177163475234933,6
M1,ST1,2025-01-05 03:00:00,31,5.129032258064516,1.056470081099349,3
M1,ST1,2025-01-05 04:00:00,21,4.476190476190476,0.6015852075182384,2
M1,ST1,2025-01-05 05:00:00,50,6.18,0.9189612592043082,5
M1,ST1,2025-01-05 06:00:00,11,5.454545454545454,1.916436086262016,6
M1,ST1,2025-01-05 07:00:00,3,5.0,3.4641016151377544,6
M1,ST1,2025-01-05 08:00:00,50,5.0,0.20203050891044214,2
M1,ST1,2025-01-05 09:00:00,23,5.260869565217392,0.4489777585448793,1
M1,ST1,2025-01-05 10:00:00,10,4.9,0.316227766016838,1
M1,ST1,2025-01-05 11:00:00,45,5.311111111111111,1.0405903530344118,3
M1,ST1,2025-01-05 12:00:00,19,4.894736842105263,0.8093026382225118,3
M1,ST1,2025-01-05 13:00:00,38,5.131578947368421,0.9910696550527766,5
M1,ST1,2025-01-05 14:00:00,50,5.44,0.9930369826847296,3
M1,ST1,2025-01-05 15:00:00,37,4.8108108108108105,0.5184291357251913,2
M1,ST1,2025-01-05 16:00:00,46,6.543478260869565,0.5036101551853348,1
M1,ST1,2025-01-05 17:00:00,3,5.0,2.6457513110645907,5
M1,ST1,2025-01-05 18:00:00,6,5.666666666666667,1.8618986725025255,5
M1,ST1,2025-01-05 19:00:00,12,5.916666666666667,1.083624669450832,4
M1,ST1,2025-01-05 20:00:00,11,6.7272727272727275,0.6466697906828632,2
M1,ST1,2025-01-05 21:00:00,35,4.9714285714285715,0.7853704366024205,3
M1,ST1,2025-01-05 22:00:00,24,5.166666666666667,0.4815434123430768,2
M1,ST1,2025-01-05 23:00:00,19,5.052631578947368,0.8481145238787245,4
M1,ST1,2025-01-06 00:00:00,19,5.684210526315789,1.1572300058975775,5
M1,ST1,2025-01-06 01:00:00,28,6.357142857142857,0.9893613995077729,5
M1,ST1,2025-01-06 02:00:00,24,5.875,1.3613452426057167,5
M1,ST1,2025-01-06 03:00:00,55,6.072727272727272,1.1840693400389193,6
M1,ST1,2025-01-06 04:00:00,5,6.2,0.44721359549995804,1
M1,ST1,2025-01-06 05:00:00,34,6.235294117647059,0.9230654965241851,5
M1,ST1,2025-01-06 06:00:00,17,6.352941176470588,0.492592183071889,1
M1,ST1,2025-01-06 07:00:00,14,5.357142857142857,1.008208072018627,3
M1,ST1,2025-01-06 08:00:00,59,4.728813559322034,0.4483882428930301,1
M1,ST1,2025-01-06 09:00:00,45,5.6,1.0531338514599695,3
M1,ST1,2025-01-06 10:00:00,10,6.5,0.5270462766947299,1
M1,ST1,2025-01-06 11:00:00,15,5.666666666666667,1.6761634196950514,5
M1,ST1,2025-01-06 12:00:00,23,6.260869565217392,0.688700443150182,3
M1,ST1,2025-01-06 13:00:00,48,6.270833333333333,0.9394335851953068,5
M1,ST1,2025-01-06 14:00:00,3,5.0,2.6457513110645907,5
M1,ST1,2025-01-06 15:00:00,31,5.709677419354839,1.216375720109999,6
M1,ST1,2025-01-06 16:00:00,10,6.6,0.5163977794943223,1
M1,ST1,2025-01-06 17:00:00,30,6.2,1.2703515668696896,6
M1,ST1,2025-01-06 18:00:00,14,5.571428571428571,0.7559289460184546,3
M1,ST1,2025-01-06 19:00:00,31,6.096774193548387,0.7897188828807977,2
M1,ST1,2025-01-06 20:00:00,43,5.953488372093023,0.9246231760661829,3
M1,ST1,2025-01-06 21:00:00,18,5.833333333333333,1.3826657968874307,6
M1,ST1,2025-01-06 22:00:00,10,6.5,0.5270462766947298,1
M1,ST1,2025-01-06 23:00:00,35,6.257142857142857,1.093909802251623,6
M1,ST1,2025-01-07 00:00:00,22,6.409090909090909,0.5032362797401965,1
M1,ST1,2025-01-07 01:00:00,38,5.7368421052631575,1.031509272765327,5
M1,ST1,2025-01-07 02:00:00,10,4.2,1.4757295747452437,4
M1,ST1,2025-01-07 03:00:00,27,6.333333333333333,1.0,5
M1,ST1,2025-01-07 04:00:00,28,6.428571428571429,0.5039526306789697,1
M1,ST1,2025-01-07 05:00:00,9,6.222222222222222,0.97182531580755,3
M1,ST1,2025-01-07 06:00:00,18,5.777777777777778,1.6289858106324409,6
M1,ST1,2025-01-07 07:00:00,12,6.5,0.5222329678670935,1
M1,ST1,2025-01-07 08:00:00,46,4.826086956521739,0.38322304651683275,1
M1,ST1,2025-01-07 09:00:00,12,4.25,1.1381803659589922,4
M1,ST1,2025-01-07 10:00:00,10,5.7,1.888562063228706,6
M1,ST1,2025-01-07 11:00:00,39,4.615384615384615,0.49286405809014416,1
M1,ST1,2025-01-07 12:00:00,33,5.757575757575758,1.0009465217452633,3
M1,ST1,2025-01-07 13:00:00,32,6.375,0.6599120175960899,3
M1,ST1,2025-01-07 14:00:00,8,6.0,1.3093073414159542,4
M1,ST1,2025-01-07 15:00:00,38,6.421052631578948,0.8893234278468166,5
M1,ST1,2025-01-07 16:00:00,17,6.176470588235294,1.4245742398014511,6
M1,ST1,2025-01-07 17:00:00,16,6.125,1.1474609652039003,4
M1,ST1,2025-01-07 18:00:00,23,5.826086956521739,1.1541298931561732,5
M1,ST1,2025-01-07 19:00:00,16,6.3125,0.7932002689527194,3
M1,ST1,2025-01-07 20:00:00,35,5.914285714285715,1.1725143564009728,6
M1,ST1,2025-01-07 21:00:00,21,5.904761904761905,1.338086764928265,6
M1,ST1,2025-01-07 22:00:00,13,5.0,0.0,0
M1,ST1,2025-01-07 23:00:00,16,6.5,0.5163977794943222,1
M1,ST1,2025-01-08 00:00:00,37,6.297297297297297,1.0237421785039669,6
M1,ST1,2025-01-08 01:00:00,30,6.333333333333333,1.1244411127720089,6
M1,ST1,2025-01-08 02:00:00,8,5.875,1.2464234547582251,4
M1,ST1,2025-01-08 03:00:00,14,6.0,0.9607689228305226,3
M1,ST1,2025-01-08 04:00:00,23,5.521739130434782,0.7304771303365114,2
M1,ST1,2025-01-08 05:00:00,5,6.0,1.7320508075688772,4
M1,ST1,2025-01-08 06:00:00,29,5.344827586206897,0.8567322497625798,4
M1,ST1,2025-01-08 07:00:00,41,5.2682926829268295,0.9753048303966926,3
M1,ST1,2025-01-08 08:00:00,49,4.571428571428571,0.6123724356957947,3
M1,ST1,2025-01-08 09:00:00,7,5.142857142857143,1.7728105208558367,5
M1,ST1,2025-01-08 10:00:00,14,5.714285714285714,1.5898026693500444,6
M1,ST1,2025-01-08 11:00:00,14,5.428571428571429,1.7415415679698927,6
M1,ST1,2025-01-08 12:00:00,34,6.4411764705882355,0.5039947372613783,1
M1,ST1,2025-01-08 13:00:00,17,6.235294117647059,1.200490095997562,5
M1,ST1,2025-01-08 14:00:00,38,5.2894736842105265,1.0882143751650175,5
M1,ST1,2025-01-08 15:00:00,31,6.0,1.2382783747337807,6
M1,ST1,2025-01-08 16:00:00,29,5.758620689655173,0.9124211282466757,3
M1,ST1,2025-01-08 17:00:00,25,5.76,0.7234178138070241,2
M1,ST1,2025-01-08 18:00:00,26,4.615384615384615,1.2025613689761725,6
M1,ST1,2025-01-08 19:00:00,23,5.608695652173913,1.3395769493246945,6
M1,ST1,2025-01-08 20:00:00,16,6.5625,0.51234753829798,1
M1,ST1,2025-01-08 22:00:00,26,6.5,0.5099019513592783,1
M1,ST1,2025-01-08 23:00:00,22,6.090909090909091,1.1509454047327028,5
M1,ST1,2025-01-09 00:00:00,12,6.416666666666667,0.5149286505444371,1
M1,ST1,2025-01-09 01:00:00,34,5.382352941176471,0.8881272732418118,3
M1,ST1,2025-01-09 02:00:00,33,4.787878787878788,0.4846116845975598,2
M1,ST1,2025-01-09 03:00:00,36,5.027777777777778,0.3769131094343788,2
M1,ST1,2025-01-09 04:00:00,7,4.571428571428571,1.618347187425374,5
M1,ST1,2025-01-09 05:00:00,17,6.117647058823529,1.4090046549415864,6
M1,ST1,2025-01-09 06:00:00,5,4.6,2.073644135332772,5
M1,ST1,2025-01-09 07:00:00,17,5.882352941176471,1.3639259941972877,5
M1,ST1,2025-01-09 08:00:00,30,5.266666666666667,0.4497764451088036,1
M1,ST1,2025-01-09 09:00:00,37,5.351351351351352,0.6331673561554647,3
M1,ST1,2025-01-09 10:00:00,22,6.181818181818182,0.7326639999321227,3
M1,ST1,2025-01-09 11:00:00,43,5.976744186046512,1.0798671014576893,5
M1,ST1,2025-01-09 12:00:00,27,6.2592592592592595,0.5256931389634798,2
M1,ST1,2025-01-09 13:00:00,10,5.7,1.7029386365926402,6
M1,ST1,2025-01-09 14:00:00,14,5.642857142857143,1.598419549100002,6
M1,ST1,2025-01-09 15:00:00,2,3.0,2.8284271247461903,4
M1,ST1,2025-01-09 16:00:00,39,6.410256410256411,0.4983102351129801,1
M1,ST1,2025-01-09 17:00:00,31,5.32258064516129,0.5992827253861377,2
M1,ST1,2025-01-09 18:00:00,8,5.5,0.5345224838248488,1
M1,ST1,2025-01-09 19:00:00,41,5.560975609756097,0.8957896094453452,5
M1,ST1,2025-01-09 20:00:00,11,5.454545454545454,2.06705763652765,6
M1,ST1,2025-01-09 21:00:00,3,5.0,0.0,0
M1,ST1,2025-01-09 22:00:00,26,6.1923076923076925,0.9805806756909201,5
M1,ST1,2025-01-09 23:00:00,13,6.0,1.2909944487358056,5
M1,ST1,2025-01-10 00:00:00,28,6.464285714285714,0.5078745001833701,1
M1,ST1,2025-01-10 01:00:00,29,6.068965517241379,1.412470846292275,6
M1,ST1,2025-01-10 02:00:00,12,6.5,0.5222329678670935,1
M1,ST1,2025-01-10 03:00:00,16,5.5,1.505545305418162,6
M1,ST1,2025-01-10 04:00:00,48,5.333333333333333,0.8588298157855657,4
M1,ST1,2025-01-10 05:00:00,18,4.722222222222222,0.46088859896247686,1
M1,ST1,2025-01-10 06:00:00,44,5.318181818181818,1.1159046235965062,5
M1,ST1,2025-01-10 07:00:00,21,6.428571428571429,0.6761234037828133,2
M1,ST1,2025-01-10 08:00:00,19,5.684210526315789,1.6347827439397082,6
M1,ST1,2025-01-10 09:00:00,12,6.0,1.4142135623730951,5
M1,ST1,2025-01-10 10:00:00,21,6.333333333333333,0.7302967433402215,3
M1,ST1,2025-01-10 11:00:00,25,4.92,0.40000000000000013,2
M1,ST1,2025-01-10 12:00:00,30,6.4,0.7239737088005909,3
M1,ST1,2025-01-10 13:00:00,19,6.2105263157894735,0.5353033790313108,2
M1,ST1,2025-01-10 14:00:00,12,6.25,0.621581560508061,2
M1,ST1,2025-01-10 15:00:00,20,6.5,0.512989176042577,1
M1,ST1,2025-01-10 16:00:00,47,6.340425531914893,0.9389308384188635,6
M1,ST1,2025-01-10 17:00:00,31,5.0,1.1547005383792517,5
M1,ST1,2025-01-10 18:00:00,30,4.733333333333333,0.4497764451088035,1
M1,ST1,2025-01-10 19:00:00,13,5.076923076923077,0.2773500981126146,1
M1,ST1,2025-01-10 20:00:00,22,5.454545454545454,1.1433981403515172,5
M1,ST1,2025-01-10 21:00:00,16,6.125,0.718795288428261,2
M1,ST1,2025-01-10 22:00:00,34,5.5588235294117645,0.704581391757835,2
M1,ST1,2025-01-10 23:00:00,34,5.911764705882353,1.1643087963517378,5
M1,ST1,2025-01-11 00:00:00,27,6.37037037037037,0.8388704928078611,4
M1,ST1,2025-01-11 01:00:00,3,5.0,2.6457513110645907,5
M1,ST1,2025-01-11 02:00:00,32,6.375,0.7931155389125321,4
M1,ST1,2025-01-11 03:00:00,25,5.92,1.2220201853215575,5
M1,ST1,2025-01-11 05:00:00,7,6.571428571428571,0.5345224838248488,1
M1,ST1,2025-01-11 06:00:00,35,6.057142857142857,0.9056313086609205,4
M1,ST1,2025-01-11 07:00:00,46,4.891304347826087,0.3146963876899778,1
M1,ST1,2025-01-11 08:00:00,17,4.411764705882353,1.0036697371030325,4
M1,ST1,2025-01-11 09:00:00,25,6.28,0.6782329983125269,3
M1,ST1,2025-01-11 10:00:00,14,6.142857142857143,1.292412345317728,5
M1,ST1,2025-01-11 11:00:00,52,6.480769230769231,0.5045045954972345,1
M1,ST1,2025-01-11 12:00:00,10,6.2,0.4216370213557841,1
M1,ST1,2025-01-11 13:00:00,23,5.869565217391305,1.0137396037394033,3
M1,ST1,2025-01-11 14:00:00,37,6.378378378378378,0.5452497568062706,2
M1,ST1,2025-01-11 15:00:00,42,5.833333333333333,0.7297399024332248,2
M1,ST1,2025-01-11 16:00:00,60,5.333333333333333,0.4753826885415283,1
M1,ST1,2025-01-11 17:00:00,23,6.173913043478261,0.7168221481614957,2
M1,ST1,2025-01-11 18:00:00,8,5.5,1.9272482233188633,6
M1,ST1,2025-01-11 19:00:00,40,6.375,0.8969320930188526,5
M1,ST1,2025-01-11 20:00:00,22,4.863636363636363,0.6396021490668313,3
M1,ST1,2025-01-11 21:00:00,24,5.583333333333333,0.7755316082290387,3
M1,ST1,2025-01-11 22:00:00,8,6.25,1.0350983390135313,3
M1,ST1,2025-01-11 23:00:00,52,5.173076923076923,0.7598027052002133,5
M1,ST1,2025-01-12 00:00:00,15,6.0,1.2535663410560174,5
M1,ST1,2025-01-12 01:00:00,40,5.025,0.6196566460342041,3
M1,ST1,2025-01-12 02:00:00,56,6.357142857142857,0.6722708174151633,3
M1,ST1,2025-01-12 03:00:00,33,5.757575757575758,0.6628679652796169,2
M1,ST1,2025-01-12 04:00:00,49,6.020408163265306,0.7497164997063709,2
M1,ST1,2025-01-12 05:00:00,36,5.972222222222222,0.877858143799396,4
M1,ST1,2025-01-12 06:00:00,3,6.333333333333333,0.5773502691896257,1
M1,ST1,2025-01-12 07:00:00,18,5.888888888888889,1.1826634392157038,4
M1,ST1,2025-01-12 08:00:00,17,6.411764705882353,0.5072996561958923,1
M1,ST1,2025-01-12 09:00:00,22,6.090909090909091,0.8111773283374346,4
M1,ST1,2025-01-12 10:00:00,37,5.513513513513513,0.901283702455732,5
M1,ST1,2025-01-12 11:00:00,48,5.208333333333333,0.8494887907875881,5
M1,ST1,2025-01-12 12:00:00,26,6.5,0.5099019513592785,1
M1,ST1,2025-01-12 13:00:00,14,6.285714285714286,0.4688072309384956,1
M1,ST1,2025-01-12 14:00:00,13,5.846153846153846,1.4632243987255136,5
M1,ST1,2025-01-12 15:00:00,58,5.5344827586206895,0.9772054182832192,3
M1,ST1,2025-01-12 16:00:00,24,4.916666666666667,1.3486439781165913,6
M1,ST1,2025-01-12 17:00:00,33,6.484848484848484,0.5075192189225523,1
M1,ST1,2025-01-12 18:00:00,18,6.166666666666667,1.3826657968874303,6
M1,ST1,2025-01-12 19:00:00,26,5.653846153846154,1.1642098674142112,5
M1,ST1,2025-01-12 20:00:00,25,4.96,0.3511884584284246,2
M1,ST1,2025-01-12 21:00:00,60,5.8,0.8982091410228185,3
M1,ST1,2025-01-12 22:00:00,12,6.166666666666667,0.7177405625652733,2
M1,ST1,2025-01-12 23:00:00,8,5.25,1.0350983390135313,3
M1,ST1,2025-01-13 00:00:00,36,4.944444444444445,0.5315446195190789,2
M1,ST1,2025-01-13 01:00:00,12,4.5,0.5222329678670935,1
M1,ST1,2025-01-13 02:00:00,37,5.8108108108108105,1.0498105077117972,4
M1,ST1,2025-01-13 03:00:00,17,4.588235294117647,0.7952062255644573,3
M1,ST1,2025-01-13 04:00:00,46,6.304347826086956,0.9397296352885832,6
M1,ST1,2025-01-13 05:00:00,27,6.444444444444445,0.5063696835418332,1
M1,ST1,2025-01-13 06:00:00,14,5.357142857142857,1.5495479666983212,6
M1,ST1,2025-01-13 07:00:00,33,5.606060606060606,1.5995974872486272,6
M1,ST1,2025-01-13 08:00:00,8,6.25,0.4629100498862757,1
M1,ST1,2025-01-13 09:00:00,25,4.88,0.7810249675906654,4
M1,ST1,2025-01-13 10:00:00,15,5.733333333333333,1.98086080374405,6
M1,ST1,2025-01-13 11:00:00,13,5.0,1.4142135623730951,6
M1,ST1,2025-01-13 12:00:00,7,4.571428571428571,2.439750182371333,5
M1,ST1,2025-01-13 13:00:00,42,6.261904761904762,0.8570944624355865,5
M1,ST1,2025-01-13 14:00:00,35,5.8,1.1061326375099445,6
M1,ST1,2025-01-13 15:00:00,17,5.235294117647059,1.0325582165612917,5
M1,ST1,2025-01-13 16:00:00,27,5.481481481481482,0.7529618628798985,3
M1,ST1,2025-01-13 17:00:00,40,5.3,0.5638694156883466,2
M1,ST1,2025-01-13 18:00:00,3,5.0,2.6457513110645907,5
M1,ST1,2025-01-13 19:00:00,28,5.892857142857143,1.4488638132020375,6
M1,ST1,2025-01-13 20:00:00,27,6.407407407407407,0.8439494725697222,4
M1,ST1,2025-01-13 21:00:00,40,5.8,0.8828857114526087,4
M1,ST1,2025-01-13 22:00:00,31,4.935483870967742,0.8920195764282213,5
M1,ST1,2025-01-13 23:00:00,33,4.818181818181818,0.8083372383535795,3
M1,ST1,2025-01-14 00:00:00,18,4.5,0.7071067811865477,3
M1,ST1,2025-01-14 01:00:00,16,6.4375,0.6291528696058958,2
M1,ST1,2025-01-14 02:00:00,10,5.5,1.35400640077266,4
M1,ST1,2025-01-14 03:00:00,27,5.666666666666667,0.5547001962252291,2
M1,ST1,2025-01-14 04:00:00,8,4.875,1.3562026818605375,3
M1,ST1,2025-01-14 05:00:00,36,6.361111111111111,0.4871361075732195,1
M1,ST1,2025-01-14 06:00:00,12,6.25,1.1381803659589922,4
M1,ST1,2025-01-14 07:00:00,24,5.833333333333333,0.5646597025732805,2
M1,ST1,2025-01-14 08:00:00,13,5.769230769230769,1.5358952955766088,5
M1,ST1,2025-01-14 09:00:00,48,5.645833333333333,0.7290210087546684,2
M1,ST1,2025-01-14 10:00:00,11,5.363636363636363,2.2033033051637387,6
M1,ST1,2025-01-14 11:00:00,46,6.456521739130435,0.5036101551853349,1
M1,ST1,2025-01-14 12:00:00,26,5.6923076923076925,0.8375789285425359,2
M1,ST1,2025-01-14 13:00:00,24,6.041666666666667,1.0826363421183323,5
M1,ST1,2025-01-14 14:00:00,44,4.909090909090909,0.520204871009884,2
M1,ST1,2025-01-14 15:00:00,15,6.466666666666667,0.5163977794943222,1
M1,ST1,2025-01-14 16:00:00,21,6.380952380952381,0.4976133515281192,1
M1,ST1,2025-01-14 17:00:00,24,5.458333333333333,1.062366786192884,5
M1,ST1,2025-01-14 18:00:00,18,5.555555555555555,0.5113099925649136,1
M1,ST1,2025-01-14 19:00:00,3,6.0,1.0,2
M1,ST1,2025-01-14 20:00:00,34,6.264705882352941,0.8981065445808168,5
M1,ST1,2025-01-14 21:00:00,60,6.25,0.7041041910572658,3
M1,ST1,2025-01-14 22:00:00,12,6.25,0.621581560508061,2
M1,ST1,2025-01-14 23:00:00,23,5.869565217391305,1.358620551284111,6
M1,ST1,2025-01-15 00:00:00,9,4.444444444444445,0.7264831572567789,2
M1,ST1,2025-01-15 01:00:00,30,5.0,1.1744404390294072,5
M1,ST1,2025-01-15 02:00:00,42,5.666666666666667,1.118942590272264,6
M1,ST1,2025-01-15 03:00:00,10,6.0,0.9428090415820634,3
M1,ST1,2025-01-15 04:00:00,19,6.2105263157894735,0.9176629354822472,4
M1,ST1,2025-01-15 05:00:00,15,5.866666666666666,2.0307165050320353,6
M1,ST1,2025-01-15 06:00:00,22,5.2272727272727275,0.9725674505593149,3
M1,ST1,2025-01-15 07:00:00,3,6.333333333333333,0.5773502691896257,1
M1,ST1,2025-01-15 08:00:00,54,5.703703703703703,0.6624605258337365,2
M1,ST1,2025-01-15 09:00:00,44,5.340909090909091,0.8611291078465236,4
M1,ST1,2025-01-15 10:00:00,7,4.714285714285714,0.48795003647426655,1
M1,ST1,2025-01-15 11:00:00,60,4.85,0.7089022308339535,3
M1,ST1,2025-01-15 12:00:00,7,6.571428571428571,0.5345224838248487,1
M1,ST1,2025-01-15 13:00:00,42,5.857142857142857,1.2211835237204405,6
M1,ST1,2025-01-15 14:00:00,45,6.311111111111111,0.9492155187364463,6
M1,ST1,2025-01-15 15:00:00,19,4.7894736842105265,0.7132825035177587,3
M1,ST1,2025-01-15 16:00:00,7,4.428571428571429,1.618347187425374,5
M1,ST1,2025-01-15 17:00:00,17,5.470588235294118,1.5857824196127734,5
M1,ST1,2025-01-15 18:00:00,39,5.333333333333333,1.1994150621148922,6
M1,ST1,2025-01-15 19:00:00,17,4.705882352941177,0.46966821831386213,1
M1,ST1,2025-01-15 20:00:00,31,4.709677419354839,0.8638498475659905,5
M1,ST1,2025-01-15 21:00:00,18,6.5,0.5144957554275266,1
M1,ST1,2025-01-15 22:00:00,23,6.0,1.3142574813455419,7
M1,ST1,2025-01-15 23:00:00,55,5.218181818181818,0.4591017433798425,2
M1,ST1,2025-01-16 00:00:00,21,6.095238095238095,0.889087279447969,3
M1,ST1,2025-01-16 01:00:00,10,6.2,1.2292725943057183,4
M1,ST1,2025-01-16 02:00:00,21,5.904761904761905,1.0442586798663398,5
M1,ST1,2025-01-16 03:00:00,7,4.857142857142857,2.0354009783964297,5
M1,ST1,2025-01-16 04:00:00,25,6.52,0.5099019513592785,1
M1,ST1,2025-01-16 05:00:00,42,6.238095238095238,1.1001003016249506,6
M1,ST1,2025-01-16 06:00:00,3,5.0,0.0,0
M1,ST1,2025-01-16 07:00:00,10,5.0,0.6666666666666666,2
M1,ST1,2025-01-16 08:00:00,23,5.173913043478261,0.834057656228299,3
M1,ST1,2025-01-16 09:00:00,33,5.333333333333333,0.8539125638299669,3
M1,ST1,2025-01-16 10:00:00,26,6.423076923076923,0.503831473655779,1
M1,ST1,2025-01-16 11:00:00,22,6.136363636363637,1.0371873387954444,5
M1,ST1,2025-01-16 12:00:00,28,4.964285714285714,0.5762035942360842,3
M1,ST1,2025-01-16 13:00:00,21,4.714285714285714,1.230563169563316,5
M1,ST1,2025-01-16 14:00:00,27,5.407407407407407,0.5723943812052383,2
M1,ST1,2025-01-16 15:00:00,9,5.777777777777778,0.8333333333333334,3
M1,ST1,2025-01-16 16:00:00,18,5.722222222222222,1.487420014875958,6
M1,ST1,2025-01-16 17:00:00,22,6.318181818181818,0.5679003631895497,2
M1,ST1,2025-01-16 18:00:00,16,6.375,0.8062257748298551,3
M1,ST1,2025-01-16 19:00:00,27,5.703703703703703,1.0675210253672471,4
M1,ST1,2025-01-16 20:00:00,35,4.514285714285714,1.1471557812932915,4
M1,ST1,2025-01-16 21:00:00,17,6.0,0.7905694150420948,2
M1,ST1,2025-01-16 22:00:00,34,6.117647058823529,0.72883077315669,2
M1,ST1,2025-01-16 23:00:00,17,5.823529411764706,1.0744355563298726,4
M1,ST1,2025-01-17 00:00:00,11,5.7272727272727275,1.1037127426019047,4
M1,ST1,2025-01-17 01:00:00,37,5.027027027027027,0.3716693935988517,2
M1,ST1,2025-01-17 02:00:00,15,6.466666666666667,0.5163977794943222,1
M1,ST1,2025-01-17 03:00:00,11,6.363636363636363,0.674199862463242,2
M1,ST1,2025-01-17 04:00:00,29,6.275862068965517,0.9597824055533902,5
M1,ST1,2025-01-17 05:00:00,43,6.069767441860465,0.8279449267746445,3
M1,ST1,2025-01-17 06:00:00,10,4.4,1.2649110640673518,4
M1,ST1,2025-01-17 07:00:00,35,5.828571428571428,1.01418510567422,4
M1,ST1,2025-01-17 08:00:00,52,5.0576923076923075,0.6977122711211273,3
M1,ST1,2025-01-17 09:00:00,15,6.133333333333334,0.5163977794943223,2
M1,ST1,2025-01-17 10:00:00,54,5.425925925925926,0.90286445318475,3
M1,ST1,2025-01-17 11:00:00,22,5.454545454545454,1.4050003466284178,6
M1,ST1,2025-01-17 12:00:00,12,5.166666666666667,0.7177405625652734,2
M1,ST1,2025-01-17 13:00:00,27,5.185185185185185,0.6224663745652351,3
M1,ST1,2025-01-17 14:00:00,19,5.842105263157895,1.3849652179642493,6
M1,ST1,2025-01-17 15:00:00,22,6.363636363636363,0.4923659639173309,1
M1,ST1,2025-01-17 16:00:00,46,6.586956521739131,0.4978213403988641,1
M1,ST1,2025-01-17 17:00:00,21,6.142857142857143,1.2761549390929883,6
M1,ST1,2025-01-17 18:00:00,43,5.325581395348837,0.6063524918787173,2
M1,ST1,2025-01-17 19:00:00,25,6.12,0.9712534856222312,4
M1,ST1,2025-01-17 20:00:00,16,5.3125,0.7041543391425871,3
M1,ST1,2025-01-17 21:00:00,57,6.368421052631579,0.5220693354119198,2
M1,ST1,2025-01-17 22:00:00,20,6.3,0.4701623459816272,1
M1,ST1,2025-01-17 23:00:00,12,5.5,0.904534033733291,3
M1,ST1,2025-01-18 00:00:00,21,6.476190476190476,0.511766315719159,1
M1,ST1,2025-01-18 01:00:00,26,6.384615384615385,0.5710988059467872,2
M1,ST1,2025-01-18 02:00:00,21,6.428571428571429,0.50709255283711,1
M1,ST1,2025-01-18 03:00:00,33,6.0,1.3919410907075054,6
M1,ST1,2025-01-18 04:00:00,17,6.411764705882353,0.5072996561958923,1
M1,ST1,2025-01-18 05:00:00,16,5.625,0.5,1
M1,ST1,2025-01-18 06:00:00,18,5.555555555555555,1.7225911474978353,6
M1,ST1,2025-01-18 07:00:00,27,5.666666666666667,1.2403473458920848,4
M1,ST1,2025-01-18 08:00:00,45,5.444444444444445,0.5458752586258125,2
M1,ST1,2025-01-18 09:00:00,53,5.283018867924528,0.49526055654364853,2
M1,ST1,2025-01-18 10:00:00,9,5.888888888888889,1.90029237516523,6
M1,ST1,2025-01-18 11:00:00,10,6.0,1.1547005383792515,4
M1,ST1,2025-01-18 12:00:00,51,5.96078431372549,0.7735834619154027,3
M1,ST1,2025-01-18 13:00:00,47,6.0638297872340425,0.9869640608220247,5
M1,ST1,2025-01-18 14:00:00,54,5.685185185185185,0.9678623415699208,3
M1,ST1,2025-01-18 15:00:00,4,6.5,0.5773502691896257,1
M1,ST1,2025-01-18 16:00:00,27,6.222222222222222,1.1547005383792517,6
M1,ST1,2025-01-18 17:00:00,29,6.068965517241379,1.222732142223151,5
M1,ST1,2025-01-18 18:00:00,17,5.294117647058823,0.7717436331412898,3
M1,ST1,2025-01-18 19:00:00,15,5.866666666666666,1.0600988273786194,4
M1,ST1,2025-01-18 20:00:00,59,5.322033898305085,0.6280972351174046,2
M1,ST1,2025-01-18 22:00:00,39,4.948717948717949,0.9161911415350295,5
M1,ST1,2025-01-18 23:00:00,34,5.205882352941177,0.9138467401745374,3
M1,ST1,2025-01-19 00:00:00,15,6.2,1.01418510567422,4
M1,ST1,2025-01-19 01:00:00,22,6.5,0.511766315719159,1
M1,ST1,2025-01-19 02:00:00,7,6.428571428571429,0.7867957924694431,2
M1,ST1,2025-01-19 03:00:00,6,6.333333333333333,0.5163977794943223,1
M1,ST1,2025-01-19 04:00:00,21,4.619047619047619,1.0712698295103094,5
M1,ST1,2025-01-19 05:00:00,27,5.62962962962963,0.791694781327139,3
M1,ST1,2025-01-19 06:00:00,15,5.733333333333333,1.5796322658258455,5
M1,ST1,2025-01-19 07:00:00,48,6.479166666666667,0.5453705877787914,2
M1,ST1,2025-01-19 08:00:00,25,6.4,0.6454972243679028,2
M1,ST1,2025-01-19 09:00:00,27,5.703703703703703,0.6688000054526372,2
M1,ST1,2025-01-19 10:00:00,37,6.54054054054054,0.5052279240652235,1
M1,ST1,2025-01-19 11:00:00,14,5.642857142857143,1.3926810257774174,5
M1,ST1,2025-01-19 12:00:00,17,5.823529411764706,1.5506165756581745,6
M1,ST1,2025-01-19 13:00:00,7,5.428571428571429,1.9880595947760098,6
M1,ST1,2025-01-19 14:00:00,24,6.041666666666667,1.4884823513044847,6
M1,ST1,2025-01-19 15:00:00,18,5.833333333333333,1.3394467690277296,6
M1,ST1,2025-01-19 16:00:00,21,4.9523809523809526,0.6690433824641329,3
M1,ST1,2025-01-19 17:00:00,46,4.826086956521739,0.5293328222536138,3
M1,ST1,2025-01-19 18:00:00,23,4.956521739130435,1.0650762187649558,6
M1,ST1,2025-01-19 19:00:00,8,5.875,1.6420805617960927,5
M1,ST1,2025-01-19 20:00:00,5,6.0,1.224744871391589,3
M1,ST1,2025-01-19 21:00:00,18,6.166666666666667,1.3826657968874307,6
M1,ST1,2025-01-19 22:00:00,22,6.045454545454546,1.2140947137789433,6
M1,ST1,2025-01-19 23:00:00,17,6.235294117647059,0.9701425001453319,4
M1,ST1,2025-01-20 00:00:00,37,6.405405405405405,1.039750489820073,6
M1,ST1,2025-01-20 01:00:00,48,5.625,1.0236563585625462,3
M1,ST1,2025-01-20 02:00:00,3,3.3333333333333335,2.0816659994661326,4
M1,ST1,2025-01-20 03:00:00,40,4.65,0.9212588934267872,6
M1,ST1,2025-01-20 04:00:00,19,6.368421052631579,0.9551338658818385,4
M1,ST1,2025-01-20 05:00:00,23,5.173913043478261,0.9840627249521834,3
M1,ST1,2025-01-20 06:00:00,9,6.222222222222222,0.4409585518440983,1
M1,ST1,2025-01-20 07:00:00,14,6.0,1.3008872711759816,5
M1,ST1,2025-01-20 08:00:00,11,5.181818181818182,1.6011359603844904,6
M1,ST1,2025-01-20 09:00:00,12,6.25,0.6215815605080612,2
M1,ST1,2025-01-20 10:00:00,27,6.148148148148148,1.133534421577168,6
M1,ST1,2025-01-20 11:00:00,50,6.12,0.8241260058203403,5
M1,ST1,2025-01-20 12:00:00,38,5.2105263157894735,0.66405367484304,3
M1,ST1,2025-01-20 13:00:00,10,5.8,1.4757295747452435,5
M1,ST1,2025-01-20 15:00:00,14,6.214285714285714,1.3114039117603014,5
M1,ST1,2025-01-20 16:00:00,19,4.947368421052632,0.6212607441973955,3
M1,ST1,2025-01-20 17:00:00,42,5.9523809523809526,0.7635725068956292,2
M1,ST1,2025-01-20 18:00:00,18,5.055555555555555,0.9375953110592338,5
M1,ST1,2025-01-20 19:00:00,13,5.769230769230769,1.7867030229749128,6
M1,ST1,2025-01-20 20:00:00,28,5.571428571428571,0.5039526306789697,1
M1,ST1,2025-01-20 21:00:00,39,5.743589743589744,0.6773768568587405,2
M1,ST1,2025-01-20 22:00:00,20,5.45,0.6048053188292994,2
M1,ST1,2025-01-20 23:00:00,9,4.777777777777778,1.6414763002993509,5
M1,ST1,2025-01-21 00:00:00,20,4.5,0.6069769786668839,2
M1,ST1,2025-01-21 01:00:00,16,6.4375,0.51234753829798,1
M1,ST1,2025-01-21 02:00:00,7,6.285714285714286,0.4879500364742667,1
M1,ST1,2025-01-21 03:00:00,27,5.777777777777778,1.1547005383792517,5
M1,ST1,2025-01-21 04:00:00,18,5.222222222222222,1.555088632070459,6
M1,ST1,2025-01-21 05:00:00,4,3.75,1.8929694486000912,4
M1,ST1,2025-01-21 06:00:00,35,6.4,1.0627378626481143,6
M1,ST1,2025-01-21 07:00:00,38,6.2631578947368425,1.0049663306533207,6
M1,ST1,2025-01-21 08:00:00,25,6.2,1.190238071423808,6
M1,ST1,2025-01-21 09:00:00,39,6.564102564102564,0.502356122102941,1
M1,ST1,2025-01-21 10:00:00,23,6.304347826086956,1.0632190661423897,5
M1,ST1,2025-01-21 11:00:00,9,5.333333333333333,1.7320508075688772,5
M1,ST1,2025-01-21 12:00:00,32,4.5625,0.6189220598177384,2
M1,ST1,2025-01-21 13:00:00,18,5.111111111111111,1.2313975269103985,6
M1,ST1,2025-01-21 14:00:00,23,5.913043478260869,1.0834726777719228,4
M1,ST1,2025-01-21 15:00:00,7,5.714285714285714,2.1380899352993947,6
M1,ST1,2025-01-21 16:00:00,16,6.0625,0.6800735254367725,2
M1,ST1,2025-01-21 17:00:00,44,5.886363636363637,0.6547113367438265,2
M1,ST1,2025-01-21 18:00:00,12,5.333333333333333,0.49236596391733084,1
M1,ST1,2025-01-21 19:00:00,30,5.2,0.5508613944197477,2
M1,ST1,2025-01-21 20:00:00,42,6.5,0.5060608273474739,1
M1,ST1,2025-01-21 21:00:00,14,5.714285714285714,0.726273039202563,2
M1,ST1,2025-01-21 22:00:00,26,6.115384615384615,1.3364706678987932,6
M1,ST1,2025-01-21 23:00:00,32,4.90625,0.8175247850637609,3
M1,ST1,2025-01-22 00:00:00,8,4.125,0.8345229603962802,2
M1,ST1,2025-01-22 01:00:00,24,6.291666666666667,0.624093545570845,2
M1,ST1,2025-01-22 02:00:00,15,5.533333333333333,0.5163977794943223,1
M1,ST1,2025-01-22 03:00:00,26,5.961538461538462,0.7736029591861311,2
M1,ST1,2025-01-22 04:00:00,14,5.928571428571429,1.491735474296541,6
M1,ST1,2025-01-22 05:00:00,26,5.6923076923076925,1.2890067732709793,6
M1,ST1,2025-01-22 06:00:00,48,6.479166666666667,0.5048523413086471,1
M1,ST1,2025-01-22 07:00:00,7,5.714285714285714,2.138089935299395,6
M1,ST1,2025-01-22 08:00:00,32,6.375,0.94185814971977,5
M1,ST1,2025-01-22 09:00:00,57,6.385964912280702,0.773544392597022,5
M1,ST1,2025-01-22 10:00:00,31,6.516129032258065,0.508000508000762,1
M1,ST1,2025-01-22 11:00:00,16,6.3125,0.6020797289396147,2
M1,ST1,2025-01-22 12:00:00,24,4.625,0.710939366337732,3
M1,ST1,2025-01-22 13:00:00,15,4.466666666666667,1.0600988273786192,4
M1,ST1,2025-01-22 14:00:00,10,5.2,1.3165611772087669,3
M1,ST1,2025-01-22 15:00:00,22,5.863636363636363,1.3556040489989463,6
M1,ST1,2025-01-22 16:00:00,35,6.257142857142857,0.6572159257878981,2
M1,ST1,2025-01-22 17:00:00,24,6.583333333333333,0.5036101551853349,1
M1,ST1,2025-01-22 18:00:00,17,5.823529411764706,1.7042334830374277,6
M1,ST1,2025-01-22 19:00:00,28,6.285714285714286,0.9759000729485332,5
M1,ST1,2025-01-22 20:00:00,6,5.5,1.224744871391589,3
M1,ST1,2025-01-22 21:00:00,5,6.0,1.224744871391589,3
M1,ST1,2025-01-22 22:00:00,18,5.111111111111111,1.4507153971054052,6
M1,ST1,2025-01-22 23:00:00,21,5.476190476190476,0.511766315719159,1
M1,ST1,2025-01-23 00:00:00,27,6.222222222222222,0.9740215340114143,5
M1,ST1,2025-01-23 01:00:00,6,5.833333333333333,1.9407902170679519,5
M1,ST1,2025-01-23 02:00:00,31,4.645161290322581,1.0181154845030826,5
M1,ST1,2025-01-23 03:00:00,33,4.666666666666667,0.47871355387816905,1
M1,ST1,2025-01-23 04:00:00,24,5.833333333333333,1.403928236326068,5
M1,ST1,2025-01-23 05:00:00,16,5.375,1.4548768561863463,5
M1,ST1,2025-01-23 06:00:00,29,5.551724137931035,0.5061201788784757,1
M1,ST1,2025-01-23 07:00:00,26,5.961538461538462,1.455493572112752,6
M1,ST1,2025-01-23 08:00:00,8,5.0,2.5071326821120348,6
M1,ST1,2025-01-23 09:00:00,29,5.172413793103448,0.6584052983883201,3
M1,ST1,2025-01-23 10:00:00,30,5.4,0.563241847975046,2
M1,ST1,2025-01-23 11:00:00,37,6.216216216216216,1.0576476817062561,6
M1,ST1,2025-01-23 12:00:00,23,5.0,1.0871146130092182,5
M1,ST1,2025-01-23 13:00:00,6,5.0,0.0,0
M1,ST1,2025-01-23 14:00:00,33,4.666666666666667,0.47871355387816905,1
M1,ST1,2025-01-23 15:00:00,5,6.0,1.7320508075688772,4
M1,ST1,2025-01-23 16:00:00,41,6.487804878048781,0.5532608435228448,2
M1,ST1,2025-01-23 17:00:00,25,6.32,1.0295630140987,5
M1,ST1,2025-01-23 18:00:00,32,6.375,1.0998533626601497,6
M1,ST1,2025-01-23 19:00:00,18,6.333333333333333,0.9701425001453319,4
M1,ST1,2025-01-23 20:00:00,52,6.423076923076923,0.9149339169569518,6
M1,ST1,2025-01-23 21:00:00,20,5.2,0.9514531821875087,5
M1,ST1,2025-01-23 22:00:00,16,6.3125,0.6020797289396147,2
M1,ST1,2025-01-23 23:00:00,38,4.894736842105263,0.38830704514427383,2
M1,ST1,2025-01-24 00:00:00,35,5.228571428571429,0.9420164319072112,5
M1,ST1,2025-01-24 01:00:00,16,6.0,0.7302967433402221,2
M1,ST1,2025-01-24 02:00:00,33,5.090909090909091,0.678400525299968,4
M1,ST1,2025-01-24 03:00:00,9,6.555555555555555,0.5270462766947299,1
M1,ST1,2025-01-24 04:00:00,19,5.947368421052632,1.5082618476808298,6
M1,ST1,2025-01-24 05:00:00,10,6.0,0.0,0
M1,ST1,2025-01-24 06:00:00,22,5.2272727272727275,1.0203555954301133,5
M1,ST1,2025-01-24 07:00:00,50,5.34,0.9606545387688241,3
M1,ST1,2025-01-24 08:00:00,6,4.5,0.8366600265340756,2
M1,ST1,2025-01-24 09:00:00,48,6.333333333333333,0.8077637460938355,5
M1,ST1,2025-01-24 10:00:00,19,6.315789473684211,0.7492686492653552,2
M1,ST1,2025-01-24 11:00:00,12,5.5,1.1677484162422844,3
M1,ST1,2025-01-24 12:00:00,25,5.84,0.8504900548115386,3
M1,ST1,2025-01-24 13:00:00,40,6.525,0.6400120191179104,3
M1,ST1,2025-01-24 14:00:00,36,6.416666666666667,0.7699721701835351,4
M1,ST1,2025-01-24 15:00:00,3,5.0,0.0,0
M1,ST1,2025-01-24 16:00:00,12,5.583333333333333,0.90033663737852,3
M1,ST1,2025-01-24 17:00:00,25,5.4,1.3228756555322954,6
M1,ST1,2025-01-24 18:00:00,35,4.742857142857143,0.657215925787898,3
M1,ST1,2025-01-24 19:00:00,60,4.8,0.5461731270812971,3
M1,ST1,2025-01-24 20:00:00,42,5.5,1.0876243971465025,5
M1,ST1,2025-01-24 21:00:00,32,6.34375,1.0957211500695228,6
M1,ST1,2025-01-24 22:00:00,10,5.8,1.7511900715418265,6
M1,ST1,2025-01-24 23:00:00,33,6.363636363636363,0.7833494518006402,4
M1,ST1,2025-01-25 00:00:00,15,6.333333333333333,0.6172133998483675,2
M1,ST1,2025-01-25 01:00:00,10,6.0,1.4907119849998598,5
M1,ST1,2025-01-25 02:00:00,17,6.0588235294117645,1.2485285456935955,5
M1,ST1,2025-01-25 03:00:00,18,5.5,1.150447483271056,5
M1,ST1,2025-01-25 04:00:00,6,5.0,0.8944271909999159,2
M1,ST1,2025-01-25 05:00:00,5,4.8,1.9235384061671346,5
M1,ST1,2025-01-25 06:00:00,33,6.181818181818182,0.7687061147858075,2
M1,ST1,2025-01-25 07:00:00,49,6.183673469387755,0.6974199293274671,3
M1,ST1,2025-01-25 08:00:00,46,6.5,0.5055250296034367,1
M1,ST1,2025-01-25 09:00:00,34,6.323529411764706,0.9118940739685927,5
M1,ST1,2025-01-25 10:00:00,20,6.2,0.8944271909999159,4
M1,ST1,2025-01-25 11:00:00,25,6.16,0.8504900548115382,4
M1,ST1,2025-01-25 12:00:00,14,5.142857142857143,0.9492622930986464,3
M1,ST1,2025-01-25 13:00:00,19,6.315789473684211,0.9459053029269173,4
M1,ST1,2025-01-25 14:00:00,5,5.8,2.16794833886788,5
M1,ST1,2025-01-25 15:00:00,8,6.25,1.0350983390135313,3
M1,ST1,2025-01-25 16:00:00,30,6.4,0.6214554662658652,2
M1,ST1,2025-01-25 17:00:00,54,6.388888888888889,0.8989861515223306,6
M1,ST1,2025-01-25 18:00:00,10,6.0,1.1547005383792515,4
M1,ST1,2025-01-25 19:00:00,23,5.3478260869565215,1.335143698502964,6
M1,ST1,2025-01-25 20:00:00,28,5.107142857142857,1.133309990422539,6
M1,ST1,2025-01-25 21:00:00,36,6.194444444444445,0.9202311648848873,4
M1,ST1,2025-01-25 22:00:00,3,5.0,1.7320508075688772,3
M1,ST1,2025-01-25 23:00:00,37,5.405405405405405,0.6437502733315261,3
M1,ST1,2025-01-26 00:00:00,21,5.095238095238095,0.8890872794479686,4
M1,ST1,2025-01-26 01:00:00,41,6.463414634146342,0.5048544827774513,1
M1,ST1,2025-01-26 02:00:00,18,5.944444444444445,1.2113299556429322,4
M1,ST1,2025-01-26 03:00:00,10,6.0,0.942809041582063,2
M1,ST1,2025-01-26 04:00:00,33,5.212121212121212,0.7809279639304032,4
M1,ST1,2025-01-26 05:00:00,32,4.9375,0.43533450246018646,2
M1,ST1,2025-01-26 06:00:00,6,4.5,1.224744871391589,3
M1,ST1,2025-01-26 07:00:00,12,6.25,1.1381803659589922,4
M1,ST1,2025-01-26 08:00:00,18,6.111111111111111,0.9002541398626663,4
M1,ST1,2025-01-26 09:00:00,15,4.466666666666667,0.8338093878327917,3
M1,ST1,2025-01-26 10:00:00,14,4.428571428571429,1.0894095588038444,4
M1,ST1,2025-01-26 11:00:00,21,6.142857142857143,0.5732115042211109,2
M1,ST1,2025-01-26 12:00:00,29,6.206896551724138,1.1141720290623112,6
M1,ST1,2025-01-26 13:00:00,29,6.0344827586206895,1.0516231882424718,5
M1,ST1,2025-01-26 14:00:00,25,6.44,0.5830951894845301,2
M1,ST1,2025-01-26 15:00:00,13,6.230769230769231,1.0919284281983377,4
M1,ST1,2025-01-26 16:00:00,17,6.235294117647059,0.562295714538387,2
M1,ST1,2025-01-26 17:00:00,33,6.181818181818182,1.0444659357341868,6
M1,ST1,2025-01-26 18:00:00,20,5.2,1.4363696929192165,5
M1,ST1,2025-01-26 19:00:00,7,4.428571428571429,1.1338934190276815,3
M1,ST1,2025-01-26 20:00:00,24,5.583333333333333,1.138903617201808,5
M1,ST1,2025-01-26 21:00:00,2,5.0,0.0,0
M1,ST1,2025-01-26 22:00:00,27,6.407407407407407,0.5007117441325405,1
M1,ST1,2025-01-26 23:00:00,30,6.033333333333333,0.7183954022841382,2
M1,ST1,2025-01-27 00:00:00,49,6.551020408163265,0.5025445456953673,1
M1,ST1,2025-01-27 01:00:00,47,6.51063829787234,0.5466236454872178,2
M1,ST1,2025-01-27 02:00:00,35,5.4,0.6507913734559684,3
M1,ST1,2025-01-27 03:00:00,18,5.5,1.5811388300841895,6
M1,ST1,2025-01-27 04:00:00,8,6.25,0.4629100498862757,1
M1,ST1,2025-01-27 05:00:00,48,5.6875,0.9709887480996738,5
M1,ST1,2025-01-27 06:00:00,7,6.428571428571429,0.5345224838248488,1
M1,ST1,2025-01-27 07:00:00,33,4.606060606060606,0.49619766344887317,1
M1,ST1,2025-01-27 08:00:00,13,5.461538461538462,1.7134460703206962,6
M1,ST1,2025-01-27 09:00:00,60,6.55,0.5016920522135438,1
M1,ST1,2025-01-27 10:00:00,15,5.666666666666667,0.8164965809277259,2
M1,ST1,2025-01-27 11:00:00,28,6.428571428571429,0.5039526306789697,1
M1,ST1,2025-01-27 12:00:00,25,6.52,0.5099019513592784,1
M1,ST1,2025-01-27 13:00:00,22,6.318181818181818,1.2867960816866657,6
M1,ST1,2025-01-27 14:00:00,16,5.6875,1.6214705259938174,5
M1,ST1,2025-01-27 15:00:00,16,4.9375,1.3889444433333777,6
M1,ST1,2025-01-27 16:00:00,17,4.647058823529412,0.9963167462326074,4
M1,ST1,2025-01-27 17:00:00,21,6.190476190476191,1.077916862241593,5
M1,ST1,2025-01-27 18:00:00,24,6.25,1.03209369308428,5
M1,ST1,2025-01-27 19:00:00,17,6.0588235294117645,1.3906198364081266,6
M1,ST1,2025-01-27 20:00:00,25,6.0,0.8164965809277267,2
M1,ST1,2025-01-27 21:00:00,54,5.611111111111111,1.053595222598205,6
M1,ST1,2025-01-27 22:00:00,47,6.446808510638298,0.5025375018797699,1
M1,ST1,2025-01-27 23:00:00,44,5.704545454545454,1.001848186395279,3
M1,ST1,2025-01-28 00:00:00,11,5.2727272727272725,1.7372915179041823,6
M1,ST1,2025-01-28 01:00:00,35,6.228571428571429,1.0314385809239868,6
M1,ST1,2025-01-28 02:00:00,25,6.12,1.201388086062673,5
M1,ST1,2025-01-28 03:00:00,17,4.764705882352941,0.5622957145383872,2
M1,ST1,2025-01-28 04:00:00,60,4.583333333333333,0.5301636033600229,2
M1,ST1,2025-01-28 05:00:00,3,4.666666666666667,0.5773502691896258,1
M1,ST1,2025-01-28 06:00:00,12,5.75,1.6583123951777001,6
M1,ST1,2025-01-28 07:00:00,17,4.529411764705882,1.0073261052672768,4
M1,ST1,2025-01-28 08:00:00,23,4.782608695652174,0.6712621584563621,3
M1,ST1,2025-01-28 09:00:00,20,4.6,0.8207826816681232,3
M1,ST1,2025-01-28 10:00:00,16,5.5625,1.152894907034751,3
M1,ST1,2025-01-28 11:00:00,51,5.0,0.48989794855663593,2
M1,ST1,2025-01-28 12:00:00,17,5.352941176470588,1.0571882797418493,3
M1,ST1,2025-01-28 13:00:00,8,5.625,1.0606601717798214,3
M1,ST1,2025-01-28 14:00:00,15,5.733333333333333,1.3870146083619754,5
M1,ST1,2025-01-28 15:00:00,17,6.352941176470588,0.6063390625908324,2
M1,ST1,2025-01-28 16:00:00,10,4.9,1.449137674618944,5
M1,ST1,2025-01-28 17:00:00,11,6.636363636363637,0.504524979109513,1
M1,ST1,2025-01-28 18:00:00,24,6.166666666666667,0.8164965809277259,3
M1,ST1,2025-01-28 19:00:00,18,4.555555555555555,0.7838233761296742,3
M1,ST1,2025-01-28 20:00:00,3,5.0,1.7320508075688772,3
M1,ST1,2025-01-28 21:00:00,12,6.083333333333333,1.6764862244009224,6
M1,ST1,2025-01-28 22:00:00,44,5.204545454545454,1.304367358986019,6
M1,ST1,2025-01-28 23:00:00,20,5.2,0.4103913408340617,1
M1,ST1,2025-01-29 00:00:00,22,5.090909090909091,0.2942449431682499,1
M1,ST1,2025-01-29 01:00:00,19,5.526315789473684,1.1722922015640782,5
M1,ST1,2025-01-29 02:00:00,23,5.869565217391305,0.9197009309398039,4
M1,ST1,2025-01-29 03:00:00,6,5.5,0.5477225575051661,1
M1,ST1,2025-01-29 04:00:00,14,6.0,1.2403473458920846,5
M1,ST1,2025-01-29 05:00:00,29,6.241379310344827,0.9507580589716331,5
M1,ST1,2025-01-29 06:00:00,6,5.833333333333333,1.9407902170679516,5
M1,ST1,2025-01-29 07:00:00,50,6.36,0.48487322138506117,1
M1,ST1,2025-01-29 08:00:00,26,5.384615384615385,0.8521466107154603,3
M1,ST1,2025-01-29 09:00:00,36,5.055555555555555,0.410187723187772,3
M1,ST1,2025-01-29 10:00:00,20,5.85,1.1821033884786183,5
M1,ST1,2025-01-29 11:00:00,17,6.176470588235294,1.1850788010532811,5
M1,ST1,2025-01-29 12:00:00,8,6.25,1.388730149658827,4
M1,ST1,2025-01-29 13:00:00,35,5.228571428571429,0.4260429614980358,1
M1,ST1,2025-01-29 14:00:00,10,6.0,1.4907119849998598,5
M1,ST1,2025-01-29 15:00:00,33,5.7272727272727275,0.8012773892638266,2
M1,ST1,2025-01-29 16:00:00,23,5.173913043478261,0.7168221481614963,4
M1,ST1,2025-01-29 17:00:00,5,6.0,0.7071067811865475,2
M1,ST1,2025-01-29 18:00:00,22,6.045454545454546,1.1329385612423049,5
M1,ST1,2025-01-29 19:00:00,20,6.35,0.7451598203705947,3
M1,ST1,2025-01-29 20:00:00,30,6.3,0.651258728182957,2
M1,ST1,2025-01-29 21:00:00,23,4.869565217391305,1.0137396037394035,5
M1,ST1,2025-01-29 22:00:00,19,4.947368421052632,0.970319776071918,3
M1,ST1,2025-01-29 23:00:00,11,6.2727272727272725,0.9045340337332909,3
M1,ST1,2025-01-30 00:00:00,16,5.5625,1.631716887208072,6
M1,ST1,2025-01-30 01:00:00,47,5.127659574468085,0.7406525112768366,3
M1,ST1,2025-01-30 02:00:00,14,6.142857142857143,1.292412345317728,5
M1,ST1,2025-01-30 03:00:00,57,5.649122807017544,1.043538418592097,5
M1,ST1,2025-01-30 04:00:00,27,5.7407407407407405,1.1959094573584699,5
M1,ST1,2025-01-30 05:00:00,34,5.029411764705882,0.9369613723044993,5
M1,ST1,2025-01-30 06:00:00,13,6.3076923076923075,0.7510676161988107,2
M1,ST1,2025-01-30 07:00:00,16,4.75,1.1254628677422756,5
M1,ST1,2025-01-30 08:00:00,24,5.041666666666667,0.3586407511783862,2
M1,ST1,2025-01-30 09:00:00,15,6.066666666666666,1.2227992865708155,5
M1,ST1,2025-01-30 10:00:00,14,5.714285714285714,1.5406577730392867,6
M1,ST1,2025-01-30 11:00:00,11,6.363636363636363,0.504524979109513,1
M1,ST1,2025-01-30 12:00:00,30,5.9,0.9595257449242384,4
M1,ST1,2025-01-30 13:00:00,10,5.9,1.1005049346146119,4
M1,ST1,2025-01-30 14:00:00,27,5.851851851851852,0.7181013268818792,2
M1,ST1,2025-01-30 15:00:00,27,6.222222222222222,1.1547005383792515,6
M1,ST1,2025-01-30 16:00:00,22,4.409090909090909,1.181568405173351,4
M1,ST1,2025-01-30 17:00:00,14,5.357142857142857,1.3926810257774174,5
M1,ST1,2025-01-30 18:00:00,19,5.421052631578948,1.3870748387117167,6
M1,ST1,2025-01-30 19:00:00,14,4.214285714285714,1.2513728724621074,4
M1,ST1,2025-01-30 20:00:00,46,5.978260869565218,1.144826632867908,6
M1,ST1,2025-01-30 21:00:00,29,6.344827586206897,0.6695340634119862,3
M1,ST1,2025-01-30 22:00:00,18,6.055555555555555,1.1099667309387473,5
M1,ST1,2025-01-30 23:00:00,29,6.103448275862069,0.7720486469779563,2
M1,ST1,2025-01-31 00:00:00,8,4.875,0.9910312089651149,3
M1,ST1,2025-01-31 01:00:00,8,5.75,1.3887301496588271,4
M1,ST1,2025-01-31 02:00:00,12,6.25,1.1381803659589922,4
M1,ST1,2025-01-31 03:00:00,49,6.387755102040816,0.8117965295824915,5
M1,ST1,2025-01-31 04:00:00,5,4.2,0.8366600265340756,2
M1,ST1,2025-01-31 05:00:00,11,6.2727272727272725,0.9045340337332908,3
M1,ST2,2025-01-01 06:00:00,60,6.483333333333333,0.503939284299098,1
M1,ST2,2025-01-01 07:00:00,23,6.3478260869565215,1.0706283478819985,5
M1,ST2,2025-01-01 08:00:00,42,6.357142857142857,0.8502920178852925,5
M1,ST2,2025-01-01 09:00:00,40,6.525,0.5057363253408151,1
M1,ST2,2025-01-01 10:00:00,24,6.5,0.5107539184552491,1
M1,ST2,2025-01-01 11:00:00,60,6.516666666666667,0.5039392842990978,1
M1,ST2,2025-01-01 12:00:00,10,6.0,1.8257418583505538,6
M1,ST2,2025-01-01 13:00:00,32,5.46875,0.6712710620231424,3
M1,ST2,2025-01-01 14:00:00,2,5.0,0.0,0
M1,ST2,2025-01-01 15:00:00,35,5.6571428571428575,1.0555973258234947,3
M1,ST2,2025-01-01 16:00:00,2,4.5,0.7071067811865476,1
M1,ST2,2025-01-01 17:00:00,25,6.28,1.0614455552060438,5
M1,ST2,2025-01-01 18:00:00,41,6.317073170731708,0.5674074545793308,3
M1,ST2,2025-01-01 19:00:00,48,6.541666666666667,0.5035336128708591,1
M1,ST2,2025-01-01 20:00:00,15,5.8,1.424279266355945,5
M1,ST2,2025-01-01 21:00:00,36,6.25,0.7319250547113998,3
M1,ST2,2025-01-01 22:00:00,20,6.3,0.5712405705774795,2
M1,ST2,2025-01-01 23:00:00,22,4.954545454545454,0.4857270179130824,2
M1,ST2,2025-01-02 00:00:00,16,5.6875,1.4008925726121901,5
M1,ST2,2025-01-02 01:00:00,14,5.357142857142857,1.9057460827371866,6
M1,ST2,2025-01-02 02:00:00,18,5.666666666666667,0.7669649888473707,2
M1,ST2,2025-01-02 03:00:00,32,5.8125,1.1482806221027917,6
M1,ST2,2025-01-02 04:00:00,35,6.485714285714286,0.50709255283711,1
M1,ST2,2025-01-02 05:00:00,38,6.2105263157894735,1.017625607808265,5
M1,ST2,2025-01-02 06:00:00,3,5.0,1.7320508075688772,3
M1,ST2,2025-01-02 07:00:00,12,6.0,1.4142135623730947,5
M1,ST2,2025-01-02 08:00:00,5,6.4,0.5477225575051661,1
M1,ST2,2025-01-02 09:00:00,35,6.285714285714286,0.7503500583621178,3
M1,ST2,2025-01-02 10:00:00,7,5.0,1.1547005383792515,3
M1,ST2,2025-01-02 11:00:00,6,6.0,1.0954451150103324,3
M1,ST2,2025-01-02 12:00:00,4,6.5,0.5773502691896257,1
M1,ST2,2025-01-02 13:00:00,33,5.242424242424242,1.0905933886623094,5
M1,ST2,2025-01-02 14:00:00,22,5.590909090909091,1.2595952074297863,6
M1,ST2,2025-01-02 15:00:00,40,6.325,0.8589647913741941,5
M1,ST2,2025-01-02 16:00:00,12,5.833333333333333,0.8348471099367217,2
M1,ST2,2025-01-02 17:00:00,44,6.295454545454546,0.7649151177880581,4
M1,ST2,2025-01-02 18:00:00,15,6.133333333333334,1.505545305418162,6
M1,ST2,2025-01-02 19:00:00,28,5.392857142857143,1.2863754913562,6
M1,ST2,2025-01-02 20:00:00,32,5.75,0.8424235391742321,2
M1,ST2,2025-01-02 22:00:00,27,6.148148148148148,0.6623793767520535,2
M1,ST2,2025-01-02 23:00:00,12,4.916666666666667,0.7929614610987592,3
M1,ST2,2025-01-03 00:00:00,34,6.264705882352941,0.7511132557708275,4
M1,ST2,2025-01-03 01:00:00,27,6.185185185185185,1.1779067821624882,5
M1,ST2,2025-01-03 02:00:00,15,5.4,1.1832159566199232,5
M1,ST2,2025-01-03 03:00:00,27,6.222222222222222,0.9336995618478532,4
M1,ST2,2025-01-03 04:00:00,22,5.7727272727272725,0.9223065383316719,3
M1,ST2,2025-01-03 05:00:00,20,4.95,0.7591546545162482,3
M1,ST2,2025-01-03 06:00:00,59,6.406779661016949,0.5291060798338315,2
M1,ST2,2025-01-03 07:00:00,40,5.625,0.8378084965689223,3
M1,ST2,2025-01-03 08:00:00,23,5.043478260869565,1.1069310921135729,5
M1,ST2,2025-01-03 09:00:00,29,6.551724137931035,0.5061201788784757,1
M1,ST2,2025-01-03 10:00:00,26,5.423076923076923,1.1721118350422681,6
M1,ST2,2025-01-03 11:00:00,20,5.8,1.3218806379747876,6
M1,ST2,2025-01-03 12:00:00,37,6.297297297297297,0.7403026732682034,4
M1,ST2,2025-01-03 13:00:00,31,6.258064516129032,0.9297935948543945,5
M1,ST2,2025-01-03 14:00:00,34,6.382352941176471,0.7790711595597376,4
M1,ST2,2025-01-03 15:00:00,31,5.903225806451613,0.9075549096217237,3
M1,ST2,2025-01-03 16:00:00,12,5.083333333333333,0.2886751345948129,1
M1,ST2,2025-01-03 17:00:00,6,4.666666666666667,1.7511900715418263,5
M1,ST2,2025-01-03 19:00:00,9,5.555555555555555,1.3333333333333333,4
M1,ST2,2025-01-03 20:00:00,43,5.604651162790698,0.8205554124732177,3
M1,ST2,2025-01-03 21:00:00,32,5.375,1.0395408415691627,6
M1,ST2,2025-01-03 22:00:00,60,6.183333333333334,0.7008872504569529,2
M1,ST2,2025-01-03 23:00:00,21,6.523809523809524,0.5117663157191591,1
M1,ST2,2025-01-04 00:00:00,16,6.0625,0.8539125638299666,3
M1,ST2,2025-01-04 01:00:00,25,4.88,0.33166247903553997,1
M1,ST2,2025-01-04 02:00:00,31,5.903225806451613,1.1359236684941296,6
M1,ST2,2025-01-04 03:00:00,10,6.2,0.6324555320336758,2
M1,ST2,2025-01-04 04:00:00,35,6.0,1.0,4
M1,ST2,2025-01-04 05:00:00,27,5.777777777777778,0.8006407690254357,3
M1,ST2,2025-01-04 06:00:00,31,5.32258064516129,1.0766335425511488,6
M1,ST2,2025-01-04 07:00:00,23,5.869565217391305,1.0997664142934647,5
M1,ST2,2025-01-04 08:00:00,8,5.875,1.642080561796093,5
M1,ST2,2025-01-04 09:00:00,60,5.35,0.8601340061144981,3
M1,ST2,2025-01-04 10:00:00,52,6.403846153846154,0.9130774377016546,6
M1,ST2,2025-01-04 11:00:00,26,6.269230769230769,1.0023050357128733,5
M1,ST2,2025-01-04 12:00:00,15,5.933333333333334,1.709915063331955,6
M1,ST2,2025-01-04 13:00:00,2,3.5,3.5355339059327378,5
M1,ST2,2025-01-04 14:00:00,27,4.925925925925926,0.8738036184021922,5
M1,ST2,2025-01-04 15:00:00,54,5.037037037037037,0.9705661246797974,6
M1,ST2,2025-01-04 16:00:00,32,5.75,0.9837387536759299,3
M1,ST2,2025-01-04 17:00:00,24,6.166666666666667,0.816496580927726,4
M1,ST2,2025-01-04 18:00:00,19,6.105263157894737,1.1496249070460265,5
M1,ST2,2025-01-04 19:00:00,24,5.25,0.7372097807744857,4
M1,ST2,2025-01-04 20:00:00,29,5.379310344827586,0.9416472308615169,3
M1,ST2,2025-01-04 21:00:00,8,5.625,1.7677669529663689,5
M1,ST2,2025-01-04 22:00:00,17,5.470588235294118,1.3284223283101428,5
M1,ST2,2025-01-04 23:00:00,18,6.055555555555555,1.4741786236338814,6
M1,ST2,2025-01-05 00:00:00,33,5.2727272727272725,1.125631136094527,6
M1,ST2,2025-01-05 01:00:00,42,6.5476190476190474,0.5037605389507488,1
M1,ST2,2025-01-05 02:00:00,12,6.0,1.651445647689541,6
M1,ST2,2025-01-05 03:00:00,34,4.823529411764706,0.9035481652836901,4
M1,ST2,2025-01-05 04:00:00,21,4.476190476190476,0.6015852075182383,2
M1,ST2,2025-01-05 05:00:00,48,6.333333333333333,0.7532435771547091,3
M1,ST2,2025-01-05 06:00:00,11,5.454545454545454,1.916436086262016,6
M1,ST2,2025-01-05 07:00:00,3,5.0,1.0,2
M1,ST2,2025-01-05 08:00:00,51,5.0,0.19999999999999998,2
M1,ST2,2025-01-05 09:00:00,22,5.2727272727272725,0.7025001733142087,3
M1,ST2,2025-01-05 10:00:00,8,6.125,0.991031208965115,3
M1,ST2,2025-01-05 11:00:00,46,5.282608695652174,1.067979264847837,3
M1,ST2,2025-01-05 12:00:00,19,4.684210526315789,0.5823927253578186,2
M1,ST2,2025-01-05 13:00:00,42,5.0,1.1893839356328395,6
M1,ST2,2025-01-05 14:00:00,50,5.24,0.8935140440635368,3
M1,ST2,2025-01-05 15:00:00,37,4.864864864864865,0.6307914852769477,3
M1,ST2,2025-01-05 16:00:00,45,6.533333333333333,0.5045249791095129,1
M1,ST2,2025-01-05 17:00:00,3,5.0,2.6457513110645907,5
M1,ST2,2025-01-05 18:00:00,7,5.857142857142857,1.7728105208558367,5
M1,ST2,2025-01-05 19:00:00,11,5.818181818181818,1.721521525754576,6
M1,ST2,2025-01-05 20:00:00,15,5.733333333333333,1.579632265825845,6
M1,ST2,2025-01-05 21:00:00,34,4.764705882352941,0.49597308879901364,2
M1,ST2,2025-01-05 22:00:00,23,5.695652173913044,0.7648400075533114,2
M1,ST2,2025-01-05 23:00:00,20,5.2,0.7677718959499145,3
M1,ST2,2025-01-06 00:00:00,19,5.684210526315789,1.3764944032233706,6
M1,ST2,2025-01-06 01:00:00,26,6.538461538461538,0.508391127441794,1
M1,ST2,2025-01-06 02:00:00,24,5.833333333333333,1.493949148388597,6
M1,ST2,2025-01-06 03:00:00,53,6.188679245283019,0.9816901393786461,6
M1,ST2,2025-01-06 04:00:00,6,6.333333333333333,0.5163977794943223,1
M1,ST2,2025-01-06 05:00:00,33,6.212121212121212,1.0827504259285632,5
M1,ST2,2025-01-06 06:00:00,20,6.15,1.3088765773505315,6
M1,ST2,2025-01-06 07:00:00,17,4.411764705882353,1.0641207361838554,4
M1,ST2,2025-01-06 08:00:00,59,4.728813559322034,0.4483882428930301,1
M1,ST2,2025-01-06 09:00:00,43,5.511627906976744,1.0549676822686227,4
M1,ST2,2025-01-06 10:00:00,13,6.153846153846154,1.3445044840729643,5
M1,ST2,2025-01-06 11:00:00,13,5.384615384615385,1.2608503439122303,5
M1,ST2,2025-01-06 12:00:00,24,6.291666666666667,0.69025305168635,3
M1,ST2,2025-01-06 13:00:00,47,6.25531914893617,1.0522870559422501,6
M1,ST2,2025-01-06 14:00:00,3,5.0,1.7320508075688772,3
M1,ST2,2025-01-06 15:00:00,30,5.9,0.8448627719625692,3
M1,ST2,2025-01-06 16:00:00,13,6.153846153846154,1.405118847058488,6
M1,ST2,2025-01-06 17:00:00,28,6.142857142857143,1.2682529749484557,5
M1,ST2,2025-01-06 18:00:00,15,5.533333333333333,0.833809387832792,3
M1,ST2,2025-01-06 19:00:00,34,5.852941176470588,1.209366298901944,6
M1,ST2,2025-01-06 20:00:00,43,5.953488372093023,0.898503739613625,3
M1,ST2,2025-01-06 21:00:00,15,6.0,1.4638501094227994,6
M1,ST2,2025-01-06 22:00:00,13,5.846153846153846,0.8006407690254358,2
M1,ST2,2025-01-06 23:00:00,34,6.117647058823529,1.1218141660600054,6
M1,ST2,2025-01-07 00:00:00,23,6.130434782608695,1.3247417527437002,6
M1,ST2,2025-01-07 01:00:00,41,5.439024390243903,1.0499709635938723,5
M1,ST2,2025-01-07 02:00:00,9,4.111111111111111,1.5365907428821477,4
M1,ST2,2025-01-07 03:00:00,28,6.321428571428571,0.983326607456148,5
M1,ST2,2025-01-07 04:00:00,28,6.464285714285714,0.5762035942360842,2
M1,ST2,2025-01-07 05:00:00,8,6.125,1.4577379737113252,5
M1,ST2,2025-01-07 06:00:00,18,5.777777777777778,1.8005082797253327,6
M1,ST2,2025-01-07 07:00:00,13,6.384615384615385,0.7679476477883042,2
M1,ST2,2025-01-07 08:00:00,45,4.822222222222222,0.3866457674602808,1
M1,ST2,2025-01-07 09:00:00,10,5.1,1.1972189997378644,3
M1,ST2,2025-01-07 10:00:00,9,6.333333333333333,0.5,1
M1,ST2,2025-01-07 11:00:00,40,4.6,0.49613893835683376,1
M1,ST2,2025-01-07 12:00:00,33,5.636363636363637,1.2946568516932828,5
M1,ST2,2025-01-07 13:00:00,32,6.375,0.8327955253822958,5
M1,ST2,2025-01-07 14:00:00,11,5.7272727272727275,1.6787441193290353,5
M1,ST2,2025-01-07 15:00:00,39,6.256410256410256,1.2294189624189127,6
M1,ST2,2025-01-07 16:00:00,14,6.428571428571429,0.5135525910130955,1
M1,ST2,2025-01-07 17:00:00,16,6.125,1.2041594578792296,4
M1,ST2,2025-01-07 18:00:00,22,6.363636363636363,0.5810872031479765,2
M1,ST2,2025-01-07 19:00:00,17,5.588235294117647,1.3256518929102281,5
M1,ST2,2025-01-07 20:00:00,36,5.777777777777778,1.1737877907772678,6
M1,ST2,2025-01-07 21:00:00,21,6.095238095238095,0.7684244858645445,2
M1,ST2,2025-01-07 22:00:00,12,5.0,0.0,0
M1,ST2,2025-01-07 23:00:00,19,6.2105263157894735,0.9176629354822471,4
M1,ST2,2025-01-08 00:00:00,35,6.257142857142857,0.8520859229960717,4
M1,ST2,2025-01-08 01:00:00,30,6.566666666666666,0.5683207771559353,2
M1,ST2,2025-01-08 02:00:00,7,5.714285714285714,1.2535663410560176,4
M1,ST2,2025-01-08 03:00:00,14,6.0,1.3587324409735146,4
M1,ST2,2025-01-08 04:00:00,26,5.461538461538462,0.7605665904189712,3
M1,ST2,2025-01-08 05:00:00,6,5.0,2.0,5
M1,ST2,2025-01-08 06:00:00,28,5.0,0.47140452079103157,3
M1,ST2,2025-01-08 07:00:00,44,5.25,0.8387421368293255,3
M1,ST2,2025-01-08 08:00:00,46,4.782608695652174,0.696436755627797,3
M1,ST2,2025-01-08 09:00:00,4,6.25,1.5,3
M1,ST2,2025-01-08 10:00:00,15,5.666666666666667,1.7182493859684487,6
M1,ST2,2025-01-08 11:00:00,13,5.461538461538462,1.8081014266989472,6
M1,ST2,2025-01-08 12:00:00,37,6.297297297297297,0.8776504260070009,5
M1,ST2,2025-01-08 13:00:00,16,6.25,1.4832396974191326,6
M1,ST2,2025-01-08 14:00:00,37,5.351351351351352,0.9779859183323943,3
M1,ST2,2025-01-08 15:00:00,30,6.033333333333333,1.2452207485597395,6
M1,ST2,2025-01-08 16:00:00,31,5.548387096774194,1.0275767506588613,4
M1,ST2,2025-01-08 17:00:00,25,5.88,0.7810249675906656,2
M1,ST2,2025-01-08 18:00:00,25,4.72,1.429452109492771,6
M1,ST2,2025-01-08 19:00:00,21,5.857142857142857,0.9636241116594317,3
M1,ST2,2025-01-08 20:00:00,18,5.833333333333333,1.3826657968874303,5
M1,ST2,2025-01-08 21:00:00,3,5.0,2.6457513110645907,5
M1,ST2,2025-01-08 22:00:00,24,6.416666666666667,0.5835920751217649,2
M1,ST2,2025-01-08 23:00:00,22,6.090909090909091,1.4444999434337429,6
M1,ST2,2025-01-09 00:00:00,16,5.75,1.61245154965971,6
M1,ST2,2025-01-09 01:00:00,34,5.088235294117647,0.6682245611851774,3
M1,ST2,2025-01-09 02:00:00,32,4.78125,0.49084357931507955,2
M1,ST2,2025-01-09 03:00:00,37,5.027027027027027,0.3716693935988516,2
M1,ST2,2025-01-09 04:00:00,9,4.666666666666667,1.4142135623730951,5
M1,ST2,2025-01-09 05:00:00,15,6.0,1.4638501094227998,6
M1,ST2,2025-01-09 06:00:00,5,5.6,0.5477225575051662,1
M1,ST2,2025-01-09 07:00:00,17,5.882352941176471,1.5363248737318087,5
M1,ST2,2025-01-09 08:00:00,31,5.387096774193548,0.6152191671720854,3
M1,ST2,2025-01-09 09:00:00,35,5.228571428571429,0.7702449681266149,5
M1,ST2,2025-01-09 10:00:00,23,6.217391304347826,0.7358681786057781,3
M1,ST2,2025-01-09 11:00:00,42,5.9523809523809526,1.0809296123917653,6
M1,ST2,2025-01-09 12:00:00,27,6.2592592592592595,0.5943705521611524,2
M1,ST2,2025-01-09 13:00:00,9,6.333333333333333,0.5,1
M1,ST2,2025-01-09 14:00:00,16,4.9375,1.181453906563152,5
M1,ST2,2025-01-09 15:00:00,2,3.0,2.8284271247461903,4
M1,ST2,2025-01-09 16:00:00,40,6.475,0.5057363253408151,1
M1,ST2,2025-01-09 17:00:00,30,5.2,0.48423419811150226,2
M1,ST2,2025-01-09 18:00:00,9,6.555555555555555,0.5270462766947299,1
M1,ST2,2025-01-09 19:00:00,40,5.5,1.1547005383792517,6
M1,ST2,2025-01-09 20:00:00,10,5.3,2.110818693198342,6
M1,ST2,2025-01-09 21:00:00,3,5.0,0.0,0
M1,ST2,2025-01-09 22:00:00,26,6.423076923076923,0.503831473655779,1
M1,ST2,2025-01-09 23:00:00,13,6.076923076923077,1.6052797503622467,6
M1,ST2,2025-01-10 00:00:00,30,6.3,0.915385729888094,4
M1,ST2,2025-01-10 01:00:00,27,5.962962962962963,1.4000406994491126,5
M1,ST2,2025-01-10 02:00:00,15,6.2,0.8618916073713347,3
M1,ST2,2025-01-10 03:00:00,15,5.333333333333333,1.5886502207249786,6
M1,ST2,2025-01-10 04:00:00,47,5.297872340425532,0.9761257406756676,6
M1,ST2,2025-01-10 05:00:00,19,4.7368421052631575,0.4524139283588642,1
M1,ST2,2025-01-10 06:00:00,43,5.325581395348837,1.1280182840581243,5
M1,ST2,2025-01-10 07:00:00,22,6.5,0.511766315719159,1
M1,ST2,2025-01-10 08:00:00,17,5.882352941176471,1.7278003697322961,6
M1,ST2,2025-01-10 09:00:00,15,5.8,1.3201731488169055,5
M1,ST2,2025-01-10 10:00:00,20,5.9,1.119210247874531,5
M1,ST2,2025-01-10 11:00:00,26,4.961538461538462,0.44549022263293125,2
M1,ST2,2025-01-10 12:00:00,30,6.4,0.9684683962230045,5
M1,ST2,2025-01-10 13:00:00,21,6.0476190476190474,1.2835961388299078,6
M1,ST2,2025-01-10 14:00:00,10,6.0,1.1547005383792515,3
M1,ST2,2025-01-10 15:00:00,23,6.304347826086956,1.06321906614239,5
M1,ST2,2025-01-10 16:00:00,44,6.431818181818182,0.5454985887785669,2
M1,ST2,2025-01-10 17:00:00,32,5.0,1.1359236684941298,5
M1,ST2,2025-01-10 18:00:00,33,4.606060606060606,0.7881701093115123,4
M1,ST2,2025-01-10 19:00:00,11,6.0,1.4142135623730951,5
M1,ST2,2025-01-10 20:00:00,20,5.55,1.190974832912761,5
M1,ST2,2025-01-10 21:00:00,15,6.133333333333334,0.7432233529572064,2
M1,ST2,2025-01-10 22:00:00,39,5.230769230769231,0.5831646179767074,3
M1,ST2,2025-01-10 23:00:00,32,5.8125,1.3781123134153823,6
M1,ST2,2025-01-11 00:00:00,28,6.142857142857143,1.2084359562332878,6
M1,ST2,2025-01-11 01:00:00,3,5.0,2.6457513110645907,5
M1,ST2,2025-01-11 02:00:00,33,6.393939393939394,0.9333874443188751,5
M1,ST2,2025-01-11 03:00:00,24,5.875,1.3929168644626095,6
M1,ST2,2025-01-11 05:00:00,10,6.0,1.4907119849998598,5
M1,ST2,2025-01-11 06:00:00,34,5.970588235294118,1.2181778274338015,6
M1,ST2,2025-01-11 07:00:00,48,4.895833333333333,0.3712877723937028,2
M1,ST2,2025-01-11 08:00:00,15,4.666666666666667,0.4879500364742666,1
M1,ST2,2025-01-11 09:00:00,25,6.16,1.0279429296739513,5
M1,ST2,2025-01-11 10:00:00,13,6.076923076923077,1.3204505835470497,5
M1,ST2,2025-01-11 11:00:00,53,6.528301886792453,0.5407890810553402,2
M1,ST2,2025-01-11 12:00:00,12,5.666666666666667,1.8257418583505536,5
M1,ST2,2025-01-11 13:00:00,22,5.454545454545454,1.056826909613451,3
M1,ST2,2025-01-11 14:00:00,39,6.230769230769231,1.0120728718702563,6
M1,ST2,2025-01-11 15:00:00,42,5.785714285714286,0.7501451659744556,2
M1,ST2,2025-01-11 16:00:00,60,5.5,0.5674803065350237,2
M1,ST2,2025-01-11 17:00:00,23,5.826086956521739,1.336623082556236,6
M1,ST2,2025-01-11 18:00:00,7,5.285714285714286,2.3603873774083297,6
M1,ST2,2025-01-11 19:00:00,42,6.190476190476191,1.1526871095791833,6
M1,ST2,2025-01-11 20:00:00,21,4.857142857142857,0.9102589898327995,5
M1,ST2,2025-01-11 21:00:00,25,5.6,0.7637626158259735,3
M1,ST2,2025-01-11 22:00:00,10,5.8,1.6193277068654823,5
M1,ST2,2025-01-11 23:00:00,51,5.098039215686274,0.670966525566941,5
M1,ST2,2025-01-12 00:00:00,15,5.666666666666667,1.6761634196950517,6
M1,ST2,2025-01-12 01:00:00,42,5.095238095238095,0.6555401351231358,3
M1,ST2,2025-01-12 02:00:00,55,6.236363636363636,0.63722884904923,2
M1,ST2,2025-01-12 03:00:00,36,5.416666666666667,0.5542047068934521,2
M1,ST2,2025-01-12 04:00:00,51,5.980392156862745,1.0293725482726142,6
M1,ST2,2025-01-12 05:00:00,34,5.882352941176471,1.2001188295294292,6
M1,ST2,2025-01-12 06:00:00,6,5.666666666666667,1.8618986725025255,5
M1,ST2,2025-01-12 07:00:00,16,5.6875,1.2500000000000002,4
M1,ST2,2025-01-12 08:00:00,19,6.526315789473684,0.512989176042577,1
M1,ST2,2025-01-12 09:00:00,20,6.3,0.4701623459816273,1
M1,ST2,2025-01-12 10:00:00,36,5.888888888888889,0.7847757742648638,2
M1,ST2,2025-01-12 11:00:00,45,5.222222222222222,1.0200019805882927,6
M1,ST2,2025-01-12 12:00:00,29,6.068965517241379,0.8836221915162054,3
M1,ST2,2025-01-12 13:00:00,17,5.647058823529412,1.6179144164088315,6
M1,ST2,2025-01-12 14:00:00,12,5.083333333333333,1.2401124093721454,5
M1,ST2,2025-01-12 15:00:00,59,5.52542372881356,0.971240447578993,3
M1,ST2,2025-01-12 16:00:00,24,5.0,1.4142135623730951,6
M1,ST2,2025-01-12 17:00:00,36,6.166666666666667,1.1338934190276817,5
M1,ST2,2025-01-12 18:00:00,16,6.4375,0.5123475382979799,1
M1,ST2,2025-01-12 19:00:00,25,5.6,1.3228756555322951,6
M1,ST2,2025-01-12 20:00:00,26,5.346153846153846,0.7452413135250997,3
M1,ST2,2025-01-12 21:00:00,60,5.783333333333333,0.884741974578985,3
M1,ST2,2025-01-12 22:00:00,10,6.0,1.4142135623730951,4
M1,ST2,2025-01-12 23:00:00,9,5.222222222222222,0.97182531580755,3
M1,ST2,2025-01-13 00:00:00,36,4.916666666666667,0.5542047068934522,2
M1,ST2,2025-01-13 01:00:00,15,4.333333333333333,1.0465362369445672,4
M1,ST2,2025-01-13 02:00:00,36,5.694444444444445,1.1166133604902801,5
M1,ST2,2025-01-13 03:00:00,16,4.5625,0.8139410298049851,3
M1,ST2,2025-01-13 04:00:00,46,6.304347826086956,0.939729635288583,6
M1,ST2,2025-01-13 05:00:00,28,6.464285714285714,0.5078745001833701,1
M1,ST2,2025-01-13 06:00:00,13,5.230769230769231,1.9644272343292228,6
M1,ST2,2025-01-13 07:00:00,30,6.166666666666667,1.0854312136382618,6
M1,ST2,2025-01-13 08:00:00,9,6.333333333333333,0.4999999999999999,1
M1,ST2,2025-01-13 09:00:00,27,4.814814814814815,0.622466374565235,3
M1,ST2,2025-01-13 10:00:00,12,5.916666666666667,1.6213537179739277,6
M1,ST2,2025-01-13 11:00:00,13,5.0,1.4142135623730951,6
M1,ST2,2025-01-13 12:00:00,8,5.875,1.642080561796093,5
M1,ST2,2025-01-13 13:00:00,41,6.195121951219512,1.1004433696270324,6
M1,ST2,2025-01-13 14:00:00,34,5.970588235294118,0.7581993868109018,2
M1,ST2,2025-01-13 15:00:00,16,5.1875,1.0468205831628137,5
M1,ST2,2025-01-13 16:00:00,29,5.620689655172414,1.2367524611846563,6
M1,ST2,2025-01-13 17:00:00,37,5.324324324324325,0.579945114934453,2
M1,ST2,2025-01-13 18:00:00,3,5.0,1.7320508075688772,3
M1,ST2,2025-01-13 19:00:00,26,6.346153846153846,0.485164524037584,1
M1,ST2,2025-01-13 20:00:00,28,6.178571428571429,1.156417566150561,5
M1,ST2,2025-01-13 21:00:00,42,5.666666666666667,1.004056811789459,5
M1,ST2,2025-01-13 22:00:00,30,4.9,0.7119666788018506,3
M1,ST2,2025-01-13 23:00:00,34,4.794117647058823,0.9138467401745383,4
M1,ST2,2025-01-14 00:00:00,18,4.666666666666667,0.9074852129730304,4
M1,ST2,2025-01-14 01:00:00,17,5.647058823529412,1.8351149988007645,6
M1,ST2,2025-01-14 02:00:00,11,5.545454545454546,1.8090680674665818,5
M1,ST2,2025-01-14 03:00:00,26,6.0,0.6928203230275508,2
M1,ST2,2025-01-14 04:00:00,6,5.0,2.3664319132398464,5
M1,ST2,2025-01-14 05:00:00,39,6.256410256410256,0.9925498454392664,6
M1,ST2,2025-01-14 06:00:00,10,6.0,1.8257418583505538,6
M1,ST2,2025-01-14 07:00:00,28,5.535714285714286,1.0708993401928102,5
M1,ST2,2025-01-14 08:00:00,10,6.0,1.4907119849998598,5
M1,ST2,2025-01-14 09:00:00,49,5.673469387755102,0.7468755781599108,2
M1,ST2,2025-01-14 10:00:00,12,5.583333333333333,1.6764862244009227,6
M1,ST2,2025-01-14 11:00:00,45,6.4222222222222225,0.6211751651978579,3
M1,ST2,2025-01-14 12:00:00,26,6.0,0.7999999999999999,2
M1,ST2,2025-01-14 13:00:00,21,6.190476190476191,0.6796357567879737,2
M1,ST2,2025-01-14 14:00:00,48,4.8125,0.7623103182278173,5
M1,ST2,2025-01-14 15:00:00,16,5.5625,1.4591664287073858,6
M1,ST2,2025-01-14 16:00:00,20,6.35,0.48936048492959283,1
M1,ST2,2025-01-14 17:00:00,25,5.24,1.1284207253207172,6
M1,ST2,2025-01-14 18:00:00,19,5.684210526315789,0.6710382982072026,2
M1,ST2,2025-01-14 19:00:00,2,5.0,1.4142135623730951,2
M1,ST2,2025-01-14 20:00:00,35,6.285714285714286,1.0451970985368817,6
M1,ST2,2025-01-14 21:00:00,60,6.25,0.7277781371744774,3
M1,ST2,2025-01-14 22:00:00,11,6.181818181818182,0.8738628975053031,3
M1,ST2,2025-01-14 23:00:00,22,6.136363636363637,0.8888437939499212,3
M1,ST2,2025-01-15 00:00:00,7,5.714285714285714,1.7043362064926935,5
M1,ST2,2025-01-15 01:00:00,29,5.172413793103448,1.7539540130239892,6
M1,ST2,2025-01-15 02:00:00,44,5.75,1.143739277494535,6
M1,ST2,2025-01-15 03:00:00,8,5.625,1.1877349391654206,4
M1,ST2,2025-01-15 04:00:00,22,6.045454545454546,1.3965015038360862,5
M1,ST2,2025-01-15 05:00:00,12,6.083333333333333,0.90033663737852,3
M1,ST2,2025-01-15 06:00:00,23,5.217391304347826,0.9513875865917888,3
M1,ST2,2025-01-15 07:00:00,4,3.5,1.7320508075688772,4
M1,ST2,2025-01-15 08:00:00,55,5.6,0.6265720968831862,2
M1,ST2,2025-01-15 09:00:00,42,5.595238095238095,1.148902420223878,6
M1,ST2,2025-01-15 10:00:00,9,4.222222222222222,1.3017082793177757,4
M1,ST2,2025-01-15 11:00:00,60,4.883333333333334,0.761169186891749,3
M1,ST2,2025-01-15 12:00:00,9,6.0,1.5811388300841898,5
M1,ST2,2025-01-15 13:00:00,40,5.775,1.3679012559954193,6
M1,ST2,2025-01-15 14:00:00,45,6.311111111111111,0.9492155187364464,6
M1,ST2,2025-01-15 15:00:00,20,4.85,0.7451598203705947,3
M1,ST2,2025-01-15 16:00:00,6,4.166666666666667,1.602081978759722,4
M1,ST2,2025-01-15 17:00:00,16,5.8125,1.42448821218944,5
M1,ST2,2025-01-15 18:00:00,39,5.333333333333333,1.1994150621148918,6
M1,ST2,2025-01-15 19:00:00,19,5.0,0.5773502691896262,2
M1,ST2,2025-01-15 20:00:00,26,5.038461538461538,0.9583639905910168,4
M1,ST2,2025-01-15 21:00:00,21,6.190476190476191,1.077916862241593,5
M1,ST2,2025-01-15 22:00:00,23,5.6521739130434785,1.6126966589641065,6
M1,ST2,2025-01-15 23:00:00,54,5.222222222222222,0.46242456464532833,2
M1,ST2,2025-01-16 00:00:00,23,5.565217391304348,1.273009567789573,5
M1,ST2,2025-01-16 01:00:00,11,6.181818181818182,1.1677484162422844,4
M1,ST2,2025-01-16 02:00:00,20,5.9,1.3726654823065194,6
M1,ST2,2025-01-16 03:00:00,7,4.857142857142857,2.3401261667248794,6
M1,ST2,2025-01-16 04:00:00,26,6.615384615384615,0.5710988059467872,2
M1,ST2,2025-01-16 05:00:00,39,6.487179487179487,0.5063696835418333,1
M1,ST2,2025-01-16 06:00:00,3,5.0,0.0,0
M1,ST2,2025-01-16 07:00:00,11,5.0,0.6324555320336759,2
M1,ST2,2025-01-16 08:00:00,23,4.956521739130435,0.9282564726687249,5
M1,ST2,2025-01-16 09:00:00,33,5.333333333333333,0.8539125638299674,3
M1,ST2,2025-01-16 10:00:00,28,6.25,1.1426091000668406,6
M1,ST2,2025-01-16 11:00:00,21,6.380952380952381,0.49761335152811925,1
M1,ST2,2025-01-16 12:00:00,28,4.892857142857143,0.566946709513841,3
M1,ST2,2025-01-16 13:00:00,20,5.1,1.2523661815266247,6
M1,ST2,2025-01-16 14:00:00,25,5.72,0.7371114795831992,2
M1,ST2,2025-01-16 15:00:00,9,5.888888888888889,0.6009252125773314,2
M1,ST2,2025-01-16 16:00:00,17,5.705882352941177,1.759428383110298,6
M1,ST2,2025-01-16 17:00:00,24,6.25,0.5316095330711951,2
M1,ST2,2025-01-16 18:00:00,15,6.066666666666666,1.2798809468443686,5
M1,ST2,2025-01-16 19:00:00,28,5.678571428571429,1.055973183882699,4
M1,ST2,2025-01-16 20:00:00,35,4.514285714285714,1.1471557812932913,4
M1,ST2,2025-01-16 21:00:00,17,6.0,0.9354143466934853,3
M1,ST2,2025-01-16 22:00:00,36,6.027777777777778,0.8446845940894527,4
M1,ST2,2025-01-16 23:00:00,15,5.666666666666667,1.3972762620115438,5
M1,ST2,2025-01-17 00:00:00,11,5.7272727272727275,1.4206272622267315,5
M1,ST2,2025-01-17 01:00:00,37,5.027027027027027,0.3716693935988517,2
M1,ST2,2025-01-17 02:00:00,16,6.5625,0.51234753829798,1
M1,ST2,2025-01-17 03:00:00,14,5.5,1.605279750362247,5
M1,ST2,2025-01-17 04:00:00,27,6.444444444444445,0.5063696835418333,1
M1,ST2,2025-01-17 05:00:00,43,6.023255813953488,0.8588023802011742,3
M1,ST2,2025-01-17 06:00:00,9,4.333333333333333,1.322875655532295,4
M1,ST2,2025-01-17 07:00:00,38,5.5,1.0067340828210365,4
M1,ST2,2025-01-17 08:00:00,51,5.0588235294117645,0.7046066904559556,3
M1,ST2,2025-01-17 09:00:00,15,6.133333333333334,0.7432233529572064,3
M1,ST2,2025-01-17 10:00:00,55,5.418181818181818,0.9167355346031046,3
M1,ST2,2025-01-17 11:00:00,22,5.409090909090909,1.436234856411222,6
M1,ST2,2025-01-17 12:00:00,12,5.5,1.3142574813455419,5
M1,ST2,2025-01-17 13:00:00,26,5.653846153846154,0.7452413135250991,3
M1,ST2,2025-01-17 14:00:00,16,6.0,0.730296743340222,2
M1,ST2,2025-01-17 15:00:00,25,6.16,0.8000000000000002,4
M1,ST2,2025-01-17 16:00:00,45,6.4222222222222225,0.7226494462892933,4
M1,ST2,2025-01-17 17:00:00,20,6.45,0.6863327411532597,3
M1,ST2,2025-01-17 18:00:00,43,5.325581395348837,0.6063524918787173,2
M1,ST2,2025-01-17 19:00:00,25,6.12,1.1298967504452195,5
M1,ST2,2025-01-17 20:00:00,17,5.352941176470588,0.7018882096342193,3
M1,ST2,2025-01-17 21:00:00,56,6.375,0.5896840448301724,3
M1,ST2,2025-01-17 22:00:00,20,6.3,0.47016234598162715,1
M1,ST2,2025-01-17 23:00:00,11,6.0,0.8944271909999159,3
M1,ST2,2025-01-18 00:00:00,22,6.545454545454546,0.5096471914376255,1
M1,ST2,2025-01-18 01:00:00,26,6.346153846153846,0.8458041235325208,4
M1,ST2,2025-01-18 02:00:00,26,5.5,1.449137674618944,6
M1,ST2,2025-01-18 03:00:00,30,6.1,1.3480509557543976,6
M1,ST2,2025-01-18 04:00:00,17,6.411764705882353,0.6183469424008425,2
M1,ST2,2025-01-18 05:00:00,16,5.625,0.6191391873668902,2
M1,ST2,2025-01-18 06:00:00,20,5.75,1.5517392618742705,6
M1,ST2,2025-01-18 07:00:00,25,5.52,1.3266499161421594,5
M1,ST2,2025-01-18 08:00:00,46,5.543478260869565,0.5459557059416464,2
M1,ST2,2025-01-18 09:00:00,50,5.4,0.49487165930539345,1
M1,ST2,2025-01-18 10:00:00,9,5.888888888888889,1.1666666666666667,4
M1,ST2,2025-01-18 11:00:00,10,6.0,1.8257418583505538,6
M1,ST2,2025-01-18 12:00:00,52,5.9423076923076925,0.8022874537041204,3
M1,ST2,2025-01-18 13:00:00,49,6.020408163265306,1.1271238455756787,5
M1,ST2,2025-01-18 14:00:00,53,5.509433962264151,0.9531857819849335,3
M1,ST2,2025-01-18 15:00:00,5,6.6,0.5477225575051662,1
M1,ST2,2025-01-18 16:00:00,27,6.185185185185185,1.1447887624104764,6
M1,ST2,2025-01-18 17:00:00,27,6.296296296296297,1.1706281947614157,6
M1,ST2,2025-01-18 18:00:00,18,5.833333333333333,1.3394467690277294,5
M1,ST2,2025-01-18 19:00:00,13,6.153846153846154,0.8006407690254358,2
M1,ST2,2025-01-18 20:00:00,58,5.293103448275862,0.5926041455484714,2
M1,ST2,2025-01-18 21:00:00,3,5.0,3.4641016151377544,6
M1,ST2,2025-01-18 22:00:00,39,4.6923076923076925,0.6136108038679581,3
M1,ST2,2025-01-18 23:00:00,36,5.166666666666667,0.9411239481143209,4
M1,ST2,2025-01-19 00:00:00,16,5.875,1.6278820596099706,6
M1,ST2,2025-01-19 01:00:00,23,6.217391304347826,1.2415723806063765,6
M1,ST2,2025-01-19 02:00:00,8,5.625,1.5979898086569355,5
M1,ST2,2025-01-19 03:00:00,4,5.75,0.4999999999999999,1
M1,ST2,2025-01-19 04:00:00,17,5.705882352941177,1.447614670861731,5
M1,ST2,2025-01-19 05:00:00,29,5.689655172413793,0.8063785124981439,3
M1,ST2,2025-01-19 06:00:00,14,5.785714285714286,1.6723346844167577,5
M1,ST2,2025-01-19 07:00:00,50,6.36,0.6311634866964153,2
M1,ST2,2025-01-19 08:00:00,24,6.291666666666667,0.9078961186825507,4
M1,ST2,2025-01-19 09:00:00,28,5.285714285714286,1.0490610566259242,6
M1,ST2,2025-01-19 10:00:00,41,6.2682926829268295,1.0006095703095799,5
M1,ST2,2025-01-19 11:00:00,12,5.333333333333333,1.6143297699232977,6
M1,ST2,2025-01-19 12:00:00,17,5.823529411764706,1.5506165756581742,6
M1,ST2,2025-01-19 13:00:00,7,5.428571428571429,1.9880595947760098,6
M1,ST2,2025-01-19 14:00:00,23,6.304347826086956,1.0632190661423901,5
M1,ST2,2025-01-19 15:00:00,19,5.894736842105263,1.328940130835483,6
M1,ST2,2025-01-19 16:00:00,24,4.666666666666667,1.0072203103706698,6
M1,ST2,2025-01-19 17:00:00,44,5.045454545454546,0.8056355415402253,5
M1,ST2,2025-01-19 18:00:00,20,4.95,1.1459310165698642,6
M1,ST2,2025-01-19 19:00:00,11,5.636363636363637,1.8586407545691703,5
M1,ST2,2025-01-19 20:00:00,3,5.0,1.0,2
M1,ST2,2025-01-19 21:00:00,19,6.157894736842105,1.11868761873192,5
M1,ST2,2025-01-19 22:00:00,23,6.173913043478261,1.230379613003589,6
M1,ST2,2025-01-19 23:00:00,16,6.1875,1.2230426539304888,5
M1,ST2,2025-01-20 00:00:00,39,6.256410256410256,1.2294189624189125,6
M1,ST2,2025-01-20 01:00:00,48,5.3125,1.1514329647619204,6
M1,ST2,2025-01-20 02:00:00,2,5.0,0.0,0
M1,ST2,2025-01-20 03:00:00,38,5.078947368421052,0.9693011956898957,3
M1,ST2,2025-01-20 04:00:00,21,5.428571428571429,1.5023790657297038,6
M1,ST2,2025-01-20 05:00:00,23,5.173913043478261,1.1140496934013264,4
M1,ST2,2025-01-20 06:00:00,12,5.916666666666667,1.6213537179739277,6
M1,ST2,2025-01-20 07:00:00,12,6.25,0.6215815605080611,2
M1,ST2,2025-01-20 08:00:00,11,4.636363636363637,1.689540012709215,5
M1,ST2,2025-01-20 09:00:00,12,6.25,0.8660254037844386,3
M1,ST2,2025-01-20 10:00:00,28,6.142857142857143,1.1126972805283737,6
M1,ST2,2025-01-20 11:00:00,50,6.1,0.8144110179279556,4
M1,ST2,2025-01-20 12:00:00,41,5.073170731707317,0.9589119850757686,6
M1,ST2,2025-01-20 13:00:00,7,6.142857142857143,0.6900655593423541,2
M1,ST2,2025-01-20 14:00:00,1,6.0,,0
M1,ST2,2025-01-20 15:00:00,14,5.785714285714286,1.5776599725577718,6
M1,ST2,2025-01-20 16:00:00,23,4.695652173913044,0.9261249968991351,5
M1,ST2,2025-01-20 17:00:00,41,5.878048780487805,0.8716398898403949,3
M1,ST2,2025-01-20 18:00:00,19,5.2631578947368425,0.6533762964749501,2
M1,ST2,2025-01-20 19:00:00,11,5.545454545454546,1.863525495593573,6
M1,ST2,2025-01-20 20:00:00,31,5.516129032258065,1.0286226305740276,6
M1,ST2,2025-01-20 21:00:00,39,5.512820512820513,0.5063696835418333,1
M1,ST2,2025-01-20 22:00:00,19,5.421052631578948,0.606976978666884,2
M1,ST2,2025-01-20 23:00:00,8,5.375,1.8468119248354136,6
M1,ST2,2025-01-21 00:00:00,18,5.0,1.2366938848016853,5
M1,ST2,2025-01-21 01:00:00,19,6.2105263157894735,1.3572417850765923,6
M1,ST2,2025-01-21 02:00:00,7,6.285714285714286,0.4879500364742666,1
M1,ST2,2025-01-21 03:00:00,24,5.875,0.9469631093315,3
M1,ST2,2025-01-21 04:00:00,18,5.222222222222222,1.555088632070459,6
M1,ST2,2025-01-21 05:00:00,7,4.285714285714286,1.6035674514745464,5
M1,ST2,2025-01-21 06:00:00,34,6.323529411764706,1.0651671724050364,6
M1,ST2,2025-01-21 07:00:00,38,6.2894736842105265,0.7318209327883023,4
M1,ST2,2025-01-21 08:00:00,24,6.541666666666667,0.5882299658752715,2
M1,ST2,2025-01-21 09:00:00,42,6.238095238095238,1.1854714778748665,6
M1,ST2,2025-01-21 10:00:00,21,6.190476190476191,1.2891488517253398,6
M1,ST2,2025-01-21 11:00:00,10,5.2,1.9888578520235065,6
M1,ST2,2025-01-21 12:00:00,30,4.733333333333333,0.7396799556440671,4
M1,ST2,2025-01-21 13:00:00,16,5.75,0.7745966692414833,2
M1,ST2,2025-01-21 14:00:00,23,5.913043478260869,1.3112465782349276,4
M1,ST2,2025-01-21 15:00:00,8,5.625,0.9161253813129042,3
M1,ST2,2025-01-21 16:00:00,16,6.125,0.6191391873668904,2
M1,ST2,2025-01-21 17:00:00,43,5.883720930232558,0.6622221726732401,2
M1,ST2,2025-01-21 18:00:00,12,5.333333333333333,0.49236596391733084,1
M1,ST2,2025-01-21 19:00:00,30,5.2,0.5508613944197477,2
M1,ST2,2025-01-21 20:00:00,45,6.333333333333333,0.8257228238447705,5
M1,ST2,2025-01-21 21:00:00,16,5.1875,1.0468205831628137,5
M1,ST2,2025-01-21 22:00:00,23,6.260869565217392,1.0538842141140996,5
M1,ST2,2025-01-21 23:00:00,33,4.909090909090909,0.8048150549829898,3
M1,ST2,2025-01-22 00:00:00,7,4.0,0.816496580927726,2
M1,ST2,2025-01-22 01:00:00,24,6.291666666666667,0.6240935455708452,2
M1,ST2,2025-01-22 02:00:00,16,6.125,0.7187952884282611,2
M1,ST2,2025-01-22 03:00:00,24,5.833333333333333,0.7019641181630338,2
M1,ST2,2025-01-22 04:00:00,14,5.928571428571429,1.491735474296541,6
M1,ST2,2025-01-22 05:00:00,28,5.285714285714286,1.1174422797967012,6
M1,ST2,2025-01-22 06:00:00,49,6.510204081632653,0.5050762722761054,1
M1,ST2,2025-01-22 07:00:00,5,6.4,0.5477225575051662,1
M1,ST2,2025-01-22 08:00:00,35,6.257142857142857,1.2912114043627028,6
M1,ST2,2025-01-22 09:00:00,56,6.357142857142857,0.8827348295047494,6
M1,ST2,2025-01-22 10:00:00,30,6.5,0.5085476277156078,1
M1,ST2,2025-01-22 11:00:00,16,6.3125,0.6020797289396148,2
M1,ST2,2025-01-22 12:00:00,24,4.625,1.1726039399558574,6
M1,ST2,2025-01-22 13:00:00,13,5.153846153846154,0.6887372317211944,3
M1,ST2,2025-01-22 14:00:00,9,5.777777777777778,1.0929064207170003,4
M1,ST2,2025-01-22 15:00:00,23,5.869565217391305,1.3247417527437,6
M1,ST2,2025-01-22 16:00:00,37,6.108108108108108,0.7372540563086399,3
M1,ST2,2025-01-22 17:00:00,23,6.391304347826087,1.0761518325953914,5
M1,ST2,2025-01-22 18:00:00,17,6.117647058823529,1.4090046549415864,6
M1,ST2,2025-01-22 19:00:00,27,6.2592592592592595,1.163304067420188,6
M1,ST2,2025-01-22 20:00:00,6,5.5,1.378404875209022,4
M1,ST2,2025-01-22 21:00:00,5,6.0,1.7320508075688772,4
M1,ST2,2025-01-22 22:00:00,19,5.105263157894737,1.1002392084403616,5
M1,ST2,2025-01-22 23:00:00,23,5.434782608695652,0.506869801869702,1
M1,ST2,2025-01-23 00:00:00,25,6.4,0.5,1
M1,ST2,2025-01-23 01:00:00,6,5.666666666666667,1.8618986725025255,5
M1,ST2,2025-01-23 02:00:00,30,4.6,1.0034423509719619,5
M1,ST2,2025-01-23 03:00:00,34,4.852941176470588,1.0482988511314046,6
M1,ST2,2025-01-23 04:00:00,21,6.142857142857143,1.314751470267833,6
M1,ST2,2025-01-23 05:00:00,17,5.411764705882353,1.227743027337753,5
M1,ST2,2025-01-23 06:00:00,31,5.483870967741935,0.5698518954918892,2
M1,ST2,2025-01-23 07:00:00,24,5.833333333333333,1.4645571126562063,6
M1,ST2,2025-01-23 08:00:00,8,5.0,2.5071326821120348,6
M1,ST2,2025-01-23 09:00:00,29,5.172413793103448,0.6584052983883201,3
M1,ST2,2025-01-23 10:00:00,30,5.4,0.563241847975046,2
M1,ST2,2025-01-23 11:00:00,37,6.351351351351352,0.7155501463992665,2
M1,ST2,2025-01-23 12:00:00,22,5.0,1.112697280528374,5
M1,ST2,2025-01-23 13:00:00,6,5.0,1.0954451150103321,3
M1,ST2,2025-01-23 14:00:00,34,4.529411764705882,0.787604504567472,4
M1,ST2,2025-01-23 15:00:00,6,5.0,1.5491933384829668,3
M1,ST2,2025-01-23 16:00:00,43,6.465116279069767,0.5046845884077512,1
M1,ST2,2025-01-23 17:00:00,24,6.083333333333333,1.501207243656184,6
M1,ST2,2025-01-23 18:00:00,34,6.176470588235294,1.1669849323971873,6
M1,ST2,2025-01-23 19:00:00,21,5.857142857142857,1.4242792663559447,5
M1,ST2,2025-01-23 20:00:00,49,6.510204081632653,0.5050762722761053,1
M1,ST2,2025-01-23 21:00:00,21,5.238095238095238,0.7684244858645451,4
M1,ST2,2025-01-23 22:00:00,15,6.333333333333333,0.6172133998483676,2
M1,ST2,2025-01-23 23:00:00,39,5.153846153846154,0.6703675950928774,3
M1,ST2,2025-01-24 00:00:00,32,5.25,0.7184212081070996,3
M1,ST2,2025-01-24 01:00:00,17,5.9411764705882355,0.7475450015964027,2
M1,ST2,2025-01-24 02:00:00,35,5.085714285714285,0.8178676928606546,5
M1,ST2,2025-01-24 03:00:00,10,5.9,1.7919573407620817,6
M1,ST2,2025-01-24 04:00:00,17,5.764705882352941,1.521898968587677,6
M1,ST2,2025-01-24 05:00:00,11,5.636363636363637,1.2060453783110545,4
M1,ST2,2025-01-24 06:00:00,22,5.363636363636363,0.7895420339517231,3
M1,ST2,2025-01-24 07:00:00,50,5.54,1.0143863129186705,3
M1,ST2,2025-01-24 08:00:00,6,4.5,2.073644135332772,5
M1,ST2,2025-01-24 09:00:00,46,6.434782608695652,0.5012062743707417,1
M1,ST2,2025-01-24 10:00:00,21,6.095238095238095,0.8890872794479691,3
M1,ST2,2025-01-24 11:00:00,12,4.666666666666667,1.7232808737106582,6
M1,ST2,2025-01-24 12:00:00,27,5.777777777777778,1.1208970766356101,5
M1,ST2,2025-01-24 13:00:00,38,6.473684210526316,0.506009406240056,1
M1,ST2,2025-01-24 14:00:00,36,6.416666666666667,0.7699721701835351,4
M1,ST2,2025-01-24 15:00:00,3,5.0,0.0,0
M1,ST2,2025-01-24 16:00:00,12,5.583333333333333,0.9003366373785202,3
M1,ST2,2025-01-24 17:00:00,24,5.625,1.0134958870382647,3
M1,ST2,2025-01-24 18:00:00,36,4.833333333333333,0.4472135954999579,2
M1,ST2,2025-01-24 19:00:00,60,4.75,0.4366668823046864,1
M1,ST2,2025-01-24 20:00:00,42,5.5476190476190474,1.1087760985435748,5
M1,ST2,2025-01-24 21:00:00,34,6.147058823529412,1.2823357698894498,6
M1,ST2,2025-01-24 22:00:00,7,6.428571428571429,0.5345224838248489,1
M1,ST2,2025-01-24 23:00:00,34,6.352941176470588,0.7739059899518949,4
M1,ST2,2025-01-25 00:00:00,15,5.933333333333334,1.2227992865708155,5
M1,ST2,2025-01-25 01:00:00,10,6.0,1.4907119849998598,5
M1,ST2,2025-01-25 02:00:00,20,5.85,1.268027892769755,5
M1,ST2,2025-01-25 03:00:00,17,5.0,0.8660254037844385,4
M1,ST2,2025-01-25 04:00:00,6,5.0,1.7888543819998317,5
M1,ST2,2025-01-25 05:00:00,6,4.833333333333333,0.408248290463863,1
M1,ST2,2025-01-25 06:00:00,35,6.085714285714285,0.8178676928606546,2
M1,ST2,2025-01-25 07:00:00,49,6.040816326530612,0.7348237791433792,3
M1,ST2,2025-01-25 08:00:00,48,6.395833333333333,0.9618152902102719,7
M1,ST2,2025-01-25 09:00:00,32,6.4375,0.5040161287741853,1
M1,ST2,2025-01-25 10:00:00,20,5.9,1.744163198544762,6
M1,ST2,2025-01-25 11:00:00,25,6.16,1.0279429296739515,5
M1,ST2,2025-01-25 12:00:00,15,5.8,1.2071217242444348,4
M1,ST2,2025-01-25 13:00:00,18,6.222222222222222,1.165966176260275,5
M1,ST2,2025-01-25 14:00:00,4,5.5,2.380476142847617,5
M1,ST2,2025-01-25 15:00:00,11,5.818181818181818,1.7215215257545762,5
M1,ST2,2025-01-25 16:00:00,32,6.03125,0.7822372794046077,2
M1,ST2,2025-01-25 17:00:00,52,6.346153846153846,0.5560580934742794,2
M1,ST2,2025-01-25 18:00:00,10,6.0,1.4907119849998598,5
M1,ST2,2025-01-25 19:00:00,23,5.3478260869565215,1.3687650589349747,6
M1,ST2,2025-01-25 20:00:00,29,5.137931034482759,1.125171032428737,6
M1,ST2,2025-01-25 21:00:00,35,6.2,0.9330531792422753,4
M1,ST2,2025-01-25 22:00:00,3,5.0,1.7320508075688772,3
M1,ST2,2025-01-25 23:00:00,38,5.657894736842105,0.9663616856742192,5
M1,ST2,2025-01-26 00:00:00,17,5.411764705882353,1.0641207361838556,5
M1,ST2,2025-01-26 01:00:00,42,6.5,0.5060608273474739,1
M1,ST2,2025-01-26 02:00:00,18,5.5,1.7235394498804248,5
M1,ST2,2025-01-26 03:00:00,15,5.0,0.3779644730092272,2
M1,ST2,2025-01-26 04:00:00,33,4.878787878787879,0.48461168459755993,3
M1,ST2,2025-01-26 05:00:00,32,4.96875,0.40035266711302936,2
M1,ST2,2025-01-26 06:00:00,5,4.4,1.3416407864998738,3
M1,ST2,2025-01-26 07:00:00,13,5.769230769230769,1.9644272343292228,6
M1,ST2,2025-01-26 08:00:00,19,6.0,0.9999999999999999,4
M1,ST2,2025-01-26 09:00:00,15,4.533333333333333,0.833809387832792,3
M1,ST2,2025-01-26 10:00:00,13,4.384615384615385,1.12089707663561,4
M1,ST2,2025-01-26 11:00:00,22,6.181818181818182,0.7326639999321223,3
M1,ST2,2025-01-26 12:00:00,28,6.464285714285714,0.5078745001833701,1
M1,ST2,2025-01-26 13:00:00,29,6.0,1.224744871391589,6
M1,ST2,2025-01-26 14:00:00,25,6.52,0.5099019513592784,1
M1,ST2,2025-01-26 15:00:00,13,6.0,1.5811388300841898,6
M1,ST2,2025-01-26 16:00:00,17,5.882352941176471,1.3639259941972877,5
M1,ST2,2025-01-26 17:00:00,34,6.205882352941177,1.0380462932605035,6
M1,ST2,2025-01-26 18:00:00,19,5.368421052631579,1.3000224919331833,5
M1,ST2,2025-01-26 19:00:00,6,4.333333333333333,1.2110601416389966,3
M1,ST2,2025-01-26 20:00:00,24,5.583333333333333,1.1389036172018083,5
M1,ST2,2025-01-26 21:00:00,2,5.0,0.0,0
M1,ST2,2025-01-26 22:00:00,27,6.407407407407407,0.5723943812052382,2
M1,ST2,2025-01-26 23:00:00,35,5.6,1.1427520960125939,6
M1,ST2,2025-01-27 00:00:00,49,6.469387755102041,0.5042337758225565,1
M1,ST2,2025-01-27 01:00:00,46,6.413043478260869,0.7172815023567723,4
M1,ST2,2025-01-27 02:00:00,35,5.4,0.6507913734559684,3
M1,ST2,2025-01-27 03:00:00,18,5.5,1.7573375583870183,6
M1,ST2,2025-01-27 04:00:00,11,5.909090909090909,1.3751033019046572,5
M1,ST2,2025-01-27 05:00:00,47,5.48936170212766,0.7481089325914567,2
M1,ST2,2025-01-27 06:00:00,7,6.428571428571429,1.2724180205607034,4
M1,ST2,2025-01-27 07:00:00,33,4.606060606060606,0.49619766344887317,1
M1,ST2,2025-01-27 08:00:00,13,6.153846153846154,1.3445044840729643,5
M1,ST2,2025-01-27 09:00:00,60,6.533333333333333,0.5030977485864634,1
M1,ST2,2025-01-27 10:00:00,14,5.5,0.650443635587991,2
M1,ST2,2025-01-27 11:00:00,29,6.448275862068965,0.5061201788784758,1
M1,ST2,2025-01-27 12:00:00,26,6.461538461538462,0.508391127441794,1
M1,ST2,2025-01-27 13:00:00,21,6.333333333333333,0.9128709291752769,4
M1,ST2,2025-01-27 14:00:00,15,5.666666666666667,2.0586634591635513,6
M1,ST2,2025-01-27 15:00:00,20,4.2,1.3218806379747876,4
M1,ST2,2025-01-27 16:00:00,16,4.625,1.02469507659596,4
M1,ST2,2025-01-27 17:00:00,22,6.181818181818182,1.0527227119356304,5
M1,ST2,2025-01-27 18:00:00,24,6.291666666666667,1.0417028979206266,5
M1,ST2,2025-01-27 19:00:00,18,6.166666666666667,1.1504474832710556,5
M1,ST2,2025-01-27 20:00:00,22,6.136363636363637,0.7743171827921035,2
M1,ST2,2025-01-27 21:00:00,54,5.611111111111111,1.053595222598205,6
M1,ST2,2025-01-27 22:00:00,50,6.36,0.802038219863897,5
M1,ST2,2025-01-27 23:00:00,45,5.444444444444445,1.1191627462193572,5
M1,ST2,2025-01-28 00:00:00,15,4.266666666666667,1.533747356112131,5
M1,ST2,2025-01-28 01:00:00,35,6.171428571428572,1.0427823157223146,6
M1,ST2,2025-01-28 02:00:00,24,5.833333333333333,1.6854019432007687,6
M1,ST2,2025-01-28 03:00:00,18,4.777777777777778,0.5483188805533163,2
M1,ST2,2025-01-28 04:00:00,60,4.583333333333333,0.5301636033600229,2
M1,ST2,2025-01-28 05:00:00,2,4.5,0.7071067811865476,1
M1,ST2,2025-01-28 06:00:00,14,5.214285714285714,1.6256866681058635,6
M1,ST2,2025-01-28 07:00:00,20,4.4,1.2311740225021852,4
M1,ST2,2025-01-28 08:00:00,20,4.75,0.716350399411379,3
M1,ST2,2025-01-28 09:00:00,20,4.6,0.8207826816681232,3
M1,ST2,2025-01-28 10:00:00,17,5.235294117647059,1.3004524099667145,5
M1,ST2,2025-01-28 11:00:00,52,4.980769230769231,0.5045045954972348,2
M1,ST2,2025-01-28 12:00:00,16,5.4375,1.0307764064044151,3
M1,ST2,2025-01-28 13:00:00,9,5.777777777777778,1.0929064207169998,3
M1,ST2,2025-01-28 14:00:00,14,5.642857142857143,1.3926810257774174,5
M1,ST2,2025-01-28 15:00:00,17,6.352941176470588,0.7859052479933759,3
M1,ST2,2025-01-28 16:00:00,10,4.9,1.449137674618944,5
M1,ST2,2025-01-28 17:00:00,14,6.214285714285714,1.3114039117603011,5
M1,ST2,2025-01-28 18:00:00,24,6.208333333333333,0.8329709356935241,3
M1,ST2,2025-01-28 19:00:00,14,4.785714285714286,0.699293206753068,3
M1,ST2,2025-01-28 20:00:00,3,5.0,2.6457513110645907,5
M1,ST2,2025-01-28 21:00:00,11,6.636363636363637,0.5045249791095129,1
M1,ST2,2025-01-28 22:00:00,44,5.204545454545454,1.304367358986019,6
M1,ST2,2025-01-28 23:00:00,21,5.190476190476191,0.40237390808147827,1
M1,ST2,2025-01-29 00:00:00,21,5.095238095238095,0.30079260375911915,1
M1,ST2,2025-01-29 01:00:00,18,5.833333333333333,0.9235481451827993,3
M1,ST2,2025-01-29 02:00:00,24,5.875,0.9918143234365557,4
M1,ST2,2025-01-29 03:00:00,8,5.25,0.46291004988627604,1
M1,ST2,2025-01-29 04:00:00,14,6.0,1.2403473458920846,5
M1,ST2,2025-01-29 05:00:00,27,6.481481481481482,0.5091750772173156,1
M1,ST2,2025-01-29 06:00:00,6,5.333333333333333,2.1602468994692865,6
M1,ST2,2025-01-29 07:00:00,52,6.288461538461538,0.7755210382991846,5
M1,ST2,2025-01-29 08:00:00,26,5.384615384615385,0.8038369524685007,3
M1,ST2,2025-01-29 09:00:00,35,5.0,0.24253562503633294,2
M1,ST2,2025-01-29 10:00:00,18,6.055555555555555,0.8726040960806524,2
M1,ST2,2025-01-29 11:00:00,20,6.0,1.3764944032233708,6
M1,ST2,2025-01-29 12:00:00,7,5.0,1.5275252316519468,5
M1,ST2,2025-01-29 13:00:00,38,5.2105263157894735,0.4131549501122744,1
M1,ST2,2025-01-29 14:00:00,8,5.625,1.9226098333849675,6
M1,ST2,2025-01-29 15:00:00,33,5.7272727272727275,0.8012773892638266,2
M1,ST2,2025-01-29 16:00:00,23,5.173913043478261,0.7168221481614963,4
M1,ST2,2025-01-29 17:00:00,5,6.0,1.224744871391589,3
M1,ST2,2025-01-29 18:00:00,22,6.045454545454546,1.1329385612423049,5
M1,ST2,2025-01-29 19:00:00,20,6.35,1.1367080817685316,5
M1,ST2,2025-01-29 20:00:00,32,6.09375,0.8929608234732722,5
M1,ST2,2025-01-29 21:00:00,23,4.782608695652174,0.9980217586956908,5
M1,ST2,2025-01-29 22:00:00,20,4.5,1.1002392084403616,5
M1,ST2,2025-01-29 23:00:00,12,5.75,1.6025547785276542,5
M1,ST2,2025-01-30 00:00:00,15,5.933333333333334,1.4375905768565218,6
M1,ST2,2025-01-30 01:00:00,48,5.166666666666667,0.7809795631219709,3
M1,ST2,2025-01-30 02:00:00,14,6.071428571428571,1.2688144505364483,5
M1,ST2,2025-01-30 03:00:00,56,5.642857142857143,1.0518999508002205,5
M1,ST2,2025-01-30 04:00:00,31,5.225806451612903,1.3834661161819815,6
M1,ST2,2025-01-30 05:00:00,34,4.970588235294118,0.869876135997884,5
M1,ST2,2025-01-30 06:00:00,13,6.0,1.35400640077266,5
M1,ST2,2025-01-30 07:00:00,15,5.0,0.5345224838248488,2
M1,ST2,2025-01-30 08:00:00,25,5.08,0.4000000000000001,2
M1,ST2,2025-01-30 09:00:00,18,5.277777777777778,2.136670184451541,6
M1,ST2,2025-01-30 10:00:00,14,6.071428571428571,1.268814450536449,5
M1,ST2,2025-01-30 11:00:00,10,6.1,0.8755950357709131,3
M1,ST2,2025-01-30 12:00:00,29,5.896551724137931,0.9390279010842963,3
M1,ST2,2025-01-30 13:00:00,11,6.0,1.4142135623730951,5
M1,ST2,2025-01-30 14:00:00,27,5.814814814814815,0.6814598039411162,2
M1,ST2,2025-01-30 15:00:00,25,6.48,0.5099019513592785,1
M1,ST2,2025-01-30 16:00:00,18,5.388888888888889,1.2897281468629183,5
M1,ST2,2025-01-30 17:00:00,14,5.357142857142857,1.0082080720186266,3
M1,ST2,2025-01-30 18:00:00,19,5.421052631578948,1.3870748387117164,6
M1,ST2,2025-01-30 19:00:00,15,4.2,1.2071217242444345,4
M1,ST2,2025-01-30 20:00:00,45,6.177777777777778,0.8336363085599707,3
M1,ST2,2025-01-30 21:00:00,29,6.344827586206897,0.9737945687202028,5
M1,ST2,2025-01-30 22:00:00,18,6.111111111111111,1.1318329168362207,5
M1,ST2,2025-01-30 23:00:00,28,6.035714285714286,0.8380817098475256,2
M1,ST2,2025-01-31 00:00:00,11,4.909090909090909,1.2210278829367864,5
M1,ST2,2025-01-31 01:00:00,6,5.166666666666667,2.228601953392904,6
M1,ST2,2025-01-31 02:00:00,13,5.769230769230769,1.9644272343292228,6
M1,ST2,2025-01-31 03:00:00,49,6.387755102040816,0.931314629314664,6
M1,ST2,2025-01-31 04:00:00,4,5.25,2.8722813232690148,6
M1,ST2,2025-01-31 05:00:00,13,5.846153846153846,1.7722938923964169,5
M1,ST3,2025-01-01 06:00:00,60,6.483333333333333,0.503939284299098,1
M1,ST3,2025-01-01 07:00:00,23,6.304347826086956,1.06321906614239,5
M1,ST3,2025-01-01 08:00:00,43,6.395348837209302,0.6597089864810496,3
M1,ST3,2025-01-01 09:00:00,38,6.473684210526316,0.5060094062400559,1
M1,ST3,2025-01-01 10:00:00,25,6.48,0.5099019513592784,1
M1,ST3,2025-01-01 11:00:00,60,6.55,0.5016920522135438,1
M1,ST3,2025-01-01 12:00:00,9,5.777777777777778,1.8559214542766738,6
M1,ST3,2025-01-01 13:00:00,33,5.454545454545454,0.8692996135866031,3
M1,ST3,2025-01-01 14:00:00,5,4.0,1.7320508075688772,4
M1,ST3,2025-01-01 15:00:00,33,5.545454545454546,0.938446491911935,3
M1,ST3,2025-01-01 16:00:00,5,4.0,1.224744871391589,3
M1,ST3,2025-01-01 17:00:00,24,6.083333333333333,1.3160106602801567,5
M1,ST3,2025-01-01 18:00:00,42,6.333333333333333,0.5257592264788536,2
M1,ST3,2025-01-01 19:00:00,50,6.42,0.8103916916390191,5
M1,ST3,2025-01-01 20:00:00,14,5.642857142857143,1.8232322463624386,6
M1,ST3,2025-01-01 21:00:00,37,6.27027027027027,0.6518626580230877,3
M1,ST3,2025-01-01 22:00:00,19,6.473684210526316,0.512989176042577,1
M1,ST3,2025-01-01 23:00:00,22,5.181818181818182,0.7950060578603361,3
M1,ST3,2025-01-02 00:00:00,15,5.533333333333333,1.5055453054181622,6
M1,ST3,2025-01-02 01:00:00,14,5.928571428571429,1.1411388181101376,4
M1,ST3,2025-01-02 02:00:00,17,6.0,0.7905694150420949,2
M1,ST3,2025-01-02 03:00:00,30,5.7,1.118804780974337,6
M1,ST3,2025-01-02 04:00:00,36,6.5,0.5070925528371099,1
M1,ST3,2025-01-02 05:00:00,36,6.361111111111111,1.046156988431681,6
M1,ST3,2025-01-02 06:00:00,6,5.0,1.5491933384829666,4
M1,ST3,2025-01-02 07:00:00,13,5.538461538461538,1.7614096918559583,5
M1,ST3,2025-01-02 08:00:00,5,6.4,0.5477225575051661,1
M1,ST3,2025-01-02 09:00:00,34,6.029411764705882,0.8343131494664033,3
M1,ST3,2025-01-02 10:00:00,6,5.833333333333333,1.4719601443879746,4
M1,ST3,2025-01-02 11:00:00,6,6.0,1.0954451150103324,3
M1,ST3,2025-01-02 12:00:00,5,6.6,0.5477225575051662,1
M1,ST3,2025-01-02 13:00:00,33,5.181818181818182,1.3568010505999366,6
M1,ST3,2025-01-02 14:00:00,21,5.904761904761905,0.7003400534570261,3
M1,ST3,2025-01-02 15:00:00,39,6.333333333333333,0.8685539504902852,5
M1,ST3,2025-01-02 16:00:00,14,5.5,0.94053994312596,3
M1,ST3,2025-01-02 17:00:00,45,6.0,1.1677484162422842,6
M1,ST3,2025-01-02 18:00:00,18,5.944444444444445,1.696786659341787,6
M1,ST3,2025-01-02 19:00:00,25,5.44,1.2935738607954836,6
M1,ST3,2025-01-02 20:00:00,34,5.411764705882353,0.7433603905453458,2
M1,ST3,2025-01-02 22:00:00,31,5.483870967741935,1.3132902127084098,6
M1,ST3,2025-01-02 23:00:00,11,5.0,0.7745966692414833,3
M1,ST3,2025-01-03 00:00:00,37,6.135135135135135,1.1343662489631763,6
M1,ST3,2025-01-03 01:00:00,25,6.12,1.4809906594348705,6
M1,ST3,2025-01-03 02:00:00,15,5.4,0.8280786712108251,3
M1,ST3,2025-01-03 03:00:00,29,6.241379310344827,0.6894704186026248,2
M1,ST3,2025-01-03 04:00:00,20,5.7,1.0310954828418373,3
M1,ST3,2025-01-03 05:00:00,20,4.95,0.5104177855340405,2
M1,ST3,2025-01-03 06:00:00,60,6.433333333333334,0.5325559305923089,2
M1,ST3,2025-01-03 07:00:00,40,5.55,0.7828285334736553,3
M1,ST3,2025-01-03 08:00:00,24,5.25,0.8968544062928814,3
M1,ST3,2025-01-03 09:00:00,29,6.517241379310345,0.5085476277156078,1
M1,ST3,2025-01-03 10:00:00,25,5.28,1.1372481406154658,6
M1,ST3,2025-01-03 11:00:00,20,5.95,1.3562719801759995,6
M1,ST3,2025-01-03 12:00:00,39,6.153846153846154,1.2039072690828838,6
M1,ST3,2025-01-03 13:00:00,30,6.2,0.9247553264475438,5
M1,ST3,2025-01-03 14:00:00,34,6.411764705882353,0.7830649595262131,4
M1,ST3,2025-01-03 15:00:00,31,6.129032258064516,0.8462440736915472,3
M1,ST3,2025-01-03 16:00:00,11,5.0,1.1832159566199232,5
M1,ST3,2025-01-03 17:00:00,4,4.75,2.217355782608345,5
M1,ST3,2025-01-03 18:00:00,4,3.75,1.8929694486000912,4
M1,ST3,2025-01-03 19:00:00,7,5.0,2.0,6
M1,ST3,2025-01-03 20:00:00,46,5.413043478260869,0.7767764430723149,3
M1,ST3,2025-01-03 21:00:00,31,5.451612903225806,0.6238968759562409,2
M1,ST3,2025-01-03 22:00:00,60,6.233333333333333,0.6978579008061124,2
M1,ST3,2025-01-03 23:00:00,20,6.45,0.6048053188292994,2
M1,ST3,2025-01-04 00:00:00,17,6.235294117647059,0.7524469885568255,3
M1,ST3,2025-01-04 01:00:00,18,6.277777777777778,0.6691131580686881,2
M1,ST3,2025-01-04 02:00:00,29,6.310344827586207,0.8495144947835149,4
M1,ST3,2025-01-04 03:00:00,11,6.363636363636363,0.674199862463242,2
M1,ST3,2025-01-04 04:00:00,34,5.9411764705882355,0.8856148855400959,3
M1,ST3,2025-01-04 05:00:00,28,5.607142857142857,0.8317445171439011,3
M1,ST3,2025-01-04 06:00:00,32,5.28125,0.8884337432408971,5
M1,ST3,2025-01-04 07:00:00,26,5.538461538461538,1.1395005653625359,6
M1,ST3,2025-01-04 08:00:00,7,5.428571428571429,2.0701966780270626,6
M1,ST3,2025-01-04 09:00:00,60,5.383333333333334,0.8847419745789848,3
M1,ST3,2025-01-04 10:00:00,51,6.529411764705882,0.5423261445466405,2
M1,ST3,2025-01-04 11:00:00,26,6.346153846153846,1.0175385080598256,5
M1,ST3,2025-01-04 12:00:00,14,5.714285714285714,1.8985245861972937,6
M1,ST3,2025-01-04 13:00:00,2,3.5,3.5355339059327378,5
M1,ST3,2025-01-04 14:00:00,27,5.481481481481482,0.9754829324836761,5
M1,ST3,2025-01-04 15:00:00,56,4.857142857142857,0.7490253407188308,5
M1,ST3,2025-01-04 16:00:00,32,5.28125,0.9583041136265401,3
M1,ST3,2025-01-04 17:00:00,25,6.2,1.0,5
M1,ST3,2025-01-04 18:00:00,19,6.0,0.9428090415820636,3
M1,ST3,2025-01-04 19:00:00,24,5.333333333333333,0.8164965809277261,4
M1,ST3,2025-01-04 20:00:00,31,5.290322580645161,0.9016114605562925,3
M1,ST3,2025-01-04 21:00:00,5,6.0,1.224744871391589,3
M1,ST3,2025-01-04 22:00:00,19,5.684210526315789,1.056862840830107,3
M1,ST3,2025-01-04 23:00:00,16,6.25,1.2382783747337809,5
M1,ST3,2025-01-05 00:00:00,29,5.793103448275862,0.9403384779971363,3
M1,ST3,2025-01-05 01:00:00,45,6.4,0.8366600265340757,5
M1,ST3,2025-01-05 02:00:00,9,6.555555555555555,0.5270462766947299,1
M1,ST3,2025-01-05 03:00:00,36,4.972222222222222,0.9705995528865099,3
M1,ST3,2025-01-05 04:00:00,19,4.947368421052632,1.3529262199858298,6
M1,ST3,2025-01-05 05:00:00,52,5.846153846153846,1.2584555642690838,6
M1,ST3,2025-01-05 06:00:00,9,5.0,2.121320343559643,6
M1,ST3,2025-01-05 07:00:00,3,5.0,1.0,2
M1,ST3,2025-01-05 08:00:00,52,5.0,0.19802950859533483,2
M1,ST3,2025-01-05 09:00:00,23,5.260869565217392,0.6887004431501818,3
M1,ST3,2025-01-05 10:00:00,7,5.571428571428571,1.7182493859684493,5
M1,ST3,2025-01-05 11:00:00,47,5.276595744680851,1.0571110685665184,3
M1,ST3,2025-01-05 12:00:00,18,4.666666666666667,1.028991510855053,5
M1,ST3,2025-01-05 13:00:00,43,5.046511627906977,1.111701578064498,6
M1,ST3,2025-01-05 14:00:00,52,5.1923076923076925,0.9709195467257716,5
M1,ST3,2025-01-05 15:00:00,37,4.864864864864865,0.6307914852769477,3
M1,ST3,2025-01-05 16:00:00,47,6.25531914893617,1.1319103725922244,6
M1,ST3,2025-01-05 17:00:00,3,5.0,3.4641016151377544,6
M1,ST3,2025-01-05 18:00:00,7,5.857142857142857,1.7728105208558367,5
M1,ST3,2025-01-05 19:00:00,8,6.125,0.6408699444616557,2
M1,ST3,2025-01-05 20:00:00,18,5.055555555555555,0.9983646759294874,4
M1,ST3,2025-01-05 21:00:00,33,4.757575757575758,0.5018903659106632,2
M1,ST3,2025-01-05 22:00:00,24,6.083333333333333,1.2481870911416901,6
M1,ST3,2025-01-05 23:00:00,19,5.473684210526316,0.9048278567177281,4
M1,ST3,2025-01-06 00:00:00,19,5.684210526315789,1.1572300058975777,5
M1,ST3,2025-01-06 01:00:00,26,6.1923076923076925,0.9805806756909201,5
M1,ST3,2025-01-06 02:00:00,23,6.086956521739131,1.3112465782349274,6
M1,ST3,2025-01-06 03:00:00,51,6.313725490196078,0.787151728154906,5
M1,ST3,2025-01-06 04:00:00,9,5.888888888888889,1.90029237516523,6
M1,ST3,2025-01-06 05:00:00,31,6.129032258064516,1.2039361966447382,5
M1,ST3,2025-01-06 06:00:00,22,6.2727272727272725,0.8827348295047496,4
M1,ST3,2025-01-06 07:00:00,15,5.0,1.5118578920369088,6
M1,ST3,2025-01-06 08:00:00,59,4.728813559322034,0.4483882428930301,1
M1,ST3,2025-01-06 09:00:00,45,5.266666666666667,0.8893306982833163,3
M1,ST3,2025-01-06 10:00:00,13,5.769230769230769,0.8320502943378437,3
M1,ST3,2025-01-06 11:00:00,12,5.0,1.2060453783110545,5
M1,ST3,2025-01-06 12:00:00,25,6.36,0.8602325267042629,4
M1,ST3,2025-01-06 13:00:00,45,6.355555555555555,0.8299933065325822,5
M1,ST3,2025-01-06 14:00:00,5,6.0,1.224744871391589,3
M1,ST3,2025-01-06 15:00:00,29,5.586206896551724,0.9826073688810351,5
M1,ST3,2025-01-06 16:00:00,16,5.9375,1.436140661634507,5
M1,ST3,2025-01-06 17:00:00,25,6.28,1.021436896402971,5
M1,ST3,2025-01-06 18:00:00,16,5.5,0.8164965809277261,3
M1,ST3,2025-01-06 19:00:00,36,5.777777777777778,1.197881728268962,6
M1,ST3,2025-01-06 20:00:00,40,6.075,0.764182150389787,3
M1,ST3,2025-01-06 21:00:00,14,6.357142857142857,0.49724515809884695,1
M1,ST3,2025-01-06 22:00:00,16,5.125,0.7187952884282609,3
M1,ST3,2025-01-06 23:00:00,32,6.3125,0.6927039119836264,2
M1,ST3,2025-01-07 00:00:00,23,6.130434782608695,1.3916748518532023,5
M1,ST3,2025-01-07 01:00:00,43,5.441860465116279,1.2965581833930897,6
M1,ST3,2025-01-07 02:00:00,8,5.125,1.6420805617960927,4
M1,ST3,2025-01-07 03:00:00,28,6.25,0.9670497325294007,5
M1,ST3,2025-01-07 04:00:00,27,6.481481481481482,0.5091750772173156,1
M1,ST3,2025-01-07 05:00:00,7,6.0,1.4142135623730951,4
M1,ST3,2025-01-07 06:00:00,16,6.5,0.5163977794943222,1
M1,ST3,2025-01-07 07:00:00,17,5.176470588235294,1.4245742398014511,6
M1,ST3,2025-01-07 08:00:00,48,4.729166666666667,0.6760203740267674,4
M1,ST3,2025-01-07 09:00:00,8,4.5,0.7559289460184544,2
M1,ST3,2025-01-07 10:00:00,9,6.333333333333333,0.4999999999999999,1
M1,ST3,2025-01-07 11:00:00,41,4.853658536585366,0.7924952873599976,3
M1,ST3,2025-01-07 12:00:00,30,5.7,0.9523111632886272,3
M1,ST3,2025-01-07 13:00:00,31,6.580645161290323,0.5641627157943647,2
M1,ST3,2025-01-07 14:00:00,13,5.923076923076923,1.3204505835470495,5
M1,ST3,2025-01-07 15:00:00,38,6.447368421052632,0.6450379591198859,3
M1,ST3,2025-01-07 16:00:00,12,6.25,0.6215815605080611,2
M1,ST3,2025-01-07 17:00:00,17,5.764705882352941,1.8210371963768988,6
M1,ST3,2025-01-07 18:00:00,24,6.125,1.3290238326779875,6
M1,ST3,2025-01-07 19:00:00,16,5.5,1.2110601416389968,4
M1,ST3,2025-01-07 20:00:00,35,5.942857142857143,0.8725505932695972,3
M1,ST3,2025-01-07 21:00:00,22,6.045454545454546,0.7854190708679772,2
M1,ST3,2025-01-07 22:00:00,11,5.0,0.0,0
M1,ST3,2025-01-07 23:00:00,21,6.333333333333333,0.7302967433402218,3
M1,ST3,2025-01-08 00:00:00,38,5.7631578947368425,1.2397517302967664,6
M1,ST3,2025-01-08 01:00:00,30,6.266666666666667,1.1121068335350712,6
M1,ST3,2025-01-08 02:00:00,6,5.666666666666667,1.3662601021279466,4
M1,ST3,2025-01-08 03:00:00,14,6.0,1.5689290811054724,5
M1,ST3,2025-01-08 04:00:00,29,5.413793103448276,0.7327658649308676,3
M1,ST3,2025-01-08 05:00:00,5,6.0,1.224744871391589,3
M1,ST3,2025-01-08 06:00:00,25,5.0,0.5,3
M1,ST3,2025-01-08 07:00:00,45,5.466666666666667,0.9438798074485384,3
M1,ST3,2025-01-08 08:00:00,44,5.0,1.0783277320343843,6
M1,ST3,2025-01-08 09:00:00,5,5.0,2.8284271247461903,6
M1,ST3,2025-01-08 10:00:00,13,5.384615384615385,1.8946618668626838,6
M1,ST3,2025-01-08 11:00:00,13,5.461538461538462,1.8081014266989472,6
M1,ST3,2025-01-08 12:00:00,39,6.358974358974359,0.7429379618209787,4
M1,ST3,2025-01-08 13:00:00,16,6.1875,1.2230426539304888,5
M1,ST3,2025-01-08 14:00:00,37,5.108108108108108,0.9062677977956188,3
M1,ST3,2025-01-08 15:00:00,28,6.285714285714286,0.8099905283919413,3
M1,ST3,2025-01-08 16:00:00,32,5.53125,1.0467884834254997,5
M1,ST3,2025-01-08 17:00:00,25,5.96,0.7895146188218006,2
M1,ST3,2025-01-08 18:00:00,21,5.285714285714286,1.3469542361512192,5
M1,ST3,2025-01-08 19:00:00,24,5.125,1.226961606004318,6
M1,ST3,2025-01-08 20:00:00,19,5.526315789473684,1.1722922015640782,5
M1,ST3,2025-01-08 21:00:00,6,5.0,1.7888543819998317,5
M1,ST3,2025-01-08 22:00:00,25,6.16,1.0279429296739515,5
M1,ST3,2025-01-08 23:00:00,19,6.2631578947368425,1.1470786693528088,5
M1,ST3,2025-01-09 00:00:00,19,5.526315789473684,1.5765088382115289,6
M1,ST3,2025-01-09 01:00:00,34,4.823529411764706,0.38695299497594743,1
M1,ST3,2025-01-09 02:00:00,31,4.806451612903226,0.4774484152736417,2
M1,ST3,2025-01-09 03:00:00,37,5.4324324324324325,0.8007128955756503,3
M1,ST3,2025-01-09 04:00:00,9,4.666666666666667,1.1180339887498947,4
M1,ST3,2025-01-09 05:00:00,13,5.769230769230769,1.1657505560686465,4
M1,ST3,2025-01-09 06:00:00,6,5.666666666666667,0.5163977794943223,1
M1,ST3,2025-01-09 07:00:00,18,5.555555555555555,1.7225911474978353,5
M1,ST3,2025-01-09 08:00:00,32,5.5,0.7620007620011433,3
M1,ST3,2025-01-09 09:00:00,32,5.25,0.508000508000762,2
M1,ST3,2025-01-09 10:00:00,24,6.291666666666667,0.7506036218280921,3
M1,ST3,2025-01-09 11:00:00,41,5.902439024390244,0.7682733253465357,3
M1,ST3,2025-01-09 12:00:00,27,6.2592592592592595,0.859006250205281,4
M1,ST3,2025-01-09 13:00:00,9,6.333333333333333,0.5,1
M1,ST3,2025-01-09 14:00:00,16,5.3125,1.4008925726121901,6
M1,ST3,2025-01-09 16:00:00,41,6.439024390243903,0.5499445648338057,2
M1,ST3,2025-01-09 17:00:00,29,5.206896551724138,0.4913036844405175,2
M1,ST3,2025-01-09 18:00:00,12,6.0,1.0444659357341872,4
M1,ST3,2025-01-09 19:00:00,39,5.487179487179487,0.99662047022596,5
M1,ST3,2025-01-09 20:00:00,9,5.111111111111111,2.1473497877875207,6
M1,ST3,2025-01-09 21:00:00,3,5.0,0.0,0
M1,ST3,2025-01-09 22:00:00,27,6.444444444444445,0.5773502691896257,2
M1,ST3,2025-01-09 23:00:00,15,5.733333333333333,1.791514389985135,6
M1,ST3,2025-01-10 00:00:00,30,6.333333333333333,0.6608945522512666,2
M1,ST3,2025-01-10 01:00:00,25,6.44,0.5066228051190225,1
M1,ST3,2025-01-10 02:00:00,16,5.5,0.9660917830792959,3
M1,ST3,2025-01-10 03:00:00,17,4.529411764705882,1.6999134926086508,6
M1,ST3,2025-01-10 04:00:00,43,5.627906976744186,0.535557378276461,2
M1,ST3,2025-01-10 05:00:00,20,5.25,0.8506963092234009,3
M1,ST3,2025-01-10 06:00:00,40,5.35,1.0012812305062464,3
M1,ST3,2025-01-10 07:00:00,23,6.565217391304348,0.5068698018697019,1
M1,ST3,2025-01-10 08:00:00,15,6.133333333333334,1.245945806357946,5
M1,ST3,2025-01-10 09:00:00,16,5.8125,1.2763881332363862,5
M1,ST3,2025-01-10 10:00:00,22,5.090909090909091,1.191601200030203,6
M1,ST3,2025-01-10 11:00:00,27,5.037037037037037,0.5871365639519864,3
M1,ST3,2025-01-10 12:00:00,31,6.161290322580645,1.344043010064494,6
M1,ST3,2025-01-10 13:00:00,22,6.181818181818182,0.906923823984585,4
M1,ST3,2025-01-10 14:00:00,8,5.625,1.4078859531733587,4
M1,ST3,2025-01-10 15:00:00,25,6.24,0.7234178138070235,3
M1,ST3,2025-01-10 16:00:00,47,6.1063829787234045,0.8903844444027608,4
M1,ST3,2025-01-10 17:00:00,30,5.333333333333333,0.9589266029707681,5
M1,ST3,2025-01-10 18:00:00,33,4.606060606060606,0.7881701093115123,4
M1,ST3,2025-01-10 19:00:00,11,6.0,1.4142135623730951,5
M1,ST3,2025-01-10 20:00:00,18,5.722222222222222,1.274434386908933,5
M1,ST3,2025-01-10 21:00:00,14,6.071428571428571,0.7300459115473719,2
M1,ST3,2025-01-10 22:00:00,41,5.341463414634147,0.52961099391728,2
M1,ST3,2025-01-10 23:00:00,29,5.896551724137931,1.2633523314184736,6
M1,ST3,2025-01-11 00:00:00,27,6.37037037037037,0.6877023141843228,3
M1,ST3,2025-01-11 01:00:00,6,5.0,1.5491933384829668,3
M1,ST3,2025-01-11 02:00:00,32,6.34375,1.0957211500695228,6
M1,ST3,2025-01-11 03:00:00,23,5.826086956521739,1.4970326380435361,6
M1,ST3,2025-01-11 04:00:00,3,5.0,1.7320508075688772,3
M1,ST3,2025-01-11 05:00:00,10,6.0,1.4907119849998598,5
M1,ST3,2025-01-11 06:00:00,34,5.970588235294118,1.4870204929738071,6
M1,ST3,2025-01-11 07:00:00,49,4.795918367346939,0.6448382173309926,4
M1,ST3,2025-01-11 08:00:00,13,4.615384615384615,0.5063696835418332,1
M1,ST3,2025-01-11 09:00:00,25,6.28,0.7371114795831994,3
M1,ST3,2025-01-11 10:00:00,14,6.142857142857143,1.292412345317728,5
M1,ST3,2025-01-11 11:00:00,53,6.471698113207547,0.5039754872284372,1
M1,ST3,2025-01-11 12:00:00,14,5.071428571428571,1.8590438284354558,6
M1,ST3,2025-01-11 13:00:00,25,4.8,1.1902380714238083,6
M1,ST3,2025-01-11 14:00:00,38,6.184210526315789,1.0095560479439742,5
M1,ST3,2025-01-11 15:00:00,42,5.976190476190476,0.811144786874044,3
M1,ST3,2025-01-11 16:00:00,60,5.5,0.5674803065350237,2
M1,ST3,2025-01-11 17:00:00,21,5.9523809523809526,1.321975433818287,5
M1,ST3,2025-01-11 18:00:00,7,4.428571428571429,2.63673679998231,6
M1,ST3,2025-01-11 19:00:00,42,6.309523809523809,0.7485952776121303,3
M1,ST3,2025-01-11 20:00:00,23,4.869565217391305,0.6255432421712243,3
M1,ST3,2025-01-11 21:00:00,25,5.28,0.6782329983125268,3
M1,ST3,2025-01-11 22:00:00,12,5.416666666666667,1.5642792899510294,5
M1,ST3,2025-01-11 23:00:00,50,5.02,0.7139999428342743,6
M1,ST3,2025-01-12 00:00:00,14,5.714285714285714,1.728875643015133,6
M1,ST3,2025-01-12 01:00:00,44,5.204545454545454,0.7014783543394378,3
M1,ST3,2025-01-12 02:00:00,52,6.3076923076923075,0.8053366495791399,5
M1,ST3,2025-01-12 03:00:00,37,5.675675675675675,0.6689151272377144,3
M1,ST3,2025-01-12 04:00:00,49,5.979591836734694,0.7770080415276536,3
M1,ST3,2025-01-12 05:00:00,35,6.057142857142857,0.8023075962444809,3
M1,ST3,2025-01-12 06:00:00,6,5.333333333333333,0.816496580927726,2
M1,ST3,2025-01-12 07:00:00,15,5.2,1.3201731488169053,5
M1,ST3,2025-01-12 08:00:00,20,6.45,0.7591546545162482,3
M1,ST3,2025-01-12 09:00:00,21,6.095238095238095,0.8309489698388166,3
M1,ST3,2025-01-12 10:00:00,36,6.111111111111111,0.9495195109039634,6
M1,ST3,2025-01-12 11:00:00,39,5.641025641025641,0.842526885005348,3
M1,ST3,2025-01-12 12:00:00,30,6.1,0.8847364696279089,3
M1,ST3,2025-01-12 13:00:00,17,6.117647058823529,0.9275204136012635,4
M1,ST3,2025-01-12 14:00:00,14,4.357142857142857,1.6458405781822274,6
M1,ST3,2025-01-12 15:00:00,59,5.3559322033898304,0.9425334872749704,3
M1,ST3,2025-01-12 16:00:00,24,5.041666666666667,1.428869016623521,6
M1,ST3,2025-01-12 17:00:00,37,6.243243243243243,1.0383053876765151,5
M1,ST3,2025-01-12 18:00:00,17,6.0588235294117645,1.3906198364081266,6
M1,ST3,2025-01-12 19:00:00,22,5.681818181818182,0.9454836825347092,3
M1,ST3,2025-01-12 20:00:00,27,5.703703703703703,0.8234456132997972,2
M1,ST3,2025-01-12 21:00:00,60,5.766666666666667,0.8707422640457277,3
M1,ST3,2025-01-12 22:00:00,8,5.75,1.8322507626258087,5
M1,ST3,2025-01-12 23:00:00,10,5.2,0.9189365834726814,3
M1,ST3,2025-01-13 00:00:00,38,4.921052631578948,0.5393479019308525,2
M1,ST3,2025-01-13 01:00:00,15,4.333333333333333,1.7994708216848745,6
M1,ST3,2025-01-13 02:00:00,34,5.735294117647059,0.9632276400887886,3
M1,ST3,2025-01-13 03:00:00,18,4.611111111111111,0.9785276387866011,4
M1,ST3,2025-01-13 04:00:00,43,6.395348837209302,0.5407021398022309,2
M1,ST3,2025-01-13 05:00:00,29,6.482758620689655,0.5085476277156078,1
M1,ST3,2025-01-13 06:00:00,11,5.545454545454546,1.507556722888818,4
M1,ST3,2025-01-13 07:00:00,30,6.166666666666667,1.0854312136382618,6
M1,ST3,2025-01-13 08:00:00,9,6.666666666666667,0.5,1
M1,ST3,2025-01-13 09:00:00,27,5.2592592592592595,0.9026709338484404,3
M1,ST3,2025-01-13 10:00:00,10,5.6,1.7126976771553504,6
M1,ST3,2025-01-13 11:00:00,13,5.0,0.0,0
M1,ST3,2025-01-13 12:00:00,11,5.636363636363637,1.0269106361049412,3
M1,ST3,2025-01-13 13:00:00,38,6.473684210526316,0.5060094062400559,1
M1,ST3,2025-01-13 14:00:00,34,5.911764705882353,0.7926804185731503,2
M1,ST3,2025-01-13 15:00:00,15,5.2,1.3732131246511905,6
M1,ST3,2025-01-13 16:00:00,31,5.741935483870968,1.3157441984287541,5
M1,ST3,2025-01-13 17:00:00,34,5.352941176470588,0.6911717297975234,3
M1,ST3,2025-01-13 18:00:00,3,5.0,2.6457513110645907,5
M1,ST3,2025-01-13 19:00:00,29,6.206896551724138,0.9403384779971363,5
M1,ST3,2025-01-13 20:00:00,28,6.0,1.1547005383792517,5
M1,ST3,2025-01-13 21:00:00,42,5.619047619047619,1.1884070287446984,6
M1,ST3,2025-01-13 22:00:00,30,4.833333333333333,0.5306686305052324,2
M1,ST3,2025-01-13 23:00:00,35,4.771428571428571,0.8431633114337335,5
M1,ST3,2025-01-14 00:00:00,17,5.235294117647059,1.4802622979013669,6
M1,ST3,2025-01-14 01:00:00,14,5.785714285714286,1.8883680959850135,6
M1,ST3,2025-01-14 02:00:00,12,5.666666666666667,1.775250729197189,5
M1,ST3,2025-01-14 03:00:00,27,6.074074074074074,1.1068293567986103,5
M1,ST3,2025-01-14 04:00:00,3,5.0,2.6457513110645907,5
M1,ST3,2025-01-14 05:00:00,40,6.475,0.505736325340815,1
M1,ST3,2025-01-14 06:00:00,8,6.375,0.5175491695067657,1
M1,ST3,2025-01-14 07:00:00,30,5.466666666666667,1.252124631158585,6
M1,ST3,2025-01-14 08:00:00,9,5.0,2.29128784747792,6
M1,ST3,2025-01-14 09:00:00,50,5.7,0.7889543583705186,2
M1,ST3,2025-01-14 10:00:00,13,5.769230769230769,1.3634420996046583,5
M1,ST3,2025-01-14 11:00:00,44,6.431818181818182,0.8462702650585087,5
M1,ST3,2025-01-14 12:00:00,26,5.961538461538462,0.9992304731449787,4
M1,ST3,2025-01-14 13:00:00,22,6.2272727272727275,1.0660035817780522,5
M1,ST3,2025-01-14 14:00:00,47,4.914893617021277,0.9742285071218183,6
M1,ST3,2025-01-14 15:00:00,15,5.333333333333333,1.5886502207249786,6
M1,ST3,2025-01-14 16:00:00,21,5.761904761904762,1.7001400502535637,6
M1,ST3,2025-01-14 17:00:00,25,5.24,0.8793937305515279,4
M1,ST3,2025-01-14 18:00:00,20,5.7,0.6569466853317862,2
M1,ST3,2025-01-14 19:00:00,4,4.75,2.217355782608345,5
M1,ST3,2025-01-14 20:00:00,33,6.454545454545454,0.5640760748177662,2
M1,ST3,2025-01-14 21:00:00,60,6.233333333333333,0.7672682483797639,3
M1,ST3,2025-01-14 22:00:00,12,5.833333333333333,1.5275252316519465,5
M1,ST3,2025-01-14 23:00:00,24,5.875,1.1539158284426272,5
M1,ST3,2025-01-15 00:00:00,7,5.714285714285714,1.7043362064926935,5
M1,ST3,2025-01-15 01:00:00,23,5.869565217391305,1.099766414293465,4
M1,ST3,2025-01-15 02:00:00,47,5.702127659574468,1.2496067836657792,6
M1,ST3,2025-01-15 03:00:00,5,6.0,0.7071067811865476,2
M1,ST3,2025-01-15 04:00:00,24,6.166666666666667,1.3077250963165887,6
M1,ST3,2025-01-15 05:00:00,10,5.8,0.9189365834726815,3
M1,ST3,2025-01-15 06:00:00,23,5.217391304347826,0.9513875865917888,3
M1,ST3,2025-01-15 07:00:00,3,4.666666666666667,0.5773502691896257,1
M1,ST3,2025-01-15 08:00:00,57,5.5964912280701755,0.6508140266182868,2
M1,ST3,2025-01-15 09:00:00,41,5.829268292682927,0.9721738276766724,3
M1,ST3,2025-01-15 10:00:00,9,4.222222222222222,1.3017082793177757,4
M1,ST3,2025-01-15 11:00:00,60,4.866666666666666,0.72408133887757,3
M1,ST3,2025-01-15 12:00:00,10,5.5,2.1730674684008826,6
M1,ST3,2025-01-15 13:00:00,37,5.837837837837838,1.3645005906418148,6
M1,ST3,2025-01-15 14:00:00,44,6.454545454545454,0.5036862005093147,1
M1,ST3,2025-01-15 15:00:00,21,4.666666666666667,0.9660917830792958,5
M1,ST3,2025-01-15 16:00:00,5,4.8,0.44721359549995787,1
M1,ST3,2025-01-15 17:00:00,16,5.8125,1.42448821218944,5
M1,ST3,2025-01-15 18:00:00,37,5.621621621621622,1.276961483612811,6
M1,ST3,2025-01-15 19:00:00,20,5.5,0.9459053029269167,3
M1,ST3,2025-01-15 20:00:00,24,5.458333333333333,1.062366786192884,5
M1,ST3,2025-01-15 21:00:00,21,6.142857142857143,1.062342425290183,5
M1,ST3,2025-01-15 22:00:00,20,6.05,0.7591546545162482,2
M1,ST3,2025-01-15 23:00:00,53,5.226415094339623,0.46581233568409475,2
M1,ST3,2025-01-16 00:00:00,28,5.107142857142857,1.133309990422538,4
M1,ST3,2025-01-16 01:00:00,10,6.0,0.9428090415820635,3
M1,ST3,2025-01-16 02:00:00,18,6.166666666666667,0.7859052479933756,3
M1,ST3,2025-01-16 03:00:00,7,4.857142857142857,2.0354009783964297,5
M1,ST3,2025-01-16 04:00:00,29,6.344827586206897,0.9737945687202025,5
M1,ST3,2025-01-16 05:00:00,38,6.342105263157895,0.847135580248464,4
M1,ST3,2025-01-16 06:00:00,5,6.0,0.7071067811865476,2
M1,ST3,2025-01-16 07:00:00,9,5.0,0.7071067811865476,2
M1,ST3,2025-01-16 08:00:00,22,4.954545454545454,0.4857270179130824,2
M1,ST3,2025-01-16 09:00:00,33,5.333333333333333,0.8539125638299669,3
M1,ST3,2025-01-16 10:00:00,28,6.5,0.5091750772173156,1
M1,ST3,2025-01-16 11:00:00,22,6.136363636363637,1.1668212637211672,5
M1,ST3,2025-01-16 12:00:00,28,4.785714285714286,0.49867549436206404,2
M1,ST3,2025-01-16 13:00:00,21,4.9523809523809526,1.4309504001254019,5
M1,ST3,2025-01-16 14:00:00,23,6.130434782608695,0.7570485649179114,2
M1,ST3,2025-01-16 15:00:00,8,6.125,1.3562026818605375,4
M1,ST3,2025-01-16 16:00:00,16,6.0,1.3165611772087666,5
M1,ST3,2025-01-16 17:00:00,25,6.28,0.5416025603090643,2
M1,ST3,2025-01-16 18:00:00,14,6.0,1.0377490433255419,4
M1,ST3,2025-01-16 19:00:00,29,5.655172413793103,1.3168105967766401,6
M1,ST3,2025-01-16 20:00:00,35,4.514285714285714,1.1471557812932915,4
M1,ST3,2025-01-16 21:00:00,18,5.722222222222222,1.0740552924509192,4
M1,ST3,2025-01-16 22:00:00,37,6.081081081081081,0.7593263966019993,3
M1,ST3,2025-01-16 23:00:00,12,5.916666666666667,0.9962049198956219,3
M1,ST3,2025-01-17 00:00:00,11,5.7272727272727275,1.4206272622267315,5
M1,ST3,2025-01-17 01:00:00,35,5.314285714285714,0.7959983953364179,4
M1,ST3,2025-01-17 02:00:00,19,6.315789473684211,1.157230005897578,5
M1,ST3,2025-01-17 03:00:00,11,5.636363636363637,1.6292775867068985,5
M1,ST3,2025-01-17 04:00:00,28,6.464285714285714,0.5078745001833701,1
M1,ST3,2025-01-17 05:00:00,43,5.976744186046512,0.9125675994014355,3
M1,ST3,2025-01-17 06:00:00,8,4.25,1.388730149658827,4
M1,ST3,2025-01-17 07:00:00,41,5.219512195121951,0.9620861479605456,4
M1,ST3,2025-01-17 08:00:00,50,5.06,0.7930823361018293,4
M1,ST3,2025-01-17 09:00:00,18,5.944444444444445,1.055641551364534,4
M1,ST3,2025-01-17 10:00:00,55,5.218181818181818,0.8320191657984157,3
M1,ST3,2025-01-17 11:00:00,21,5.476190476190476,1.4703417160322843,6
M1,ST3,2025-01-17 12:00:00,13,5.615384615384615,1.5566235649883124,6
M1,ST3,2025-01-17 13:00:00,25,6.2,1.118033988749895,5
M1,ST3,2025-01-17 14:00:00,14,5.785714285714286,0.6992932067530678,2
M1,ST3,2025-01-17 15:00:00,27,6.2592592592592595,0.6558958989042623,3
M1,ST3,2025-01-17 16:00:00,43,6.372093023255814,0.7245115206272393,4
M1,ST3,2025-01-17 17:00:00,20,6.45,0.6048053188292994,2
M1,ST3,2025-01-17 18:00:00,46,5.304347826086956,0.5914037995365601,2
M1,ST3,2025-01-17 19:00:00,22,6.2727272727272725,0.7672969364884685,3
M1,ST3,2025-01-17 20:00:00,17,5.764705882352941,0.7524469885568255,3
M1,ST3,2025-01-17 21:00:00,55,6.363636363636363,0.6766922918967363,4
M1,ST3,2025-01-17 22:00:00,23,6.130434782608695,1.217461883894185,6
M1,ST3,2025-01-17 23:00:00,10,5.7,1.4181364924121764,5
M1,ST3,2025-01-18 00:00:00,24,6.291666666666667,0.8586727202955212,4
M1,ST3,2025-01-18 01:00:00,26,6.153846153846154,1.2551432648843779,6
M1,ST3,2025-01-18 02:00:00,26,5.769230769230769,0.9080833577460744,4
M1,ST3,2025-01-18 03:00:00,27,6.222222222222222,1.1547005383792517,6
M1,ST3,2025-01-18 04:00:00,17,6.411764705882353,0.7952062255644573,3
M1,ST3,2025-01-18 05:00:00,16,5.625,0.6191391873668903,2
M1,ST3,2025-01-18 06:00:00,22,5.909090909090909,1.3059968245090439,6
M1,ST3,2025-01-18 07:00:00,23,5.608695652173913,1.2699008706760828,5
M1,ST3,2025-01-18 08:00:00,44,6.0,0.6819943394704736,2
M1,ST3,2025-01-18 09:00:00,48,5.3125,0.8030858039528765,5
M1,ST3,2025-01-18 10:00:00,11,6.181818181818182,0.6030226891555273,2
M1,ST3,2025-01-18 11:00:00,10,6.0,1.4907119849998598,5
M1,ST3,2025-01-18 12:00:00,51,5.862745098039215,0.9595750693538728,5
M1,ST3,2025-01-18 13:00:00,51,5.980392156862745,0.9484765907165319,5
M1,ST3,2025-01-18 14:00:00,52,5.326923076923077,0.901440108091836,3
M1,ST3,2025-01-18 15:00:00,6,6.666666666666667,0.5163977794943224,1
M1,ST3,2025-01-18 16:00:00,26,6.461538461538462,0.508391127441794,1
M1,ST3,2025-01-18 17:00:00,25,6.48,0.5099019513592784,1
M1,ST3,2025-01-18 18:00:00,18,6.222222222222222,0.8084520834544434,3
M1,ST3,2025-01-18 19:00:00,15,5.8,1.61245154965971,5
M1,ST3,2025-01-18 20:00:00,59,5.135593220338983,0.39206030142472165,2
M1,ST3,2025-01-18 21:00:00,4,5.0,1.4142135623730951,3
M1,ST3,2025-01-18 22:00:00,37,4.945945945945946,0.998497369549363,6
M1,ST3,2025-01-18 23:00:00,35,5.314285714285714,0.9000466841300213,3
M1,ST3,2025-01-19 00:00:00,17,5.529411764705882,1.8068497121656084,6
M1,ST3,2025-01-19 01:00:00,24,5.958333333333333,0.8064504441319258,3
M1,ST3,2025-01-19 02:00:00,9,4.555555555555555,2.0069324297987157,5
M1,ST3,2025-01-19 03:00:00,5,5.4,1.949358868961793,5
M1,ST3,2025-01-19 04:00:00,13,6.3076923076923075,0.6304251719561152,2
M1,ST3,2025-01-19 05:00:00,32,5.625,1.2636353087613479,6
M1,ST3,2025-01-19 06:00:00,13,5.538461538461538,1.5063966175050876,5
M1,ST3,2025-01-19 07:00:00,52,6.288461538461538,0.7231884320808972,3
M1,ST3,2025-01-19 08:00:00,23,6.304347826086956,0.7029019463944166,2
M1,ST3,2025-01-19 09:00:00,25,5.56,0.9165151389911679,4
M1,ST3,2025-01-19 10:00:00,43,6.325581395348837,0.7470873676376283,4
M1,ST3,2025-01-19 11:00:00,12,5.333333333333333,0.7784989441615231,3
M1,ST3,2025-01-19 12:00:00,16,5.25,1.4375905768565218,6
M1,ST3,2025-01-19 13:00:00,10,5.3,2.057506581601462,6
M1,ST3,2025-01-19 14:00:00,20,6.5,0.512989176042577,1
M1,ST3,2025-01-19 15:00:00,20,5.95,1.3562719801759995,6
M1,ST3,2025-01-19 16:00:00,26,4.538461538461538,0.7060180864974626,3
M1,ST3,2025-01-19 17:00:00,43,5.209302325581396,0.9894235824310299,3
M1,ST3,2025-01-19 18:00:00,20,4.95,1.2763022245616642,6
M1,ST3,2025-01-19 19:00:00,10,6.2,0.9189365834726815,3
M1,ST3,2025-01-19 21:00:00,20,6.15,0.8750939799154206,3
M1,ST3,2025-01-19 22:00:00,24,6.291666666666667,1.082636342118332,6
M1,ST3,2025-01-19 23:00:00,14,6.5,0.5188745216627707,1
M1,ST3,2025-01-20 00:00:00,39,6.461538461538462,0.6426161105878411,3
M1,ST3,2025-01-20 01:00:00,48,5.0,0.9453131868733217,5
M1,ST3,2025-01-20 02:00:00,2,5.0,0.0,0
M1,ST3,2025-01-20 03:00:00,39,5.333333333333333,1.059625885652035,3
M1,ST3,2025-01-20 04:00:00,21,4.714285714285714,1.0555973258234952,5
M1,ST3,2025-01-20 05:00:00,23,5.173913043478261,1.1140496934013264,4
M1,ST3,2025-01-20 06:00:00,14,6.142857142857143,1.027105182026191,4
M1,ST3,2025-01-20 07:00:00,12,6.25,0.6215815605080611,2
M1,ST3,2025-01-20 08:00:00,7,5.142857142857143,1.4638501094227998,4
M1,ST3,2025-01-20 09:00:00,12,6.25,1.1381803659589922,4
M1,ST3,2025-01-20 10:00:00,28,6.428571428571429,0.5039526306789694,1
M1,ST3,2025-01-20 11:00:00,50,6.06,0.9981615754036245,6
M1,ST3,2025-01-20 12:00:00,43,5.046511627906977,0.8716019289105668,5
M1,ST3,2025-01-20 13:00:00,5,5.6,1.5165750888103104,4
M1,ST3,2025-01-20 14:00:00,4,5.25,2.217355782608345,5
M1,ST3,2025-01-20 15:00:00,15,4.4,1.0555973258234952,4
M1,ST3,2025-01-20 16:00:00,25,4.68,0.6904105059069329,3
M1,ST3,2025-01-20 17:00:00,41,5.780487804878049,1.1294289513278648,6
M1,ST3,2025-01-20 18:00:00,19,5.052631578947368,0.40465131911125596,2
M1,ST3,2025-01-20 19:00:00,10,6.0,1.5634719199411429,5
M1,ST3,2025-01-20 20:00:00,33,5.636363636363637,0.7833494518006403,4
M1,ST3,2025-01-20 21:00:00,39,5.512820512820513,0.5063696835418333,1
M1,ST3,2025-01-20 22:00:00,19,5.421052631578948,0.7685331969757722,3
M1,ST3,2025-01-20 23:00:00,8,5.375,1.302470180629319,4
M1,ST3,2025-01-21 00:00:00,15,5.0,1.5118578920369097,6
M1,ST3,2025-01-21 01:00:00,20,6.6,0.5026246899500346,1
M1,ST3,2025-01-21 02:00:00,8,5.625,1.922609833384967,6
M1,ST3,2025-01-21 03:00:00,26,5.423076923076923,1.3615601910478117,6
M1,ST3,2025-01-21 04:00:00,16,4.9375,0.5737304826019501,3
M1,ST3,2025-01-21 05:00:00,10,4.5,1.35400640077266,5
M1,ST3,2025-01-21 06:00:00,32,6.46875,0.5070073486774163,1
M1,ST3,2025-01-21 07:00:00,38,6.2894736842105265,1.010964076589088,6
M1,ST3,2025-01-21 08:00:00,26,6.269230769230769,1.185164707800306,6
M1,ST3,2025-01-21 09:00:00,42,6.285714285714286,0.9947597892594603,5
M1,ST3,2025-01-21 10:00:00,21,6.190476190476191,1.2891488517253398,6
M1,ST3,2025-01-21 11:00:00,8,5.625,1.7677669529663689,5
M1,ST3,2025-01-21 12:00:00,27,4.962962962962963,0.8979241650984826,4
M1,ST3,2025-01-21 13:00:00,19,5.631578947368421,1.1160708020048364,3
M1,ST3,2025-01-21 14:00:00,21,5.761904761904762,1.6094956323259129,6
M1,ST3,2025-01-21 15:00:00,10,5.1,1.66332999331662,6
M1,ST3,2025-01-21 16:00:00,16,6.0625,0.6800735254367721,2
M1,ST3,2025-01-21 17:00:00,42,5.904761904761905,0.6917465985186606,2
M1,ST3,2025-01-21 18:00:00,13,5.230769230769231,0.5991446895152781,2
M1,ST3,2025-01-21 19:00:00,29,5.241379310344827,0.5109635445336239,2
M1,ST3,2025-01-21 20:00:00,47,6.170212765957447,0.7318573434337018,3
M1,ST3,2025-01-21 21:00:00,18,5.166666666666667,0.9851843661437779,5
M1,ST3,2025-01-21 22:00:00,23,6.260869565217392,1.2510864843424485,6
M1,ST3,2025-01-21 23:00:00,33,4.909090909090909,0.8048150549829898,3
M1,ST3,2025-01-22 00:00:00,3,4.333333333333333,2.886751345948129,5
M1,ST3,2025-01-22 01:00:00,24,6.291666666666667,0.8586727202955211,3
M1,ST3,2025-01-22 02:00:00,19,5.947368421052632,1.1290942392774796,5
M1,ST3,2025-01-22 03:00:00,22,5.681818181818182,0.8937009000226522,3
M1,ST3,2025-01-22 04:00:00,13,6.384615384615385,0.5063696835418332,1
M1,ST3,2025-01-22 05:00:00,28,5.285714285714286,1.1501092655705905,6
M1,ST3,2025-01-22 06:00:00,51,6.490196078431373,0.5430487646467064,2
M1,ST3,2025-01-22 07:00:00,4,5.0,0.0,0
M1,ST3,2025-01-22 08:00:00,36,6.472222222222222,0.8101538164751224,5
M1,ST3,2025-01-22 09:00:00,55,6.363636363636363,0.5888984180666024,3
M1,ST3,2025-01-22 10:00:00,29,6.448275862068965,0.572351471472339,2
M1,ST3,2025-01-22 11:00:00,20,5.8,1.3992479182911461,6
M1,ST3,2025-01-22 12:00:00,20,4.8,0.6958523739384594,3
M1,ST3,2025-01-22 13:00:00,15,4.933333333333334,1.0327955589886444,5
M1,ST3,2025-01-22 14:00:00,8,5.625,1.0606601717798214,3
M1,ST3,2025-01-22 15:00:00,24,5.916666666666667,1.442120017518492,6
M1,ST3,2025-01-22 16:00:00,39,5.9743589743589745,0.8106910465827573,4
M1,ST3,2025-01-22 17:00:00,22,6.045454545454546,1.0900971004051372,5
M1,ST3,2025-01-22 18:00:00,17,6.470588235294118,0.5144957554275266,1
M1,ST3,2025-01-22 19:00:00,26,6.269230769230769,1.1156233166330762,5
M1,ST3,2025-01-22 20:00:00,9,5.333333333333333,1.118033988749895,4
M1,ST3,2025-01-22 21:00:00,3,5.0,0.0,0
M1,ST3,2025-01-22 22:00:00,20,5.6,1.353358395757909,6
M1,ST3,2025-01-22 23:00:00,23,5.434782608695652,0.506869801869702,1
M1,ST3,2025-01-23 00:00:00,25,6.4,0.7071067811865476,3
M1,ST3,2025-01-23 01:00:00,4,5.5,2.3804761428476167,5
M1,ST3,2025-01-23 02:00:00,29,4.655172413793103,0.9737945687202025,5
M1,ST3,2025-01-23 03:00:00,31,5.32258064516129,0.9447079539622656,3
M1,ST3,2025-01-23 04:00:00,21,6.142857142857143,1.1952286093343936,5
M1,ST3,2025-01-23 05:00:00,18,5.444444444444445,1.1991282236408358,5
M1,ST3,2025-01-23 06:00:00,33,5.424242424242424,0.7917663414126288,4
M1,ST3,2025-01-23 07:00:00,22,5.954545454545454,1.3619759010270174,5
M1,ST3,2025-01-23 08:00:00,7,4.857142857142857,2.6726124191242437,6
M1,ST3,2025-01-23 09:00:00,29,5.172413793103448,0.6584052983883201,3
M1,ST3,2025-01-23 10:00:00,30,5.4,0.563241847975046,2
M1,ST3,2025-01-23 11:00:00,40,6.25,0.9540735874430284,5
M1,ST3,2025-01-23 12:00:00,18,5.277777777777778,0.9582800496696002,4
M1,ST3,2025-01-23 13:00:00,5,6.0,1.224744871391589,3
M1,ST3,2025-01-23 14:00:00,34,4.529411764705882,0.7876045045674721,4
M1,ST3,2025-01-23 15:00:00,5,6.0,1.7320508075688772,4
M1,ST3,2025-01-23 16:00:00,46,6.369565217391305,0.8262013650752303,5
M1,ST3,2025-01-23 17:00:00,21,6.238095238095238,1.0910894511799618,5
M1,ST3,2025-01-23 18:00:00,36,5.916666666666667,1.2955969390869324,5
M1,ST3,2025-01-23 19:00:00,23,5.869565217391305,1.25424181466106,5
M1,ST3,2025-01-23 20:00:00,50,6.38,0.6966391622992347,4
M1,ST3,2025-01-23 21:00:00,21,5.238095238095238,0.7684244858645451,4
M1,ST3,2025-01-23 22:00:00,15,5.333333333333333,1.4474937289114918,6
M1,ST3,2025-01-23 23:00:00,42,5.142857142857143,0.6466208061135642,3
M1,ST3,2025-01-24 00:00:00,30,5.1,0.8847364696279085,5
M1,ST3,2025-01-24 01:00:00,18,5.944444444444445,0.8023657829651031,2
M1,ST3,2025-01-24 02:00:00,36,5.194444444444445,0.7862912744358598,5
M1,ST3,2025-01-24 03:00:00,10,5.9,1.7919573407620817,6
M1,ST3,2025-01-24 04:00:00,14,5.928571428571429,1.542439911024374,6
M1,ST3,2025-01-24 05:00:00,11,5.636363636363637,1.2862913567871996,5
M1,ST3,2025-01-24 06:00:00,23,5.3478260869565215,0.77510677576318,3
M1,ST3,2025-01-24 07:00:00,52,5.461538461538462,1.074874155179153,5
M1,ST3,2025-01-24 08:00:00,6,5.0,2.0,5
M1,ST3,2025-01-24 09:00:00,45,6.4,0.5393598899705937,2
M1,ST3,2025-01-24 10:00:00,24,5.666666666666667,1.3405601251996733,6
M1,ST3,2025-01-24 11:00:00,10,4.5,0.5270462766947298,1
M1,ST3,2025-01-24 12:00:00,28,5.964285714285714,0.9615628812527941,4
M1,ST3,2025-01-24 13:00:00,39,6.3076923076923075,0.8630986451472744,5
M1,ST3,2025-01-24 14:00:00,34,6.352941176470588,0.9172539036208376,5
M1,ST3,2025-01-24 15:00:00,3,5.0,2.6457513110645907,5
M1,ST3,2025-01-24 16:00:00,12,5.583333333333333,1.4433756729740645,5
M1,ST3,2025-01-24 17:00:00,24,5.625,1.0134958870382647,3
M1,ST3,2025-01-24 18:00:00,37,4.837837837837838,0.44180900307168386,2
M1,ST3,2025-01-24 19:00:00,60,4.75,0.4366668823046864,1
M1,ST3,2025-01-24 20:00:00,42,5.595238095238095,1.1274734069553067,5
M1,ST3,2025-01-24 21:00:00,34,6.382352941176471,0.9216160339761872,5
M1,ST3,2025-01-24 22:00:00,5,6.0,1.224744871391589,3
M1,ST3,2025-01-24 23:00:00,35,6.3428571428571425,0.90563130866092,5
M1,ST3,2025-01-25 00:00:00,14,5.928571428571429,1.542439911024374,5
M1,ST3,2025-01-25 01:00:00,11,5.454545454545454,1.916436086262016,5
M1,ST3,2025-01-25 02:00:00,21,6.285714285714286,0.9561828874675149,4
M1,ST3,2025-01-25 03:00:00,18,4.722222222222222,1.3197840980097755,5
M1,ST3,2025-01-25 04:00:00,4,3.75,1.8929694486000912,4
M1,ST3,2025-01-25 05:00:00,7,4.857142857142857,0.3779644730092273,1
M1,ST3,2025-01-25 06:00:00,39,5.717948717948718,0.8568214807837884,4
M1,ST3,2025-01-25 07:00:00,49,5.8979591836734695,0.8718968296952652,4
M1,ST3,2025-01-25 08:00:00,48,6.395833333333333,0.8183944669571634,5
M1,ST3,2025-01-25 09:00:00,32,6.40625,0.4989909172358461,1
M1,ST3,2025-01-25 10:00:00,18,6.166666666666667,1.1504474832710554,5
M1,ST3,2025-01-25 11:00:00,25,6.16,1.2138094304022082,5
M1,ST3,2025-01-25 12:00:00,18,5.611111111111111,0.9785276387866012,3
M1,ST3,2025-01-25 13:00:00,18,6.277777777777778,1.1785113019775793,5
M1,ST3,2025-01-25 14:00:00,4,5.5,2.380476142847617,5
M1,ST3,2025-01-25 15:00:00,12,5.083333333333333,1.164500152881315,5
M1,ST3,2025-01-25 16:00:00,34,5.735294117647059,1.1627768104298606,6
M1,ST3,2025-01-25 17:00:00,51,6.196078431372549,0.6330752828262132,2
M1,ST3,2025-01-25 18:00:00,10,6.0,1.4907119849998598,5
M1,ST3,2025-01-25 19:00:00,23,5.3478260869565215,1.368765058934975,6
M1,ST3,2025-01-25 20:00:00,30,5.2,1.1566896880679622,6
M1,ST3,2025-01-25 21:00:00,34,6.176470588235294,1.1669849323971873,5
M1,ST3,2025-01-25 22:00:00,3,5.0,1.7320508075688772,3
M1,ST3,2025-01-25 23:00:00,37,6.216216216216216,0.7503752814845802,2
M1,ST3,2025-01-26 00:00:00,16,5.375,0.9574271077563382,4
M1,ST3,2025-01-26 01:00:00,43,6.465116279069767,0.5046845884077511,1
M1,ST3,2025-01-26 02:00:00,15,5.666666666666667,1.5886502207249786,5
M1,ST3,2025-01-26 03:00:00,18,5.0,1.2366938848016846,6
M1,ST3,2025-01-26 04:00:00,31,4.870967741935484,0.5622535302317492,3
M1,ST3,2025-01-26 05:00:00,32,4.96875,0.594836654184399,2
M1,ST3,2025-01-26 06:00:00,7,4.571428571428571,1.9023794624226837,5
M1,ST3,2025-01-26 07:00:00,10,6.0,1.4907119849998598,5
M1,ST3,2025-01-26 08:00:00,20,5.95,1.2343760409722462,5
M1,ST3,2025-01-26 09:00:00,15,4.533333333333333,0.8338093878327919,3
M1,ST3,2025-01-26 10:00:00,15,4.466666666666667,0.8338093878327917,3
M1,ST3,2025-01-26 11:00:00,21,6.095238095238095,1.1791845447071423,5
M1,ST3,2025-01-26 12:00:00,30,6.266666666666667,0.944433175501849,5
M1,ST3,2025-01-26 13:00:00,27,6.148148148148148,0.9073928715621609,4
M1,ST3,2025-01-26 14:00:00,27,6.296296296296297,0.992851945536184,5
M1,ST3,2025-01-26 15:00:00,11,6.545454545454546,0.5222329678670935,1
M1,ST3,2025-01-26 16:00:00,16,5.8125,1.2763881332363862,5
M1,ST3,2025-01-26 17:00:00,35,6.228571428571429,1.0314385809239868,6
M1,ST3,2025-01-26 18:00:00,20,5.05,1.4680814547887788,6
M1,ST3,2025-01-26 19:00:00,6,4.333333333333333,1.7511900715418263,5
M1,ST3,2025-01-26 20:00:00,22,5.818181818181818,0.8528028654224415,3
M1,ST3,2025-01-26 21:00:00,5,5.0,1.224744871391589,3
M1,ST3,2025-01-26 22:00:00,25,6.32,0.7483314773547883,3
M1,ST3,2025-01-26 23:00:00,38,5.552631578947368,0.9211440718682283,4
M1,ST3,2025-01-27 00:00:00,49,6.469387755102041,0.5042337758225564,1
M1,ST3,2025-01-27 01:00:00,44,6.363636363636363,0.9666751718903612,6
M1,ST3,2025-01-27 02:00:00,35,5.4,0.6507913734559684,3
M1,ST3,2025-01-27 03:00:00,17,5.823529411764706,1.5506165756581742,6
M1,ST3,2025-01-27 04:00:00,13,6.153846153846154,0.8006407690254357,3
M1,ST3,2025-01-27 05:00:00,49,5.224489795918367,0.6213327786047566,3
M1,ST3,2025-01-27 06:00:00,7,4.571428571428571,1.2724180205607034,4
M1,ST3,2025-01-27 07:00:00,34,4.911764705882353,0.5144957554275266,2
M1,ST3,2025-01-27 08:00:00,11,6.454545454545454,0.5222329678670935,1
M1,ST3,2025-01-27 09:00:00,60,6.55,0.5016920522135438,1
M1,ST3,2025-01-27 10:00:00,13,5.384615384615385,0.6504436355879908,2
M1,ST3,2025-01-27 11:00:00,32,6.25,0.9158109397792511,5
M1,ST3,2025-01-27 12:00:00,27,6.2592592592592595,0.9842057552468229,5
M1,ST3,2025-01-27 13:00:00,21,6.380952380952381,0.4976133515281192,1
M1,ST3,2025-01-27 14:00:00,13,5.384615384615385,1.6602440351979153,6
M1,ST3,2025-01-27 15:00:00,19,4.947368421052632,0.8481145238787244,3
M1,ST3,2025-01-27 16:00:00,15,5.266666666666667,1.2227992865708155,5
M1,ST3,2025-01-27 17:00:00,20,6.4,0.5026246899500346,1
M1,ST3,2025-01-27 18:00:00,24,6.291666666666667,1.2328534123049195,6
M1,ST3,2025-01-27 19:00:00,20,5.95,1.2763022245616642,5
M1,ST3,2025-01-27 20:00:00,22,6.136363636363637,0.710161252342737,2
M1,ST3,2025-01-27 21:00:00,53,5.433962264150943,1.047146928972393,6
M1,ST3,2025-01-27 22:00:00,52,6.403846153846154,0.7985186133505405,5
M1,ST3,2025-01-27 23:00:00,42,5.738095238095238,1.1906039420420378,6
M1,ST3,2025-01-28 00:00:00,13,5.230769230769231,0.9268086959962986,3
M1,ST3,2025-01-28 01:00:00,35,5.942857142857143,1.4130246478608168,6
M1,ST3,2025-01-28 02:00:00,23,5.782608695652174,1.6775664663469694,6
M1,ST3,2025-01-28 03:00:00,19,4.7368421052631575,0.5619514869490165,2
M1,ST3,2025-01-28 04:00:00,60,4.6,0.5272249061784877,2
M1,ST3,2025-01-28 05:00:00,2,5.0,1.4142135623730951,2
M1,ST3,2025-01-28 06:00:00,17,4.235294117647059,1.3004524099667143,4
M1,ST3,2025-01-28 07:00:00,21,4.666666666666667,1.1547005383792517,6
M1,ST3,2025-01-28 08:00:00,20,4.75,0.910465468000326,4
M1,ST3,2025-01-28 09:00:00,15,5.133333333333334,1.245945806357946,5
M1,ST3,2025-01-28 10:00:00,17,5.529411764705882,1.7719215226281724,6
M1,ST3,2025-01-28 11:00:00,52,4.980769230769231,0.5045045954972341,2
M1,ST3,2025-01-28 12:00:00,17,4.823529411764706,1.3800042625680118,6
M1,ST3,2025-01-28 13:00:00,12,5.333333333333333,1.497472618255253,5
M1,ST3,2025-01-28 14:00:00,12,5.583333333333333,1.9752253419585197,6
M1,ST3,2025-01-28 15:00:00,18,6.0,1.3719886811400708,5
M1,ST3,2025-01-28 16:00:00,10,4.9,1.449137674618944,5
M1,ST3,2025-01-28 17:00:00,16,6.3125,0.7932002689527198,3
M1,ST3,2025-01-28 18:00:00,25,6.0,1.3228756555322951,6
M1,ST3,2025-01-28 19:00:00,11,4.7272727272727275,0.7862453931068966,3
M1,ST3,2025-01-28 20:00:00,5,5.6,2.6076809620810595,6
M1,ST3,2025-01-28 21:00:00,13,5.769230769230769,1.739436985245808,5
M1,ST3,2025-01-28 22:00:00,43,4.976744186046512,1.2438108126893788,6
M1,ST3,2025-01-28 23:00:00,25,4.96,0.9345230512584125,5
M1,ST3,2025-01-29 00:00:00,21,5.095238095238095,0.30079260375911915,1
M1,ST3,2025-01-29 01:00:00,16,5.625,0.8062257748298554,3
M1,ST3,2025-01-29 02:00:00,25,5.88,1.0132456102380443,4
M1,ST3,2025-01-29 03:00:00,7,5.142857142857143,0.37796447300922725,1
M1,ST3,2025-01-29 04:00:00,15,6.066666666666666,1.4864467059144129,6
M1,ST3,2025-01-29 05:00:00,28,6.214285714285714,0.9946949227868761,5
M1,ST3,2025-01-29 06:00:00,6,5.5,2.258317958127243,6
M1,ST3,2025-01-29 07:00:00,53,6.320754716981132,0.8032047565763898,5
M1,ST3,2025-01-29 08:00:00,26,5.384615384615385,0.8038369524685007,3
M1,ST3,2025-01-29 09:00:00,33,4.848484848484849,0.712443511849015,4
M1,ST3,2025-01-29 10:00:00,23,5.391304347826087,0.9409439377939294,4
M1,ST3,2025-01-29 11:00:00,21,5.428571428571429,1.3255726525328053,6
M1,ST3,2025-01-29 12:00:00,7,3.7142857142857144,1.889822365046136,4
M1,ST3,2025-01-29 13:00:00,39,5.461538461538462,0.6823393910177048,2
M1,ST3,2025-01-29 14:00:00,5,6.0,0.7071067811865476,2
M1,ST3,2025-01-29 15:00:00,33,5.7272727272727275,0.8393720596645172,2
M1,ST3,2025-01-29 16:00:00,23,5.173913043478261,0.7168221481614963,4
M1,ST3,2025-01-29 17:00:00,5,6.0,1.7320508075688772,4
M1,ST3,2025-01-29 18:00:00,25,5.92,1.4410644214144857,5
M1,ST3,2025-01-29 19:00:00,18,6.222222222222222,1.3956046783744507,6
M1,ST3,2025-01-29 20:00:00,33,6.0606060606060606,1.1163387125832915,6
M1,ST3,2025-01-29 21:00:00,22,5.454545454545454,1.010764572808635,3
M1,ST3,2025-01-29 22:00:00,15,5.0,1.4638501094227998,6
M1,ST3,2025-01-29 23:00:00,12,5.75,2.0504988306618106,6
M1,ST3,2025-01-30 00:00:00,15,5.933333333333334,1.4375905768565218,6
M1,ST3,2025-01-30 01:00:00,50,5.08,0.6651683843898751,3
M1,ST3,2025-01-30 02:00:00,14,6.214285714285714,1.3114039117603011,5
M1,ST3,2025-01-30 03:00:00,55,5.6,1.0818365728567187,5
M1,ST3,2025-01-30 04:00:00,34,4.823529411764706,1.3135791548583706,6
M1,ST3,2025-01-30 05:00:00,34,5.0588235294117645,0.6937459350943204,5
M1,ST3,2025-01-30 06:00:00,15,5.866666666666666,1.6417180315870614,5
M1,ST3,2025-01-30 07:00:00,15,5.0,1.3093073414159542,5
M1,ST3,2025-01-30 08:00:00,23,5.173913043478261,0.5762081310400607,3
M1,ST3,2025-01-30 09:00:00,15,5.866666666666666,1.4573295865416045,5
M1,ST3,2025-01-30 10:00:00,16,6.25,1.2382783747337807,5
M1,ST3,2025-01-30 11:00:00,9,5.888888888888889,1.536590742882148,5
M1,ST3,2025-01-30 12:00:00,31,5.774193548387097,1.0554517964472163,4
M1,ST3,2025-01-30 13:00:00,9,6.444444444444445,0.5270462766947299,1
M1,ST3,2025-01-30 14:00:00,27,5.888888888888889,0.7510676161988106,2
M1,ST3,2025-01-30 15:00:00,24,6.375,0.6468989572333266,2
M1,ST3,2025-01-30 16:00:00,16,6.0625,0.9287087810503357,3
M1,ST3,2025-01-30 17:00:00,15,5.0,1.0690449676496976,4
M1,ST3,2025-01-30 18:00:00,19,6.2105263157894735,0.7132825035177586,2
M1,ST3,2025-01-30 19:00:00,10,6.2,0.9189365834726815,3
M1,ST3,2025-01-30 20:00:00,46,6.043478260869565,0.987848880460984,5
M1,ST3,2025-01-30 21:00:00,28,6.285714285714286,0.9759000729485332,5
M1,ST3,2025-01-30 22:00:00,18,6.222222222222222,1.1659661762602749,5
M1,ST3,2025-01-30 23:00:00,28,5.75,0.7993052538854536,2
M1,ST3,2025-01-31 00:00:00,13,4.923076923076923,1.1151635501529555,5
M1,ST3,2025-01-31 01:00:00,9,4.0,1.5000000000000002,4
M1,ST3,2025-01-31 02:00:00,14,5.357142857142857,2.2397507710643874,6
M1,ST3,2025-01-31 03:00:00,46,6.478260869565218,0.5050469916434667,1
M1,ST3,2025-01-31 04:00:00,4,5.25,1.5,3
M1,ST3,2025-01-31 05:00:00,13,6.384615384615385,0.869718492622904,3
M1,ST4,2025-01-01 06:00:00,60,6.533333333333333,0.5030977485864634,1
M1,ST4,2025-01-01 07:00:00,24,6.208333333333333,1.2150922908825974,6
M1,ST4,2025-01-01 08:00:00,43,6.395348837209302,0.6225728063646903,3
M1,ST4,2025-01-01 09:00:00,39,6.3076923076923075,1.004040420497055,6
M1,ST4,2025-01-01 10:00:00,25,6.44,0.5066228051190221,1
M1,ST4,2025-01-01 11:00:00,60,6.533333333333333,0.5030977485864634,1
M1,ST4,2025-01-01 12:00:00,9,6.0,1.5811388300841898,5
M1,ST4,2025-01-01 13:00:00,32,5.3125,0.997981834471692,5
M1,ST4,2025-01-01 14:00:00,5,6.0,0.7071067811865475,2
M1,ST4,2025-01-01 15:00:00,32,5.25,1.1913667943625412,6
M1,ST4,2025-01-01 16:00:00,6,4.166666666666667,1.1690451944500122,3
M1,ST4,2025-01-01 17:00:00,25,5.64,1.4966629547095762,6
M1,ST4,2025-01-01 18:00:00,43,6.348837209302325,0.5293176618571604,2
M1,ST4,2025-01-01 19:00:00,51,6.333333333333333,0.9729679679550949,6
M1,ST4,2025-01-01 20:00:00,12,6.333333333333333,0.49236596391733106,1
M1,ST4,2025-01-01 21:00:00,37,6.108108108108108,1.1494874167738076,5
M1,ST4,2025-01-01 22:00:00,20,6.5,0.512989176042577,1
M1,ST4,2025-01-01 23:00:00,22,5.545454545454546,0.911684611677104,3
M1,ST4,2025-01-02 00:00:00,13,5.769230769230769,0.9268086959962982,3
M1,ST4,2025-01-02 01:00:00,15,6.066666666666666,1.0327955589886444,4
M1,ST4,2025-01-02 02:00:00,19,5.368421052631579,1.6059101370939322,6
M1,ST4,2025-01-02 03:00:00,27,5.777777777777778,0.8915558282417287,4
M1,ST4,2025-01-02 04:00:00,37,6.5675675675675675,0.5022472023339225,1
M1,ST4,2025-01-02 05:00:00,34,6.470588235294118,0.5632854982907604,2
M1,ST4,2025-01-02 06:00:00,8,5.625,0.5175491695067655,1
M1,ST4,2025-01-02 07:00:00,13,5.538461538461538,1.4500221041639685,4
M1,ST4,2025-01-02 08:00:00,6,5.333333333333333,2.160246899469287,6
M1,ST4,2025-01-02 09:00:00,31,6.129032258064516,0.7184212081070995,2
M1,ST4,2025-01-02 10:00:00,7,5.0,2.449489742783178,6
M1,ST4,2025-01-02 11:00:00,6,6.0,1.5491933384829666,4
M1,ST4,2025-01-02 12:00:00,8,5.875,1.6420805617960927,5
M1,ST4,2025-01-02 13:00:00,33,4.909090909090909,1.2836382951311764,5
M1,ST4,2025-01-02 14:00:00,21,6.0,0.7071067811865478,3
M1,ST4,2025-01-02 15:00:00,37,6.486486486486487,0.5067117097095317,1
M1,ST4,2025-01-02 16:00:00,17,5.352941176470588,0.7859052479933757,3
M1,ST4,2025-01-02 17:00:00,46,5.565217391304348,1.2410062926341225,6
M1,ST4,2025-01-02 18:00:00,20,6.1,1.4104870379448817,6
M1,ST4,2025-01-02 19:00:00,24,5.041666666666667,1.0826363421183323,6
M1,ST4,2025-01-02 20:00:00,36,5.111111111111111,0.5225092085464837,3
M1,ST4,2025-01-02 22:00:00,32,5.40625,1.1875530548419784,4
M1,ST4,2025-01-02 23:00:00,10,5.2,0.4216370213557841,1
M1,ST4,2025-01-03 00:00:00,39,6.205128205128205,1.004712244205882,5
M1,ST4,2025-01-03 01:00:00,22,6.2727272727272725,1.0771133460194244,5
M1,ST4,2025-01-03 02:00:00,16,5.0625,0.9979144919948469,5
M1,ST4,2025-01-03 03:00:00,31,6.290322580645161,0.6425754631219992,2
M1,ST4,2025-01-03 04:00:00,18,5.555555555555555,1.1490262999202834,4
M1,ST4,2025-01-03 05:00:00,21,4.9523809523809526,0.21821789023599242,1
M1,ST4,2025-01-03 06:00:00,60,6.483333333333333,0.503939284299098,1
M1,ST4,2025-01-03 07:00:00,40,5.475,0.8161039400870705,3
M1,ST4,2025-01-03 08:00:00,27,5.037037037037037,1.2241631829848088,6
M1,ST4,2025-01-03 09:00:00,29,6.413793103448276,0.5680317759792735,2
M1,ST4,2025-01-03 10:00:00,24,5.333333333333333,0.5646597025732799,2
M1,ST4,2025-01-03 11:00:00,19,6.473684210526316,0.512989176042577,1
M1,ST4,2025-01-03 12:00:00,38,6.2105263157894735,1.118828893925857,5
M1,ST4,2025-01-03 13:00:00,30,6.166666666666667,1.0854312136382616,6
M1,ST4,2025-01-03 14:00:00,34,6.411764705882353,0.9249945801257606,5
M1,ST4,2025-01-03 15:00:00,31,6.387096774193548,0.7605883404680314,4
M1,ST4,2025-01-03 16:00:00,8,5.0,1.4142135623730951,5
M1,ST4,2025-01-03 17:00:00,4,4.75,2.217355782608345,5
M1,ST4,2025-01-03 18:00:00,7,4.285714285714286,1.1126972805283735,3
M1,ST4,2025-01-03 19:00:00,4,5.0,0.816496580927726,2
M1,ST4,2025-01-03 20:00:00,49,5.326530612244898,0.7184402985530767,3
M1,ST4,2025-01-03 21:00:00,30,5.4,0.674664667663206,2
M1,ST4,2025-01-03 22:00:00,60,6.283333333333333,0.6911465950282978,2
M1,ST4,2025-01-03 23:00:00,19,6.368421052631579,0.5972647203701474,2
M1,ST4,2025-01-04 00:00:00,18,6.222222222222222,1.165966176260275,5
M1,ST4,2025-01-04 01:00:00,21,5.809523809523809,1.7210185245675775,6
M1,ST4,2025-01-04 02:00:00,26,6.461538461538462,0.5817744738827395,2
M1,ST4,2025-01-04 03:00:00,14,6.0,1.3008872711759818,5
M1,ST4,2025-01-04 04:00:00,33,5.696969696969697,0.9180430438182245,3
M1,ST4,2025-01-04 05:00:00,30,5.4,0.9321831993987973,4
M1,ST4,2025-01-04 06:00:00,33,5.151515151515151,0.9721500694726907,5
M1,ST4,2025-01-04 07:00:00,29,5.172413793103448,0.5391107438074945,2
M1,ST4,2025-01-04 08:00:00,8,5.125,1.8850918886280923,6
M1,ST4,2025-01-04 09:00:00,59,5.4576271186440675,0.8574628552989435,3
M1,ST4,2025-01-04 10:00:00,51,6.372549019607843,0.9156589826725994,6
M1,ST4,2025-01-04 11:00:00,28,6.142857142857143,1.0788981249502494,5
M1,ST4,2025-01-04 12:00:00,11,6.090909090909091,0.7006490497453707,2
M1,ST4,2025-01-04 13:00:00,1,7.0,,0
M1,ST4,2025-01-04 14:00:00,28,5.821428571428571,1.0559731838826991,5
M1,ST4,2025-01-04 15:00:00,58,4.689655172413793,0.5028653529707439,2
M1,ST4,2025-01-04 16:00:00,31,4.967741935483871,0.795146567945891,3
M1,ST4,2025-01-04 17:00:00,26,6.230769230769231,0.9922778767136676,5
M1,ST4,2025-01-04 18:00:00,21,5.333333333333333,1.1972189997378648,5
M1,ST4,2025-01-04 19:00:00,26,5.269230769230769,0.7243033788512826,4
M1,ST4,2025-01-04 20:00:00,31,5.32258064516129,0.9447079539622654,3
M1,ST4,2025-01-04 21:00:00,3,5.0,2.6457513110645907,5
M1,ST4,2025-01-04 22:00:00,23,5.3478260869565215,1.401580135943127,6
M1,ST4,2025-01-04 23:00:00,17,5.882352941176471,1.7278003697322961,6
M1,ST4,2025-01-05 00:00:00,27,5.666666666666667,0.9607689228305232,3
M1,ST4,2025-01-05 01:00:00,47,6.425531914893617,0.6166064508774171,3
M1,ST4,2025-01-05 02:00:00,11,5.454545454545454,2.252271580588645,6
M1,ST4,2025-01-05 03:00:00,36,4.972222222222222,0.8778581437993961,3
M1,ST4,2025-01-05 04:00:00,16,5.4375,1.152894907034751,3
M1,ST4,2025-01-05 05:00:00,52,5.846153846153846,0.9977349914291725,3
M1,ST4,2025-01-05 06:00:00,9,4.111111111111111,1.5365907428821477,4
M1,ST4,2025-01-05 07:00:00,6,5.0,1.5491933384829668,3
M1,ST4,2025-01-05 08:00:00,52,5.0,0.19802950859533483,2
M1,ST4,2025-01-05 09:00:00,22,5.045454545454546,0.8438727464026861,5
M1,ST4,2025-01-05 10:00:00,6,5.666666666666667,0.816496580927726,2
M1,ST4,2025-01-05 11:00:00,48,5.270833333333333,1.0667026811295997,3
M1,ST4,2025-01-05 12:00:00,17,4.647058823529412,1.0571882797418488,5
M1,ST4,2025-01-05 13:00:00,43,5.186046511627907,0.9575716796118634,3
M1,ST4,2025-01-05 14:00:00,53,5.264150943396227,0.8582393290969064,3
M1,ST4,2025-01-05 15:00:00,37,4.837837837837838,0.55344946138406,2
M1,ST4,2025-01-05 16:00:00,47,6.276595744680851,1.1363964338047297,6
M1,ST4,2025-01-05 17:00:00,3,5.0,3.4641016151377544,6
M1,ST4,2025-01-05 18:00:00,7,5.857142857142857,1.7728105208558367,5
M1,ST4,2025-01-05 19:00:00,6,5.666666666666667,1.0327955589886446,3
M1,ST4,2025-01-05 20:00:00,21,4.666666666666667,0.7302967433402214,3
M1,ST4,2025-01-05 21:00:00,36,4.583333333333333,0.9673232581274399,6
M1,ST4,2025-01-05 22:00:00,25,5.64,0.9073771725877467,3
M1,ST4,2025-01-05 23:00:00,20,5.45,0.9445132413883325,3
M1,ST4,2025-01-06 00:00:00,19,5.684210526315789,0.9459053029269172,4
M1,ST4,2025-01-06 01:00:00,24,6.541666666666667,0.5089773777040516,1
M1,ST4,2025-01-06 02:00:00,23,5.869565217391305,1.5463842820677163,6
M1,ST4,2025-01-06 03:00:00,52,6.365384615384615,0.7928317615431498,5
M1,ST4,2025-01-06 04:00:00,9,5.777777777777778,1.4813657362192647,5
M1,ST4,2025-01-06 05:00:00,29,6.068965517241379,1.360961699963843,6
M1,ST4,2025-01-06 06:00:00,24,6.375,0.7109393663377318,3
M1,ST4,2025-01-06 07:00:00,14,5.357142857142857,1.3363062095621219,4
M1,ST4,2025-01-06 08:00:00,59,4.728813559322034,0.4483882428930301,1
M1,ST4,2025-01-06 09:00:00,47,5.042553191489362,0.8836054305467838,5
M1,ST4,2025-01-06 10:00:00,13,5.076923076923077,0.2773500981126146,1
M1,ST4,2025-01-06 11:00:00,11,4.909090909090909,0.30151134457776363,1
M1,ST4,2025-01-06 12:00:00,27,6.148148148148148,1.3215289427170132,6
M1,ST4,2025-01-06 13:00:00,43,6.488372093023256,0.5057805388588731,1
M1,ST4,2025-01-06 14:00:00,8,5.625,1.597989808656935,5
M1,ST4,2025-01-06 15:00:00,29,5.586206896551724,1.210585495278756,6
M1,ST4,2025-01-06 16:00:00,16,5.9375,1.436140661634507,5
M1,ST4,2025-01-06 17:00:00,23,6.173913043478261,1.0292174393923799,5
M1,ST4,2025-01-06 18:00:00,17,5.470588235294118,0.799816155346303,3
M1,ST4,2025-01-06 19:00:00,37,5.864864864864865,0.9764494116202098,4
M1,ST4,2025-01-06 20:00:00,39,5.871794871794871,0.8638800836460918,4
M1,ST4,2025-01-06 21:00:00,14,6.357142857142857,0.8418973861410953,3
M1,ST4,2025-01-06 22:00:00,19,5.105263157894737,0.8752610304046612,3
M1,ST4,2025-01-06 23:00:00,30,6.233333333333333,0.8172001541568765,3
M1,ST4,2025-01-07 00:00:00,23,6.130434782608695,1.1403487435504087,5
M1,ST4,2025-01-07 01:00:00,41,5.7073170731707314,1.167131150278845,6
M1,ST4,2025-01-07 02:00:00,11,5.090909090909091,1.8140862964338524,5
M1,ST4,2025-01-07 03:00:00,28,6.214285714285714,0.9567360740266437,5
M1,ST4,2025-01-07 04:00:00,27,6.518518518518518,0.5091750772173156,1
M1,ST4,2025-01-07 05:00:00,5,5.4,1.949358868961793,5
M1,ST4,2025-01-07 06:00:00,16,6.5,0.5163977794943222,1
M1,ST4,2025-01-07 07:00:00,20,4.6,0.9403246919632545,4
M1,ST4,2025-01-07 08:00:00,48,4.958333333333333,0.9443749105261138,5
M1,ST4,2025-01-07 09:00:00,5,4.2,1.3038404810405297,3
M1,ST4,2025-01-07 10:00:00,9,6.333333333333333,0.4999999999999999,1
M1,ST4,2025-01-07 11:00:00,42,5.095238095238095,0.6917465985186609,3
M1,ST4,2025-01-07 12:00:00,29,5.896551724137931,0.9390279010842957,3
M1,ST4,2025-01-07 13:00:00,32,6.375,1.0998533626601497,6
M1,ST4,2025-01-07 14:00:00,12,6.416666666666667,0.5149286505444373,1
M1,ST4,2025-01-07 15:00:00,39,6.282051282051282,1.0748002984329093,6
M1,ST4,2025-01-07 16:00:00,10,6.0,1.1547005383792517,4
M1,ST4,2025-01-07 17:00:00,18,5.444444444444445,1.7564075040438194,6
M1,ST4,2025-01-07 18:00:00,24,6.375,0.7109393663377318,2
M1,ST4,2025-01-07 19:00:00,17,5.705882352941177,1.046703508780838,3
M1,ST4,2025-01-07 20:00:00,36,5.777777777777778,1.2215005084172061,5
M1,ST4,2025-01-07 21:00:00,21,5.857142857142857,0.9102589898327995,3
M1,ST4,2025-01-07 22:00:00,10,5.0,0.0,0
M1,ST4,2025-01-07 23:00:00,23,6.391304347826087,0.4990108793478454,1
M1,ST4,2025-01-08 00:00:00,40,5.5,1.0860419786947373,5
M1,ST4,2025-01-08 01:00:00,28,6.428571428571429,0.5039526306789697,1
M1,ST4,2025-01-08 02:00:00,8,5.25,1.7525491637693282,5
M1,ST4,2025-01-08 03:00:00,12,5.75,1.815338686155987,5
M1,ST4,2025-01-08 04:00:00,30,5.433333333333334,0.9714309861845772,5
M1,ST4,2025-01-08 05:00:00,8,4.875,0.3535533905932738,1
M1,ST4,2025-01-08 06:00:00,22,5.0,0.0,0
M1,ST4,2025-01-08 07:00:00,47,5.553191489361702,0.9737536211530118,3
M1,ST4,2025-01-08 08:00:00,41,5.2439024390243905,1.0672508562863292,5
M1,ST4,2025-01-08 09:00:00,7,4.285714285714286,2.138089935299395,6
M1,ST4,2025-01-08 10:00:00,10,5.5,1.7795130420052183,6
M1,ST4,2025-01-08 11:00:00,12,5.916666666666667,1.6213537179739275,6
M1,ST4,2025-01-08 12:00:00,42,6.238095238095238,0.7904775898004771,4
M1,ST4,2025-01-08 13:00:00,17,5.882352941176471,0.9926198253344826,3
M1,ST4,2025-01-08 14:00:00,38,4.973684210526316,0.9440236513660816,5
M1,ST4,2025-01-08 15:00:00,29,6.068965517241379,1.0997088732529758,5
M1,ST4,2025-01-08 16:00:00,30,5.566666666666666,0.7279320417946064,3
M1,ST4,2025-01-08 17:00:00,25,6.08,0.8124038404635965,2
M1,ST4,2025-01-08 18:00:00,18,5.722222222222222,1.487420014875958,6
M1,ST4,2025-01-08 19:00:00,30,4.6,0.9321831993987982,4
M1,ST4,2025-01-08 20:00:00,20,4.5,1.1002392084403616,4
M1,ST4,2025-01-08 21:00:00,9,5.0,1.5811388300841898,5
M1,ST4,2025-01-08 22:00:00,25,6.16,0.8,3
M1,ST4,2025-01-08 23:00:00,19,6.2631578947368425,1.1470786693528088,5
M1,ST4,2025-01-09 00:00:00,20,5.25,1.4095538674570616,6
M1,ST4,2025-01-09 01:00:00,34,4.823529411764706,0.38695299497594743,1
M1,ST4,2025-01-09 02:00:00,28,4.785714285714286,0.5681120688308977,3
M1,ST4,2025-01-09 03:00:00,39,5.333333333333333,1.221158495108411,6
M1,ST4,2025-01-09 04:00:00,10,5.0,0.816496580927726,3
M1,ST4,2025-01-09 05:00:00,12,5.0,1.954016841836789,6
M1,ST4,2025-01-09 06:00:00,9,5.444444444444445,0.5270462766947297,1
M1,ST4,2025-01-09 07:00:00,17,5.411764705882353,1.502448981222481,5
M1,ST4,2025-01-09 08:00:00,34,5.411764705882353,1.0478736639911679,6
M1,ST4,2025-01-09 09:00:00,30,5.6,0.723973708800591,2
M1,ST4,2025-01-09 10:00:00,22,6.5,0.511766315719159,1
M1,ST4,2025-01-09 11:00:00,44,5.681818181818182,1.1159046235965058,6
M1,ST4,2025-01-09 12:00:00,25,6.16,1.2138094304022082,5
M1,ST4,2025-01-09 13:00:00,12,6.0,1.1281521496355327,4
M1,ST4,2025-01-09 14:00:00,13,5.384615384615385,1.3252962900462133,5
M1,ST4,2025-01-09 16:00:00,42,6.4523809523809526,0.5037605389507488,1
M1,ST4,2025-01-09 17:00:00,28,5.142857142857143,0.3563483225498991,1
M1,ST4,2025-01-09 18:00:00,14,5.571428571428571,0.646206172658864,2
M1,ST4,2025-01-09 19:00:00,40,5.375,1.102154068061081,6
M1,ST4,2025-01-09 20:00:00,6,6.5,0.5477225575051661,1
M1,ST4,2025-01-09 21:00:00,6,5.0,2.0,5
M1,ST4,2025-01-09 22:00:00,26,6.384615384615385,0.5710988059467873,2
M1,ST4,2025-01-09 23:00:00,15,6.266666666666667,0.7988086367179804,3
M1,ST4,2025-01-10 00:00:00,29,6.0344827586206895,0.731083277486696,2
M1,ST4,2025-01-10 01:00:00,29,6.068965517241379,1.193166090784114,6
M1,ST4,2025-01-10 02:00:00,16,4.875,1.0878112581387145,5
M1,ST4,2025-01-10 03:00:00,16,4.5,1.5491933384829668,6
M1,ST4,2025-01-10 04:00:00,43,5.627906976744186,0.535557378276461,2
M1,ST4,2025-01-10 05:00:00,21,5.714285714285714,1.0071175275436897,3
M1,ST4,2025-01-10 06:00:00,38,5.2368421052631575,0.942515625401074,3
M1,ST4,2025-01-10 07:00:00,26,6.230769230769231,0.8152394645841089,4
M1,ST4,2025-01-10 08:00:00,16,6.0,1.0954451150103321,4
M1,ST4,2025-01-10 09:00:00,15,5.866666666666666,1.3020130933435712,5
M1,ST4,2025-01-10 10:00:00,19,5.368421052631579,1.1160708020048369,5
M1,ST4,2025-01-10 11:00:00,28,5.107142857142857,0.6852566815265065,3
M1,ST4,2025-01-10 12:00:00,30,6.366666666666666,0.808716877841527,4
M1,ST4,2025-01-10 13:00:00,23,6.260869565217392,0.7518094115561123,3
M1,ST4,2025-01-10 14:00:00,5,6.0,1.224744871391589,3
M1,ST4,2025-01-10 15:00:00,31,5.258064516129032,1.4598571148228603,6
M1,ST4,2025-01-10 16:00:00,51,5.784313725490196,1.0259381168510326,5
M1,ST4,2025-01-10 17:00:00,29,5.448275862068965,0.9851108312031163,5
M1,ST4,2025-01-10 18:00:00,33,4.666666666666667,0.816496580927726,5
M1,ST4,2025-01-10 19:00:00,11,6.0,1.4142135623730954,5
M1,ST4,2025-01-10 20:00:00,16,5.9375,1.2893796958227626,5
M1,ST4,2025-01-10 21:00:00,15,6.2,1.01418510567422,4
M1,ST4,2025-01-10 22:00:00,42,5.214285714285714,0.47037682277159115,2
M1,ST4,2025-01-10 23:00:00,27,5.777777777777778,0.8915558282417287,2
M1,ST4,2025-01-11 00:00:00,27,6.37037037037037,0.6877023141843228,3
M1,ST4,2025-01-11 01:00:00,8,5.625,1.7677669529663689,5
M1,ST4,2025-01-11 02:00:00,31,6.161290322580645,1.344043010064494,6
M1,ST4,2025-01-11 03:00:00,22,5.954545454545454,1.396501503836086,6
M1,ST4,2025-01-11 04:00:00,5,6.0,0.7071067811865476,2
M1,ST4,2025-01-11 05:00:00,10,6.0,1.4907119849998598,5
M1,ST4,2025-01-11 06:00:00,32,6.34375,0.8654432017665117,5
M1,ST4,2025-01-11 07:00:00,49,4.795918367346939,0.6448382173309926,4
M1,ST4,2025-01-11 08:00:00,11,4.545454545454546,0.9341987329938274,3
M1,ST4,2025-01-11 09:00:00,25,6.32,0.6904105059069328,3
M1,ST4,2025-01-11 10:00:00,15,6.333333333333333,0.816496580927726,3
M1,ST4,2025-01-11 11:00:00,53,6.452830188679245,0.5025334943237828,1
M1,ST4,2025-01-11 12:00:00,13,4.384615384615385,1.0439078454267836,4
M1,ST4,2025-01-11 13:00:00,30,4.5,0.682288239221013,3
M1,ST4,2025-01-11 14:00:00,37,6.162162162162162,1.2363367375147147,6
M1,ST4,2025-01-11 15:00:00,44,5.863636363636363,0.8784476024640522,4
M1,ST4,2025-01-11 16:00:00,60,5.416666666666667,0.6960339624157417,5
M1,ST4,2025-01-11 17:00:00,20,6.1,1.020835571068081,4
M1,ST4,2025-01-11 18:00:00,5,4.8,2.6832815729997477,6
M1,ST4,2025-01-11 19:00:00,45,6.0,1.066003581778052,6
M1,ST4,2025-01-11 20:00:00,25,4.88,0.6000000000000001,3
M1,ST4,2025-01-11 21:00:00,21,5.761904761904762,0.8890872794479688,3
M1,ST4,2025-01-11 22:00:00,13,5.846153846153846,0.8987170342729169,4
M1,ST4,2025-01-11 23:00:00,48,5.020833333333333,0.14433756729740635,1
M1,ST4,2025-01-12 00:00:00,14,5.357142857142857,1.691933025458562,6
M1,ST4,2025-01-12 01:00:00,47,5.191489361702128,0.8757182858595076,5
M1,ST4,2025-01-12 02:00:00,50,6.26,0.8033094811148312,5
M1,ST4,2025-01-12 03:00:00,38,5.921052631578948,0.7121182314289033,2
M1,ST4,2025-01-12 04:00:00,49,5.979591836734694,0.6919114803200188,2
M1,ST4,2025-01-12 05:00:00,37,5.594594594594595,1.2574104664273638,6
M1,ST4,2025-01-12 06:00:00,7,5.285714285714286,0.7559289460184545,2
M1,ST4,2025-01-12 07:00:00,12,5.25,1.4222261679238197,5
M1,ST4,2025-01-12 08:00:00,21,6.142857142857143,1.01418510567422,4
M1,ST4,2025-01-12 09:00:00,22,6.136363636363637,1.245772070624499,6
M1,ST4,2025-01-12 10:00:00,35,6.4,0.5530663187549723,2
M1,ST4,2025-01-12 11:00:00,39,5.743589743589744,0.8801300357856436,3
M1,ST4,2025-01-12 12:00:00,29,6.0344827586206895,1.2951215778751555,6
M1,ST4,2025-01-12 13:00:00,17,5.764705882352941,1.3476559169863183,5
M1,ST4,2025-01-12 14:00:00,18,4.166666666666667,1.3826657968874305,4
M1,ST4,2025-01-12 15:00:00,59,5.3559322033898304,0.9052092892769813,3
M1,ST4,2025-01-12 16:00:00,21,5.380952380952381,1.2440333788202984,5
M1,ST4,2025-01-12 17:00:00,38,6.2894736842105265,0.7318209327883023,4
M1,ST4,2025-01-12 18:00:00,17,6.0588235294117645,1.1440382552221602,5
M1,ST4,2025-01-12 19:00:00,20,5.5,0.8885233166386385,3
M1,ST4,2025-01-12 20:00:00,28,6.035714285714286,0.792658109342785,2
M1,ST4,2025-01-12 21:00:00,60,5.716666666666667,0.8455600223593999,3
M1,ST4,2025-01-12 22:00:00,6,5.666666666666667,1.7511900715418263,4
M1,ST4,2025-01-12 23:00:00,13,5.0,1.2909944487358056,5
M1,ST4,2025-01-13 00:00:00,39,4.769230769230769,0.8098582871985255,5
M1,ST4,2025-01-13 01:00:00,15,4.533333333333333,1.6417180315870614,6
M1,ST4,2025-01-13 02:00:00,34,5.411764705882353,0.9249945801257614,3
M1,ST4,2025-01-13 03:00:00,19,4.947368421052632,1.0259783520851542,5
M1,ST4,2025-01-13 04:00:00,41,6.341463414634147,0.7283459376409325,4
M1,ST4,2025-01-13 05:00:00,32,6.28125,1.084624953761705,6
M1,ST4,2025-01-13 06:00:00,9,5.333333333333333,2.0,5
M1,ST4,2025-01-13 07:00:00,33,6.0606060606060606,1.2732682832820903,6
M1,ST4,2025-01-13 08:00:00,7,6.428571428571429,0.786795792469443,2
M1,ST4,2025-01-13 09:00:00,29,5.413793103448276,1.052793609515395,4
M1,ST4,2025-01-13 10:00:00,7,5.857142857142857,1.3451854182690988,4
M1,ST4,2025-01-13 11:00:00,12,5.416666666666667,0.90033663737852,3
M1,ST4,2025-01-13 12:00:00,15,5.133333333333334,1.7674302033770737,6
M1,ST4,2025-01-13 13:00:00,37,6.405405405405405,0.5507297915523576,2
M1,ST4,2025-01-13 14:00:00,34,5.882352941176471,0.8077167926397842,2
M1,ST4,2025-01-13 15:00:00,15,5.266666666666667,0.4577377082170634,1
M1,ST4,2025-01-13 16:00:00,30,6.1,1.1249521062602226,5
M1,ST4,2025-01-13 17:00:00,32,5.34375,0.9370294518041506,5
M1,ST4,2025-01-13 18:00:00,3,5.0,2.6457513110645907,5
M1,ST4,2025-01-13 19:00:00,31,6.290322580645161,0.8243602928775248,4
M1,ST4,2025-01-13 20:00:00,27,5.851851851851852,1.4061322758574235,6
M1,ST4,2025-01-13 21:00:00,42,5.642857142857143,0.82110658740176,4
M1,ST4,2025-01-13 22:00:00,30,4.866666666666666,0.6288102248298565,3
M1,ST4,2025-01-13 23:00:00,34,4.852941176470588,0.6096373955153138,3
M1,ST4,2025-01-14 00:00:00,17,5.529411764705882,1.5458673560021055,6
M1,ST4,2025-01-14 01:00:00,15,5.733333333333333,1.579632265825846,5
M1,ST4,2025-01-14 02:00:00,10,5.9,1.4491376746189437,5
M1,ST4,2025-01-14 03:00:00,29,5.896551724137931,0.8169991950602303,2
M1,ST4,2025-01-14 04:00:00,1,2.0,,0
M1,ST4,2025-01-14 05:00:00,42,6.523809523809524,0.5516315153139572,2
M1,ST4,2025-01-14 06:00:00,8,5.375,1.8468119248354136,5
M1,ST4,2025-01-14 07:00:00,29,5.931034482758621,1.0997088732529756,6
M1,ST4,2025-01-14 08:00:00,7,5.142857142857143,2.0354009783964297,6
M1,ST4,2025-01-14 09:00:00,50,5.72,0.8091315576289316,2
M1,ST4,2025-01-14 10:00:00,15,5.533333333333333,1.8073922282301276,6
M1,ST4,2025-01-14 11:00:00,43,6.534883720930233,0.5046845884077511,1
M1,ST4,2025-01-14 12:00:00,25,5.92,0.9966610925150702,4
M1,ST4,2025-01-14 13:00:00,24,6.083333333333333,1.5012072436561839,6
M1,ST4,2025-01-14 14:00:00,45,5.133333333333334,1.2172995448196726,6
M1,ST4,2025-01-14 15:00:00,13,5.538461538461538,1.6132464481796025,6
M1,ST4,2025-01-14 16:00:00,19,6.0,1.6666666666666667,6
M1,ST4,2025-01-14 17:00:00,25,5.24,0.8793937305515279,4
M1,ST4,2025-01-14 18:00:00,22,5.363636363636363,0.902137912878521,3
M1,ST4,2025-01-14 19:00:00,3,6.666666666666667,0.5773502691896257,1
M1,ST4,2025-01-14 20:00:00,35,6.3428571428571425,1.0555973258234954,6
M1,ST4,2025-01-14 21:00:00,60,6.15,0.8601340061144986,3
M1,ST4,2025-01-14 22:00:00,14,5.428571428571429,1.650840611711114,6
M1,ST4,2025-01-14 23:00:00,24,5.875,0.9918143234365557,4
M1,ST4,2025-01-15 00:00:00,7,5.714285714285714,1.7043362064926935,5
M1,ST4,2025-01-15 01:00:00,22,5.7727272727272725,1.066003581778052,4
M1,ST4,2025-01-15 02:00:00,47,5.872340425531915,0.8240151242965026,4
M1,ST4,2025-01-15 03:00:00,3,5.0,1.7320508075688772,3
M1,ST4,2025-01-15 04:00:00,26,6.269230769230769,1.185164707800306,6
M1,ST4,2025-01-15 05:00:00,8,5.375,1.0606601717798212,3
M1,ST4,2025-01-15 06:00:00,27,5.0,1.2089410496539776,6
M1,ST4,2025-01-15 07:00:00,4,3.5,1.7320508075688772,4
M1,ST4,2025-01-15 08:00:00,56,5.517857142857143,0.6603324625057908,3
M1,ST4,2025-01-15 09:00:00,42,5.857142857142857,0.9258200997725512,4
M1,ST4,2025-01-15 10:00:00,10,4.1,1.286683937707919,4
M1,ST4,2025-01-15 11:00:00,60,4.866666666666666,0.72408133887757,3
M1,ST4,2025-01-15 12:00:00,10,5.3,2.057506581601462,6
M1,ST4,2025-01-15 13:00:00,35,5.9714285714285715,0.9847577870520566,5
M1,ST4,2025-01-15 14:00:00,44,6.386363636363637,0.7222673952732749,4
M1,ST4,2025-01-15 15:00:00,20,4.75,0.910465468000326,5
M1,ST4,2025-01-15 16:00:00,5,4.8,0.44721359549995787,1
M1,ST4,2025-01-15 17:00:00,15,6.2,1.2649110640673518,5
M1,ST4,2025-01-15 18:00:00,37,5.621621621621622,1.2326879246263105,6
M1,ST4,2025-01-15 19:00:00,22,5.681818181818182,1.3933981633253438,6
M1,ST4,2025-01-15 20:00:00,24,5.458333333333333,1.2150922908825974,6
M1,ST4,2025-01-15 21:00:00,21,6.142857142857143,1.0623424252901832,5
M1,ST4,2025-01-15 22:00:00,19,5.842105263157895,0.8342100651206134,2
M1,ST4,2025-01-15 23:00:00,55,5.218181818181818,0.8094559007252065,6
M1,ST4,2025-01-16 00:00:00,30,4.766666666666667,0.8976341829703134,4
M1,ST4,2025-01-16 01:00:00,10,5.3,1.3374935098492586,3
M1,ST4,2025-01-16 02:00:00,18,5.722222222222222,1.9645551975404016,6
M1,ST4,2025-01-16 03:00:00,10,4.9,1.8529256146249728,5
M1,ST4,2025-01-16 04:00:00,29,6.344827586206897,0.8139788549800787,4
M1,ST4,2025-01-16 05:00:00,36,6.277777777777778,0.9444911286314404,4
M1,ST4,2025-01-16 06:00:00,8,5.625,1.407885953173359,4
M1,ST4,2025-01-16 07:00:00,7,5.857142857142857,1.0690449676496976,3
M1,ST4,2025-01-16 08:00:00,22,5.136363636363637,0.7101612523427365,3
M1,ST4,2025-01-16 09:00:00,31,5.193548387096774,0.9099214192705389,4
M1,ST4,2025-01-16 10:00:00,31,6.32258064516129,1.1071614388213233,6
M1,ST4,2025-01-16 11:00:00,21,5.904761904761905,1.445847914020071,5
M1,ST4,2025-01-16 12:00:00,28,4.857142857142857,0.35634832254989923,1
M1,ST4,2025-01-16 13:00:00,21,5.0476190476190474,1.244033378820298,5
M1,ST4,2025-01-16 14:00:00,23,6.478260869565218,0.5107539184552492,1
M1,ST4,2025-01-16 15:00:00,9,5.444444444444445,1.740051084818425,5
M1,ST4,2025-01-16 16:00:00,13,6.230769230769231,1.0919284281983377,4
M1,ST4,2025-01-16 17:00:00,26,6.269230769230769,0.6667948594698258,3
M1,ST4,2025-01-16 18:00:00,15,6.2,0.8618916073713346,3
M1,ST4,2025-01-16 19:00:00,27,6.074074074074074,0.8738036184021921,3
M1,ST4,2025-01-16 20:00:00,30,4.933333333333334,0.9071871393197363,5
M1,ST4,2025-01-16 21:00:00,19,5.421052631578948,1.4265650070355171,6
M1,ST4,2025-01-16 22:00:00,37,6.054054054054054,0.9702790533869323,5
M1,ST4,2025-01-16 23:00:00,14,5.857142857142857,1.292412345317728,4
M1,ST4,2025-01-17 00:00:00,11,5.7272727272727275,1.009049958219026,3
M1,ST4,2025-01-17 01:00:00,32,5.34375,0.65300175369028,3
M1,ST4,2025-01-17 02:00:00,21,6.380952380952381,0.7400128699009548,3
M1,ST4,2025-01-17 03:00:00,8,6.0,1.3093073414159542,4
M1,ST4,2025-01-17 04:00:00,31,6.32258064516129,0.9447079539622655,5
M1,ST4,2025-01-17 05:00:00,42,5.857142857142857,1.0017406453556186,4
M1,ST4,2025-01-17 06:00:00,7,4.285714285714286,1.4960264830861911,4
M1,ST4,2025-01-17 07:00:00,43,5.325581395348837,0.9441784091034142,4
M1,ST4,2025-01-17 08:00:00,46,5.173913043478261,0.7973385681569225,4
M1,ST4,2025-01-17 09:00:00,21,5.809523809523809,1.4006801069140526,5
M1,ST4,2025-01-17 10:00:00,55,5.036363636363636,0.7689250881885641,3
M1,ST4,2025-01-17 11:00:00,23,4.782608695652174,1.536126229991013,6
M1,ST4,2025-01-17 12:00:00,14,5.5,1.5063966175050874,5
M1,ST4,2025-01-17 13:00:00,27,6.148148148148148,1.2619796324000607,6
M1,ST4,2025-01-17 14:00:00,12,5.5,0.674199862463242,2
M1,ST4,2025-01-17 15:00:00,30,6.133333333333334,1.3578211078487255,6
M1,ST4,2025-01-17 16:00:00,40,6.475,0.505736325340815,1
M1,ST4,2025-01-17 17:00:00,22,6.136363636363637,1.1668212637211672,5
M1,ST4,2025-01-17 18:00:00,49,5.163265306122449,0.8501700510170059,5
M1,ST4,2025-01-17 19:00:00,19,6.473684210526316,0.512989176042577,1
M1,ST4,2025-01-17 20:00:00,16,6.5,0.5163977794943222,1
M1,ST4,2025-01-17 21:00:00,54,6.37037037037037,0.7841903960255621,5
M1,ST4,2025-01-17 22:00:00,25,6.24,0.8306623862918076,4
M1,ST4,2025-01-17 23:00:00,9,5.333333333333333,0.8660254037844387,2
M1,ST4,2025-01-18 00:00:00,26,6.076923076923077,0.9347973865208196,4
M1,ST4,2025-01-18 01:00:00,27,5.666666666666667,1.5191090506254998,6
M1,ST4,2025-01-18 02:00:00,27,5.888888888888889,0.7510676161988108,2
M1,ST4,2025-01-18 03:00:00,25,6.12,1.2688577540449522,6
M1,ST4,2025-01-18 04:00:00,18,6.055555555555555,1.2113299556429322,4
M1,ST4,2025-01-18 05:00:00,16,5.625,0.6191391873668902,2
M1,ST4,2025-01-18 06:00:00,23,6.304347826086956,0.6349504353380416,2
M1,ST4,2025-01-18 07:00:00,22,5.454545454545454,1.4384936806479443,5
M1,ST4,2025-01-18 08:00:00,44,6.204545454545454,0.6317029569289758,2
M1,ST4,2025-01-18 09:00:00,45,5.333333333333333,0.7071067811865472,4
M1,ST4,2025-01-18 10:00:00,13,6.384615384615385,0.5063696835418333,1
M1,ST4,2025-01-18 11:00:00,10,6.0,1.4907119849998598,5
M1,ST4,2025-01-18 12:00:00,50,5.78,0.9321907486328832,5
M1,ST4,2025-01-18 13:00:00,53,5.867924528301887,1.0568046149570343,5
M1,ST4,2025-01-18 14:00:00,51,5.215686274509804,0.8078050628758419,3
M1,ST4,2025-01-18 15:00:00,9,5.888888888888889,1.536590742882148,5
M1,ST4,2025-01-18 16:00:00,26,6.1923076923076925,1.1668498024760776,6
M1,ST4,2025-01-18 17:00:00,28,6.107142857142857,1.5236235005501102,6
M1,ST4,2025-01-18 18:00:00,17,6.176470588235294,1.1850788010532813,5
M1,ST4,2025-01-18 19:00:00,15,6.133333333333334,1.0600988273786194,4
M1,ST4,2025-01-18 20:00:00,59,5.169491525423729,0.5617872456808728,3
M1,ST4,2025-01-18 21:00:00,4,5.0,1.4142135623730951,3
M1,ST4,2025-01-18 22:00:00,35,5.228571428571429,1.190296905267369,6
M1,ST4,2025-01-18 23:00:00,34,5.470588235294118,0.991946177598028,3
M1,ST4,2025-01-19 00:00:00,17,5.529411764705882,1.4194033543545475,6
M1,ST4,2025-01-19 01:00:00,26,5.269230769230769,1.4016473824094933,6
M1,ST4,2025-01-19 02:00:00,6,5.333333333333333,1.7511900715418263,5
M1,ST4,2025-01-19 03:00:00,8,5.25,2.3754698783308417,6
M1,ST4,2025-01-19 04:00:00,11,6.090909090909091,1.136181803634036,4
M1,ST4,2025-01-19 05:00:00,35,5.571428571428571,1.1189731186834355,5
M1,ST4,2025-01-19 06:00:00,13,5.538461538461538,1.5063966175050878,5
M1,ST4,2025-01-19 07:00:00,54,6.055555555555555,0.8106988987302964,3
M1,ST4,2025-01-19 08:00:00,25,5.76,0.7788880963698613,2
M1,ST4,2025-01-19 09:00:00,22,5.681818181818182,0.7798878818298871,3
M1,ST4,2025-01-19 10:00:00,44,6.5227272727272725,0.5052577681363806,1
M1,ST4,2025-01-19 11:00:00,15,4.266666666666667,1.3870146083619754,4
M1,ST4,2025-01-19 12:00:00,15,4.6,1.0555973258234954,4
M1,ST4,2025-01-19 13:00:00,12,5.666666666666667,1.8257418583505538,6
M1,ST4,2025-01-19 14:00:00,18,6.388888888888889,0.7775443160352293,3
M1,ST4,2025-01-19 15:00:00,21,6.0476190476190474,1.3592715135759477,6
M1,ST4,2025-01-19 16:00:00,26,4.8076923076923075,0.8952868040680941,4
M1,ST4,2025-01-19 17:00:00,43,5.209302325581396,0.9894235824310301,4
M1,ST4,2025-01-19 18:00:00,18,5.5,1.0981267472114393,4
M1,ST4,2025-01-19 19:00:00,10,6.0,1.4907119849998598,5
M1,ST4,2025-01-19 20:00:00,1,2.0,,0
M1,ST4,2025-01-19 21:00:00,19,6.052631578947368,1.223550580642996,5
M1,ST4,2025-01-19 22:00:00,24,6.5,0.5107539184552492,1
M1,ST4,2025-01-19 23:00:00,15,6.133333333333334,0.9904304018720251,4
M1,ST4,2025-01-20 00:00:00,40,6.35,0.9486832980505137,5
M1,ST4,2025-01-20 01:00:00,47,4.787234042553192,0.6233210566678109,3
M1,ST4,2025-01-20 02:00:00,5,5.0,1.8708286933869707,5
M1,ST4,2025-01-20 03:00:00,39,5.282051282051282,1.0246621509632987,3
M1,ST4,2025-01-20 04:00:00,17,5.0588235294117645,1.519481335657587,5
M1,ST4,2025-01-20 05:00:00,22,5.409090909090909,1.221205138927114,5
M1,ST4,2025-01-20 06:00:00,16,6.3125,1.0144785195688804,4
M1,ST4,2025-01-20 07:00:00,13,5.769230769230769,1.5358952955766088,6
M1,ST4,2025-01-20 08:00:00,7,5.142857142857143,2.2677868380553634,6
M1,ST4,2025-01-20 09:00:00,10,6.0,1.4907119849998598,5
M1,ST4,2025-01-20 10:00:00,31,6.258064516129032,0.9297935948543947,5
M1,ST4,2025-01-20 11:00:00,49,6.0,0.8897565210026095,5
M1,ST4,2025-01-20 12:00:00,44,5.0227272727272725,0.9997356944581827,6
M1,ST4,2025-01-20 13:00:00,6,5.666666666666667,1.8618986725025257,5
M1,ST4,2025-01-20 14:00:00,4,5.25,2.217355782608345,5
M1,ST4,2025-01-20 15:00:00,12,4.25,1.2880570286640685,5
M1,ST4,2025-01-20 16:00:00,26,5.076923076923077,1.0167822548835885,5
M1,ST4,2025-01-20 17:00:00,39,5.82051282051282,0.8230813374079159,2
M1,ST4,2025-01-20 18:00:00,21,5.0476190476190474,0.3842122429322726,2
M1,ST4,2025-01-20 19:00:00,8,5.625,1.1877349391654208,3
M1,ST4,2025-01-20 20:00:00,35,5.742857142857143,0.6572159257878979,2
M1,ST4,2025-01-20 21:00:00,39,5.512820512820513,0.5063696835418333,1
M1,ST4,2025-01-20 22:00:00,19,5.421052631578948,0.7685331969757722,3
M1,ST4,2025-01-20 23:00:00,7,6.142857142857143,1.5735915849388862,5
M1,ST4,2025-01-21 00:00:00,11,5.454545454545454,1.1281521496355331,3
M1,ST4,2025-01-21 01:00:00,25,5.88,1.5631165450257805,6
M1,ST4,2025-01-21 02:00:00,9,5.0,2.29128784747792,6
M1,ST4,2025-01-21 03:00:00,28,5.035714285714286,1.6662697940174709,6
M1,ST4,2025-01-21 04:00:00,13,4.923076923076923,1.0377490433255416,4
M1,ST4,2025-01-21 05:00:00,13,4.615384615384615,1.1929278784054478,5
M1,ST4,2025-01-21 06:00:00,33,6.2727272727272725,1.0686652677735224,6
M1,ST4,2025-01-21 07:00:00,36,6.388888888888889,0.49441323247304414,1
M1,ST4,2025-01-21 08:00:00,27,6.37037037037037,1.005681863909264,5
M1,ST4,2025-01-21 09:00:00,42,6.285714285714286,0.8050364114084404,4
M1,ST4,2025-01-21 10:00:00,21,6.190476190476191,0.7496030695673294,3
M1,ST4,2025-01-21 11:00:00,6,5.0,2.3664319132398464,5
M1,ST4,2025-01-21 12:00:00,25,5.36,1.2543258481484523,5
M1,ST4,2025-01-21 13:00:00,23,5.304347826086956,1.428119634939456,6
M1,ST4,2025-01-21 14:00:00,21,5.0476190476190474,1.430950400125402,6
M1,ST4,2025-01-21 15:00:00,11,5.090909090909091,1.92117388356939,6
M1,ST4,2025-01-21 16:00:00,18,5.444444444444445,0.5113099925649134,1
M1,ST4,2025-01-21 17:00:00,44,5.840909090909091,0.7453165963217528,2
M1,ST4,2025-01-21 18:00:00,10,5.3,0.4830458915396479,1
M1,ST4,2025-01-21 19:00:00,27,5.62962962962963,0.7415238026237254,2
M1,ST4,2025-01-21 20:00:00,49,6.020408163265306,0.7497164997063707,2
M1,ST4,2025-01-21 21:00:00,20,5.15,1.0894228312566054,5
M1,ST4,2025-01-21 22:00:00,23,6.260869565217392,0.8643121965600912,4
M1,ST4,2025-01-21 23:00:00,31,4.774193548387097,1.02338254233546,6
M1,ST4,2025-01-22 00:00:00,4,6.75,0.4999999999999999,1
M1,ST4,2025-01-22 01:00:00,22,6.181818181818182,1.006472559480393,4
M1,ST4,2025-01-22 02:00:00,21,6.095238095238095,0.6248809410409237,2
M1,ST4,2025-01-22 03:00:00,20,5.5,0.9459053029269173,4
M1,ST4,2025-01-22 04:00:00,16,6.125,1.2041594578792296,5
M1,ST4,2025-01-22 05:00:00,27,4.925925925925926,0.9577989963342609,5
M1,ST4,2025-01-22 06:00:00,54,6.222222222222222,1.0031397251510379,6
M1,ST4,2025-01-22 07:00:00,6,5.0,0.6324555320336759,2
M1,ST4,2025-01-22 08:00:00,36,6.25,1.0522085616183028,5
M1,ST4,2025-01-22 09:00:00,55,6.363636363636363,0.6766922918967365,4
M1,ST4,2025-01-22 10:00:00,28,6.428571428571429,0.5039526306789697,1
M1,ST4,2025-01-22 11:00:00,23,5.695652173913044,1.2223220304997617,5
M1,ST4,2025-01-22 12:00:00,20,4.8,0.9514531821875087,5
M1,ST4,2025-01-22 13:00:00,12,4.916666666666667,1.164500152881315,5
M1,ST4,2025-01-22 14:00:00,8,5.625,1.5059406173077154,5
M1,ST4,2025-01-22 15:00:00,24,6.25,1.224744871391589,6
M1,ST4,2025-01-22 16:00:00,41,5.853658536585366,1.0139274039534611,6
M1,ST4,2025-01-22 17:00:00,24,5.541666666666667,0.883627241233132,4
M1,ST4,2025-01-22 18:00:00,17,6.470588235294118,0.5144957554275266,1
M1,ST4,2025-01-22 19:00:00,24,6.166666666666667,1.1293194051465598,5
M1,ST4,2025-01-22 20:00:00,13,4.846153846153846,1.5191090506255,6
M1,ST4,2025-01-22 21:00:00,3,5.0,0.0,0
M1,ST4,2025-01-22 22:00:00,17,6.411764705882353,0.5072996561958923,1
M1,ST4,2025-01-22 23:00:00,23,5.565217391304348,0.6623708763718504,2
M1,ST4,2025-01-23 00:00:00,26,6.115384615384615,0.9089300556994726,4
M1,ST4,2025-01-23 01:00:00,4,4.0,2.943920288775949,6
M1,ST4,2025-01-23 02:00:00,27,4.703703703703703,0.8234456132997963,4
M1,ST4,2025-01-23 03:00:00,33,5.454545454545454,0.9711754826918861,3
M1,ST4,2025-01-23 04:00:00,22,5.863636363636363,1.6415861825701368,5
M1,ST4,2025-01-23 05:00:00,18,5.444444444444445,0.9835244081556433,3
M1,ST4,2025-01-23 06:00:00,33,5.424242424242424,0.7917663414126288,4
M1,ST4,2025-01-23 07:00:00,20,6.1,1.0711528467275955,5
M1,ST4,2025-01-23 08:00:00,6,4.666666666666667,2.875181153713043,6
M1,ST4,2025-01-23 09:00:00,29,5.172413793103448,0.6584052983883201,3
M1,ST4,2025-01-23 10:00:00,30,5.4,0.563241847975046,2
M1,ST4,2025-01-23 11:00:00,42,6.309523809523809,0.6803189796363367,3
M1,ST4,2025-01-23 12:00:00,18,5.277777777777778,1.178511301977579,5
M1,ST4,2025-01-23 13:00:00,6,5.0,0.0,0
M1,ST4,2025-01-23 14:00:00,30,4.633333333333334,0.49013251785356093,1
M1,ST4,2025-01-23 15:00:00,9,5.0,2.0615528128088303,5
M1,ST4,2025-01-23 16:00:00,46,6.369565217391305,0.6095060168210507,3
M1,ST4,2025-01-23 17:00:00,20,5.8,1.3992479182911457,6
M1,ST4,2025-01-23 18:00:00,37,5.756756756756757,1.2339053944782492,5
M1,ST4,2025-01-23 19:00:00,25,5.96,1.1357816691600546,5
M1,ST4,2025-01-23 20:00:00,50,6.4,0.6060915267313264,3
M1,ST4,2025-01-23 21:00:00,21,4.904761904761905,0.7684244858645451,4
M1,ST4,2025-01-23 22:00:00,15,4.8,0.4140393356054126,1
M1,ST4,2025-01-23 23:00:00,45,5.133333333333334,0.6605782590758165,3
M1,ST4,2025-01-24 00:00:00,28,4.928571428571429,0.7163989902474133,3
M1,ST4,2025-01-24 01:00:00,21,5.809523809523809,0.8728715609439697,3
M1,ST4,2025-01-24 02:00:00,34,5.5,0.9293203772845854,5
M1,ST4,2025-01-24 03:00:00,10,5.9,1.7919573407620821,6
M1,ST4,2025-01-24 04:00:00,12,5.666666666666667,1.556997888323046,5
M1,ST4,2025-01-24 05:00:00,12,5.666666666666667,1.6696942198734435,6
M1,ST4,2025-01-24 06:00:00,25,4.84,0.8,5
M1,ST4,2025-01-24 07:00:00,52,5.384615384615385,1.3008872711759816,6
M1,ST4,2025-01-24 08:00:00,9,5.0,1.8027756377319946,5
M1,ST4,2025-01-24 09:00:00,44,6.386363636363637,0.7222673952732752,4
M1,ST4,2025-01-24 10:00:00,25,5.72,0.8426149773176356,2
M1,ST4,2025-01-24 11:00:00,10,4.5,0.5270462766947298,1
M1,ST4,2025-01-24 12:00:00,29,5.758620689655173,1.214647874129815,5
M1,ST4,2025-01-24 13:00:00,39,6.3076923076923075,0.6136108038679581,3
M1,ST4,2025-01-24 14:00:00,31,6.483870967741935,0.5080005080007619,1
M1,ST4,2025-01-24 15:00:00,7,4.285714285714286,2.497617912751115,6
M1,ST4,2025-01-24 16:00:00,15,4.333333333333333,0.8997354108424372,3
M1,ST4,2025-01-24 17:00:00,23,5.304347826086956,1.258959982348188,5
M1,ST4,2025-01-24 18:00:00,38,4.842105263157895,0.43659095764327827,2
M1,ST4,2025-01-24 19:00:00,60,4.916666666666667,0.5301636033600228,3
M1,ST4,2025-01-24 20:00:00,40,5.65,1.2100010595460504,6
M1,ST4,2025-01-24 21:00:00,36,6.277777777777778,1.058600453728847,5
M1,ST4,2025-01-24 22:00:00,3,5.0,2.6457513110645907,5
M1,ST4,2025-01-24 23:00:00,36,6.361111111111111,0.8992942559196954,5
M1,ST4,2025-01-25 00:00:00,16,5.6875,1.4476993242152645,6
M1,ST4,2025-01-25 01:00:00,9,5.0,2.0615528128088303,5
M1,ST4,2025-01-25 02:00:00,24,6.125,1.261899878892072,6
M1,ST4,2025-01-25 03:00:00,15,4.666666666666667,1.2909944487358056,5
M1,ST4,2025-01-25 04:00:00,7,4.285714285714286,1.7994708216848745,5
M1,ST4,2025-01-25 05:00:00,3,6.333333333333333,0.5773502691896257,1
M1,ST4,2025-01-25 06:00:00,43,5.3023255813953485,0.6375131640444861,3
M1,ST4,2025-01-25 07:00:00,49,5.938775510204081,0.9662678041763343,5
M1,ST4,2025-01-25 08:00:00,50,6.28,0.8580947095817832,5
M1,ST4,2025-01-25 09:00:00,31,6.387096774193548,0.6672040844618539,3
M1,ST4,2025-01-25 10:00:00,19,6.2631578947368425,0.7334928056269078,3
M1,ST4,2025-01-25 11:00:00,23,6.043478260869565,1.3644266484686465,5
M1,ST4,2025-01-25 12:00:00,21,5.523809523809524,1.030487633067356,4
M1,ST4,2025-01-25 13:00:00,19,5.947368421052632,1.6490294859747159,6
M1,ST4,2025-01-25 14:00:00,5,4.4,2.701851217221259,6
M1,ST4,2025-01-25 15:00:00,11,5.545454545454546,0.9341987329938276,3
M1,ST4,2025-01-25 16:00:00,34,5.529411764705882,1.0797107951065041,6
M1,ST4,2025-01-25 17:00:00,52,6.211538461538462,0.666760928479321,2
M1,ST4,2025-01-25 18:00:00,8,6.375,0.5175491695067655,1
M1,ST4,2025-01-25 19:00:00,24,4.875,1.42378857736796,6
M1,ST4,2025-01-25 20:00:00,31,5.258064516129032,1.1823068393465348,6
M1,ST4,2025-01-25 21:00:00,33,6.151515151515151,1.3019507508257588,6
M1,ST4,2025-01-25 22:00:00,6,5.0,2.3664319132398464,5
M1,ST4,2025-01-25 23:00:00,37,6.216216216216216,0.6722737180285657,2
M1,ST4,2025-01-26 00:00:00,14,5.5,1.224744871391589,5
M1,ST4,2025-01-26 01:00:00,44,6.386363636363637,0.8412589981110149,5
M1,ST4,2025-01-26 02:00:00,12,6.333333333333333,0.4923659639173309,1
M1,ST4,2025-01-26 03:00:00,21,5.0,1.224744871391589,5
M1,ST4,2025-01-26 04:00:00,29,4.896551724137931,0.48879060563561927,3
M1,ST4,2025-01-26 05:00:00,31,5.419354838709677,1.0885523582075145,5
M1,ST4,2025-01-26 06:00:00,6,5.333333333333333,1.96638416050035,5
M1,ST4,2025-01-26 07:00:00,11,5.454545454545454,1.572490786213793,5
M1,ST4,2025-01-26 08:00:00,18,6.055555555555555,0.872604096080652,3
M1,ST4,2025-01-26 09:00:00,14,4.5,0.8548504142651103,3
M1,ST4,2025-01-26 10:00:00,17,4.823529411764706,0.8089572082044159,3
M1,ST4,2025-01-26 11:00:00,19,6.315789473684211,0.9459053029269173,4
M1,ST4,2025-01-26 12:00:00,32,6.0,1.0472698761772856,5
M1,ST4,2025-01-26 13:00:00,28,5.75,0.8871510790372948,3
M1,ST4,2025-01-26 14:00:00,28,6.321428571428571,0.8189230248533257,4
M1,ST4,2025-01-26 15:00:00,10,6.5,0.5270462766947299,1
M1,ST4,2025-01-26 16:00:00,15,5.8,0.7745966692414835,2
M1,ST4,2025-01-26 17:00:00,36,6.277777777777778,1.0312575156051291,6
M1,ST4,2025-01-26 18:00:00,19,5.526315789473684,1.540866316669929,6
M1,ST4,2025-01-26 19:00:00,3,4.666666666666667,2.309401076758503,4
M1,ST4,2025-01-26 20:00:00,24,5.333333333333333,0.637022057270606,2
M1,ST4,2025-01-26 21:00:00,8,5.0,1.3093073414159544,4
M1,ST4,2025-01-26 22:00:00,24,5.958333333333333,1.2676293062133799,5
M1,ST4,2025-01-26 23:00:00,40,5.65,0.8335897041541449,3
M1,ST4,2025-01-27 00:00:00,49,6.408163265306122,0.49658699082414787,1
M1,ST4,2025-01-27 01:00:00,41,6.536585365853658,0.5048544827774512,1
M1,ST4,2025-01-27 02:00:00,35,5.4,0.6507913734559684,3
M1,ST4,2025-01-27 03:00:00,17,5.823529411764706,1.7042334830374277,6
M1,ST4,2025-01-27 04:00:00,15,6.266666666666667,0.4577377082170634,1
M1,ST4,2025-01-27 05:00:00,48,5.041666666666667,0.2886751345948129,2
M1,ST4,2025-01-27 06:00:00,10,4.7,1.5670212364724212,5
M1,ST4,2025-01-27 07:00:00,33,4.878787878787879,0.7398300378117159,4
M1,ST4,2025-01-27 08:00:00,12,6.416666666666667,0.5149286505444371,1
M1,ST4,2025-01-27 09:00:00,60,6.383333333333334,0.6402241838994509,2
M1,ST4,2025-01-27 10:00:00,13,5.0,0.0,0
M1,ST4,2025-01-27 11:00:00,34,6.323529411764706,0.638207159076591,3
M1,ST4,2025-01-27 12:00:00,27,6.074074074074074,0.9167637866189088,5
M1,ST4,2025-01-27 13:00:00,22,5.909090909090909,1.2309149097933274,5
M1,ST4,2025-01-27 14:00:00,13,4.923076923076923,1.1151635501529555,4
M1,ST4,2025-01-27 15:00:00,20,5.05,0.9445132413883329,4
M1,ST4,2025-01-27 16:00:00,15,5.8,1.2649110640673518,5
M1,ST4,2025-01-27 17:00:00,20,6.4,0.5026246899500345,1
M1,ST4,2025-01-27 18:00:00,22,6.5,0.511766315719159,1
M1,ST4,2025-01-27 19:00:00,21,6.0476190476190474,1.2835961388299078,5
M1,ST4,2025-01-27 20:00:00,22,6.136363636363637,0.7101612523427369,2
M1,ST4,2025-01-27 21:00:00,47,5.808510638297872,0.8505317485662419,3
M1,ST4,2025-01-27 22:00:00,54,6.444444444444445,0.8164965809277259,6
M1,ST4,2025-01-27 23:00:00,40,6.025,0.8002403485107557,3
M1,ST4,2025-01-28 00:00:00,15,4.533333333333333,1.1254628677422753,5
M1,ST4,2025-01-28 01:00:00,34,5.882352941176471,1.249598866117927,6
M1,ST4,2025-01-28 02:00:00,21,6.0,1.1832159566199232,5
M1,ST4,2025-01-28 03:00:00,20,4.75,0.7163503994113789,3
M1,ST4,2025-01-28 04:00:00,60,4.583333333333333,0.5301636033600228,2
M1,ST4,2025-01-28 05:00:00,5,4.2,1.9235384061671346,5
M1,ST4,2025-01-28 06:00:00,14,5.071428571428571,1.591529777593568,6
M1,ST4,2025-01-28 07:00:00,19,5.2105263157894735,1.3156725094212403,6
M1,ST4,2025-01-28 08:00:00,19,5.0,1.1547005383792517,6
M1,ST4,2025-01-28 09:00:00,15,5.133333333333334,1.5976172734359606,5
M1,ST4,2025-01-28 10:00:00,15,5.666666666666667,1.3451854182690985,5
M1,ST4,2025-01-28 11:00:00,52,4.9423076923076925,0.5015060275070908,2
M1,ST4,2025-01-28 12:00:00,17,4.588235294117647,0.7952062255644572,3
M1,ST4,2025-01-28 13:00:00,12,5.333333333333333,1.669694219873444,5
M1,ST4,2025-01-28 14:00:00,12,5.583333333333333,1.9752253419585197,6
M1,ST4,2025-01-28 15:00:00,18,6.0,1.0846522890932808,5
M1,ST4,2025-01-28 16:00:00,8,6.125,0.991031208965115,3
M1,ST4,2025-01-28 17:00:00,18,6.388888888888889,0.6076849889141855,2
M1,ST4,2025-01-28 18:00:00,26,5.8076923076923075,1.6252810407860117,6
M1,ST4,2025-01-28 19:00:00,8,4.625,1.1877349391654208,4
M1,ST4,2025-01-28 20:00:00,6,5.0,2.3664319132398464,5
M1,ST4,2025-01-28 21:00:00,15,5.866666666666666,1.2459458063579458,4
M1,ST4,2025-01-28 22:00:00,42,4.738095238095238,1.0605917310524215,6
M1,ST4,2025-01-28 23:00:00,28,4.964285714285714,1.0708993401928109,5
M1,ST4,2025-01-29 00:00:00,21,5.095238095238095,0.30079260375911915,1
M1,ST4,2025-01-29 01:00:00,17,5.294117647058823,0.77174363314129,3
M1,ST4,2025-01-29 02:00:00,25,5.56,1.1575836902790224,5
M1,ST4,2025-01-29 03:00:00,6,4.833333333333333,2.316606713852541,6
M1,ST4,2025-01-29 04:00:00,15,6.066666666666666,0.9611501047232548,4
M1,ST4,2025-01-29 05:00:00,29,6.241379310344827,0.7862738714883141,4
M1,ST4,2025-01-29 06:00:00,8,5.125,2.295181287579947,6
M1,ST4,2025-01-29 07:00:00,52,6.384615384615385,0.6903777355896472,4
M1,ST4,2025-01-29 08:00:00,27,5.296296296296297,0.9120903638942974,4
M1,ST4,2025-01-29 09:00:00,30,4.833333333333333,0.7466399831028447,4
M1,ST4,2025-01-29 10:00:00,28,4.964285714285714,1.0708993401928106,6
M1,ST4,2025-01-29 11:00:00,22,4.7272727272727275,0.8827348295047495,4
M1,ST4,2025-01-29 12:00:00,8,4.5,1.6903085094570331,6
M1,ST4,2025-01-29 13:00:00,39,5.461538461538462,0.6426161105878406,2
M1,ST4,2025-01-29 14:00:00,6,5.0,2.0,5
M1,ST4,2025-01-29 15:00:00,30,5.8,0.8051557998728973,2
M1,ST4,2025-01-29 16:00:00,24,5.583333333333333,0.9743076322798877,4
M1,ST4,2025-01-29 17:00:00,3,5.0,2.6457513110645907,5
M1,ST4,2025-01-29 18:00:00,27,6.037037037037037,1.2241631829848088,5
M1,ST4,2025-01-29 19:00:00,16,6.0625,0.8539125638299666,3
M1,ST4,2025-01-29 20:00:00,33,6.212121212121212,0.780927963930403,2
M1,ST4,2025-01-29 21:00:00,23,5.6521739130434785,1.0706283478819987,3
M1,ST4,2025-01-29 22:00:00,15,5.0,1.4638501094227998,6
M1,ST4,2025-01-29 23:00:00,10,6.0,1.247219128924647,4
M1,ST4,2025-01-30 00:00:00,15,5.933333333333334,1.4375905768565218,6
M1,ST4,2025-01-30 01:00:00,49,5.061224489795919,0.7190318509781667,3
M1,ST4,2025-01-30 02:00:00,18,5.111111111111111,1.5296631266542813,6
M1,ST4,2025-01-30 03:00:00,52,5.826923076923077,1.1153326039779476,5
M1,ST4,2025-01-30 04:00:00,32,5.125,1.3380293646423316,6
M1,ST4,2025-01-30 05:00:00,35,5.057142857142857,0.6835399701234028,5
M1,ST4,2025-01-30 06:00:00,18,5.444444444444445,1.7225911474978353,6
M1,ST4,2025-01-30 07:00:00,14,5.357142857142857,1.3926810257774174,5
M1,ST4,2025-01-30 08:00:00,21,5.238095238095238,0.5389584311207968,2
M1,ST4,2025-01-30 09:00:00,14,5.857142857142857,1.70326125450528,5
M1,ST4,2025-01-30 10:00:00,19,6.052631578947368,1.3529262199858298,5
M1,ST4,2025-01-30 11:00:00,7,6.428571428571429,0.5345224838248488,1
M1,ST4,2025-01-30 12:00:00,31,5.870967741935484,0.9571462961627468,3
M1,ST4,2025-01-30 13:00:00,10,5.3,0.4830458915396479,1
M1,ST4,2025-01-30 14:00:00,29,5.793103448275862,0.773642144332692,3
M1,ST4,2025-01-30 15:00:00,26,5.923076923076923,0.9766504768063925,4
M1,ST4,2025-01-30 16:00:00,17,5.705882352941177,0.8488746876271656,3
M1,ST4,2025-01-30 17:00:00,13,4.615384615384615,1.3252962900462133,4
M1,ST4,2025-01-30 18:00:00,21,6.333333333333333,1.1105554165971787,5
M1,ST4,2025-01-30 19:00:00,9,6.0,1.2247448713915892,4
M1,ST4,2025-01-30 20:00:00,47,6.085106382978723,1.2127903011335428,6
M1,ST4,2025-01-30 21:00:00,26,6.269230769230769,1.185164707800306,6
M1,ST4,2025-01-30 22:00:00,18,6.555555555555555,0.6156987634551992,2
M1,ST4,2025-01-30 23:00:00,29,5.275862068965517,1.1617890060511336,6
M1,ST4,2025-01-31 00:00:00,14,5.357142857142857,1.8232322463624389,6
M1,ST4,2025-01-31 01:00:00,7,5.714285714285714,2.138089935299395,6
M1,ST4,2025-01-31 02:00:00,13,5.769230769230769,1.6908501882113505,6
M1,ST4,2025-01-31 03:00:00,47,6.340425531914893,0.9389308384188633,6
M1,ST4,2025-01-31 04:00:00,4,5.25,0.9574271077563381,2
M1,ST4,2025-01-31 05:00:00,13,6.230769230769231,0.8320502943378438,3
M1,ST5,2025-01-01 06:00:00,60,6.5,0.5042194840896108,1
M1,ST5,2025-01-01 07:00:00,25,6.28,1.0214368964029708,5
M1,ST5,2025-01-01 08:00:00,44,6.2727272727272725,0.9732141991249592,5
M1,ST5,2025-01-01 09:00:00,39,6.3076923076923075,0.8630986451472745,5
M1,ST5,2025-01-01 10:00:00,25,6.44,0.5066228051190222,1
M1,ST5,2025-01-01 11:00:00,60,6.483333333333333,0.5365194379932874,2
M1,ST5,2025-01-01 12:00:00,9,6.333333333333333,0.7071067811865475,2
M1,ST5,2025-01-01 13:00:00,31,5.0,0.7745966692414834,3
M1,ST5,2025-01-01 14:00:00,7,6.428571428571429,0.5345224838248487,1
M1,ST5,2025-01-01 15:00:00,29,5.275862068965517,1.2217245341886296,6
M1,ST5,2025-01-01 16:00:00,6,5.666666666666667,2.3380903889000244,6
M1,ST5,2025-01-01 17:00:00,24,5.5,1.6151457061744967,6
M1,ST5,2025-01-01 18:00:00,44,6.363636363636363,0.6134503672388982,3
M1,ST5,2025-01-01 19:00:00,49,6.448979591836735,0.5025445456953676,1
M1,ST5,2025-01-01 20:00:00,13,6.384615384615385,0.5063696835418333,1
M1,ST5,2025-01-01 21:00:00,36,6.083333333333333,1.2041594578792292,6
M1,ST5,2025-01-01 22:00:00,23,6.260869565217392,1.0538842141140996,5
M1,ST5,2025-01-01 23:00:00,22,5.590909090909091,0.9591211706105857,3
M1,ST5,2025-01-02 00:00:00,11,6.090909090909091,0.9438798074485392,3
M1,ST5,2025-01-02 01:00:00,18,5.5,1.504893977113651,6
M1,ST5,2025-01-02 02:00:00,19,5.368421052631579,1.211542924254003,5
M1,ST5,2025-01-02 03:00:00,28,5.571428571428571,1.3451854182690985,6
M1,ST5,2025-01-02 04:00:00,37,6.513513513513513,0.5067117097095317,1
M1,ST5,2025-01-02 05:00:00,32,6.46875,0.5670736994828461,2
M1,ST5,2025-01-02 06:00:00,10,6.0,1.49071198499986,5
M1,ST5,2025-01-02 07:00:00,12,6.0,1.2060453783110543,4
M1,ST5,2025-01-02 08:00:00,6,5.333333333333333,1.632993161855452,4
M1,ST5,2025-01-02 09:00:00,31,6.129032258064516,0.6704195444580938,2
M1,ST5,2025-01-02 10:00:00,3,6.666666666666667,0.5773502691896257,1
M1,ST5,2025-01-02 11:00:00,10,5.1,2.2335820757001272,6
M1,ST5,2025-01-02 12:00:00,9,5.222222222222222,1.922093765778466,6
M1,ST5,2025-01-02 13:00:00,32,4.71875,0.8884337432408971,4
M1,ST5,2025-01-02 14:00:00,22,5.954545454545454,1.0455015987905485,5
M1,ST5,2025-01-02 15:00:00,36,6.416666666666667,0.7699721701835351,4
M1,ST5,2025-01-02 16:00:00,20,4.9,0.30779350562554625,1
M1,ST5,2025-01-02 17:00:00,46,5.413043478260869,1.086811584539774,5
M1,ST5,2025-01-02 18:00:00,23,5.956521739130435,1.4295028019803129,5
M1,ST5,2025-01-02 19:00:00,21,5.0476190476190474,1.1608699529314417,6
M1,ST5,2025-01-02 20:00:00,35,5.257142857142857,0.6572159257878979,3
M1,ST5,2025-01-02 21:00:00,3,5.0,2.6457513110645907,5
M1,ST5,2025-01-02 22:00:00,31,5.096774193548387,1.0117588220413472,4
M1,ST5,2025-01-02 23:00:00,10,5.2,0.4216370213557841,1
M1,ST5,2025-01-03 00:00:00,41,6.2439024390243905,0.9159827456038145,5
M1,ST5,2025-01-03 01:00:00,20,6.2,1.3218806379747874,6
M1,ST5,2025-01-03 02:00:00,16,5.0625,0.24999999999999997,1
M1,ST5,2025-01-03 03:00:00,34,6.176470588235294,0.9364856366189411,5
M1,ST5,2025-01-03 04:00:00,16,5.3125,1.25,5
M1,ST5,2025-01-03 05:00:00,22,5.0,0.3086066999241838,2
M1,ST5,2025-01-03 06:00:00,60,6.483333333333333,0.5039392842990978,1
M1,ST5,2025-01-03 07:00:00,39,5.846153846153846,0.8747469269650608,3
M1,ST5,2025-01-03 08:00:00,28,4.857142857142857,0.9315175080076957,4
M1,ST5,2025-01-03 09:00:00,29,6.103448275862069,0.7243138421098421,2
M1,ST5,2025-01-03 10:00:00,24,5.333333333333333,0.5646597025732801,2
M1,ST5,2025-01-03 11:00:00,19,6.2631578947368425,1.3679711361135385,6
M1,ST5,2025-01-03 12:00:00,36,6.5,0.50709255283711,1
M1,ST5,2025-01-03 13:00:00,30,6.433333333333334,0.5040069329937308,1
M1,ST5,2025-01-03 14:00:00,35,6.371428571428571,0.9102589898327998,5
M1,ST5,2025-01-03 15:00:00,31,6.451612903225806,0.6752140242135256,3
M1,ST5,2025-01-03 16:00:00,8,5.0,0.9258200997725514,3
M1,ST5,2025-01-03 17:00:00,1,4.0,,0
M1,ST5,2025-01-03 18:00:00,10,4.5,0.7071067811865474,2
M1,ST5,2025-01-03 19:00:00,1,5.0,,0
M1,ST5,2025-01-03 20:00:00,49,5.326530612244898,0.8987898137227082,5
M1,ST5,2025-01-03 21:00:00,31,5.387096774193548,0.6672040844618545,2
M1,ST5,2025-01-03 22:00:00,60,6.3,0.6714517537598063,2
M1,ST5,2025-01-03 23:00:00,18,6.388888888888889,0.7775443160352293,3
M1,ST5,2025-01-04 00:00:00,19,6.2631578947368425,1.3679711361135387,6
M1,ST5,2025-01-04 01:00:00,22,5.909090909090909,1.411149174021652,5
M1,ST5,2025-01-04 02:00:00,24,6.375,0.7109393663377318,3
M1,ST5,2025-01-04 03:00:00,16,6.1875,1.046820583162814,4
M1,ST5,2025-01-04 04:00:00,35,5.371428571428571,0.7702449681266148,3
M1,ST5,2025-01-04 05:00:00,30,5.066666666666666,0.9071871393197362,5
M1,ST5,2025-01-04 06:00:00,35,5.142857142857143,0.8096061912275311,4
M1,ST5,2025-01-04 07:00:00,27,5.555555555555555,1.281025230440697,6
M1,ST5,2025-01-04 08:00:00,7,5.142857142857143,1.5735915849388862,5
M1,ST5,2025-01-04 09:00:00,58,5.620689655172414,0.8949681207082681,3
M1,ST5,2025-01-04 10:00:00,49,6.387755102040816,0.9313146293146641,6
M1,ST5,2025-01-04 11:00:00,30,6.133333333333334,0.973204211243257,5
M1,ST5,2025-01-04 12:00:00,9,5.888888888888889,1.1666666666666667,3
M1,ST5,2025-01-04 13:00:00,2,6.5,0.7071067811865476,1
M1,ST5,2025-01-04 14:00:00,28,6.0,1.0183501544346314,5
M1,ST5,2025-01-04 15:00:00,60,4.6,0.494032181755571,1
M1,ST5,2025-01-04 16:00:00,34,4.529411764705882,0.6621953441370538,3
M1,ST5,2025-01-04 17:00:00,24,6.375,0.49453535504684026,1
M1,ST5,2025-01-04 18:00:00,20,5.9,1.2523661815266247,4
M1,ST5,2025-01-04 19:00:00,25,5.4,0.9574271077563382,3
M1,ST5,2025-01-04 20:00:00,32,5.3125,0.997981834471692,3
M1,ST5,2025-01-04 21:00:00,3,5.0,3.4641016151377544,6
M1,ST5,2025-01-04 22:00:00,22,4.909090909090909,1.444499943433743,6
M1,ST5,2025-01-04 23:00:00,19,5.842105263157895,1.675415633166782,6
M1,ST5,2025-01-05 00:00:00,25,5.68,0.9882644720249066,3
M1,ST5,2025-01-05 01:00:00,50,6.34,0.823382768627975,5
M1,ST5,2025-01-05 02:00:00,11,5.454545454545454,2.018099916438052,6
M1,ST5,2025-01-05 03:00:00,36,4.972222222222222,0.8778581437993961,3
M1,ST5,2025-01-05 04:00:00,16,5.375,1.0878112581387147,3
M1,ST5,2025-01-05 05:00:00,53,5.754716981132075,1.1751540059033587,6
M1,ST5,2025-01-05 06:00:00,6,3.6666666666666665,1.7511900715418265,4
M1,ST5,2025-01-05 07:00:00,8,5.625,1.597989808656935,5
M1,ST5,2025-01-05 08:00:00,52,5.0,0.19802950859533483,2
M1,ST5,2025-01-05 09:00:00,20,5.05,0.2236067977499789,1
M1,ST5,2025-01-05 10:00:00,6,5.333333333333333,0.816496580927726,2
M1,ST5,2025-01-05 11:00:00,50,5.08,0.9864386572361177,3
M1,ST5,2025-01-05 12:00:00,19,4.7368421052631575,1.1470786693528088,5
M1,ST5,2025-01-05 13:00:00,42,5.095238095238095,0.8499504665488021,3
M1,ST5,2025-01-05 14:00:00,54,5.333333333333333,0.911146903218841,3
M1,ST5,2025-01-05 15:00:00,37,4.837837837837838,0.55344946138406,2
M1,ST5,2025-01-05 16:00:00,47,6.276595744680851,1.0571110685665186,6
M1,ST5,2025-01-05 17:00:00,3,5.0,3.4641016151377544,6
M1,ST5,2025-01-05 18:00:00,6,5.0,2.0,5
M1,ST5,2025-01-05 19:00:00,5,6.0,0.7071067811865476,2
M1,ST5,2025-01-05 20:00:00,24,4.708333333333333,0.8586727202955211,4
M1,ST5,2025-01-05 21:00:00,36,4.583333333333333,0.6491753010001007,3
M1,ST5,2025-01-05 22:00:00,27,4.851851851851852,0.45604518194714877,2
M1,ST5,2025-01-05 23:00:00,23,5.173913043478261,1.230379613003589,6
M1,ST5,2025-01-06 00:00:00,19,5.684210526315789,0.9459053029269172,4
M1,ST5,2025-01-06 01:00:00,24,6.416666666666667,0.5036101551853348,1
M1,ST5,2025-01-06 02:00:00,21,6.190476190476191,1.0779168622415933,5
M1,ST5,2025-01-06 03:00:00,53,6.39622641509434,0.7927465071972501,5
M1,ST5,2025-01-06 04:00:00,9,5.777777777777778,1.481365736219265,5
M1,ST5,2025-01-06 05:00:00,26,6.1923076923076925,0.98058067569092,5
M1,ST5,2025-01-06 06:00:00,26,6.461538461538462,0.5817744738827395,2
M1,ST5,2025-01-06 07:00:00,16,4.6875,1.138346754435279,5
M1,ST5,2025-01-06 08:00:00,59,4.728813559322034,0.4483882428930301,1
M1,ST5,2025-01-06 09:00:00,47,5.042553191489362,0.7790028969224094,4
M1,ST5,2025-01-06 10:00:00,13,5.076923076923077,0.2773500981126146,1
M1,ST5,2025-01-06 11:00:00,11,4.909090909090909,1.7002673586554238,5
M1,ST5,2025-01-06 12:00:00,25,6.32,1.0295630140987,5
M1,ST5,2025-01-06 13:00:00,46,6.239130434782608,1.2326084826487218,6
M1,ST5,2025-01-06 14:00:00,8,5.625,1.1877349391654208,4
M1,ST5,2025-01-06 15:00:00,28,5.785714285714286,0.9567360740266436,4
M1,ST5,2025-01-06 16:00:00,15,5.933333333333334,1.2798809468443688,4
M1,ST5,2025-01-06 17:00:00,21,6.333333333333333,1.3165611772087666,6
M1,ST5,2025-01-06 18:00:00,17,6.176470588235294,0.727606875108999,3
M1,ST5,2025-01-06 19:00:00,37,5.945945945945946,0.8802129144558005,3
M1,ST5,2025-01-06 20:00:00,41,5.585365853658536,0.974053637026668,6
M1,ST5,2025-01-06 21:00:00,12,6.166666666666667,0.7177405625652733,2
M1,ST5,2025-01-06 22:00:00,21,5.333333333333333,0.9128709291752768,4
M1,ST5,2025-01-06 23:00:00,28,6.142857142857143,0.9315175080076958,4
M1,ST5,2025-01-07 00:00:00,24,6.125,1.1156008324626263,5
M1,ST5,2025-01-07 01:00:00,41,5.560975609756097,1.5660265082016467,6
M1,ST5,2025-01-07 02:00:00,13,5.461538461538462,1.3913653136029502,5
M1,ST5,2025-01-07 03:00:00,28,6.214285714285714,0.7867957924694435,4
M1,ST5,2025-01-07 04:00:00,28,6.25,1.1426091000668408,6
M1,ST5,2025-01-07 05:00:00,4,6.5,0.5773502691896257,1
M1,ST5,2025-01-07 06:00:00,18,5.888888888888889,1.8435543958499072,6
M1,ST5,2025-01-07 07:00:00,19,4.842105263157895,1.2588865404147533,6
M1,ST5,2025-01-07 08:00:00,47,5.0638297872340425,0.9185114450814461,5
M1,ST5,2025-01-07 09:00:00,2,3.0,2.8284271247461903,4
M1,ST5,2025-01-07 10:00:00,9,6.333333333333333,0.7071067811865476,2
M1,ST5,2025-01-07 11:00:00,43,5.325581395348837,0.8652258233316384,3
M1,ST5,2025-01-07 12:00:00,30,5.7,1.556964331972471,6
M1,ST5,2025-01-07 13:00:00,32,6.375,0.7931155389125321,4
M1,ST5,2025-01-07 14:00:00,12,6.416666666666667,0.5149286505444371,1
M1,ST5,2025-01-07 15:00:00,39,6.282051282051282,0.8568214807837882,5
M1,ST5,2025-01-07 16:00:00,9,5.666666666666667,1.8027756377319946,6
M1,ST5,2025-01-07 17:00:00,19,5.631578947368421,1.9779486094826593,6
M1,ST5,2025-01-07 18:00:00,24,6.041666666666667,0.8064504441319256,2
M1,ST5,2025-01-07 19:00:00,19,5.526315789473684,1.4669856112538155,6
M1,ST5,2025-01-07 20:00:00,34,6.029411764705882,0.8343131494664037,3
M1,ST5,2025-01-07 21:00:00,21,5.523809523809524,0.9807674351775562,4
M1,ST5,2025-01-07 22:00:00,9,5.0,0.0,0
M1,ST5,2025-01-07 23:00:00,26,6.230769230769231,0.9922778767136675,5
M1,ST5,2025-01-08 00:00:00,42,5.238095238095238,0.8499504665488026,3
M1,ST5,2025-01-08 01:00:00,29,6.206896551724138,1.1141720290623112,6
M1,ST5,2025-01-08 02:00:00,7,6.0,0.5773502691896257,2
M1,ST5,2025-01-08 03:00:00,9,6.0,1.5811388300841898,5
M1,ST5,2025-01-08 04:00:00,30,5.433333333333334,1.0726484571581123,6
M1,ST5,2025-01-08 05:00:00,9,6.0,1.0,3
M1,ST5,2025-01-08 06:00:00,18,5.666666666666667,0.8401680504168059,2
M1,ST5,2025-01-08 07:00:00,48,5.604166666666667,1.0050845911966775,3
M1,ST5,2025-01-08 08:00:00,36,5.555555555555555,0.9984114366459333,3
M1,ST5,2025-01-08 09:00:00,11,4.090909090909091,1.5782614139961386,4
M1,ST5,2025-01-08 10:00:00,12,4.5,1.1677484162422844,4
M1,ST5,2025-01-08 11:00:00,13,5.538461538461538,1.713446070320696,6
M1,ST5,2025-01-08 12:00:00,44,5.886363636363637,0.8948407443320303,4
M1,ST5,2025-01-08 13:00:00,19,5.368421052631579,0.8306975860878401,3
M1,ST5,2025-01-08 14:00:00,38,5.0,0.7352146220938078,3
M1,ST5,2025-01-08 15:00:00,30,5.866666666666666,0.8995528902176073,3
M1,ST5,2025-01-08 16:00:00,29,5.413793103448276,0.7327658649308672,3
M1,ST5,2025-01-08 17:00:00,25,6.16,0.8,2
M1,ST5,2025-01-08 18:00:00,15,6.4,0.50709255283711,1
M1,ST5,2025-01-08 19:00:00,31,4.935483870967742,1.181397022482782,6
M1,ST5,2025-01-08 20:00:00,17,4.411764705882353,1.325651892910228,4
M1,ST5,2025-01-08 21:00:00,12,5.0,1.2792042981336627,4
M1,ST5,2025-01-08 22:00:00,25,6.16,0.9865765724632496,5
M1,ST5,2025-01-08 23:00:00,19,6.2631578947368425,0.9334586382051249,4
M1,ST5,2025-01-09 00:00:00,21,5.0,1.378404875209022,6
M1,ST5,2025-01-09 01:00:00,34,4.823529411764706,0.38695299497594743,1
M1,ST5,2025-01-09 02:00:00,25,4.76,0.5972157622389639,3
M1,ST5,2025-01-09 03:00:00,39,5.333333333333333,1.199415062114892,6
M1,ST5,2025-01-09 04:00:00,13,5.0,0.7071067811865474,3
M1,ST5,2025-01-09 05:00:00,8,5.625,1.7677669529663689,5
M1,ST5,2025-01-09 06:00:00,12,5.25,0.8660254037844386,3
M1,ST5,2025-01-09 07:00:00,16,5.3125,1.3022416570411706,5
M1,ST5,2025-01-09 08:00:00,36,5.333333333333333,1.1464230084422216,6
M1,ST5,2025-01-09 09:00:00,29,5.793103448275862,0.8185051856379759,2
M1,ST5,2025-01-09 10:00:00,22,6.2272727272727275,0.6853444168423419,2
M1,ST5,2025-01-09 11:00:00,44,5.818181818181818,0.8428282197659417,4
M1,ST5,2025-01-09 12:00:00,23,6.043478260869565,1.3644266484686465,5
M1,ST5,2025-01-09 13:00:00,15,5.8,1.01418510567422,3
M1,ST5,2025-01-09 14:00:00,10,5.5,1.2692955176439846,4
M1,ST5,2025-01-09 15:00:00,3,5.0,2.6457513110645907,5
M1,ST5,2025-01-09 16:00:00,42,6.214285714285714,0.6820240424098605,2
M1,ST5,2025-01-09 17:00:00,27,5.148148148148148,0.3620139928982457,1
M1,ST5,2025-01-09 18:00:00,16,5.5,0.966091783079296,3
M1,ST5,2025-01-09 19:00:00,42,5.214285714285714,1.0940128479584952,5
M1,ST5,2025-01-09 20:00:00,7,5.714285714285714,2.138089935299395,6
M1,ST5,2025-01-09 21:00:00,5,6.0,1.7320508075688772,4
M1,ST5,2025-01-09 22:00:00,25,6.28,0.8426149773176358,4
M1,ST5,2025-01-09 23:00:00,16,6.375,0.5,1
M1,ST5,2025-01-10 00:00:00,28,5.75,0.7515416254704824,2
M1,ST5,2025-01-10 01:00:00,33,5.787878787878788,0.9923953268977466,4
M1,ST5,2025-01-10 02:00:00,14,5.571428571428571,1.157868447043679,4
M1,ST5,2025-01-10 03:00:00,12,4.75,1.7122552910761237,6
M1,ST5,2025-01-10 04:00:00,43,5.627906976744186,0.5783085275572236,2
M1,ST5,2025-01-10 05:00:00,24,5.625,1.3772215255487341,6
M1,ST5,2025-01-10 06:00:00,36,5.111111111111111,0.9791476695218956,4
M1,ST5,2025-01-10 07:00:00,28,6.321428571428571,0.5479640045336467,2
M1,ST5,2025-01-10 08:00:00,16,6.0,1.0954451150103321,4
M1,ST5,2025-01-10 09:00:00,14,5.785714285714286,1.672334684416758,5
M1,ST5,2025-01-10 10:00:00,18,5.222222222222222,0.8084520834544431,3
M1,ST5,2025-01-10 11:00:00,29,5.137931034482759,0.6930335969507275,3
M1,ST5,2025-01-10 12:00:00,30,6.366666666666666,0.4901325178535609,1
M1,ST5,2025-01-10 13:00:00,24,6.375,0.6468989572333266,2
M1,ST5,2025-01-10 14:00:00,3,5.0,1.7320508075688772,3
M1,ST5,2025-01-10 15:00:00,34,5.205882352941177,1.5131626875762842,6
M1,ST5,2025-01-10 16:00:00,54,5.444444444444445,0.7439483312010693,3
M1,ST5,2025-01-10 17:00:00,27,5.555555555555555,0.5063696835418333,1
M1,ST5,2025-01-10 18:00:00,33,4.96969696969697,1.0150384378451045,5
M1,ST5,2025-01-10 19:00:00,11,6.0,1.0954451150103326,4
M1,ST5,2025-01-10 20:00:00,14,6.142857142857143,1.292412345317728,5
M1,ST5,2025-01-10 21:00:00,16,6.375,0.8062257748298549,3
M1,ST5,2025-01-10 22:00:00,42,5.214285714285714,0.47037682277159115,2
M1,ST5,2025-01-10 23:00:00,28,5.571428571428571,1.0690449676496976,5
M1,ST5,2025-01-11 00:00:00,25,6.28,0.8426149773176359,4
M1,ST5,2025-01-11 01:00:00,10,6.0,1.5634719199411433,5
M1,ST5,2025-01-11 02:00:00,28,6.285714285714286,0.9759000729485332,5
M1,ST5,2025-01-11 03:00:00,22,5.954545454545454,1.6755176237089562,6
M1,ST5,2025-01-11 04:00:00,7,6.428571428571429,0.786795792469443,2
M1,ST5,2025-01-11 05:00:00,10,6.0,1.4907119849998598,5
M1,ST5,2025-01-11 06:00:00,32,6.34375,0.6530017536902797,3
M1,ST5,2025-01-11 07:00:00,49,4.795918367346939,0.6448382173309926,4
M1,ST5,2025-01-11 08:00:00,9,4.555555555555555,1.4240006242195884,5
M1,ST5,2025-01-11 09:00:00,25,6.36,0.7,3
M1,ST5,2025-01-11 10:00:00,16,6.4375,0.5123475382979799,1
M1,ST5,2025-01-11 11:00:00,53,6.339622641509434,0.8975050080514893,6
M1,ST5,2025-01-11 12:00:00,10,4.8,2.2010098692292237,6
M1,ST5,2025-01-11 13:00:00,31,4.838709677419355,1.0032206202542024,5
M1,ST5,2025-01-11 14:00:00,35,6.285714285714286,0.8934871726729445,5
M1,ST5,2025-01-11 15:00:00,45,5.911111111111111,0.9249624617007739,5
M1,ST5,2025-01-11 16:00:00,57,5.43859649122807,0.5006261743217587,1
M1,ST5,2025-01-11 17:00:00,20,6.45,0.6048053188292993,2
M1,ST5,2025-01-11 18:00:00,4,6.0,2.0,4
M1,ST5,2025-01-11 19:00:00,48,5.583333333333333,1.08830012548036,6
M1,ST5,2025-01-11 20:00:00,28,4.714285714285714,0.8099905283919411,4
M1,ST5,2025-01-11 21:00:00,17,6.235294117647059,1.200490095997562,5
M1,ST5,2025-01-11 22:00:00,15,6.066666666666666,0.9611501047232549,4
M1,ST5,2025-01-11 23:00:00,44,5.204545454545454,0.5094249130852178,2
M1,ST5,2025-01-12 00:00:00,12,6.0,1.2792042981336624,5
M1,ST5,2025-01-12 01:00:00,48,5.395833333333333,0.9836878793456953,4
M1,ST5,2025-01-12 02:00:00,47,6.340425531914893,0.7002048068300183,4
M1,ST5,2025-01-12 03:00:00,40,6.0,0.7510676161988104,2
M1,ST5,2025-01-12 04:00:00,50,5.86,0.9691148917798075,6
M1,ST5,2025-01-12 05:00:00,37,5.324324324324325,1.1560001454741848,5
M1,ST5,2025-01-12 06:00:00,12,3.9166666666666665,1.6764862244009227,5
M1,ST5,2025-01-12 07:00:00,9,5.333333333333333,1.414213562373095,5
M1,ST5,2025-01-12 08:00:00,21,6.142857142857143,0.9102589898327995,4
M1,ST5,2025-01-12 09:00:00,23,6.173913043478261,1.2303796130035891,6
M1,ST5,2025-01-12 10:00:00,35,6.4,0.5530663187549721,2
M1,ST5,2025-01-12 11:00:00,39,5.948717948717949,0.8870031729818623,3
M1,ST5,2025-01-12 12:00:00,26,6.461538461538462,0.7060180864974626,3
M1,ST5,2025-01-12 13:00:00,18,5.833333333333333,1.5434872662825794,5
M1,ST5,2025-01-12 14:00:00,17,4.411764705882353,1.3719886811400708,5
M1,ST5,2025-01-12 15:00:00,59,5.3559322033898304,0.6633954420748996,3
M1,ST5,2025-01-12 16:00:00,19,5.526315789473684,1.0202625507753487,3
M1,ST5,2025-01-12 17:00:00,39,6.333333333333333,0.7374684055082001,4
M1,ST5,2025-01-12 18:00:00,17,5.9411764705882355,1.3906198364081266,6
M1,ST5,2025-01-12 19:00:00,18,5.388888888888889,0.9785276387866014,3
M1,ST5,2025-01-12 20:00:00,29,6.344827586206897,0.6695340634119862,2
M1,ST5,2025-01-12 21:00:00,60,5.533333333333333,0.8123342942715865,3
M1,ST5,2025-01-12 22:00:00,6,5.0,2.3664319132398464,5
M1,ST5,2025-01-12 23:00:00,15,5.333333333333333,1.2909944487358056,5
M1,ST5,2025-01-13 00:00:00,33,5.181818181818182,0.8461141122266495,4
M1,ST5,2025-01-13 01:00:00,17,4.882352941176471,1.2689736473414481,6
M1,ST5,2025-01-13 02:00:00,34,5.117647058823529,0.7692856143892455,3
M1,ST5,2025-01-13 03:00:00,19,5.157894736842105,1.213953957333768,5
M1,ST5,2025-01-13 04:00:00,42,6.333333333333333,0.979463931697301,6
M1,ST5,2025-01-13 05:00:00,32,6.25,0.9158109397792511,5
M1,ST5,2025-01-13 06:00:00,6,5.666666666666667,1.8618986725025257,5
M1,ST5,2025-01-13 07:00:00,34,6.323529411764706,1.0651671724050364,6
M1,ST5,2025-01-13 08:00:00,5,6.0,1.224744871391589,3
M1,ST5,2025-01-13 09:00:00,31,5.548387096774194,1.0275767506588616,3
M1,ST5,2025-01-13 10:00:00,4,6.5,0.5773502691896257,1
M1,ST5,2025-01-13 11:00:00,11,5.909090909090909,0.8312094145936335,2
M1,ST5,2025-01-13 12:00:00,17,5.411764705882353,1.4168108346481798,6
M1,ST5,2025-01-13 13:00:00,37,6.162162162162162,0.8337836621061815,4
M1,ST5,2025-01-13 14:00:00,34,6.147058823529412,0.8213939718801189,3
M1,ST5,2025-01-13 15:00:00,15,5.266666666666667,0.4577377082170634,1
M1,ST5,2025-01-13 16:00:00,28,6.285714285714286,0.8967902788460659,5
M1,ST5,2025-01-13 17:00:00,29,5.620689655172414,0.727706431362473,2
M1,ST5,2025-01-13 18:00:00,5,5.6,2.073644135332772,5
M1,ST5,2025-01-13 19:00:00,32,6.15625,1.0194677612014182,5
M1,ST5,2025-01-13 20:00:00,25,5.92,0.9092121131323904,4
M1,ST5,2025-01-13 21:00:00,43,5.511627906976744,0.8555725741740723,4
M1,ST5,2025-01-13 22:00:00,32,4.875,0.6090712125322324,3
M1,ST5,2025-01-13 23:00:00,33,5.0,0.9354143466934854,5
M1,ST5,2025-01-14 00:00:00,14,6.071428571428571,0.9168747682531901,3
M1,ST5,2025-01-14 01:00:00,16,5.9375,1.436140661634507,5
M1,ST5,2025-01-14 02:00:00,8,6.375,0.5175491695067658,1
M1,ST5,2025-01-14 03:00:00,31,5.419354838709677,0.7648177799705891,3
M1,ST5,2025-01-14 04:00:00,2,6.5,0.7071067811865476,1
M1,ST5,2025-01-14 05:00:00,42,6.523809523809524,0.5054867366041313,1
M1,ST5,2025-01-14 06:00:00,6,5.666666666666667,1.8618986725025255,5
M1,ST5,2025-01-14 07:00:00,31,5.838709677419355,1.3190090773897498,6
M1,ST5,2025-01-14 08:00:00,5,5.6,0.894427190999916,2
M1,ST5,2025-01-14 09:00:00,50,5.74,0.828325086532813,2
M1,ST5,2025-01-14 10:00:00,14,6.071428571428571,1.2688144505364485,5
M1,ST5,2025-01-14 11:00:00,44,6.5,0.5498414147691578,2
M1,ST5,2025-01-14 12:00:00,24,6.125,1.0759222535351585,5
M1,ST5,2025-01-14 13:00:00,24,6.125,1.3613452426057167,5
M1,ST5,2025-01-14 14:00:00,44,5.25,1.143739277494535,6
M1,ST5,2025-01-14 15:00:00,13,5.461538461538462,1.5607361839521232,6
M1,ST5,2025-01-14 16:00:00,16,6.25,1.2382783747337807,5
M1,ST5,2025-01-14 17:00:00,25,5.24,0.8793937305515279,4
M1,ST5,2025-01-14 18:00:00,21,5.619047619047619,0.4976133515281192,1
M1,ST5,2025-01-14 19:00:00,7,5.0,2.516611478423583,6
M1,ST5,2025-01-14 20:00:00,36,6.138888888888889,0.9305229797662257,4
M1,ST5,2025-01-14 21:00:00,60,6.033333333333333,0.919960696777759,3
M1,ST5,2025-01-14 22:00:00,14,6.0,1.5689290811054724,6
M1,ST5,2025-01-14 23:00:00,24,5.875,0.9918143234365557,4
M1,ST5,2025-01-15 00:00:00,8,5.0,1.7728105208558365,5
M1,ST5,2025-01-15 01:00:00,20,5.6,1.1424811411549585,4
M1,ST5,2025-01-15 02:00:00,49,5.938775510204081,0.8012532700220878,4
M1,ST5,2025-01-15 04:00:00,29,6.137931034482759,1.2740301053584273,6
M1,ST5,2025-01-15 05:00:00,8,5.375,0.7440238091428449,2
M1,ST5,2025-01-15 06:00:00,27,5.0,1.0741723110591495,5
M1,ST5,2025-01-15 07:00:00,3,4.666666666666667,3.2145502536643185,6
M1,ST5,2025-01-15 08:00:00,55,5.454545454545454,0.8780909810741543,6
M1,ST5,2025-01-15 09:00:00,42,5.857142857142857,1.001740645355619,5
M1,ST5,2025-01-15 10:00:00,11,4.545454545454546,1.3684762594679063,5
M1,ST5,2025-01-15 11:00:00,60,4.85,0.7324211069911228,4
M1,ST5,2025-01-15 12:00:00,10,5.4,1.577621275493231,5
M1,ST5,2025-01-15 13:00:00,33,6.090909090909091,0.7650014854412198,2
M1,ST5,2025-01-15 14:00:00,42,6.523809523809524,0.5054867366041315,1
M1,ST5,2025-01-15 15:00:00,18,5.277777777777778,1.4473324572571657,6
M1,ST5,2025-01-15 16:00:00,6,5.166666666666667,2.316606713852541,6
M1,ST5,2025-01-15 17:00:00,16,6.3125,1.0144785195688801,4
M1,ST5,2025-01-15 18:00:00,35,5.514285714285714,1.1973359784864697,5
M1,ST5,2025-01-15 19:00:00,23,5.695652173913044,1.4904173487710703,6
M1,ST5,2025-01-15 20:00:00,27,5.185185185185185,0.681459803941116,3
M1,ST5,2025-01-15 21:00:00,21,6.095238095238095,1.0442586798663394,5
M1,ST5,2025-01-15 22:00:00,20,5.15,1.3484884325167863,6
M1,ST5,2025-01-15 23:00:00,56,5.285714285714286,0.6799541619386282,4
M1,ST5,2025-01-16 00:00:00,29,4.931034482758621,1.3074247993331507,6
M1,ST5,2025-01-16 01:00:00,10,5.2,1.229272594305718,3
M1,ST5,2025-01-16 02:00:00,15,6.333333333333333,1.2909944487358058,5
M1,ST5,2025-01-16 03:00:00,10,5.8,1.1352924243950933,4
M1,ST5,2025-01-16 04:00:00,29,6.344827586206897,0.8139788549800787,4
M1,ST5,2025-01-16 05:00:00,34,6.205882352941177,1.200490095997562,6
M1,ST5,2025-01-16 06:00:00,11,5.454545454545454,1.572490786213793,5
M1,ST5,2025-01-16 07:00:00,7,5.857142857142857,2.193062655175134,6
M1,ST5,2025-01-16 08:00:00,23,4.913043478260869,0.5964320793656585,2
M1,ST5,2025-01-16 09:00:00,32,5.03125,0.8607714094664385,5
M1,ST5,2025-01-16 10:00:00,31,6.32258064516129,0.9447079539622655,5
M1,ST5,2025-01-16 11:00:00,18,6.055555555555555,1.2589548523523142,5
M1,ST5,2025-01-16 12:00:00,29,5.206896551724138,0.7260121183968716,3
M1,ST5,2025-01-16 13:00:00,17,5.764705882352941,1.5218989685876774,6
M1,ST5,2025-01-16 14:00:00,24,6.541666666666667,0.5089773777040516,1
M1,ST5,2025-01-16 15:00:00,8,6.125,0.991031208965115,3
M1,ST5,2025-01-16 16:00:00,11,6.0,1.4142135623730951,5
M1,ST5,2025-01-16 17:00:00,27,6.296296296296297,0.668800005452637,3
M1,ST5,2025-01-16 18:00:00,16,6.3125,0.704154339142587,2
M1,ST5,2025-01-16 19:00:00,28,5.857142857142857,1.145499590645633,5
M1,ST5,2025-01-16 20:00:00,26,5.115384615384615,0.5159010042186835,2
M1,ST5,2025-01-16 21:00:00,21,5.190476190476191,1.0779168622415933,5
M1,ST5,2025-01-16 22:00:00,35,6.228571428571429,0.6896595189663092,2
M1,ST5,2025-01-16 23:00:00,16,6.0625,1.2365947867699696,5
M1,ST5,2025-01-17 00:00:00,10,6.3,0.9486832980505137,3
M1,ST5,2025-01-17 01:00:00,29,5.379310344827586,0.6768515929047773,3
M1,ST5,2025-01-17 02:00:00,24,6.166666666666667,1.203858530857692,6
M1,ST5,2025-01-17 03:00:00,8,6.125,1.3562026818605373,4
M1,ST5,2025-01-17 04:00:00,31,6.096774193548387,1.0117588220413474,5
M1,ST5,2025-01-17 05:00:00,42,5.785714285714286,1.071486641864181,5
M1,ST5,2025-01-17 06:00:00,9,4.444444444444445,1.3333333333333333,4
M1,ST5,2025-01-17 07:00:00,42,5.4523809523809526,0.8890219606160509,3
M1,ST5,2025-01-17 08:00:00,42,5.309523809523809,1.0704021409366287,6
M1,ST5,2025-01-17 09:00:00,22,6.2272727272727275,1.0660035817780522,5
M1,ST5,2025-01-17 10:00:00,55,4.836363636363636,0.6013452931687099,3
M1,ST5,2025-01-17 11:00:00,28,4.321428571428571,1.090483121902141,4
M1,ST5,2025-01-17 12:00:00,11,5.636363636363637,1.8586407545691703,5
M1,ST5,2025-01-17 13:00:00,28,6.178571428571429,0.7228324650199195,2
M1,ST5,2025-01-17 14:00:00,15,4.933333333333334,1.486446705914413,5
M1,ST5,2025-01-17 15:00:00,29,6.310344827586207,0.6602731185903338,3
M1,ST5,2025-01-17 16:00:00,39,6.435897435897436,0.6405126152203485,3
M1,ST5,2025-01-17 17:00:00,23,5.826086956521739,1.3021720984236465,5
M1,ST5,2025-01-17 18:00:00,51,5.1568627450980395,0.833607797938763,5
M1,ST5,2025-01-17 19:00:00,21,5.857142857142857,1.2761549390929883,6
M1,ST5,2025-01-17 20:00:00,15,6.4,0.6324555320336757,2
M1,ST5,2025-01-17 21:00:00,53,6.3584905660377355,0.7867738318025638,5
M1,ST5,2025-01-17 22:00:00,27,6.333333333333333,0.9999999999999999,5
M1,ST5,2025-01-17 23:00:00,7,5.142857142857143,1.2149857925879117,3
M1,ST5,2025-01-18 00:00:00,27,5.925925925925926,0.7299065233052332,2
M1,ST5,2025-01-18 01:00:00,31,4.967741935483871,1.0482961085412823,5
M1,ST5,2025-01-18 02:00:00,28,6.0,0.7698003589195013,2
M1,ST5,2025-01-18 03:00:00,23,6.0,1.2060453783110543,5
M1,ST5,2025-01-18 04:00:00,18,6.055555555555555,1.3920878193318216,6
M1,ST5,2025-01-18 05:00:00,16,5.625,0.6191391873668902,2
M1,ST5,2025-01-18 06:00:00,26,6.153846153846154,1.0466062370273814,5
M1,ST5,2025-01-18 07:00:00,21,5.333333333333333,1.5599145275730122,6
M1,ST5,2025-01-18 08:00:00,45,6.2444444444444445,0.6088571841631425,2
M1,ST5,2025-01-18 09:00:00,42,5.357142857142857,0.726549767366235,4
M1,ST5,2025-01-18 10:00:00,16,6.125,1.4548768561863463,6
M1,ST5,2025-01-18 11:00:00,11,5.454545454545454,1.8090680674665822,6
M1,ST5,2025-01-18 12:00:00,48,5.833333333333333,0.7809795631219709,2
M1,ST5,2025-01-18 13:00:00,52,6.076923076923077,0.8365698837738572,3
M1,ST5,2025-01-18 14:00:00,50,5.1,0.7354021529276433,3
M1,ST5,2025-01-18 15:00:00,11,6.181818181818182,0.873862897505303,3
M1,ST5,2025-01-18 16:00:00,24,6.416666666666667,0.5036101551853349,1
M1,ST5,2025-01-18 17:00:00,29,6.137931034482759,1.2456821978060997,5
M1,ST5,2025-01-18 18:00:00,17,5.294117647058823,2.1143765594836976,6
M1,ST5,2025-01-18 19:00:00,19,5.052631578947368,1.3112201362143714,6
M1,ST5,2025-01-18 20:00:00,59,5.322033898305085,0.7296829251427539,4
M1,ST5,2025-01-18 21:00:00,4,5.5,1.7320508075688772,4
M1,ST5,2025-01-18 22:00:00,34,5.382352941176471,1.181029491391533,5
M1,ST5,2025-01-18 23:00:00,34,5.4411764705882355,0.9595193389681281,3
M1,ST5,2025-01-19 00:00:00,16,5.9375,0.7719024117939607,3
M1,ST5,2025-01-19 01:00:00,23,5.304347826086956,1.1051442772406626,6
M1,ST5,2025-01-19 02:00:00,5,6.4,0.5477225575051661,1
M1,ST5,2025-01-19 03:00:00,10,5.7,1.4944341180973264,4
M1,ST5,2025-01-19 04:00:00,9,6.444444444444445,0.5270462766947299,1
M1,ST5,2025-01-19 05:00:00,38,5.368421052631579,1.0245909567890972,5
M1,ST5,2025-01-19 06:00:00,13,5.538461538461538,1.5063966175050878,5
M1,ST5,2025-01-19 07:00:00,56,5.839285714285714,0.8263124153685509,3
M1,ST5,2025-01-19 08:00:00,27,5.333333333333333,0.6201736729460425,2
M1,ST5,2025-01-19 09:00:00,23,5.434782608695652,1.1211230958496174,6
M1,ST5,2025-01-19 10:00:00,44,6.5227272727272725,0.5493605739121922,2
M1,ST5,2025-01-19 11:00:00,12,5.333333333333333,1.669694219873444,6
M1,ST5,2025-01-19 12:00:00,12,4.5,1.1677484162422844,4
M1,ST5,2025-01-19 13:00:00,14,5.928571428571429,1.1411388181101378,4
M1,ST5,2025-01-19 14:00:00,17,5.882352941176471,0.9926198253344828,3
M1,ST5,2025-01-19 15:00:00,25,5.28,1.568438714135812,6
M1,ST5,2025-01-19 16:00:00,27,5.0,1.270977818604485,5
M1,ST5,2025-01-19 17:00:00,43,5.116279069767442,0.851030253101705,3
M1,ST5,2025-01-19 18:00:00,19,5.421052631578948,1.5746530296362717,6
M1,ST5,2025-01-19 19:00:00,7,6.428571428571429,0.5345224838248488,1
M1,ST5,2025-01-19 20:00:00,3,5.666666666666667,1.5275252316519468,3
M1,ST5,2025-01-19 21:00:00,18,5.944444444444445,1.4337208778404378,6
M1,ST5,2025-01-19 22:00:00,26,6.269230769230769,0.827414880586145,4
M1,ST5,2025-01-19 23:00:00,16,5.75,1.1254628677422753,4
M1,ST5,2025-01-20 00:00:00,40,6.375,0.8378084965689216,4
M1,ST5,2025-01-20 01:00:00,44,4.7727272727272725,0.6773284169110134,4
M1,ST5,2025-01-20 02:00:00,7,5.714285714285714,2.138089935299395,6
M1,ST5,2025-01-20 03:00:00,37,5.162162162162162,0.8337836621061817,4
M1,ST5,2025-01-20 04:00:00,16,5.375,1.8929694486000912,6
M1,ST5,2025-01-20 05:00:00,20,5.95,0.9445132413883329,3
M1,ST5,2025-01-20 06:00:00,19,6.105263157894737,1.1496249070460263,5
M1,ST5,2025-01-20 07:00:00,12,5.75,1.2880570286640687,5
M1,ST5,2025-01-20 08:00:00,8,5.25,2.3754698783308417,6
M1,ST5,2025-01-20 09:00:00,7,6.428571428571429,0.5345224838248486,1
M1,ST5,2025-01-20 10:00:00,33,6.333333333333333,0.7772815877574012,4
M1,ST5,2025-01-20 11:00:00,48,6.125,0.8902545655537868,5
M1,ST5,2025-01-20 12:00:00,42,4.904761904761905,0.8781778199154233,5
M1,ST5,2025-01-20 13:00:00,9,5.444444444444445,2.0069324297987157,5
M1,ST5,2025-01-20 14:00:00,4,5.25,1.5,3
M1,ST5,2025-01-20 15:00:00,7,5.142857142857143,1.0690449676496978,3
M1,ST5,2025-01-20 16:00:00,27,5.444444444444445,1.0500305245868347,5
M1,ST5,2025-01-20 17:00:00,39,5.564102564102564,0.7537580162747965,2
M1,ST5,2025-01-20 18:00:00,23,5.043478260869565,0.47465402419841235,2
M1,ST5,2025-01-20 19:00:00,9,5.0,1.5,5
M1,ST5,2025-01-20 20:00:00,34,5.911764705882353,1.0259554913502484,6
M1,ST5,2025-01-20 21:00:00,39,5.512820512820513,0.5063696835418333,1
M1,ST5,2025-01-20 22:00:00,16,5.5,0.5163977794943222,1
M1,ST5,2025-01-20 23:00:00,10,5.8,1.4757295747452437,5
M1,ST5,2025-01-21 00:00:00,11,5.454545454545454,1.1281521496355331,3
M1,ST5,2025-01-21 01:00:00,27,5.444444444444445,1.2506408613597129,5
M1,ST5,2025-01-21 02:00:00,9,4.888888888888889,2.0883273476902775,6
M1,ST5,2025-01-21 03:00:00,25,5.68,1.6258331197676263,6
M1,ST5,2025-01-21 04:00:00,10,4.9,1.66332999331662,6
M1,ST5,2025-01-21 05:00:00,17,4.411764705882353,1.325651892910228,4
M1,ST5,2025-01-21 06:00:00,34,6.088235294117647,0.965076447241154,4
M1,ST5,2025-01-21 07:00:00,35,6.371428571428571,0.5469549011258114,2
M1,ST5,2025-01-21 08:00:00,29,6.172413793103448,1.1360635519585467,5
M1,ST5,2025-01-21 09:00:00,44,6.0,0.8069465847859287,3
M1,ST5,2025-01-21 10:00:00,23,5.6521739130434785,0.9346217344793908,3
M1,ST5,2025-01-21 11:00:00,3,5.0,1.7320508075688772,3
M1,ST5,2025-01-21 12:00:00,22,6.090909090909091,0.8678978933300584,3
M1,ST5,2025-01-21 13:00:00,26,5.1923076923076925,1.3272296189953199,6
M1,ST5,2025-01-21 14:00:00,21,4.428571428571429,0.8106434833777776,3
M1,ST5,2025-01-21 15:00:00,12,5.166666666666667,2.0375267241229382,6
M1,ST5,2025-01-21 16:00:00,19,5.631578947368421,0.5972647203701473,2
M1,ST5,2025-01-21 17:00:00,46,5.586956521739131,0.6856006922245221,2
M1,ST5,2025-01-21 18:00:00,10,5.3,0.4830458915396479,1
M1,ST5,2025-01-21 19:00:00,27,5.62962962962963,0.7415238026237254,2
M1,ST5,2025-01-21 20:00:00,49,5.816326530612245,0.7548032135308261,2
M1,ST5,2025-01-21 21:00:00,21,5.380952380952381,1.023532631438318,5
M1,ST5,2025-01-21 22:00:00,24,6.0,1.0632190661423901,5
M1,ST5,2025-01-21 23:00:00,31,4.774193548387097,1.02338254233546,6
M1,ST5,2025-01-22 00:00:00,6,4.5,0.8366600265340756,2
M1,ST5,2025-01-22 01:00:00,19,6.368421052631579,0.7608859102526822,3
M1,ST5,2025-01-22 02:00:00,24,5.958333333333333,1.1601786469133204,6
M1,ST5,2025-01-22 03:00:00,17,5.588235294117647,0.7952062255644573,3
M1,ST5,2025-01-22 04:00:00,16,6.4375,0.51234753829798,1
M1,ST5,2025-01-22 05:00:00,26,5.5,0.812403840463596,3
M1,ST5,2025-01-22 06:00:00,55,5.927272727272728,0.9399477025354562,4
M1,ST5,2025-01-22 07:00:00,8,5.0,0.9258200997725518,3
M1,ST5,2025-01-22 08:00:00,35,6.171428571428572,0.8219673059804996,3
M1,ST5,2025-01-22 09:00:00,55,6.381818181818182,0.7815205760403309,5
M1,ST5,2025-01-22 10:00:00,27,6.407407407407407,0.5007117441325405,1
M1,ST5,2025-01-22 11:00:00,28,5.214285714285714,1.133893419027682,4
M1,ST5,2025-01-22 12:00:00,22,4.363636363636363,1.0486024506776148,4
M1,ST5,2025-01-22 13:00:00,9,4.888888888888889,0.927960727138337,3
M1,ST5,2025-01-22 14:00:00,7,6.428571428571429,0.5345224838248487,1
M1,ST5,2025-01-22 15:00:00,25,6.24,1.0115993936995678,5
M1,ST5,2025-01-22 16:00:00,42,5.714285714285714,0.6357524554958396,2
M1,ST5,2025-01-22 17:00:00,25,5.68,0.852447456836295,4
M1,ST5,2025-01-22 18:00:00,18,6.111111111111111,1.367216532138064,6
M1,ST5,2025-01-22 19:00:00,22,6.045454545454546,1.2527027058580453,5
M1,ST5,2025-01-22 20:00:00,15,5.2,1.0141851056742197,4
M1,ST5,2025-01-22 21:00:00,3,5.0,0.0,0
M1,ST5,2025-01-22 22:00:00,17,6.411764705882353,0.5072996561958923,1
M1,ST5,2025-01-22 23:00:00,23,5.565217391304348,0.589767824619589,2
M1,ST5,2025-01-23 00:00:00,28,5.642857142857143,1.3113263207824053,6
M1,ST5,2025-01-23 01:00:00,4,4.25,2.6299556396765835,5
M1,ST5,2025-01-23 02:00:00,24,4.666666666666667,0.8681147322824311,4
M1,ST5,2025-01-23 03:00:00,34,5.735294117647059,0.9312365038082191,3
M1,ST5,2025-01-23 04:00:00,22,5.863636363636363,1.5825071893451241,6
M1,ST5,2025-01-23 05:00:00,18,5.444444444444445,0.9835244081556433,3
M1,ST5,2025-01-23 06:00:00,33,5.424242424242424,0.7917663414126288,4
M1,ST5,2025-01-23 07:00:00,19,5.684210526315789,1.5653409844697797,6
M1,ST5,2025-01-23 08:00:00,5,5.4,2.073644135332772,5
M1,ST5,2025-01-23 09:00:00,29,5.172413793103448,0.6584052983883201,3
M1,ST5,2025-01-23 10:00:00,30,5.4,0.563241847975046,2
M1,ST5,2025-01-23 11:00:00,44,6.363636363636363,0.5742906277822775,2
M1,ST5,2025-01-23 12:00:00,16,5.6875,0.7932002689527196,3
M1,ST5,2025-01-23 13:00:00,6,5.666666666666667,1.2110601416389968,3
M1,ST5,2025-01-23 14:00:00,30,4.633333333333334,0.49013251785356093,1
M1,ST5,2025-01-23 15:00:00,8,5.625,1.7677669529663687,5
M1,ST5,2025-01-23 16:00:00,46,6.239130434782608,0.6031319225028877,2
M1,ST5,2025-01-23 17:00:00,21,5.095238095238095,1.2611408289624877,6
M1,ST5,2025-01-23 18:00:00,37,5.756756756756757,1.1156812917427386,5
M1,ST5,2025-01-23 19:00:00,27,6.074074074074074,1.0350000344082464,5
M1,ST5,2025-01-23 20:00:00,50,6.4,0.6060915267313265,3
M1,ST5,2025-01-23 21:00:00,21,4.571428571428571,1.121223821162776,6
M1,ST5,2025-01-23 22:00:00,17,4.647058823529412,0.6063390625908327,2
M1,ST5,2025-01-23 23:00:00,45,5.133333333333334,0.6252272314199782,3
M1,ST5,2025-01-24 00:00:00,25,4.92,0.5715476066494083,3
M1,ST5,2025-01-24 01:00:00,23,5.956521739130435,0.705707953345447,2
M1,ST5,2025-01-24 02:00:00,33,5.666666666666667,1.0206207261596578,4
M1,ST5,2025-01-24 03:00:00,10,5.9,0.8755950357709135,3
M1,ST5,2025-01-24 04:00:00,11,6.181818181818182,0.8738628975053031,3
M1,ST5,2025-01-24 05:00:00,10,6.0,1.4907119849998598,5
M1,ST5,2025-01-24 06:00:00,26,4.884615384615385,0.6528046002854501,3
M1,ST5,2025-01-24 07:00:00,48,5.5625,1.0086065804081157,4
M1,ST5,2025-01-24 08:00:00,11,5.454545454545454,1.8090680674665818,5
M1,ST5,2025-01-24 09:00:00,42,6.5,0.5060608273474738,1
M1,ST5,2025-01-24 10:00:00,27,5.592592592592593,0.7970744227031974,2
M1,ST5,2025-01-24 11:00:00,10,4.5,0.5270462766947298,1
M1,ST5,2025-01-24 12:00:00,28,5.964285714285714,0.9993384054849732,4
M1,ST5,2025-01-24 13:00:00,39,6.3076923076923075,0.6136108038679581,3
M1,ST5,2025-01-24 14:00:00,30,6.466666666666667,0.507416263404925,1
M1,ST5,2025-01-24 15:00:00,8,4.625,1.9226098333849673,6
M1,ST5,2025-01-24 16:00:00,14,3.9285714285714284,1.4917354742965407,4
M1,ST5,2025-01-24 17:00:00,23,5.086956521739131,1.0406747583030782,4
M1,ST5,2025-01-24 18:00:00,39,4.846153846153846,0.4315493225736372,2
M1,ST5,2025-01-24 19:00:00,60,5.083333333333333,0.719973320284095,3
M1,ST5,2025-01-24 20:00:00,37,5.891891891891892,0.9364170421755891,3
M1,ST5,2025-01-24 21:00:00,37,6.324324324324325,0.7473677532236446,3
M1,ST5,2025-01-24 22:00:00,3,5.0,1.7320508075688772,3
M1,ST5,2025-01-24 23:00:00,34,6.529411764705882,0.5066403971048988,1
M1,ST5,2025-01-25 00:00:00,18,5.444444444444445,1.4641689962819195,6
M1,ST5,2025-01-25 01:00:00,6,5.0,2.0,5
M1,ST5,2025-01-25 02:00:00,27,6.0,1.414213562373095,6
M1,ST5,2025-01-25 03:00:00,12,4.583333333333333,1.3113721705515067,5
M1,ST5,2025-01-25 04:00:00,9,5.0,1.8708286933869709,6
M1,ST5,2025-01-25 05:00:00,3,6.333333333333333,0.5773502691896257,1
M1,ST5,2025-01-25 06:00:00,43,5.3023255813953485,0.5578395280830468,3
M1,ST5,2025-01-25 07:00:00,48,5.895833333333333,1.0566825512822655,6
M1,ST5,2025-01-25 08:00:00,51,6.294117647058823,0.807319457143424,5
M1,ST5,2025-01-25 09:00:00,30,6.366666666666666,0.9643054793328015,5
M1,ST5,2025-01-25 10:00:00,20,6.35,0.5871429486123998,2
M1,ST5,2025-01-25 11:00:00,20,6.2,1.3218806379747876,6
M1,ST5,2025-01-25 12:00:00,24,5.416666666666667,1.138903617201808,6
M1,ST5,2025-01-25 13:00:00,19,6.0,1.6666666666666667,6
M1,ST5,2025-01-25 14:00:00,4,5.5,1.7320508075688772,4
M1,ST5,2025-01-25 15:00:00,11,5.545454545454546,0.6875516509523286,2
M1,ST5,2025-01-25 16:00:00,34,5.264705882352941,0.9312365038082192,6
M1,ST5,2025-01-25 17:00:00,54,6.148148148148148,0.8775482012758866,5
M1,ST5,2025-01-25 18:00:00,7,6.0,0.5773502691896257,2
M1,ST5,2025-01-25 19:00:00,20,6.3,0.7326950970650465,3
M1,ST5,2025-01-25 20:00:00,28,5.535714285714286,0.9222413461394482,3
M1,ST5,2025-01-25 21:00:00,30,6.533333333333333,0.507416263404925,1
M1,ST5,2025-01-25 22:00:00,8,5.625,1.995530720671285,5
M1,ST5,2025-01-25 23:00:00,37,6.216216216216216,0.6722737180285657,2
M1,ST5,2025-01-26 00:00:00,12,5.75,1.3568010505999362,5
M1,ST5,2025-01-26 01:00:00,46,6.282608695652174,0.8860158884519916,5
M1,ST5,2025-01-26 02:00:00,14,5.428571428571429,1.1578684470436789,4
M1,ST5,2025-01-26 03:00:00,21,5.0,1.224744871391589,5
M1,ST5,2025-01-26 04:00:00,28,4.714285714285714,0.5345224838248488,2
M1,ST5,2025-01-26 05:00:00,31,5.32258064516129,1.4919136877222166,6
M1,ST5,2025-01-26 06:00:00,5,6.0,1.7320508075688772,4
M1,ST5,2025-01-26 07:00:00,12,5.333333333333333,1.6696942198734437,5
M1,ST5,2025-01-26 08:00:00,19,5.894736842105263,0.9941348467724341,3
M1,ST5,2025-01-26 09:00:00,11,5.090909090909091,1.5782614139961386,5
M1,ST5,2025-01-26 10:00:00,18,5.388888888888889,0.9785276387866012,3
M1,ST5,2025-01-26 11:00:00,18,6.277777777777778,1.1785113019775793,5
M1,ST5,2025-01-26 12:00:00,34,5.5588235294117645,1.0499978779369104,4
M1,ST5,2025-01-26 13:00:00,30,5.466666666666667,0.8995528902176074,3
M1,ST5,2025-01-26 14:00:00,29,6.275862068965517,0.7018624063435964,3
M1,ST5,2025-01-26 15:00:00,11,5.363636363636363,1.2060453783110545,4
M1,ST5,2025-01-26 16:00:00,15,5.333333333333333,1.4960264830861911,6
M1,ST5,2025-01-26 17:00:00,37,6.27027027027027,1.0178585540417866,6
M1,ST5,2025-01-26 18:00:00,17,6.176470588235294,0.7276068751089989,2
M1,ST5,2025-01-26 19:00:00,5,4.6,2.4083189157584592,5
M1,ST5,2025-01-26 20:00:00,21,5.380952380952381,0.5895922723535711,2
M1,ST5,2025-01-26 21:00:00,9,6.111111111111111,1.615893285805443,5
M1,ST5,2025-01-26 22:00:00,21,6.095238095238095,1.3001831372834327,5
M1,ST5,2025-01-26 23:00:00,42,5.738095238095238,0.8570944624355864,3
M1,ST5,2025-01-27 00:00:00,49,6.387755102040816,0.4922874554317936,1
M1,ST5,2025-01-27 01:00:00,39,6.512820512820513,0.5063696835418333,1
M1,ST5,2025-01-27 02:00:00,38,5.368421052631579,0.6746792083200744,3
M1,ST5,2025-01-27 03:00:00,14,6.0,1.5191090506255,6
M1,ST5,2025-01-27 04:00:00,18,6.055555555555555,1.3491706481792796,6
M1,ST5,2025-01-27 05:00:00,48,5.041666666666667,0.2886751345948129,2
M1,ST5,2025-01-27 06:00:00,9,5.222222222222222,1.5634719199411433,5
M1,ST5,2025-01-27 07:00:00,32,5.03125,0.9994958406536122,6
M1,ST5,2025-01-27 08:00:00,12,6.333333333333333,0.4923659639173309,1
M1,ST5,2025-01-27 09:00:00,60,6.233333333333333,0.7672682483797637,3
M1,ST5,2025-01-27 10:00:00,12,5.0,0.0,0
M1,ST5,2025-01-27 11:00:00,36,6.388888888888889,0.5491696473652761,2
M1,ST5,2025-01-27 12:00:00,27,5.666666666666667,0.9607689228305228,4
M1,ST5,2025-01-27 13:00:00,22,5.7272727272727275,1.4858641283079037,6
M1,ST5,2025-01-27 14:00:00,19,4.157894736842105,1.2139539573337679,4
M1,ST5,2025-01-27 15:00:00,18,5.166666666666667,1.465284553774253,6
M1,ST5,2025-01-27 16:00:00,16,5.9375,1.4361406616345072,5
M1,ST5,2025-01-27 17:00:00,21,6.095238095238095,1.2611408289624877,6
M1,ST5,2025-01-27 18:00:00,22,6.5,0.511766315719159,1
M1,ST5,2025-01-27 19:00:00,21,6.0476190476190474,0.9734572654303052,4
M1,ST5,2025-01-27 20:00:00,22,6.136363636363637,0.7101612523427366,2
M1,ST5,2025-01-27 21:00:00,42,6.309523809523809,0.6043781419307537,2
M1,ST5,2025-01-27 22:00:00,55,6.4363636363636365,0.6875516509523286,4
M1,ST5,2025-01-27 23:00:00,39,6.205128205128205,0.7319579790745534,3
M1,ST5,2025-01-28 00:00:00,13,5.3076923076923075,1.1821319289469756,3
M1,ST5,2025-01-28 01:00:00,32,6.0,0.9158109397792512,3
M1,ST5,2025-01-28 02:00:00,21,5.666666666666667,1.4944341180973264,6
M1,ST5,2025-01-28 03:00:00,21,4.714285714285714,0.7171371656006363,3
M1,ST5,2025-01-28 04:00:00,60,4.6,0.5272249061784878,2
M1,ST5,2025-01-28 05:00:00,6,5.166666666666667,1.1690451944500122,3
M1,ST5,2025-01-28 06:00:00,15,4.666666666666667,1.8387366263150307,6
M1,ST5,2025-01-28 07:00:00,19,5.2631578947368425,1.8809603121561158,6
M1,ST5,2025-01-28 08:00:00,19,5.0,1.414213562373095,6
M1,ST5,2025-01-28 09:00:00,14,5.5,1.6525039276108333,6
M1,ST5,2025-01-28 10:00:00,13,5.769230769230769,0.9268086959962983,3
M1,ST5,2025-01-28 11:00:00,52,5.134615384615385,0.6576501887318703,3
M1,ST5,2025-01-28 12:00:00,14,4.5,0.8548504142651101,3
M1,ST5,2025-01-28 13:00:00,15,4.266666666666667,1.0327955589886444,3
M1,ST5,2025-01-28 14:00:00,12,5.583333333333333,1.9752253419585197,6
M1,ST5,2025-01-28 15:00:00,18,6.0,1.3284223283101428,6
M1,ST5,2025-01-28 16:00:00,8,6.125,0.991031208965115,3
M1,ST5,2025-01-28 17:00:00,22,5.909090909090909,1.3059968245090439,5
M1,ST5,2025-01-28 18:00:00,26,5.8076923076923075,1.6252810407860117,6
M1,ST5,2025-01-28 19:00:00,8,4.625,2.1998376563477846,6
M1,ST5,2025-01-28 20:00:00,3,5.0,1.7320508075688772,3
M1,ST5,2025-01-28 21:00:00,15,5.933333333333334,1.3345232785352155,5
M1,ST5,2025-01-28 22:00:00,39,5.076923076923077,1.200539689705719,6
M1,ST5,2025-01-28 23:00:00,29,5.275862068965517,1.2506156119555663,5
M1,ST5,2025-01-29 00:00:00,23,4.695652173913044,0.875670268407197,4
M1,ST5,2025-01-29 01:00:00,18,5.0,0.0,0
M1,ST5,2025-01-29 02:00:00,25,5.28,1.1,5
M1,ST5,2025-01-29 03:00:00,4,5.25,1.5,3
M1,ST5,2025-01-29 04:00:00,18,5.888888888888889,1.4095843729891315,6
M1,ST5,2025-01-29 05:00:00,29,5.9655172413793105,1.1796718254512764,5
M1,ST5,2025-01-29 06:00:00,9,5.444444444444445,2.0069324297987157,5
M1,ST5,2025-01-29 07:00:00,51,6.352941176470588,0.9126561107397398,6
M1,ST5,2025-01-29 08:00:00,28,5.392857142857143,0.7859547491585427,3
M1,ST5,2025-01-29 09:00:00,26,5.0,0.0,0
M1,ST5,2025-01-29 10:00:00,28,5.321428571428571,0.772373514927102,3
M1,ST5,2025-01-29 11:00:00,21,5.190476190476191,1.2090925365350504,6
M1,ST5,2025-01-29 12:00:00,6,6.0,1.5491933384829668,4
M1,ST5,2025-01-29 13:00:00,39,5.461538461538462,0.6426161105878406,2
M1,ST5,2025-01-29 14:00:00,5,6.0,1.7320508075688772,4
M1,ST5,2025-01-29 15:00:00,30,5.8,0.8051557998728978,2
M1,ST5,2025-01-29 16:00:00,25,5.36,0.8602325267042628,4
M1,ST5,2025-01-29 18:00:00,29,6.137931034482759,1.1251710324287365,5
M1,ST5,2025-01-29 19:00:00,19,5.105263157894737,1.3289401308354825,6
M1,ST5,2025-01-29 20:00:00,33,5.9393939393939394,0.7881701093115127,2
M1,ST5,2025-01-29 21:00:00,24,5.791666666666667,1.0623667861928838,3
M1,ST5,2025-01-29 22:00:00,15,5.0,1.4638501094227998,6
M1,ST5,2025-01-29 23:00:00,7,6.428571428571429,0.5345224838248487,1
M1,ST5,2025-01-30 00:00:00,15,6.4,0.50709255283711,1
M1,ST5,2025-01-30 01:00:00,47,5.127659574468085,0.9916394259791894,5
M1,ST5,2025-01-30 02:00:00,22,4.409090909090909,1.181568405173351,4
M1,ST5,2025-01-30 03:00:00,48,6.208333333333333,0.824061899485953,3
M1,ST5,2025-01-30 04:00:00,30,5.466666666666667,1.1957780134587124,5
M1,ST5,2025-01-30 05:00:00,36,5.055555555555555,0.6737716630790093,5
M1,ST5,2025-01-30 06:00:00,20,5.4,1.5008769366431638,5
M1,ST5,2025-01-30 07:00:00,13,5.769230769230769,1.3634420996046583,5
M1,ST5,2025-01-30 08:00:00,21,5.238095238095238,1.220850601210562,6
M1,ST5,2025-01-30 09:00:00,11,6.090909090909091,1.4459976109624424,5
M1,ST5,2025-01-30 10:00:00,21,6.190476190476191,1.030487633067356,4
M1,ST5,2025-01-30 11:00:00,7,6.428571428571429,0.5345224838248488,1
M1,ST5,2025-01-30 12:00:00,31,5.612903225806452,0.9891888715790903,3
M1,ST5,2025-01-30 13:00:00,11,5.545454545454546,0.6875516509523286,2
M1,ST5,2025-01-30 14:00:00,29,5.724137931034483,0.701862406343597,3
M1,ST5,2025-01-30 15:00:00,29,5.379310344827586,1.177582059726269,5
M1,ST5,2025-01-30 16:00:00,19,5.105263157894737,0.5671308728156005,2
M1,ST5,2025-01-30 17:00:00,10,4.5,1.35400640077266,5
M1,ST5,2025-01-30 18:00:00,23,6.434782608695652,0.7277666307098061,3
M1,ST5,2025-01-30 19:00:00,7,6.428571428571429,0.5345224838248487,1
M1,ST5,2025-01-30 20:00:00,46,6.413043478260869,0.7172815023567722,4
M1,ST5,2025-01-30 21:00:00,23,6.434782608695652,0.5068698018697018,1
M1,ST5,2025-01-30 22:00:00,21,6.238095238095238,1.0910894511799618,5
M1,ST5,2025-01-30 23:00:00,26,5.384615384615385,0.9413574486632836,4
M1,ST5,2025-01-31 00:00:00,12,6.25,1.4222261679238197,5
M1,ST5,2025-01-31 01:00:00,9,6.111111111111111,1.2692955176439846,4
M1,ST5,2025-01-31 02:00:00,13,5.769230769230769,1.3634420996046583,4
M1,ST5,2025-01-31 03:00:00,48,6.125,0.8902545655537867,5
M1,ST5,2025-01-31 04:00:00,5,5.0,1.224744871391589,3
M1,ST5,2025-01-31 05:00:00,14,5.571428571428571,1.0163498575623617,4
M1,ST6,2025-01-01 06:00:00,60,6.483333333333333,0.5039392842990978,1
M1,ST6,2025-01-01 07:00:00,26,6.346153846153846,0.6894814104706634,3
M1,ST6,2025-01-01 08:00:00,44,6.2727272727272725,0.9732141991249591,5
M1,ST6,2025-01-01 09:00:00,39,6.3076923076923075,0.8630986451472744,5
M1,ST6,2025-01-01 10:00:00,26,6.115384615384615,1.1428708790383306,6
M1,ST6,2025-01-01 11:00:00,60,6.483333333333333,0.5039392842990978,1
M1,ST6,2025-01-01 12:00:00,11,5.363636363636363,2.2033033051637387,6
M1,ST6,2025-01-01 13:00:00,30,4.666666666666667,0.8022955570857542,4
M1,ST6,2025-01-01 14:00:00,10,6.0,1.4907119849998598,5
M1,ST6,2025-01-01 15:00:00,26,5.3076923076923075,0.7883771061734742,3
M1,ST6,2025-01-01 16:00:00,7,6.0,1.8257418583505538,5
M1,ST6,2025-01-01 17:00:00,22,5.636363636363637,1.4653279998642446,5
M1,ST6,2025-01-01 18:00:00,45,6.4,0.6179143806533248,3
M1,ST6,2025-01-01 19:00:00,50,6.46,0.5424810727442151,2
M1,ST6,2025-01-01 20:00:00,12,6.25,0.6215815605080611,2
M1,ST6,2025-01-01 21:00:00,34,6.235294117647059,0.7807852895958005,4
M1,ST6,2025-01-01 22:00:00,25,6.36,0.7000000000000002,3
M1,ST6,2025-01-01 23:00:00,22,5.590909090909091,0.9591211706105857,3
M1,ST6,2025-01-02 00:00:00,11,5.7272727272727275,1.2720777563426768,4
M1,ST6,2025-01-02 01:00:00,20,5.05,0.9445132413883326,4
M1,ST6,2025-01-02 02:00:00,20,5.2,1.3992479182911455,5
M1,ST6,2025-01-02 03:00:00,29,5.379310344827586,1.4246250911191707,6
M1,ST6,2025-01-02 04:00:00,37,6.45945945945946,0.5052279240652235,1
M1,ST6,2025-01-02 05:00:00,31,6.258064516129032,1.1823068393465341,6
M1,ST6,2025-01-02 06:00:00,12,6.25,1.1381803659589922,4
M1,ST6,2025-01-02 07:00:00,12,6.0,1.1281521496355322,4
M1,ST6,2025-01-02 08:00:00,6,5.333333333333333,1.632993161855452,4
M1,ST6,2025-01-02 09:00:00,31,6.129032258064516,0.6704195444580938,2
M1,ST6,2025-01-02 10:00:00,3,6.666666666666667,0.5773502691896257,1
M1,ST6,2025-01-02 11:00:00,9,5.666666666666667,1.3228756555322954,4
M1,ST6,2025-01-02 12:00:00,9,4.666666666666667,1.7320508075688774,5
M1,ST6,2025-01-02 13:00:00,33,4.424242424242424,0.7917663414126288,4
M1,ST6,2025-01-02 14:00:00,23,6.130434782608695,1.099766414293465,5
M1,ST6,2025-01-02 15:00:00,34,6.352941176470588,0.773905989951895,4
M1,ST6,2025-01-02 16:00:00,21,5.380952380952381,0.9206622874969125,4
M1,ST6,2025-01-02 17:00:00,47,5.297872340425532,1.2320871937139708,6
M1,ST6,2025-01-02 18:00:00,23,5.956521739130435,1.1862186242450963,5
M1,ST6,2025-01-02 19:00:00,17,5.352941176470588,0.7018882096342192,3
M1,ST6,2025-01-02 20:00:00,33,5.575757575757576,0.867118180753893,3
M1,ST6,2025-01-02 21:00:00,6,5.0,2.449489742783178,6
M1,ST6,2025-01-02 22:00:00,32,4.46875,0.8793096632421186,5
M1,ST6,2025-01-02 23:00:00,10,5.2,0.4216370213557841,1
M1,ST6,2025-01-03 00:00:00,43,6.3023255813953485,0.8600909066275172,5
M1,ST6,2025-01-03 01:00:00,18,6.055555555555555,1.3920878193318214,6
M1,ST6,2025-01-03 02:00:00,19,5.052631578947368,0.22941573387056174,1
M1,ST6,2025-01-03 03:00:00,34,6.176470588235294,0.936485636618941,5
M1,ST6,2025-01-03 04:00:00,14,6.071428571428571,0.8287419301647448,2
M1,ST6,2025-01-03 05:00:00,20,5.5,0.8885233166386384,3
M1,ST6,2025-01-03 06:00:00,60,6.483333333333333,0.5039392842990978,1
M1,ST6,2025-01-03 07:00:00,38,6.0,0.8053872662568292,3
M1,ST6,2025-01-03 08:00:00,28,4.857142857142857,0.7559289460184543,2
M1,ST6,2025-01-03 09:00:00,29,5.758620689655173,0.6894704186026255,2
M1,ST6,2025-01-03 10:00:00,26,5.3076923076923075,0.5491251783869153,2
M1,ST6,2025-01-03 11:00:00,17,6.117647058823529,1.2187264326529799,5
M1,ST6,2025-01-03 12:00:00,39,6.384615384615385,0.8770580193070292,5
M1,ST6,2025-01-03 13:00:00,31,6.161290322580645,1.0983859125567963,6
M1,ST6,2025-01-03 14:00:00,36,6.222222222222222,1.1491888098284457,5
M1,ST6,2025-01-03 15:00:00,32,6.28125,0.9240295694193397,5
M1,ST6,2025-01-03 16:00:00,8,5.0,0.9258200997725514,3
M1,ST6,2025-01-03 17:00:00,1,4.0,,0
M1,ST6,2025-01-03 18:00:00,10,4.5,0.7071067811865474,2
M1,ST6,2025-01-03 19:00:00,1,5.0,,0
M1,ST6,2025-01-03 20:00:00,49,5.326530612244898,0.7184402985530767,3
M1,ST6,2025-01-03 21:00:00,31,5.064516129032258,0.24973103811470745,1
M1,ST6,2025-01-03 22:00:00,60,6.4,0.6689227362847253,2
M1,ST6,2025-01-03 23:00:00,19,6.2631578947368425,1.1470786693528088,5
M1,ST6,2025-01-04 00:00:00,17,6.529411764705882,0.5144957554275266,1
M1,ST6,2025-01-04 01:00:00,23,6.0,1.087114613009218,5
M1,ST6,2025-01-04 02:00:00,22,6.2727272727272725,0.7672969364884685,3
M1,ST6,2025-01-04 03:00:00,20,5.65,1.4244112357114613,6
M1,ST6,2025-01-04 04:00:00,37,5.108108108108108,0.8091073196150522,5
M1,ST6,2025-01-04 05:00:00,26,5.615384615384615,1.061203960675725,5
M1,ST6,2025-01-04 06:00:00,35,5.314285714285714,0.9321521136730908,5
M1,ST6,2025-01-04 07:00:00,26,5.769230769230769,1.210212950110593,5
M1,ST6,2025-01-04 08:00:00,4,5.25,0.4999999999999999,1
M1,ST6,2025-01-04 09:00:00,59,5.762711864406779,0.8971022901513179,3
M1,ST6,2025-01-04 10:00:00,48,6.229166666666667,0.8809951658604623,5
M1,ST6,2025-01-04 11:00:00,31,6.064516129032258,0.8138584590688049,4
M1,ST6,2025-01-04 12:00:00,8,6.125,1.3562026818605375,4
M1,ST6,2025-01-04 13:00:00,5,5.6,1.51657508881031,4
M1,ST6,2025-01-04 14:00:00,26,6.038461538461538,0.8708969735057873,3
M1,ST6,2025-01-04 15:00:00,60,4.616666666666666,0.4903014177278999,1
M1,ST6,2025-01-04 16:00:00,36,4.555555555555555,0.6522245206957689,3
M1,ST6,2025-01-04 17:00:00,23,6.391304347826087,0.5830273995419092,2
M1,ST6,2025-01-04 18:00:00,21,5.619047619047619,1.1608699529314417,4
M1,ST6,2025-01-04 19:00:00,25,5.64,1.1135528725660044,4
M1,ST6,2025-01-04 20:00:00,32,5.3125,0.9651174088696288,3
M1,ST6,2025-01-04 21:00:00,3,4.666666666666667,0.5773502691896257,1
M1,ST6,2025-01-04 22:00:00,22,4.2727272727272725,1.2792042981336627,4
M1,ST6,2025-01-04 23:00:00,18,6.166666666666667,1.0431851677040116,4
M1,ST6,2025-01-05 00:00:00,25,5.68,1.0295630140987007,3
M1,ST6,2025-01-05 01:00:00,53,6.245283018867925,0.8298670045754439,4
M1,ST6,2025-01-05 02:00:00,11,5.545454545454546,2.06705763652765,6
M1,ST6,2025-01-05 03:00:00,36,4.972222222222222,0.844684594089453,3
M1,ST6,2025-01-05 04:00:00,16,5.375,1.0878112581387147,3
M1,ST6,2025-01-05 05:00:00,53,5.754716981132075,1.1419561553175475,6
M1,ST6,2025-01-05 06:00:00,2,3.5,2.1213203435596424,3
M1,ST6,2025-01-05 07:00:00,10,6.0,1.4907119849998598,5
M1,ST6,2025-01-05 08:00:00,52,5.0,0.19802950859533483,2
M1,ST6,2025-01-05 09:00:00,20,5.05,0.22360679774997894,1
M1,ST6,2025-01-05 10:00:00,7,4.571428571428571,1.6183471874253743,5
M1,ST6,2025-01-05 11:00:00,50,4.88,0.8241260058203407,3
M1,ST6,2025-01-05 12:00:00,21,4.761904761904762,1.2611408289624877,6
M1,ST6,2025-01-05 13:00:00,41,5.024390243902439,0.9350883615479552,4
M1,ST6,2025-01-05 14:00:00,56,5.285714285714286,0.9856107606091624,5
M1,ST6,2025-01-05 15:00:00,37,4.837837837837838,0.55344946138406,2
M1,ST6,2025-01-05 16:00:00,47,6.276595744680851,0.9487320522349921,6
M1,ST6,2025-01-05 17:00:00,3,5.0,1.7320508075688772,3
M1,ST6,2025-01-05 18:00:00,3,5.0,1.7320508075688772,3
M1,ST6,2025-01-05 19:00:00,5,6.0,1.224744871391589,3
M1,ST6,2025-01-05 20:00:00,27,4.7407407407407405,0.8129997914936148,4
M1,ST6,2025-01-05 21:00:00,34,4.852941176470588,0.8574929257125442,4
M1,ST6,2025-01-05 22:00:00,27,4.851851851851852,0.45604518194714877,2
M1,ST6,2025-01-05 23:00:00,23,5.173913043478261,1.192864158731316,6
M1,ST6,2025-01-06 00:00:00,19,5.684210526315789,0.7492686492653552,3
M1,ST6,2025-01-06 01:00:00,24,6.333333333333333,0.48154341234307674,1
M1,ST6,2025-01-06 02:00:00,20,6.2,1.0563093645728086,4
M1,ST6,2025-01-06 03:00:00,53,6.509433962264151,0.5046949386828399,1
M1,ST6,2025-01-06 04:00:00,10,5.4,1.577621275493231,5
M1,ST6,2025-01-06 05:00:00,24,6.083333333333333,1.282547284209001,6
M1,ST6,2025-01-06 06:00:00,29,6.310344827586207,0.8063785124981441,4
M1,ST6,2025-01-06 07:00:00,16,4.6875,1.138346754435279,5
M1,ST6,2025-01-06 08:00:00,59,4.728813559322034,0.4483882428930301,1
M1,ST6,2025-01-06 09:00:00,47,5.042553191489362,0.7790028969224094,4
M1,ST6,2025-01-06 10:00:00,13,5.0,0.0,0
M1,ST6,2025-01-06 11:00:00,11,5.0,1.7320508075688772,5
M1,ST6,2025-01-06 12:00:00,25,6.2,1.118033988749895,5
M1,ST6,2025-01-06 13:00:00,46,6.304347826086956,0.9630868246861535,6
M1,ST6,2025-01-06 14:00:00,8,5.625,1.1877349391654208,4
M1,ST6,2025-01-06 15:00:00,27,6.0,0.9607689228305228,4
M1,ST6,2025-01-06 16:00:00,15,5.866666666666666,1.245945806357946,4
M1,ST6,2025-01-06 17:00:00,19,6.2631578947368425,0.9334586382051248,4
M1,ST6,2025-01-06 18:00:00,18,6.277777777777778,0.9582800496696002,4
M1,ST6,2025-01-06 19:00:00,37,6.108108108108108,0.8427397048971942,3
M1,ST6,2025-01-06 20:00:00,41,5.609756097560975,0.996946557757431,6
M1,ST6,2025-01-06 21:00:00,11,5.363636363636363,0.9244162777371754,3
M1,ST6,2025-01-06 22:00:00,24,5.291666666666667,0.9990937922923462,5
M1,ST6,2025-01-06 23:00:00,26,6.038461538461538,1.076318511622623,5
M1,ST6,2025-01-07 00:00:00,27,6.0,1.270977818604485,5
M1,ST6,2025-01-07 01:00:00,37,5.756756756756757,1.115681291742738,5
M1,ST6,2025-01-07 02:00:00,13,5.461538461538462,2.0254787341673333,6
M1,ST6,2025-01-07 03:00:00,31,6.096774193548387,1.0756343464727351,5
M1,ST6,2025-01-07 04:00:00,28,6.25,1.1426091000668406,6
M1,ST6,2025-01-07 05:00:00,5,5.2,2.3874672772626644,6
M1,ST6,2025-01-07 06:00:00,18,5.888888888888889,1.3672165321380643,6
M1,ST6,2025-01-07 07:00:00,16,5.75,0.8563488385776754,2
M1,ST6,2025-01-07 08:00:00,45,5.088888888888889,0.8480518375617844,4
M1,ST6,2025-01-07 10:00:00,12,6.0,1.0444659357341868,3
M1,ST6,2025-01-07 11:00:00,43,5.325581395348837,0.8083177779325507,3
M1,ST6,2025-01-07 12:00:00,29,5.896551724137931,1.5432995169489228,6
M1,ST6,2025-01-07 13:00:00,33,6.181818181818182,0.8461141122266492,4
M1,ST6,2025-01-07 14:00:00,13,5.923076923076923,1.5525000516123697,6
M1,ST6,2025-01-07 15:00:00,39,6.282051282051282,0.8568214807837882,5
M1,ST6,2025-01-07 16:00:00,7,6.142857142857143,0.3779644730092272,1
M1,ST6,2025-01-07 17:00:00,20,5.75,1.6181535936466533,6
M1,ST6,2025-01-07 18:00:00,26,5.576923076923077,0.8566482089201809,3
M1,ST6,2025-01-07 19:00:00,19,5.526315789473684,1.4669856112538155,6
M1,ST6,2025-01-07 20:00:00,33,6.0,1.118033988749895,5
M1,ST6,2025-01-07 21:00:00,24,5.125,1.512628003925906,6
M1,ST6,2025-01-07 22:00:00,6,5.0,1.6733200530681511,5
M1,ST6,2025-01-07 23:00:00,29,5.931034482758621,1.307424799333151,5
M1,ST6,2025-01-08 00:00:00,45,5.0,0.9999999999999998,6
M1,ST6,2025-01-08 01:00:00,29,6.172413793103448,1.1041792529567374,6
M1,ST6,2025-01-08 02:00:00,7,6.142857142857143,1.4638501094227998,4
M1,ST6,2025-01-08 03:00:00,6,6.5,0.547722557505166,1
M1,ST6,2025-01-08 04:00:00,29,5.620689655172414,1.1775820597262696,7
M1,ST6,2025-01-08 05:00:00,13,5.3076923076923075,0.48038446141526137,1
M1,ST6,2025-01-08 06:00:00,16,6.375,0.6191391873668902,2
M1,ST6,2025-01-08 07:00:00,46,5.608695652173913,1.0430353327256028,5
M1,ST6,2025-01-08 08:00:00,36,5.861111111111111,0.9305229797662262,3
M1,ST6,2025-01-08 09:00:00,10,4.5,1.9578900207451218,6
M1,ST6,2025-01-08 10:00:00,8,5.625,1.407885953173359,4
M1,ST6,2025-01-08 11:00:00,13,6.230769230769231,0.5991446895152781,2
M1,ST6,2025-01-08 12:00:00,46,5.413043478260869,0.832027963112399,4
M1,ST6,2025-01-08 13:00:00,21,5.285714285714286,0.7171371656006363,3
M1,ST6,2025-01-08 14:00:00,41,4.658536585365853,0.7283459376409325,4
M1,ST6,2025-01-08 15:00:00,32,5.5,0.8032193289024988,3
M1,ST6,2025-01-08 16:00:00,29,5.068965517241379,0.45755830875564935,2
M1,ST6,2025-01-08 17:00:00,25,6.2,0.7637626158259733,2
M1,ST6,2025-01-08 18:00:00,16,6.5625,0.51234753829798,1
M1,ST6,2025-01-08 19:00:00,31,4.935483870967742,1.181397022482782,6
M1,ST6,2025-01-08 20:00:00,14,4.285714285714286,1.4373357526806552,4
M1,ST6,2025-01-08 21:00:00,15,5.0,1.4638501094227998,4
M1,ST6,2025-01-08 22:00:00,25,6.16,1.1789826122551597,6
M1,ST6,2025-01-08 23:00:00,19,6.2631578947368425,0.9334586382051246,4
M1,ST6,2025-01-09 00:00:00,22,4.7727272727272725,1.4452489711965162,6
M1,ST6,2025-01-09 01:00:00,34,4.823529411764706,0.38695299497594743,1
M1,ST6,2025-01-09 02:00:00,22,4.7272727272727275,0.7672969364884684,4
M1,ST6,2025-01-09 03:00:00,39,5.333333333333333,0.7008766440504623,3
M1,ST6,2025-01-09 04:00:00,16,5.0,0.6324555320336759,3
M1,ST6,2025-01-09 05:00:00,5,6.0,1.224744871391589,3
M1,ST6,2025-01-09 06:00:00,13,6.0,0.8164965809277264,3
M1,ST6,2025-01-09 07:00:00,13,5.923076923076923,1.4411533842457842,5
M1,ST6,2025-01-09 08:00:00,37,5.405405405405405,1.0918755387827828,6
M1,ST6,2025-01-09 09:00:00,29,5.793103448275862,0.773642144332692,2
M1,ST6,2025-01-09 10:00:00,22,5.7727272727272725,0.7516216235148274,2
M1,ST6,2025-01-09 11:00:00,48,5.541666666666667,1.1842644423875717,6
M1,ST6,2025-01-09 12:00:00,19,6.526315789473684,0.5129891760425771,1
M1,ST6,2025-01-09 13:00:00,20,5.1,1.3337718577107003,6
M1,ST6,2025-01-09 14:00:00,12,4.583333333333333,1.2401124093721456,5
M1,ST6,2025-01-09 15:00:00,3,5.0,2.6457513110645907,5
M1,ST6,2025-01-09 16:00:00,42,5.976190476190476,0.7804968785767571,3
M1,ST6,2025-01-09 17:00:00,26,5.153846153846154,0.3679464844031199,1
M1,ST6,2025-01-09 18:00:00,18,5.722222222222222,1.0740552924509192,3
M1,ST6,2025-01-09 19:00:00,41,5.317073170731708,1.0825669584428461,6
M1,ST6,2025-01-09 20:00:00,7,5.857142857142857,1.7728105208558365,5
M1,ST6,2025-01-09 21:00:00,5,6.0,0.7071067811865476,2
M1,ST6,2025-01-09 22:00:00,24,6.208333333333333,1.062366786192884,5
M1,ST6,2025-01-09 23:00:00,18,6.055555555555555,1.3491706481792793,6
M1,ST6,2025-01-10 00:00:00,27,5.444444444444445,0.6405126152203483,2
M1,ST6,2025-01-10 01:00:00,38,5.421052631578948,0.9481583556691997,4
M1,ST6,2025-01-10 02:00:00,14,5.571428571428571,1.3985864135061359,5
M1,ST6,2025-01-10 03:00:00,9,4.666666666666667,2.29128784747792,6
M1,ST6,2025-01-10 04:00:00,44,5.840909090909091,0.6449511183273609,2
M1,ST6,2025-01-10 05:00:00,24,5.625,1.2091139407595672,5
M1,ST6,2025-01-10 06:00:00,34,4.970588235294118,0.9687634767046039,5
M1,ST6,2025-01-10 07:00:00,31,6.161290322580645,1.0676071123014117,6
M1,ST6,2025-01-10 08:00:00,16,6.0625,0.9287087810503353,3
M1,ST6,2025-01-10 09:00:00,12,6.0,1.1281521496355325,4
M1,ST6,2025-01-10 10:00:00,17,5.176470588235294,1.0145993123917845,4
M1,ST6,2025-01-10 11:00:00,33,4.848484848484849,0.8703882797784892,6
M1,ST6,2025-01-10 12:00:00,31,5.967741935483871,1.5162205417361934,6
M1,ST6,2025-01-10 13:00:00,26,6.269230769230769,1.185164707800306,6
M1,ST6,2025-01-10 14:00:00,3,5.0,3.605551275463989,7
M1,ST6,2025-01-10 15:00:00,34,5.205882352941177,1.5131626875762842,6
M1,ST6,2025-01-10 16:00:00,54,5.166666666666667,0.5046949386828397,3
M1,ST6,2025-01-10 17:00:00,28,5.892857142857143,0.6852566815265062,2
M1,ST6,2025-01-10 18:00:00,31,5.290322580645161,1.270001270001905,6
M1,ST6,2025-01-10 19:00:00,11,6.0,1.0954451150103326,4
M1,ST6,2025-01-10 20:00:00,12,6.5,0.5222329678670935,1
M1,ST6,2025-01-10 21:00:00,17,6.470588235294118,0.5144957554275266,1
M1,ST6,2025-01-10 22:00:00,43,5.093023255813954,0.7500461410686708,4
M1,ST6,2025-01-10 23:00:00,28,5.571428571428571,1.0690449676496976,5
M1,ST6,2025-01-11 00:00:00,23,6.434782608695652,0.5068698018697018,1
M1,ST6,2025-01-11 01:00:00,11,6.2727272727272725,0.904534033733291,3
M1,ST6,2025-01-11 02:00:00,28,6.285714285714286,0.9759000729485332,5
M1,ST6,2025-01-11 03:00:00,18,6.444444444444445,0.5113099925649137,1
M1,ST6,2025-01-11 04:00:00,11,5.454545454545454,2.018099916438052,6
M1,ST6,2025-01-11 05:00:00,10,6.0,1.1547005383792515,4
M1,ST6,2025-01-11 06:00:00,32,6.34375,0.6530017536902796,3
M1,ST6,2025-01-11 07:00:00,49,4.795918367346939,0.4555030111835475,2
M1,ST6,2025-01-11 08:00:00,5,6.0,1.224744871391589,3
M1,ST6,2025-01-11 09:00:00,25,6.6,0.4999999999999999,1
M1,ST6,2025-01-11 10:00:00,17,6.352941176470588,0.7859052479933756,3
M1,ST6,2025-01-11 11:00:00,50,6.42,0.49856938190328987,1
M1,ST6,2025-01-11 12:00:00,8,6.0,2.0701966780270626,6
M1,ST6,2025-01-11 13:00:00,32,5.15625,1.1943246168117694,5
M1,ST6,2025-01-11 14:00:00,36,6.083333333333333,1.105182596419511,5
M1,ST6,2025-01-11 15:00:00,45,5.933333333333334,0.9145291883606758,5
M1,ST6,2025-01-11 16:00:00,58,5.344827586206897,0.6636349698898771,4
M1,ST6,2025-01-11 17:00:00,22,5.863636363636363,0.940893928815244,4
M1,ST6,2025-01-11 18:00:00,5,4.8,1.7888543819998317,5
M1,ST6,2025-01-11 19:00:00,49,5.469387755102041,0.7665409539050121,3
M1,ST6,2025-01-11 20:00:00,28,4.714285714285714,0.8099905283919411,4
M1,ST6,2025-01-11 21:00:00,14,6.5,0.5188745216627708,1
M1,ST6,2025-01-11 22:00:00,18,5.888888888888889,1.323493100445977,5
M1,ST6,2025-01-11 23:00:00,44,5.204545454545454,0.5531955983003287,2
M1,ST6,2025-01-12 00:00:00,12,6.0,0.9534625892455924,3
M1,ST6,2025-01-12 01:00:00,46,5.630434782608695,1.040484836819919,5
M1,ST6,2025-01-12 02:00:00,48,6.208333333333333,1.1100763503228501,6
M1,ST6,2025-01-12 03:00:00,41,5.853658536585366,0.9370425713316359,5
M1,ST6,2025-01-12 04:00:00,50,5.86,0.9691148917798075,6
M1,ST6,2025-01-12 05:00:00,37,5.324324324324325,1.1560001454741848,5
M1,ST6,2025-01-12 06:00:00,12,3.8333333333333335,1.5859229221975182,4
M1,ST6,2025-01-12 07:00:00,7,4.857142857142857,1.3451854182690988,3
M1,ST6,2025-01-12 08:00:00,22,6.136363636363637,1.0371873387954442,5
M1,ST6,2025-01-12 09:00:00,23,6.217391304347826,1.085295173051194,5
M1,ST6,2025-01-12 10:00:00,36,6.222222222222222,0.9594972228385658,5
M1,ST6,2025-01-12 11:00:00,42,5.714285714285714,1.110607706326549,5
M1,ST6,2025-01-12 12:00:00,26,6.269230769230769,0.8744228866031495,4
M1,ST6,2025-01-12 13:00:00,18,6.111111111111111,1.1826634392157038,5
M1,ST6,2025-01-12 14:00:00,15,5.0,1.8898223650461363,6
M1,ST6,2025-01-12 15:00:00,59,5.220338983050848,0.5274465689615329,2
M1,ST6,2025-01-12 16:00:00,20,5.65,1.3088765773505318,6
M1,ST6,2025-01-12 17:00:00,40,6.175,1.1067971810589328,6
M1,ST6,2025-01-12 18:00:00,15,5.733333333333333,1.624221425205085,6
M1,ST6,2025-01-12 19:00:00,18,5.388888888888889,0.9785276387866014,3
M1,ST6,2025-01-12 20:00:00,32,6.21875,0.8700899100741849,4
M1,ST6,2025-01-12 21:00:00,59,5.372881355932203,0.7167528570537275,3
M1,ST6,2025-01-12 22:00:00,6,5.0,2.3664319132398464,5
M1,ST6,2025-01-12 23:00:00,18,5.277777777777778,1.4874200148759578,5
M1,ST6,2025-01-13 00:00:00,31,5.516129032258065,0.9956896351084337,3
M1,ST6,2025-01-13 01:00:00,17,4.882352941176471,1.2689736473414481,6
M1,ST6,2025-01-13 02:00:00,34,4.823529411764706,0.38695299497594743,1
M1,ST6,2025-01-13 03:00:00,18,5.166666666666667,1.2485285456935955,5
M1,ST6,2025-01-13 04:00:00,44,6.386363636363637,0.9696776997732971,6
M1,ST6,2025-01-13 05:00:00,32,6.25,0.762000762001143,4
M1,ST6,2025-01-13 06:00:00,6,5.666666666666667,1.8618986725025257,5
M1,ST6,2025-01-13 07:00:00,34,6.323529411764706,1.006662298865523,5
M1,ST6,2025-01-13 08:00:00,3,5.0,1.7320508075688772,3
M1,ST6,2025-01-13 09:00:00,33,5.666666666666667,0.9895285072531598,3
M1,ST6,2025-01-13 10:00:00,5,5.2,2.3874672772626644,6
M1,ST6,2025-01-13 11:00:00,10,6.5,0.5270462766947299,1
M1,ST6,2025-01-13 12:00:00,18,4.555555555555555,1.0416176459053668,4
M1,ST6,2025-01-13 13:00:00,38,6.078947368421052,0.8816930564565535,3
M1,ST6,2025-01-13 14:00:00,34,6.352941176470588,1.0697593312226672,6
M1,ST6,2025-01-13 15:00:00,15,5.266666666666667,0.4577377082170634,1
M1,ST6,2025-01-13 16:00:00,28,6.285714285714286,0.8099905283919411,4
M1,ST6,2025-01-13 17:00:00,29,5.620689655172414,0.727706431362473,2
M1,ST6,2025-01-13 18:00:00,5,5.6,2.073644135332772,5
M1,ST6,2025-01-13 19:00:00,32,6.15625,1.1670026397957813,5
M1,ST6,2025-01-13 20:00:00,24,5.75,1.073393643098131,4
M1,ST6,2025-01-13 21:00:00,43,5.604651162790698,0.8205554124732173,3
M1,ST6,2025-01-13 22:00:00,30,4.966666666666667,0.6686751354593717,3
M1,ST6,2025-01-13 23:00:00,33,5.393939393939394,0.8992842271563098,3
M1,ST6,2025-01-14 00:00:00,14,6.071428571428571,0.9168747682531898,3
M1,ST6,2025-01-14 01:00:00,16,5.9375,1.436140661634507,5
M1,ST6,2025-01-14 02:00:00,8,5.25,0.4629100498862757,1
M1,ST6,2025-01-14 03:00:00,32,5.0625,0.5040161287741853,2
M1,ST6,2025-01-14 04:00:00,5,5.6,2.073644135332772,5
M1,ST6,2025-01-14 05:00:00,43,6.372093023255814,0.9764672918705588,6
M1,ST6,2025-01-14 06:00:00,6,5.666666666666667,1.8618986725025255,5
M1,ST6,2025-01-14 07:00:00,33,5.484848484848484,1.227833766263071,6
M1,ST6,2025-01-14 08:00:00,3,6.666666666666667,0.5773502691896258,1
M1,ST6,2025-01-14 09:00:00,52,5.653846153846154,0.8137209471242827,2
M1,ST6,2025-01-14 10:00:00,14,6.142857142857143,0.8644378215075665,3
M1,ST6,2025-01-14 11:00:00,44,6.454545454545454,0.5479155194831463,2
M1,ST6,2025-01-14 12:00:00,25,5.96,1.3379088160259653,6
M1,ST6,2025-01-14 13:00:00,24,6.125,1.3613452426057167,5
M1,ST6,2025-01-14 14:00:00,42,5.5,0.9435273723846191,3
M1,ST6,2025-01-14 15:00:00,13,5.461538461538462,1.5607361839521232,6
M1,ST6,2025-01-14 16:00:00,17,5.882352941176471,1.495090003192804,6
M1,ST6,2025-01-14 17:00:00,21,5.523809523809524,0.511766315719159,1
M1,ST6,2025-01-14 18:00:00,22,6.045454545454546,1.2527027058580458,6
M1,ST6,2025-01-14 19:00:00,6,5.833333333333333,1.4719601443879746,4
M1,ST6,2025-01-14 20:00:00,38,5.7368421052631575,1.0049663306533203,3
M1,ST6,2025-01-14 21:00:00,60,5.933333333333334,0.9543240871301717,3
M1,ST6,2025-01-14 22:00:00,16,5.8125,1.7594980344783944,6
M1,ST6,2025-01-14 23:00:00,24,5.875,0.9918143234365557,4
M1,ST6,2025-01-15 00:00:00,7,5.714285714285714,1.7043362064926935,5
M1,ST6,2025-01-15 01:00:00,19,5.105263157894737,0.7374684055082,2
M1,ST6,2025-01-15 02:00:00,51,6.0,0.824621125123532,4
M1,ST6,2025-01-15 04:00:00,29,6.137931034482759,1.1251710324287365,5
M1,ST6,2025-01-15 05:00:00,8,5.375,0.7440238091428449,2
M1,ST6,2025-01-15 06:00:00,25,5.4,1.2583057392117913,6
M1,ST6,2025-01-15 08:00:00,55,5.527272727272727,0.6626139442067602,2
M1,ST6,2025-01-15 09:00:00,42,5.904761904761905,1.1001003016249509,6
M1,ST6,2025-01-15 10:00:00,13,4.461538461538462,1.7614096918559585,6
M1,ST6,2025-01-15 11:00:00,58,5.017241379310345,0.9078870652068977,5
M1,ST6,2025-01-15 12:00:00,10,5.0,1.4142135623730951,4
M1,ST6,2025-01-15 13:00:00,36,5.694444444444445,1.1666666666666667,6
M1,ST6,2025-01-15 14:00:00,42,6.523809523809524,0.5054867366041315,1
M1,ST6,2025-01-15 15:00:00,14,5.714285714285714,0.9944903161976938,3
M1,ST6,2025-01-15 16:00:00,8,5.625,1.407885953173359,4
M1,ST6,2025-01-15 17:00:00,16,6.375,0.806225774829855,3
M1,ST6,2025-01-15 18:00:00,33,5.393939393939394,1.1973771841872227,5
M1,ST6,2025-01-15 19:00:00,23,6.3478260869565215,0.7140598174697278,3
M1,ST6,2025-01-15 20:00:00,27,5.185185185185185,0.681459803941116,3
M1,ST6,2025-01-15 21:00:00,21,6.095238095238095,0.6248809410409238,3
M1,ST6,2025-01-15 22:00:00,18,5.166666666666667,1.2947859237091262,6
M1,ST6,2025-01-15 23:00:00,57,5.368421052631579,0.6977407149243603,3
M1,ST6,2025-01-16 00:00:00,28,5.107142857142857,1.4230714230607946,6
M1,ST6,2025-01-16 01:00:00,10,5.1,1.1005049346146114,3
M1,ST6,2025-01-16 02:00:00,16,6.0,1.095445115010332,4
M1,ST6,2025-01-16 03:00:00,9,6.444444444444445,0.7264831572567789,2
M1,ST6,2025-01-16 04:00:00,29,6.344827586206897,0.8139788549800785,4
M1,ST6,2025-01-16 05:00:00,31,6.32258064516129,0.6525384675349826,3
M1,ST6,2025-01-16 06:00:00,12,6.25,0.8660254037844387,3
M1,ST6,2025-01-16 07:00:00,7,4.857142857142857,1.5735915849388862,5
M1,ST6,2025-01-16 08:00:00,25,4.8,0.408248290463863,1
M1,ST6,2025-01-16 09:00:00,35,4.6,0.9761870601839526,4
M1,ST6,2025-01-16 10:00:00,30,6.5,0.5085476277156078,1
M1,ST6,2025-01-16 11:00:00,16,5.9375,1.2893796958227628,5
M1,ST6,2025-01-16 12:00:00,30,5.533333333333333,0.9371024061116429,3
M1,ST6,2025-01-16 13:00:00,17,5.705882352941177,1.611082938676379,6
M1,ST6,2025-01-16 14:00:00,25,6.32,1.0295630140987,5
M1,ST6,2025-01-16 15:00:00,8,6.125,0.991031208965115,3
M1,ST6,2025-01-16 16:00:00,8,6.375,0.5175491695067655,1
M1,ST6,2025-01-16 17:00:00,28,6.357142857142857,0.8261595987094036,4
M1,ST6,2025-01-16 18:00:00,18,6.0,1.3719886811400706,6
M1,ST6,2025-01-16 19:00:00,30,5.366666666666666,0.8087168778415268,4
M1,ST6,2025-01-16 20:00:00,23,5.260869565217392,0.4489777585448796,1
M1,ST6,2025-01-16 21:00:00,20,6.1,1.2096106376585989,5
M1,ST6,2025-01-16 22:00:00,36,6.111111111111111,1.0896336940924631,6
M1,ST6,2025-01-16 23:00:00,15,6.466666666666667,0.6399404734221844,2
M1,ST6,2025-01-17 00:00:00,11,5.7272727272727275,1.6787441193290353,6
M1,ST6,2025-01-17 01:00:00,26,5.423076923076923,0.5777942140988901,2
M1,ST6,2025-01-17 02:00:00,27,6.0,1.386750490563073,6
M1,ST6,2025-01-17 03:00:00,8,6.25,1.0350983390135313,3
M1,ST6,2025-01-17 04:00:00,31,5.806451612903226,1.0462426372089693,5
M1,ST6,2025-01-17 05:00:00,42,5.761904761904762,1.077701343522606,5
M1,ST6,2025-01-17 06:00:00,12,4.166666666666667,1.5275252316519465,4
M1,ST6,2025-01-17 07:00:00,44,5.204545454545454,1.0247982320879006,6
M1,ST6,2025-01-17 08:00:00,37,5.621621621621622,1.036858271450383,3
M1,ST6,2025-01-17 09:00:00,25,6.08,1.1874342087037917,5
M1,ST6,2025-01-17 10:00:00,55,4.836363636363636,0.6013452931687099,3
M1,ST6,2025-01-17 11:00:00,25,4.84,1.2806248474865698,6
M1,ST6,2025-01-17 12:00:00,11,5.636363636363637,1.8586407545691703,5
M1,ST6,2025-01-17 13:00:00,27,5.851851851851852,0.7181013268818793,2
M1,ST6,2025-01-17 14:00:00,16,5.5625,0.7274384280931733,3
M1,ST6,2025-01-17 15:00:00,30,6.1,0.9228890171255882,5
M1,ST6,2025-01-17 16:00:00,37,6.378378378378378,0.7583370458279582,4
M1,ST6,2025-01-17 17:00:00,23,6.086956521739131,0.8481554037632528,4
M1,ST6,2025-01-17 18:00:00,51,5.215686274509804,0.5766706335577033,2
M1,ST6,2025-01-17 19:00:00,24,5.375,1.0555237727226277,5
M1,ST6,2025-01-17 20:00:00,14,6.214285714285714,1.05090228108783,4
M1,ST6,2025-01-17 21:00:00,51,6.490196078431373,0.5048781642974013,1
M1,ST6,2025-01-17 22:00:00,29,6.413793103448276,0.982607368881035,5
M1,ST6,2025-01-17 23:00:00,4,5.25,1.5,3
M1,ST6,2025-01-18 00:00:00,30,5.5,1.1064076694575478,6
M1,ST6,2025-01-18 01:00:00,33,4.96969696969697,1.0150384378451043,5
M1,ST6,2025-01-18 02:00:00,28,6.0,0.7698003589195012,2
M1,ST6,2025-01-18 03:00:00,20,6.15,1.0894228312566052,5
M1,ST6,2025-01-18 04:00:00,17,6.411764705882353,0.5072996561958923,1
M1,ST6,2025-01-18 05:00:00,19,5.526315789473684,0.772328445721233,3
M1,ST6,2025-01-18 06:00:00,28,5.714285714285714,1.487158435285297,6
M1,ST6,2025-01-18 07:00:00,19,5.421052631578948,1.2163602113447687,5
M1,ST6,2025-01-18 08:00:00,46,6.304347826086956,0.6278557943912951,2
M1,ST6,2025-01-18 09:00:00,39,5.384615384615385,0.6330953455832622,3
M1,ST6,2025-01-18 10:00:00,19,5.947368421052632,1.5082618476808298,6
M1,ST6,2025-01-18 11:00:00,10,6.0,0.6666666666666666,2
M1,ST6,2025-01-18 12:00:00,49,5.714285714285714,0.9999999999999999,6
M1,ST6,2025-01-18 13:00:00,50,6.32,0.6207303137828696,2
M1,ST6,2025-01-18 14:00:00,49,4.8979591836734695,0.5101020306102036,3
M1,ST6,2025-01-18 15:00:00,14,5.928571428571429,1.3847680013570567,5
M1,ST6,2025-01-18 16:00:00,24,6.375,0.4945353550468402,1
M1,ST6,2025-01-18 17:00:00,29,6.172413793103448,1.2555296411486887,5
M1,ST6,2025-01-18 18:00:00,16,4.6875,1.4930394055974097,6
M1,ST6,2025-01-18 19:00:00,24,4.625,0.7696696072652385,3
M1,ST6,2025-01-18 20:00:00,57,5.456140350877193,0.7575848712142635,3
M1,ST6,2025-01-18 21:00:00,5,5.0,1.4142135623730951,3
M1,ST6,2025-01-18 22:00:00,34,5.382352941176471,1.0735019408982454,4
M1,ST6,2025-01-18 23:00:00,35,5.285714285714286,1.1775205398840143,6
M1,ST6,2025-01-19 00:00:00,17,5.588235294117647,1.7341721198244626,6
M1,ST6,2025-01-19 01:00:00,20,5.35,0.5871429486123997,2
M1,ST6,2025-01-19 02:00:00,8,5.875,1.642080561796093,5
M1,ST6,2025-01-19 03:00:00,10,5.7,1.251665557034573,4
M1,ST6,2025-01-19 04:00:00,7,6.142857142857143,1.0690449676496976,3
M1,ST6,2025-01-19 05:00:00,40,5.475,0.8766925023004039,3
M1,ST6,2025-01-19 06:00:00,13,5.538461538461538,1.5063966175050878,5
M1,ST6,2025-01-19 07:00:00,58,5.637931034482759,0.8099875646017277,3
M1,ST6,2025-01-19 08:00:00,26,5.230769230769231,0.4296689244236599,1
M1,ST6,2025-01-19 09:00:00,24,5.541666666666667,0.5089773777040515,1
M1,ST6,2025-01-19 10:00:00,45,6.377777777777778,0.7163318456772063,4
M1,ST6,2025-01-19 11:00:00,12,5.333333333333333,1.6143297699232977,6
M1,ST6,2025-01-19 12:00:00,8,4.875,0.35355339059327384,1
M1,ST6,2025-01-19 13:00:00,16,6.125,0.8062257748298549,3
M1,ST6,2025-01-19 14:00:00,16,5.3125,0.9464847243000457,3
M1,ST6,2025-01-19 15:00:00,28,4.857142857142857,1.238705588262011,6
M1,ST6,2025-01-19 16:00:00,28,5.214285714285714,1.1660996354464572,5
M1,ST6,2025-01-19 17:00:00,43,4.883720930232558,0.5859181775145497,2
M1,ST6,2025-01-19 18:00:00,20,5.65,1.0399898784932577,4
M1,ST6,2025-01-19 19:00:00,7,6.428571428571429,0.5345224838248488,1
M1,ST6,2025-01-19 20:00:00,3,5.666666666666667,0.5773502691896258,1
M1,ST6,2025-01-19 21:00:00,16,6.1875,0.5439056290693574,2
M1,ST6,2025-01-19 22:00:00,27,6.296296296296297,0.6688000054526371,3
M1,ST6,2025-01-19 23:00:00,15,6.2,0.5606119105813883,2
M1,ST6,2025-01-20 00:00:00,40,6.375,0.66746746775616,3
M1,ST6,2025-01-20 01:00:00,41,4.7560975609756095,0.7674792441779142,5
M1,ST6,2025-01-20 02:00:00,8,5.75,1.1649647450214349,4
M1,ST6,2025-01-20 03:00:00,38,4.868421052631579,0.7040827896490179,5
M1,ST6,2025-01-20 04:00:00,14,6.142857142857143,0.7703288865196432,2
M1,ST6,2025-01-20 05:00:00,19,6.2631578947368425,0.9334586382051246,3
M1,ST6,2025-01-20 06:00:00,22,5.954545454545454,1.0900971004051374,4
M1,ST6,2025-01-20 07:00:00,12,5.75,1.2880570286640687,5
M1,ST6,2025-01-20 08:00:00,8,5.25,1.7525491637693278,5
M1,ST6,2025-01-20 09:00:00,5,6.0,0.7071067811865476,2
M1,ST6,2025-01-20 10:00:00,35,6.371428571428571,0.6456057021813513,3
M1,ST6,2025-01-20 11:00:00,47,6.276595744680851,0.9487320522349922,5
M1,ST6,2025-01-20 12:00:00,40,4.775,1.0497252387758798,5
M1,ST6,2025-01-20 13:00:00,11,5.818181818181818,1.7215215257545762,5
M1,ST6,2025-01-20 14:00:00,3,5.0,1.7320508075688772,3
M1,ST6,2025-01-20 15:00:00,9,4.666666666666667,1.3228756555322956,4
M1,ST6,2025-01-20 16:00:00,27,5.444444444444445,0.800640769025436,3
M1,ST6,2025-01-20 17:00:00,39,5.564102564102564,0.7537580162747965,2
M1,ST6,2025-01-20 18:00:00,22,5.2727272727272725,0.9847319278346618,5
M1,ST6,2025-01-20 19:00:00,8,5.625,1.5979898086569353,5
M1,ST6,2025-01-20 20:00:00,33,6.090909090909091,1.0112997936948631,4
M1,ST6,2025-01-20 21:00:00,39,5.512820512820513,0.5063696835418333,1
M1,ST6,2025-01-20 22:00:00,16,5.5,0.5163977794943222,1
M1,ST6,2025-01-20 23:00:00,10,5.8,1.4757295747452437,5
M1,ST6,2025-01-21 00:00:00,11,5.454545454545454,1.1281521496355331,3
M1,ST6,2025-01-21 01:00:00,29,5.068965517241379,1.0667385033281391,5
M1,ST6,2025-01-21 02:00:00,5,6.0,1.224744871391589,3
M1,ST6,2025-01-21 03:00:00,26,5.961538461538462,1.0384900280992295,5
M1,ST6,2025-01-21 04:00:00,11,4.545454545454546,2.46429041972071,6
M1,ST6,2025-01-21 05:00:00,14,5.357142857142857,1.598419549100002,6
M1,ST6,2025-01-21 06:00:00,36,5.722222222222222,1.1366897079077878,6
M1,ST6,2025-01-21 07:00:00,34,6.352941176470588,0.5970814340265324,2
M1,ST6,2025-01-21 08:00:00,30,6.2,0.8866830868758714,4
M1,ST6,2025-01-21 09:00:00,46,5.760869565217392,0.8990064295579169,3
M1,ST6,2025-01-21 10:00:00,26,5.0,1.1313708498984762,6
M1,ST6,2025-01-21 11:00:00,3,5.0,2.6457513110645907,5
M1,ST6,2025-01-21 12:00:00,19,6.2631578947368425,0.7334928056269079,3
M1,ST6,2025-01-21 13:00:00,29,5.172413793103448,1.3905026202585213,6
M1,ST6,2025-01-21 14:00:00,18,4.333333333333333,0.9701425001453318,3
M1,ST6,2025-01-21 15:00:00,11,5.636363636363637,2.1105794120443453,6
M1,ST6,2025-01-21 16:00:00,21,5.809523809523809,0.6796357567879738,2
M1,ST6,2025-01-21 17:00:00,50,5.14,0.4045657788144657,2
M1,ST6,2025-01-21 18:00:00,10,5.3,0.4830458915396479,1
M1,ST6,2025-01-21 19:00:00,27,5.62962962962963,0.7415238026237254,2
M1,ST6,2025-01-21 20:00:00,49,5.612244897959184,0.6713272466605567,2
M1,ST6,2025-01-21 21:00:00,22,5.590909090909091,1.09801079485937,5
M1,ST6,2025-01-21 22:00:00,24,6.0,0.9780192938436517,5
M1,ST6,2025-01-21 23:00:00,31,4.774193548387097,1.02338254233546,6
M1,ST6,2025-01-22 00:00:00,6,4.5,0.8366600265340756,2
M1,ST6,2025-01-22 01:00:00,17,6.235294117647059,0.9701425001453319,4
M1,ST6,2025-01-22 02:00:00,26,6.076923076923077,0.7961445558729607,4
M1,ST6,2025-01-22 03:00:00,15,5.333333333333333,0.816496580927726,3
M1,ST6,2025-01-22 04:00:00,19,6.2105263157894735,1.357241785076592,6
M1,ST6,2025-01-22 05:00:00,24,5.958333333333333,0.858672720295521,3
M1,ST6,2025-01-22 06:00:00,57,5.543859649122807,0.8878178593486659,4
M1,ST6,2025-01-22 07:00:00,10,5.0,1.1547005383792515,4
M1,ST6,2025-01-22 08:00:00,33,6.303030303030303,0.636634141641045,3
M1,ST6,2025-01-22 09:00:00,55,6.381818181818182,0.8921656774162499,6
M1,ST6,2025-01-22 10:00:00,26,6.384615384615385,0.4961389383568337,1
M1,ST6,2025-01-22 11:00:00,30,5.366666666666666,1.0980651740387641,4
M1,ST6,2025-01-22 12:00:00,22,4.363636363636363,1.0486024506776148,4
M1,ST6,2025-01-22 13:00:00,9,4.888888888888889,0.927960727138337,3
M1,ST6,2025-01-22 14:00:00,6,6.0,1.5491933384829668,4
M1,ST6,2025-01-22 15:00:00,26,6.076923076923077,0.7442084075352509,3
M1,ST6,2025-01-22 16:00:00,44,5.386363636363637,0.53769140846768,2
M1,ST6,2025-01-22 17:00:00,26,5.846153846153846,0.9248700532424081,4
M1,ST6,2025-01-22 18:00:00,18,6.111111111111111,1.1318329168362204,5
M1,ST6,2025-01-22 19:00:00,19,6.2105263157894735,1.134261745631201,5
M1,ST6,2025-01-22 20:00:00,17,5.352941176470588,1.3200935795706037,5
M1,ST6,2025-01-22 21:00:00,4,4.25,1.5,3
M1,ST6,2025-01-22 22:00:00,17,6.352941176470588,0.49259218307188896,1
M1,ST6,2025-01-22 23:00:00,23,5.608695652173913,0.6563764465043606,2
M1,ST6,2025-01-23 00:00:00,26,6.076923076923077,0.9766504768063926,4
M1,ST6,2025-01-23 01:00:00,4,4.25,2.0615528128088303,4
M1,ST6,2025-01-23 02:00:00,20,4.85,0.3663475485325232,1
M1,ST6,2025-01-23 03:00:00,35,6.0,0.8043996665398437,3
M1,ST6,2025-01-23 04:00:00,22,5.863636363636363,1.4241272864946195,5
M1,ST6,2025-01-23 05:00:00,18,5.444444444444445,0.9835244081556433,3
M1,ST6,2025-01-23 06:00:00,33,5.424242424242424,0.7917663414126288,4
M1,ST6,2025-01-23 07:00:00,17,5.470588235294118,1.7362908403700519,6
M1,ST6,2025-01-23 08:00:00,5,5.4,1.3416407864998738,3
M1,ST6,2025-01-23 09:00:00,26,5.769230769230769,0.9922778767136676,4
M1,ST6,2025-01-23 10:00:00,28,5.785714285714286,0.6862211530545179,2
M1,ST6,2025-01-23 11:00:00,47,6.276595744680851,0.8262573464667012,5
M1,ST6,2025-01-23 12:00:00,16,5.6875,1.4476993242152643,6
M1,ST6,2025-01-23 13:00:00,6,5.666666666666667,1.0327955589886446,3
M1,ST6,2025-01-23 14:00:00,30,4.633333333333334,0.49013251785356093,1
M1,ST6,2025-01-23 15:00:00,8,5.625,1.5979898086569353,5
M1,ST6,2025-01-23 16:00:00,47,5.872340425531915,1.1154453444134895,6
M1,ST6,2025-01-23 17:00:00,23,4.478260869565218,1.1626601636447693,4
M1,ST6,2025-01-23 18:00:00,39,5.846153846153846,1.2468584003187149,6
M1,ST6,2025-01-23 19:00:00,27,6.074074074074074,1.1410496492240387,6
M1,ST6,2025-01-23 20:00:00,50,6.4,0.6060915267313265,3
M1,ST6,2025-01-23 21:00:00,18,4.777777777777778,0.7320844981409598,3
M1,ST6,2025-01-23 22:00:00,19,4.684210526315789,0.47756693294091934,1
M1,ST6,2025-01-23 23:00:00,43,5.372093023255814,0.7566610807624787,3
M1,ST6,2025-01-24 00:00:00,23,4.913043478260869,0.5964320793656581,3
M1,ST6,2025-01-24 01:00:00,25,5.88,1.0535653752852738,5
M1,ST6,2025-01-24 02:00:00,32,5.84375,0.9196554403863753,4
M1,ST6,2025-01-24 03:00:00,12,4.916666666666667,0.28867513459481287,1
M1,ST6,2025-01-24 04:00:00,14,4.857142857142857,1.292412345317728,6
M1,ST6,2025-01-24 05:00:00,10,5.9,1.7919573407620815,6
M1,ST6,2025-01-24 06:00:00,26,4.923076923076923,0.6275716324421889,3
M1,ST6,2025-01-24 07:00:00,45,5.6,1.0090499582190258,4
M1,ST6,2025-01-24 08:00:00,13,5.769230769230769,1.739436985245808,5
M1,ST6,2025-01-24 09:00:00,42,6.5,0.5060608273474739,1
M1,ST6,2025-01-24 10:00:00,29,5.206896551724138,0.5592923044110287,3
M1,ST6,2025-01-24 11:00:00,10,4.3,0.9486832980505137,3
M1,ST6,2025-01-24 12:00:00,28,6.035714285714286,1.1379690439434391,5
M1,ST6,2025-01-24 13:00:00,39,6.3076923076923075,0.6136108038679581,3
M1,ST6,2025-01-24 14:00:00,31,6.258064516129032,0.9297935948543947,5
M1,ST6,2025-01-24 15:00:00,8,4.625,1.9226098333849673,6
M1,ST6,2025-01-24 16:00:00,11,4.090909090909091,1.3751033019046575,4
M1,ST6,2025-01-24 17:00:00,24,4.666666666666667,0.48154341234307685,1
M1,ST6,2025-01-24 18:00:00,40,5.1,0.744208407535251,3
M1,ST6,2025-01-24 19:00:00,60,5.083333333333333,0.6960339624157418,3
M1,ST6,2025-01-24 20:00:00,35,6.0285714285714285,0.9544235798364896,3
M1,ST6,2025-01-24 21:00:00,36,6.277777777777778,0.6594851286576785,3
M1,ST6,2025-01-24 22:00:00,5,6.0,0.0,0
M1,ST6,2025-01-24 23:00:00,35,6.314285714285714,0.9000466841300208,5
M1,ST6,2025-01-25 00:00:00,19,5.2105263157894735,0.787326514818136,3
M1,ST6,2025-01-25 01:00:00,3,5.0,1.7320508075688772,3
M1,ST6,2025-01-25 02:00:00,29,6.103448275862069,1.3975700234490396,6
M1,ST6,2025-01-25 03:00:00,9,4.444444444444445,1.4240006242195884,5
M1,ST6,2025-01-25 04:00:00,12,5.0,1.954016841836789,6
M1,ST6,2025-01-25 05:00:00,3,6.333333333333333,0.5773502691896257,1
M1,ST6,2025-01-25 06:00:00,43,5.3023255813953485,0.5578395280830468,3
M1,ST6,2025-01-25 07:00:00,46,6.0,0.7888106377466159,2
M1,ST6,2025-01-25 08:00:00,52,6.3076923076923075,0.7012163532443574,4
M1,ST6,2025-01-25 09:00:00,29,6.310344827586207,0.9674505626299491,5
M1,ST6,2025-01-25 10:00:00,21,6.428571428571429,0.50709255283711,1
M1,ST6,2025-01-25 11:00:00,17,6.411764705882353,0.5072996561958922,1
M1,ST6,2025-01-25 12:00:00,27,5.37037037037037,1.1485157025867427,6
M1,ST6,2025-01-25 13:00:00,19,5.473684210526316,1.5408663166699288,5
M1,ST6,2025-01-25 14:00:00,6,5.333333333333333,1.505545305418162,4
M1,ST6,2025-01-25 15:00:00,11,5.545454545454546,0.6875516509523286,2
M1,ST6,2025-01-25 16:00:00,34,5.264705882352941,0.9312365038082192,6
M1,ST6,2025-01-25 17:00:00,54,6.148148148148148,0.8775482012758867,5
M1,ST6,2025-01-25 18:00:00,6,5.666666666666667,1.3662601021279464,4
M1,ST6,2025-01-25 19:00:00,23,5.826086956521739,1.7228985595908761,6
M1,ST6,2025-01-25 20:00:00,26,5.730769230769231,1.0414486951431576,3
M1,ST6,2025-01-25 21:00:00,32,6.3125,1.1198358174592005,6
M1,ST6,2025-01-25 22:00:00,8,5.625,1.9955307206712847,5
M1,ST6,2025-01-25 23:00:00,37,6.135135135135135,0.673389525797256,2
M1,ST6,2025-01-26 00:00:00,11,5.7272727272727275,0.9045340337332909,3
M1,ST6,2025-01-26 01:00:00,47,6.340425531914893,0.5223939769561255,2
M1,ST6,2025-01-26 02:00:00,16,4.75,0.5773502691896258,2
M1,ST6,2025-01-26 03:00:00,21,5.0,1.224744871391589,5
M1,ST6,2025-01-26 04:00:00,26,5.076923076923077,1.1286479317511522,6
M1,ST6,2025-01-26 05:00:00,27,5.555555555555555,0.9740215340114143,3
M1,ST6,2025-01-26 06:00:00,6,5.0,2.3664319132398464,5
M1,ST6,2025-01-26 07:00:00,14,5.642857142857143,1.4468609447374663,5
M1,ST6,2025-01-26 08:00:00,18,5.666666666666667,0.9074852129730301,3
M1,ST6,2025-01-26 09:00:00,14,4.714285714285714,1.4898926873369838,6
M1,ST6,2025-01-26 10:00:00,18,5.388888888888889,0.9164438231805329,3
M1,ST6,2025-01-26 11:00:00,16,6.5625,0.51234753829798,1
M1,ST6,2025-01-26 12:00:00,36,5.194444444444445,1.009085709072311,3
M1,ST6,2025-01-26 13:00:00,32,5.1875,0.8957786304878614,3
M1,ST6,2025-01-26 14:00:00,30,6.3,0.7022132498578062,3
M1,ST6,2025-01-26 15:00:00,8,6.375,0.5175491695067657,1
M1,ST6,2025-01-26 16:00:00,14,5.285714285714286,1.3259870882635918,5
M1,ST6,2025-01-26 17:00:00,38,6.2894736842105265,1.0109640765890884,6
M1,ST6,2025-01-26 18:00:00,16,6.25,0.6831300510639732,2
M1,ST6,2025-01-26 19:00:00,6,6.0,1.5491933384829668,4
M1,ST6,2025-01-26 20:00:00,21,5.380952380952381,0.5895922723535711,2
M1,ST6,2025-01-26 21:00:00,9,6.111111111111111,1.2692955176439846,4
M1,ST6,2025-01-26 22:00:00,18,6.277777777777778,0.9582800496695999,4
M1,ST6,2025-01-26 23:00:00,45,5.688888888888889,1.124565011302799,6
M1,ST6,2025-01-27 00:00:00,49,6.387755102040816,0.49228745543179364,1
M1,ST6,2025-01-27 01:00:00,37,6.45945945945946,0.5052279240652235,1
M1,ST6,2025-01-27 02:00:00,38,5.7105263157894735,0.9560022259626378,5
M1,ST6,2025-01-27 03:00:00,11,6.454545454545454,0.5222329678670935,1
M1,ST6,2025-01-27 04:00:00,20,6.15,0.8750939799154207,4
M1,ST6,2025-01-27 05:00:00,48,5.0625,0.31999002644031976,2
M1,ST6,2025-01-27 06:00:00,9,5.222222222222222,1.5634719199411433,5
M1,ST6,2025-01-27 07:00:00,32,5.03125,0.8224422717264603,5
M1,ST6,2025-01-27 08:00:00,12,6.333333333333333,0.4923659639173309,1
M1,ST6,2025-01-27 09:00:00,60,6.066666666666666,0.7782350014707153,3
M1,ST6,2025-01-27 10:00:00,14,5.0,0.0,0
M1,ST6,2025-01-27 11:00:00,36,6.361111111111111,0.48713610757321957,1
M1,ST6,2025-01-27 12:00:00,27,5.37037037037037,0.7916947813271394,3
M1,ST6,2025-01-27 13:00:00,20,6.0,1.337712108119877,6
M1,ST6,2025-01-27 14:00:00,17,5.529411764705882,1.1245914290767742,3
M1,ST6,2025-01-27 15:00:00,14,6.071428571428571,1.328057326976612,5
M1,ST6,2025-01-27 16:00:00,17,6.0588235294117645,1.2485285456935955,4
M1,ST6,2025-01-27 17:00:00,21,6.095238095238095,0.8309489698388166,3
M1,ST6,2025-01-27 18:00:00,23,6.173913043478261,0.6503267649311159,2
M1,ST6,2025-01-27 19:00:00,21,6.095238095238095,0.8890872794479688,4
M1,ST6,2025-01-27 20:00:00,22,6.136363636363637,0.6396021490668311,2
M1,ST6,2025-01-27 21:00:00,42,6.309523809523809,0.7152722571568847,3
M1,ST6,2025-01-27 22:00:00,55,6.4363636363636365,0.5005047956863656,1
M1,ST6,2025-01-27 23:00:00,39,6.153846153846154,1.1364409248652134,6
M1,ST6,2025-01-28 00:00:00,16,4.3125,1.0144785195688801,4
M1,ST6,2025-01-28 01:00:00,32,5.8125,1.1198358174592011,5
M1,ST6,2025-01-28 02:00:00,20,5.6,0.9947229183096801,4
M1,ST6,2025-01-28 03:00:00,24,4.75,1.03209369308428,5
M1,ST6,2025-01-28 04:00:00,58,4.758620689655173,0.7793462133520521,5
M1,ST6,2025-01-28 05:00:00,7,4.428571428571429,1.5118578920369088,4
M1,ST6,2025-01-28 06:00:00,14,4.857142857142857,1.4600918230947433,5
M1,ST6,2025-01-28 07:00:00,18,5.666666666666667,1.455213750217998,6
M1,ST6,2025-01-28 08:00:00,17,5.411764705882353,1.4168108346481794,6
M1,ST6,2025-01-28 09:00:00,13,6.153846153846154,1.0681880176381129,4
M1,ST6,2025-01-28 10:00:00,11,5.909090909090909,0.7006490497453709,2
M1,ST6,2025-01-28 11:00:00,54,5.111111111111111,0.41964345453112656,2
M1,ST6,2025-01-28 12:00:00,14,4.571428571428571,0.9376144618769908,4
M1,ST6,2025-01-28 13:00:00,15,4.266666666666667,1.3870146083619754,5
M1,ST6,2025-01-28 14:00:00,9,5.777777777777778,1.8559214542766742,6
M1,ST6,2025-01-28 15:00:00,21,5.857142857142857,1.152636728796818,5
M1,ST6,2025-01-28 16:00:00,6,5.666666666666667,1.3662601021279466,4
M1,ST6,2025-01-28 17:00:00,23,6.260869565217392,0.688700443150182,3
M1,ST6,2025-01-28 18:00:00,26,5.846153846153846,1.515052677428945,6
M1,ST6,2025-01-28 19:00:00,7,5.285714285714286,2.138089935299395,6
M1,ST6,2025-01-28 20:00:00,3,5.0,1.7320508075688772,3
M1,ST6,2025-01-28 21:00:00,15,5.933333333333334,1.3345232785352157,5
M1,ST6,2025-01-28 22:00:00,37,4.945945945945946,1.1041826022987407,6
M1,ST6,2025-01-28 23:00:00,34,4.647058823529412,0.7739059899518949,4
M1,ST6,2025-01-29 00:00:00,25,4.72,0.8426149773176358,4
M1,ST6,2025-01-29 01:00:00,16,5.625,0.806225774829855,2
M1,ST6,2025-01-29 02:00:00,23,5.3478260869565215,0.8316847989130759,3
M1,ST6,2025-01-29 03:00:00,3,5.0,2.6457513110645907,5
M1,ST6,2025-01-29 04:00:00,20,6.05,1.3168942730211066,6
M1,ST6,2025-01-29 05:00:00,30,5.6,1.2205143065174586,6
M1,ST6,2025-01-29 06:00:00,9,4.444444444444445,2.0682789409984763,6
M1,ST6,2025-01-29 07:00:00,51,6.490196078431373,0.5048781642974013,1
M1,ST6,2025-01-29 08:00:00,29,5.448275862068965,0.7831350411077503,3
M1,ST6,2025-01-29 09:00:00,26,5.0,0.0,0
M1,ST6,2025-01-29 10:00:00,27,4.962962962962963,0.436901809201096,2
M1,ST6,2025-01-29 11:00:00,22,5.636363636363637,1.093071450000042,4
M1,ST6,2025-01-29 12:00:00,7,5.142857142857143,1.864454471471609,5
M1,ST6,2025-01-29 13:00:00,39,5.461538461538462,0.6426161105878406,2
M1,ST6,2025-01-29 14:00:00,5,6.0,1.7320508075688772,4
M1,ST6,2025-01-29 15:00:00,30,5.8,0.7611243951073869,2
M1,ST6,2025-01-29 16:00:00,25,5.36,0.8602325267042628,4
M1,ST6,2025-01-29 18:00:00,28,6.285714285714286,1.0131411680782825,5
M1,ST6,2025-01-29 19:00:00,22,4.5,0.9128709291752769,3
M1,ST6,2025-01-29 20:00:00,33,5.666666666666667,0.7359800721939876,2
M1,ST6,2025-01-29 21:00:00,25,5.92,1.0376254944182253,3
M1,ST6,2025-01-29 22:00:00,15,5.0,1.4638501094227998,6
M1,ST6,2025-01-29 23:00:00,8,5.625,1.9226098333849675,6
M1,ST6,2025-01-30 00:00:00,16,6.0,1.5491933384829668,6
M1,ST6,2025-01-30 01:00:00,44,5.136363636363637,1.0694686594429288,6
M1,ST6,2025-01-30 02:00:00,23,4.869565217391305,1.4864340436117258,6
M1,ST6,2025-01-30 03:00:00,45,6.288888888888889,0.7574545357560241,3
M1,ST6,2025-01-30 04:00:00,31,5.774193548387097,1.0554517964472159,3
M1,ST6,2025-01-30 05:00:00,34,5.0588235294117645,0.23883257361061283,1
M1,ST6,2025-01-30 06:00:00,22,5.363636363636363,1.2167659925061518,5
M1,ST6,2025-01-30 07:00:00,12,6.166666666666667,0.834847109936722,2
M1,ST6,2025-01-30 08:00:00,22,5.0,1.2724180205607036,6
M1,ST6,2025-01-30 09:00:00,9,5.888888888888889,1.0540925533894598,3
M1,ST6,2025-01-30 10:00:00,23,6.304347826086956,0.764840007553312,3
M1,ST6,2025-01-30 11:00:00,7,6.428571428571429,0.5345224838248489,1
M1,ST6,2025-01-30 12:00:00,31,5.419354838709677,0.9924445760641443,3
M1,ST6,2025-01-30 13:00:00,12,5.583333333333333,0.6685579234215215,2
M1,ST6,2025-01-30 14:00:00,29,5.379310344827586,0.561489925074877,2
M1,ST6,2025-01-30 15:00:00,32,5.1875,1.2556324713967084,5
M1,ST6,2025-01-30 16:00:00,19,5.105263157894737,0.5671308728156005,2
M1,ST6,2025-01-30 17:00:00,7,5.142857142857143,0.6900655593423541,2
M1,ST6,2025-01-30 18:00:00,25,6.28,1.021436896402971,5
M1,ST6,2025-01-30 19:00:00,7,6.428571428571429,0.5345224838248488,1
M1,ST6,2025-01-30 20:00:00,46,6.413043478260869,0.5406205059012894,2
M1,ST6,2025-01-30 21:00:00,25,5.92,1.552417469626002,6
M1,ST6,2025-01-30 22:00:00,21,6.238095238095238,0.8890872794479687,4
M1,ST6,2025-01-30 23:00:00,26,5.384615384615385,1.0228166239135177,5
M1,ST6,2025-01-31 00:00:00,13,5.769230769230769,1.9644272343292228,6
M1,ST6,2025-01-31 01:00:00,9,6.111111111111111,1.2692955176439846,4
M1,ST6,2025-01-31 02:00:00,13,5.769230769230769,1.832750490103429,6
M1,ST6,2025-01-31 03:00:00,45,6.2,0.7567874686642696,4
M1,ST6,2025-01-31 04:00:00,7,5.714285714285714,1.2535663410560176,4
M1,ST6,2025-01-31 05:00:00,14,4.857142857142857,0.7703288865196432,3
M1,ST7,2025-01-01 06:00:00,60,6.533333333333333,0.5357290823891439,2
M1,ST7,2025-01-01 07:00:00,26,6.461538461538462,0.5817744738827395,2
M1,ST7,2025-01-01 08:00:00,43,6.441860465116279,0.7336252313453001,4
M1,ST7,2025-01-01 09:00:00,39,6.3076923076923075,0.6136108038679581,3
M1,ST7,2025-01-01 10:00:00,26,6.115384615384615,0.9519211344191526,5
M1,ST7,2025-01-01 11:00:00,60,6.466666666666667,0.5030977485864634,1
M1,ST7,2025-01-01 12:00:00,11,5.454545454545454,2.252271580588645,6
M1,ST7,2025-01-01 13:00:00,27,4.62962962962963,0.8388704928078613,4
M1,ST7,2025-01-01 14:00:00,12,6.25,0.621581560508061,2
M1,ST7,2025-01-01 15:00:00,27,5.111111111111111,0.9336995618478525,5
M1,ST7,2025-01-01 16:00:00,7,5.857142857142857,1.0690449676496978,3
M1,ST7,2025-01-01 17:00:00,23,5.434782608695652,1.0368697190241642,4
M1,ST7,2025-01-01 18:00:00,44,6.386363636363637,0.841258998111015,5
M1,ST7,2025-01-01 19:00:00,52,6.346153846153846,0.8137209471242819,5
M1,ST7,2025-01-01 20:00:00,11,6.090909090909091,1.1361818036340359,4
M1,ST7,2025-01-01 21:00:00,33,6.212121212121212,1.2185435916898848,6
M1,ST7,2025-01-01 22:00:00,27,6.444444444444445,0.5063696835418333,1
M1,ST7,2025-01-01 23:00:00,22,5.590909090909091,0.8540709744729822,3
M1,ST7,2025-01-02 00:00:00,11,4.818181818181818,0.873862897505303,3
M1,ST7,2025-01-02 01:00:00,23,4.391304347826087,1.0330506647252728,4
M1,ST7,2025-01-02 02:00:00,22,4.909090909090909,1.191601200030203,5
M1,ST7,2025-01-02 03:00:00,30,5.4,1.2205143065174588,5
M1,ST7,2025-01-02 04:00:00,37,6.45945945945946,0.5052279240652235,1
M1,ST7,2025-01-02 05:00:00,29,6.172413793103448,1.2555296411486891,5
M1,ST7,2025-01-02 06:00:00,14,6.428571428571429,0.646206172658864,2
M1,ST7,2025-01-02 07:00:00,12,6.0,0.8528028654224414,3
M1,ST7,2025-01-02 08:00:00,6,5.333333333333333,1.632993161855452,4
M1,ST7,2025-01-02 09:00:00,31,6.129032258064516,0.6187048560701064,2
M1,ST7,2025-01-02 10:00:00,4,5.0,2.70801280154532,6
M1,ST7,2025-01-02 11:00:00,9,5.666666666666667,1.3228756555322951,4
M1,ST7,2025-01-02 12:00:00,6,4.666666666666667,2.160246899469287,5
M1,ST7,2025-01-02 13:00:00,32,4.8125,0.39655776945626603,1
M1,ST7,2025-01-02 14:00:00,24,6.125,0.8998792189486612,3
M1,ST7,2025-01-02 15:00:00,32,6.28125,0.9240295694193399,5
M1,ST7,2025-01-02 16:00:00,22,5.7727272727272725,1.192509086790504,5
M1,ST7,2025-01-02 17:00:00,47,5.319148936170213,1.0653920074365646,5
M1,ST7,2025-01-02 18:00:00,22,6.2272727272727275,0.6853444168423418,3
M1,ST7,2025-01-02 19:00:00,17,5.352941176470588,0.6063390625908326,2
M1,ST7,2025-01-02 20:00:00,33,5.575757575757576,0.830297500534562,3
M1,ST7,2025-01-02 21:00:00,6,5.0,2.0,5
M1,ST7,2025-01-02 22:00:00,29,4.413793103448276,1.086187348326717,5
M1,ST7,2025-01-02 23:00:00,10,5.2,0.4216370213557841,1
M1,ST7,2025-01-03 00:00:00,45,6.355555555555555,0.9571633173923957,6
M1,ST7,2025-01-03 01:00:00,17,5.823529411764706,1.5904124511289144,6
M1,ST7,2025-01-03 02:00:00,21,5.0476190476190474,0.3842122429322726,2
M1,ST7,2025-01-03 03:00:00,25,6.0,1.0,5
M1,ST7,2025-01-03 04:00:00,10,5.9,0.8755950357709131,2
M1,ST7,2025-01-03 05:00:00,20,5.5,0.8271701918685113,3
M1,ST7,2025-01-03 06:00:00,60,6.483333333333333,0.5039392842990978,1
M1,ST7,2025-01-03 07:00:00,39,5.846153846153846,1.1130437533004411,6
M1,ST7,2025-01-03 08:00:00,28,4.857142857142857,0.7052336473499382,2
M1,ST7,2025-01-03 09:00:00,29,5.758620689655173,0.6894704186026255,2
M1,ST7,2025-01-03 10:00:00,24,5.583333333333333,0.9286112429750729,4
M1,ST7,2025-01-03 11:00:00,18,6.0,1.5718104959867516,6
M1,ST7,2025-01-03 12:00:00,39,6.384615384615385,0.7474653526694701,4
M1,ST7,2025-01-03 13:00:00,31,6.161290322580645,1.0983859125567963,5
M1,ST7,2025-01-03 14:00:00,36,6.194444444444445,1.1419142936176316,5
M1,ST7,2025-01-03 15:00:00,32,6.3125,0.7803018439949605,4
M1,ST7,2025-01-03 16:00:00,8,5.0,0.9258200997725514,3
M1,ST7,2025-01-03 17:00:00,1,4.0,,0
M1,ST7,2025-01-03 18:00:00,11,4.090909090909091,1.3751033019046572,4
M1,ST7,2025-01-03 19:00:00,1,5.0,,0
M1,ST7,2025-01-03 20:00:00,49,5.326530612244898,0.7184402985530767,3
M1,ST7,2025-01-03 21:00:00,31,5.064516129032258,0.24973103811470745,1
M1,ST7,2025-01-03 22:00:00,60,6.333333333333333,0.6806444271116838,2
M1,ST7,2025-01-03 23:00:00,17,6.352941176470588,0.9963167462326071,4
M1,ST7,2025-01-04 00:00:00,21,6.0,1.4142135623730951,5
M1,ST7,2025-01-04 01:00:00,23,6.0,0.9045340337332907,4
M1,ST7,2025-01-04 02:00:00,21,5.857142857142857,0.7928249671720919,3
M1,ST7,2025-01-04 03:00:00,23,5.434782608695652,1.2367878835009272,6
M1,ST7,2025-01-04 04:00:00,38,5.052631578947368,0.612807823191747,3
M1,ST7,2025-01-04 05:00:00,20,5.85,0.812727700887249,2
M1,ST7,2025-01-04 06:00:00,35,5.542857142857143,1.0387452029437514,5
M1,ST7,2025-01-04 07:00:00,25,6.0,1.0801234497346437,5
M1,ST7,2025-01-04 08:00:00,4,5.25,0.4999999999999999,1
M1,ST7,2025-01-04 09:00:00,59,5.745762711864407,0.8628984904335613,3
M1,ST7,2025-01-04 10:00:00,45,6.333333333333333,0.6741998624632423,3
M1,ST7,2025-01-04 11:00:00,32,6.34375,1.0957211500695228,6
M1,ST7,2025-01-04 12:00:00,9,5.444444444444445,2.0069324297987157,5
M1,ST7,2025-01-04 13:00:00,5,5.6,1.51657508881031,4
M1,ST7,2025-01-04 14:00:00,26,5.653846153846154,0.79711016514947,3
M1,ST7,2025-01-04 15:00:00,60,4.616666666666666,0.4903014177279,1
M1,ST7,2025-01-04 16:00:00,38,4.578947368421052,0.5517333348917078,2
M1,ST7,2025-01-04 17:00:00,7,5.857142857142857,1.7728105208558367,5
M1,ST7,2025-01-04 18:00:00,14,5.357142857142857,1.15072838853303,4
M1,ST7,2025-01-04 19:00:00,26,5.884615384615385,1.5317159809030676,7
M1,ST7,2025-01-04 20:00:00,32,5.3125,0.9651174088696289,3
M1,ST7,2025-01-04 21:00:00,3,4.666666666666667,0.5773502691896257,1
M1,ST7,2025-01-04 22:00:00,16,4.9375,1.8062391868188445,6
M1,ST7,2025-01-04 23:00:00,20,6.3,0.7326950970650465,2
M1,ST7,2025-01-05 00:00:00,28,5.071428571428571,1.1524071884721685,5
M1,ST7,2025-01-05 01:00:00,55,6.0,0.9229582069908971,3
M1,ST7,2025-01-05 02:00:00,11,5.636363636363637,1.7477257950106058,6
M1,ST7,2025-01-05 03:00:00,36,4.972222222222222,0.8101538164751227,2
M1,ST7,2025-01-05 04:00:00,16,5.375,1.0878112581387147,3
M1,ST7,2025-01-05 05:00:00,53,5.754716981132075,1.124989920935337,6
M1,ST7,2025-01-05 06:00:00,2,3.5,2.1213203435596424,3
M1,ST7,2025-01-05 07:00:00,10,6.0,1.4907119849998598,5
M1,ST7,2025-01-05 08:00:00,52,5.0,0.19802950859533483,2
M1,ST7,2025-01-05 09:00:00,20,5.05,0.22360679774997894,1
M1,ST7,2025-01-05 10:00:00,7,4.571428571428571,1.6183471874253743,5
M1,ST7,2025-01-05 11:00:00,51,4.588235294117647,0.5357787076110917,2
M1,ST7,2025-01-05 12:00:00,24,4.583333333333333,0.9743076322798877,5
M1,ST7,2025-01-05 13:00:00,39,5.076923076923077,0.9565457422857625,3
M1,ST7,2025-01-05 14:00:00,57,5.333333333333333,0.9511897312113416,4
M1,ST7,2025-01-05 15:00:00,37,4.837837837837838,0.55344946138406,2
M1,ST7,2025-01-05 16:00:00,47,6.276595744680851,0.9487320522349924,6
M1,ST7,2025-01-05 17:00:00,3,5.0,1.7320508075688772,3
M1,ST7,2025-01-05 18:00:00,3,5.0,1.7320508075688772,3
M1,ST7,2025-01-05 19:00:00,3,5.0,2.6457513110645907,5
M1,ST7,2025-01-05 20:00:00,28,5.107142857142857,0.49734746139343783,2
M1,ST7,2025-01-05 21:00:00,33,5.0,1.1180339887498953,6
M1,ST7,2025-01-05 22:00:00,27,4.851851851851852,0.45604518194714877,2
M1,ST7,2025-01-05 23:00:00,23,5.173913043478261,1.192864158731316,6
M1,ST7,2025-01-06 00:00:00,19,5.684210526315789,0.5823927253578186,2
M1,ST7,2025-01-06 01:00:00,24,6.333333333333333,0.48154341234307674,1
M1,ST7,2025-01-06 02:00:00,19,6.105263157894737,1.0485300208760657,4
M1,ST7,2025-01-06 03:00:00,55,6.381818181818182,0.7815205760403309,5
M1,ST7,2025-01-06 04:00:00,10,5.6,1.1737877907772671,4
M1,ST7,2025-01-06 05:00:00,21,6.238095238095238,1.1359912809859902,6
M1,ST7,2025-01-06 06:00:00,31,6.387096774193548,0.5584155773160767,2
M1,ST7,2025-01-06 07:00:00,16,4.6875,1.138346754435279,5
M1,ST7,2025-01-06 08:00:00,59,4.728813559322034,0.48531925058191183,2
M1,ST7,2025-01-06 09:00:00,48,4.9375,0.5221172119157949,2
M1,ST7,2025-01-06 10:00:00,13,5.0,0.0,0
M1,ST7,2025-01-06 11:00:00,10,5.5,1.0801234497346435,3
M1,ST7,2025-01-06 12:00:00,24,6.166666666666667,1.2394482175782782,5
M1,ST7,2025-01-06 13:00:00,30,6.233333333333333,1.1351236704106018,6
M1,ST7,2025-01-06 14:00:00,8,5.625,1.1877349391654208,4
M1,ST7,2025-01-06 15:00:00,25,6.36,0.7,2
M1,ST7,2025-01-06 16:00:00,16,5.625,1.3601470508735447,4
M1,ST7,2025-01-06 17:00:00,19,6.315789473684211,0.7492686492653552,3
M1,ST7,2025-01-06 18:00:00,13,6.076923076923077,1.6052797503622467,6
M1,ST7,2025-01-06 19:00:00,23,6.3478260869565215,0.48698475355767407,1
M1,ST7,2025-01-06 20:00:00,41,5.609756097560975,0.996946557757431,6
M1,ST7,2025-01-06 21:00:00,11,5.363636363636363,0.674199862463242,2
M1,ST7,2025-01-06 22:00:00,24,5.291666666666667,0.9545846657358223,5
M1,ST7,2025-01-06 23:00:00,24,5.916666666666667,0.6538625481582945,2
M1,ST7,2025-01-07 00:00:00,30,5.9,1.3733924772444783,6
M1,ST7,2025-01-07 01:00:00,35,5.828571428571428,1.0427823157223146,5
M1,ST7,2025-01-07 02:00:00,14,5.714285714285714,1.8575654633281302,6
M1,ST7,2025-01-07 03:00:00,31,6.064516129032258,1.0625592962581034,5
M1,ST7,2025-01-07 04:00:00,28,6.25,0.9670497325294006,5
M1,ST7,2025-01-07 05:00:00,6,4.5,2.7386127875258306,6
M1,ST7,2025-01-07 06:00:00,20,5.3,0.8013147091860316,4
M1,ST7,2025-01-07 07:00:00,16,5.125,0.3415650255319866,1
M1,ST7,2025-01-07 08:00:00,43,5.209302325581396,1.103201823587095,6
M1,ST7,2025-01-07 09:00:00,3,5.0,2.6457513110645907,5
M1,ST7,2025-01-07 10:00:00,13,5.538461538461538,0.9674179220468458,3
M1,ST7,2025-01-07 11:00:00,41,5.2682926829268295,1.02528996493437,6
M1,ST7,2025-01-07 12:00:00,30,6.133333333333334,1.166584561971349,6
M1,ST7,2025-01-07 13:00:00,33,6.181818181818182,0.8461141122266492,4
M1,ST7,2025-01-07 14:00:00,13,5.923076923076923,1.5525000516123697,6
M1,ST7,2025-01-07 15:00:00,39,6.282051282051282,0.604749532700063,3
M1,ST7,2025-01-07 16:00:00,8,5.375,1.8468119248354138,5
M1,ST7,2025-01-07 17:00:00,22,5.2272727272727275,0.8691439785278705,3
M1,ST7,2025-01-07 18:00:00,28,5.0,0.27216552697590857,2
M1,ST7,2025-01-07 19:00:00,20,5.5,1.4327007988227578,6
M1,ST7,2025-01-07 20:00:00,31,6.129032258064516,1.2039361966447384,6
M1,ST7,2025-01-07 21:00:00,23,5.695652173913044,0.9261249968991353,3
M1,ST7,2025-01-07 22:00:00,6,5.0,1.0954451150103321,3
M1,ST7,2025-01-07 23:00:00,31,5.225806451612903,1.1462890100771517,5
M1,ST7,2025-01-08 00:00:00,47,5.0,0.9088932591463855,5
M1,ST7,2025-01-08 01:00:00,29,6.0,1.336306209562122,6
M1,ST7,2025-01-08 02:00:00,9,5.333333333333333,2.0,6
M1,ST7,2025-01-08 03:00:00,6,6.5,0.5477225575051661,1
M1,ST7,2025-01-08 04:00:00,27,5.481481481481482,0.752961862879899,3
M1,ST7,2025-01-08 05:00:00,15,5.6,0.6324555320336759,2
M1,ST7,2025-01-08 06:00:00,16,6.3125,0.6020797289396147,2
M1,ST7,2025-01-08 07:00:00,44,5.545454545454546,1.3198757068780245,6
M1,ST7,2025-01-08 08:00:00,38,5.947368421052632,1.0120188124801122,4
M1,ST7,2025-01-08 09:00:00,8,5.625,1.597989808656935,5
M1,ST7,2025-01-08 10:00:00,6,5.0,2.1908902300206643,6
M1,ST7,2025-01-08 11:00:00,15,6.4,0.50709255283711,1
M1,ST7,2025-01-08 12:00:00,46,5.195652173913044,0.5819341397402022,3
M1,ST7,2025-01-08 13:00:00,23,4.826086956521739,0.3875533878815898,1
M1,ST7,2025-01-08 14:00:00,34,4.617647058823529,0.6520227678843524,3
M1,ST7,2025-01-08 15:00:00,19,5.315789473684211,0.671038298207203,3
M1,ST7,2025-01-08 16:00:00,29,5.068965517241379,0.45755830875564935,2
M1,ST7,2025-01-08 17:00:00,25,6.16,0.7461009761866464,2
M1,ST7,2025-01-08 18:00:00,18,5.888888888888889,1.843554395849907,6
M1,ST7,2025-01-08 19:00:00,31,4.935483870967742,1.181397022482782,6
M1,ST7,2025-01-08 20:00:00,10,4.5,1.2692955176439846,4
M1,ST7,2025-01-08 21:00:00,17,5.294117647058823,1.4037764192684383,5
M1,ST7,2025-01-08 22:00:00,25,6.16,1.1789826122551597,6
M1,ST7,2025-01-08 23:00:00,19,6.2631578947368425,0.7334928056269077,3
M1,ST7,2025-01-09 00:00:00,22,4.7727272727272725,1.0660035817780522,5
M1,ST7,2025-01-09 01:00:00,34,4.823529411764706,0.3869529949759475,1
M1,ST7,2025-01-09 02:00:00,22,4.7272727272727275,1.202450600185906,6
M1,ST7,2025-01-09 03:00:00,40,5.2,0.790974731354312,5
M1,ST7,2025-01-09 04:00:00,16,5.0,0.6324555320336759,3
M1,ST7,2025-01-09 05:00:00,3,5.0,2.6457513110645907,5
M1,ST7,2025-01-09 06:00:00,13,6.3076923076923075,0.48038446141526137,1
M1,ST7,2025-01-09 07:00:00,13,6.076923076923077,1.3204505835470495,5
M1,ST7,2025-01-09 08:00:00,38,5.5,1.0842857905901355,6
M1,ST7,2025-01-09 09:00:00,29,5.793103448275862,0.7736421443326919,2
M1,ST7,2025-01-09 10:00:00,22,5.363636363636363,0.4923659639173309,1
M1,ST7,2025-01-09 11:00:00,50,5.5,0.8390957231764807,5
M1,ST7,2025-01-09 12:00:00,19,6.526315789473684,0.512989176042577,1
M1,ST7,2025-01-09 13:00:00,20,5.1,1.1192102478745307,5
M1,ST7,2025-01-09 14:00:00,12,4.583333333333333,1.2401124093721456,5
M1,ST7,2025-01-09 15:00:00,3,5.0,2.6457513110645907,5
M1,ST7,2025-01-09 16:00:00,42,5.738095238095238,0.7981540840764966,3
M1,ST7,2025-01-09 17:00:00,28,5.142857142857143,0.44839513942303283,2
M1,ST7,2025-01-09 18:00:00,19,5.421052631578948,1.0706067580626217,4
M1,ST7,2025-01-09 19:00:00,40,5.45,1.1082441645256378,6
M1,ST7,2025-01-09 20:00:00,8,5.125,2.295181287579947,6
M1,ST7,2025-01-09 21:00:00,5,6.0,0.7071067811865476,2
M1,ST7,2025-01-09 22:00:00,22,6.409090909090909,0.5032362797401965,1
M1,ST7,2025-01-09 23:00:00,21,5.238095238095238,0.8890872794479685,4
M1,ST7,2025-01-10 00:00:00,27,5.148148148148148,0.36201399289824565,1
M1,ST7,2025-01-10 01:00:00,40,5.525,0.9604352645732553,4
M1,ST7,2025-01-10 02:00:00,14,5.571428571428571,1.157868447043679,4
M1,ST7,2025-01-10 03:00:00,6,4.5,1.8708286933869707,5
M1,ST7,2025-01-10 04:00:00,46,5.913043478260869,1.029046742411458,6
M1,ST7,2025-01-10 05:00:00,24,5.208333333333333,1.0206207261596578,4
M1,ST7,2025-01-10 06:00:00,32,5.3125,0.895778630487862,3
M1,ST7,2025-01-10 07:00:00,32,6.25,0.9158109397792511,5
M1,ST7,2025-01-10 08:00:00,16,6.0625,0.7719024117939607,3
M1,ST7,2025-01-10 09:00:00,10,5.7,1.0593499054713804,3
M1,ST7,2025-01-10 10:00:00,16,5.5,0.5163977794943222,1
M1,ST7,2025-01-10 11:00:00,32,5.0625,1.0453429750487981,6
M1,ST7,2025-01-10 12:00:00,29,6.310344827586207,0.8063785124981439,4
M1,ST7,2025-01-10 13:00:00,29,6.137931034482759,1.5053271578685972,6
M1,ST7,2025-01-10 14:00:00,3,5.0,2.6457513110645907,5
M1,ST7,2025-01-10 15:00:00,34,5.029411764705882,1.3139183618762542,6
M1,ST7,2025-01-10 16:00:00,56,5.089285714285714,0.3451895771251562,2
M1,ST7,2025-01-10 17:00:00,28,5.892857142857143,0.6852566815265068,2
M1,ST7,2025-01-10 18:00:00,29,5.655172413793103,1.1733913629477566,6
M1,ST7,2025-01-10 19:00:00,13,5.076923076923077,1.3204505835470495,5
M1,ST7,2025-01-10 20:00:00,12,6.5,0.5222329678670935,1
M1,ST7,2025-01-10 21:00:00,17,6.470588235294118,0.5144957554275266,1
M1,ST7,2025-01-10 22:00:00,42,5.214285714285714,0.6062968075252672,3
M1,ST7,2025-01-10 23:00:00,28,5.571428571428571,0.9200874124564724,4
M1,ST7,2025-01-11 00:00:00,22,6.363636363636363,0.49236596391733084,1
M1,ST7,2025-01-11 01:00:00,12,6.333333333333333,0.492365963917331,1
M1,ST7,2025-01-11 02:00:00,28,6.321428571428571,0.6696362433535825,3
M1,ST7,2025-01-11 03:00:00,19,6.105263157894737,1.1002392084403616,5
M1,ST7,2025-01-11 04:00:00,11,5.454545454545454,1.8090680674665818,6
M1,ST7,2025-01-11 05:00:00,10,6.0,0.816496580927726,3
M1,ST7,2025-01-11 06:00:00,12,6.333333333333333,0.4923659639173309,1
M1,ST7,2025-01-11 07:00:00,49,4.816326530612245,0.5273151092940501,3
M1,ST7,2025-01-11 08:00:00,3,5.0,1.7320508075688772,3
M1,ST7,2025-01-11 09:00:00,28,6.357142857142857,0.9893613995077729,5
M1,ST7,2025-01-11 10:00:00,17,6.470588235294118,0.5144957554275266,1
M1,ST7,2025-01-11 11:00:00,52,6.173076923076923,0.8336349378793404,4
M1,ST7,2025-01-11 12:00:00,8,6.0,1.0690449676496976,3
M1,ST7,2025-01-11 13:00:00,32,5.15625,1.1670026397957818,5
M1,ST7,2025-01-11 14:00:00,36,6.055555555555555,0.9839989676081821,5
M1,ST7,2025-01-11 15:00:00,44,6.090909090909091,0.910358524267297,5
M1,ST7,2025-01-11 16:00:00,58,5.344827586206897,0.6636349698898771,4
M1,ST7,2025-01-11 17:00:00,20,5.8,0.9514531821875087,4
M1,ST7,2025-01-11 18:00:00,7,5.0,0.0,0
M1,ST7,2025-01-11 19:00:00,53,5.09433962264151,0.8607722593336266,6
M1,ST7,2025-01-11 20:00:00,28,4.714285714285714,0.8099905283919411,4
M1,ST7,2025-01-11 21:00:00,15,6.066666666666666,1.486446705914413,6
M1,ST7,2025-01-11 22:00:00,18,5.888888888888889,1.323493100445977,5
M1,ST7,2025-01-11 23:00:00,42,5.190476190476191,0.5942035143723493,3
M1,ST7,2025-01-12 00:00:00,16,5.1875,1.8337120820892248,6
M1,ST7,2025-01-12 01:00:00,44,5.863636363636363,1.1531737619103908,6
M1,ST7,2025-01-12 02:00:00,47,6.361702127659575,0.7048136329337619,4
M1,ST7,2025-01-12 03:00:00,41,5.853658536585366,0.8234371745845606,4
M1,ST7,2025-01-12 04:00:00,50,5.86,0.9691148917798075,6
M1,ST7,2025-01-12 05:00:00,37,5.297297297297297,1.1753218203459774,5
M1,ST7,2025-01-12 06:00:00,12,3.9166666666666665,1.6213537179739277,4
M1,ST7,2025-01-12 07:00:00,6,5.666666666666667,1.9663841605003503,5
M1,ST7,2025-01-12 08:00:00,20,6.4,0.5026246899500345,1
M1,ST7,2025-01-12 09:00:00,22,6.5,0.5117663157191589,1
M1,ST7,2025-01-12 10:00:00,36,6.25,1.0522085616183028,5
M1,ST7,2025-01-12 11:00:00,46,5.3478260869565215,0.971079383512041,5
M1,ST7,2025-01-12 12:00:00,24,6.166666666666667,1.049499535665604,5
M1,ST7,2025-01-12 13:00:00,20,6.25,1.118033988749895,5
M1,ST7,2025-01-12 14:00:00,14,5.357142857142857,1.8649455697209982,6
M1,ST7,2025-01-12 15:00:00,59,5.220338983050848,0.5274465689615329,2
M1,ST7,2025-01-12 16:00:00,20,5.65,1.3088765773505318,6
M1,ST7,2025-01-12 17:00:00,40,6.175,1.1067971810589328,6
M1,ST7,2025-01-12 18:00:00,13,5.769230769230769,1.3634420996046581,5
M1,ST7,2025-01-12 19:00:00,23,4.695652173913044,0.9261249968991353,5
M1,ST7,2025-01-12 20:00:00,32,6.21875,0.8700899100741849,4
M1,ST7,2025-01-12 21:00:00,58,5.206896551724138,0.642326382840658,3
M1,ST7,2025-01-12 22:00:00,6,6.0,1.0954451150103321,3
M1,ST7,2025-01-12 23:00:00,19,5.473684210526316,1.3067525929498998,5
M1,ST7,2025-01-13 00:00:00,30,5.7,1.0221680811915896,3
M1,ST7,2025-01-13 01:00:00,17,4.882352941176471,1.2689736473414481,6
M1,ST7,2025-01-13 02:00:00,34,4.823529411764706,0.38695299497594743,1
M1,ST7,2025-01-13 03:00:00,18,5.166666666666667,1.6538724611187705,6
M1,ST7,2025-01-13 04:00:00,44,6.386363636363637,0.6181709363549139,3
M1,ST7,2025-01-13 05:00:00,32,6.25,0.7620007620011432,4
M1,ST7,2025-01-13 06:00:00,6,5.666666666666667,1.8618986725025257,5
M1,ST7,2025-01-13 07:00:00,35,6.142857142857143,1.191708046136675,5
M1,ST7,2025-01-13 09:00:00,35,5.771428571428571,1.031438580923987,3
M1,ST7,2025-01-13 10:00:00,5,5.2,2.3874672772626644,6
M1,ST7,2025-01-13 11:00:00,11,5.909090909090909,1.5782614139961386,5
M1,ST7,2025-01-13 12:00:00,16,4.625,1.2041594578792296,5
M1,ST7,2025-01-13 13:00:00,40,5.975,0.9469925405170164,4
M1,ST7,2025-01-13 14:00:00,33,6.303030303030303,0.9180430438182245,5
M1,ST7,2025-01-13 15:00:00,15,5.8,0.7745966692414834,2
M1,ST7,2025-01-13 16:00:00,28,6.25,0.799305253885453,4
M1,ST7,2025-01-13 17:00:00,27,5.592592592592593,0.693888666488711,2
M1,ST7,2025-01-13 18:00:00,8,5.125,2.03100960115899,6
M1,ST7,2025-01-13 19:00:00,31,6.354838709677419,0.9848311901632076,5
M1,ST7,2025-01-13 20:00:00,23,5.565217391304348,1.160959123723364,5
M1,ST7,2025-01-13 21:00:00,45,5.4,0.8090398349558907,4
M1,ST7,2025-01-13 22:00:00,30,5.233333333333333,0.897634182970313,3
M1,ST7,2025-01-13 23:00:00,33,5.393939393939394,0.7474704818333106,3
M1,ST7,2025-01-14 00:00:00,14,6.071428571428571,0.9168747682531898,3
M1,ST7,2025-01-14 01:00:00,16,5.9375,1.0626225419530053,4
M1,ST7,2025-01-14 02:00:00,8,5.25,0.4629100498862757,1
M1,ST7,2025-01-14 03:00:00,29,5.068965517241379,0.4575583087556493,2
M1,ST7,2025-01-14 04:00:00,7,6.142857142857143,1.0690449676496976,3
M1,ST7,2025-01-14 05:00:00,43,6.372093023255814,0.9764672918705588,6
M1,ST7,2025-01-14 06:00:00,6,5.166666666666667,1.7224014243685084,5
M1,ST7,2025-01-14 07:00:00,36,5.111111111111111,0.820375446375544,5
M1,ST7,2025-01-14 08:00:00,3,6.333333333333333,0.5773502691896258,1
M1,ST7,2025-01-14 09:00:00,54,5.314814814814815,0.6391053320359309,2
M1,ST7,2025-01-14 10:00:00,16,5.8125,0.8341662504161464,3
M1,ST7,2025-01-14 11:00:00,44,6.431818181818182,0.5010559673853126,1
M1,ST7,2025-01-14 12:00:00,25,6.04,1.0198039027185568,5
M1,ST7,2025-01-14 13:00:00,24,6.125,1.3613452426057167,5
M1,ST7,2025-01-14 14:00:00,42,5.5,0.8903274267533646,3
M1,ST7,2025-01-14 15:00:00,13,5.461538461538462,1.5607361839521232,6
M1,ST7,2025-01-14 16:00:00,14,6.071428571428571,1.542439911024374,6
M1,ST7,2025-01-14 17:00:00,22,5.954545454545454,0.7222499717168714,2
M1,ST7,2025-01-14 18:00:00,22,6.045454545454546,1.2527027058580458,5
M1,ST7,2025-01-14 19:00:00,7,5.0,1.914854215512676,6
M1,ST7,2025-01-14 20:00:00,40,5.2,0.8533493588238807,3
M1,ST7,2025-01-14 21:00:00,60,5.983333333333333,0.965360504658649,3
M1,ST7,2025-01-14 22:00:00,17,5.882352941176471,1.7278003697322957,6
M1,ST7,2025-01-14 23:00:00,24,5.875,0.9918143234365557,4
M1,ST7,2025-01-15 00:00:00,7,5.714285714285714,1.2535663410560176,4
M1,ST7,2025-01-15 01:00:00,17,5.235294117647059,0.8313702367707393,3
M1,ST7,2025-01-15 02:00:00,52,6.038461538461538,1.047153723223258,6
M1,ST7,2025-01-15 04:00:00,30,5.933333333333334,1.3373502709187435,6
M1,ST7,2025-01-15 05:00:00,8,5.375,0.7440238091428449,2
M1,ST7,2025-01-15 06:00:00,24,5.625,0.824225591744733,3
M1,ST7,2025-01-15 08:00:00,55,5.345454545454546,0.47989897926858555,1
M1,ST7,2025-01-15 09:00:00,41,6.097560975609756,0.8001524245036219,3
M1,ST7,2025-01-15 10:00:00,14,4.714285714285714,1.8985245861972935,6
M1,ST7,2025-01-15 11:00:00,56,5.196428571428571,1.10238819853069,6
M1,ST7,2025-01-15 12:00:00,10,5.0,1.4142135623730951,4
M1,ST7,2025-01-15 13:00:00,36,5.694444444444445,0.8218253010201292,3
M1,ST7,2025-01-15 14:00:00,43,6.372093023255814,0.8458091593248356,5
M1,ST7,2025-01-15 15:00:00,14,5.714285714285714,0.9138735334633754,3
M1,ST7,2025-01-15 16:00:00,8,5.625,1.407885953173359,4
M1,ST7,2025-01-15 17:00:00,16,6.375,0.8062257748298551,3
M1,ST7,2025-01-15 18:00:00,31,5.258064516129032,1.3157441984287543,5
M1,ST7,2025-01-15 19:00:00,26,6.1923076923076925,0.8009609613073922,3
M1,ST7,2025-01-15 20:00:00,28,5.0,1.018350154434631,5
M1,ST7,2025-01-15 21:00:00,21,6.095238095238095,0.6248809410409238,3
M1,ST7,2025-01-15 22:00:00,16,5.8125,1.2763881332363862,5
M1,ST7,2025-01-15 23:00:00,57,5.368421052631579,0.6445258209215411,3
M1,ST7,2025-01-16 00:00:00,25,5.6,1.0801234497346435,3
M1,ST7,2025-01-16 01:00:00,11,4.909090909090909,1.2210278829367864,4
M1,ST7,2025-01-16 02:00:00,16,6.0,1.0954451150103321,4
M1,ST7,2025-01-16 03:00:00,10,5.8,1.751190071541826,6
M1,ST7,2025-01-16 04:00:00,28,6.321428571428571,0.8189230248533256,4
M1,ST7,2025-01-16 05:00:00,32,6.34375,0.787375182120541,4
M1,ST7,2025-01-16 06:00:00,13,5.769230769230769,1.739436985245808,5
M1,ST7,2025-01-16 07:00:00,7,4.857142857142857,1.5735915849388862,5
M1,ST7,2025-01-16 08:00:00,25,4.8,0.408248290463863,1
M1,ST7,2025-01-16 09:00:00,33,4.878787878787879,1.111237366564176,5
M1,ST7,2025-01-16 10:00:00,31,6.290322580645161,0.9378538758639954,5
M1,ST7,2025-01-16 11:00:00,13,6.153846153846154,0.8006407690254357,3
M1,ST7,2025-01-16 12:00:00,29,5.896551724137931,0.9390279010842963,3
M1,ST7,2025-01-16 13:00:00,17,6.294117647058823,0.7717436331412898,3
M1,ST7,2025-01-16 14:00:00,25,6.32,0.5567764362830021,2
M1,ST7,2025-01-16 15:00:00,8,6.125,0.991031208965115,3
M1,ST7,2025-01-16 16:00:00,8,6.375,0.5175491695067654,1
M1,ST7,2025-01-16 17:00:00,27,6.296296296296297,0.9928519455361839,5
M1,ST7,2025-01-16 18:00:00,20,5.8,1.5078740698501039,5
M1,ST7,2025-01-16 19:00:00,32,5.03125,0.6948833738303187,4
M1,ST7,2025-01-16 20:00:00,21,5.761904761904762,1.13599128098599,5
M1,ST7,2025-01-16 21:00:00,20,6.1,1.3726654823065194,5
M1,ST7,2025-01-16 22:00:00,37,5.945945945945946,1.3528970139409469,6
M1,ST7,2025-01-16 23:00:00,16,6.0625,1.436140661634507,6
M1,ST7,2025-01-17 00:00:00,11,5.7272727272727275,1.348399724926484,5
M1,ST7,2025-01-17 01:00:00,26,5.423076923076923,0.5777942140988901,2
M1,ST7,2025-01-17 02:00:00,27,6.0,1.2403473458920846,5
M1,ST7,2025-01-17 03:00:00,8,6.25,1.0350983390135313,3
M1,ST7,2025-01-17 04:00:00,31,5.580645161290323,0.8072254351950305,3
M1,ST7,2025-01-17 05:00:00,42,5.928571428571429,1.0451480731329503,5
M1,ST7,2025-01-17 06:00:00,9,5.555555555555555,1.8782379449307742,6
M1,ST7,2025-01-17 07:00:00,44,5.204545454545454,0.9042418243786352,5
M1,ST7,2025-01-17 08:00:00,34,5.676470588235294,0.9445405564321198,3
M1,ST7,2025-01-17 09:00:00,27,6.185185185185185,1.1779067821624882,6
M1,ST7,2025-01-17 10:00:00,55,4.836363636363636,0.6013452931687099,3
M1,ST7,2025-01-17 11:00:00,25,4.84,1.2806248474865698,6
M1,ST7,2025-01-17 12:00:00,11,5.636363636363637,1.6292775867068985,5
M1,ST7,2025-01-17 13:00:00,26,5.5,0.5099019513592785,1
M1,ST7,2025-01-17 14:00:00,18,5.777777777777778,0.8084520834544434,3
M1,ST7,2025-01-17 15:00:00,30,6.1,0.8847364696279082,5
M1,ST7,2025-01-17 16:00:00,35,6.314285714285714,0.9000466841300205,5
M1,ST7,2025-01-17 17:00:00,26,5.961538461538462,1.427747014866968,6
M1,ST7,2025-01-17 18:00:00,53,5.018867924528302,0.4595384824320964,2
M1,ST7,2025-01-17 19:00:00,24,5.375,1.0555237727226277,5
M1,ST7,2025-01-17 20:00:00,13,6.0,1.2909944487358056,5
M1,ST7,2025-01-17 21:00:00,52,6.538461538461538,0.5033822257076336,1
M1,ST7,2025-01-17 22:00:00,29,6.413793103448276,0.6822882392210131,3
M1,ST7,2025-01-17 23:00:00,1,6.0,,0
M1,ST7,2025-01-18 00:00:00,32,5.3125,0.7803018439949608,4
M1,ST7,2025-01-18 01:00:00,36,4.833333333333333,0.9710083124552243,5
M1,ST7,2025-01-18 02:00:00,28,6.0,0.7698003589195012,2
M1,ST7,2025-01-18 03:00:00,20,6.15,1.0894228312566052,5
M1,ST7,2025-01-18 04:00:00,17,6.411764705882353,0.5072996561958923,1
M1,ST7,2025-01-18 05:00:00,19,5.526315789473684,0.772328445721233,3
M1,ST7,2025-01-18 06:00:00,27,5.925925925925926,1.4391751357027647,6
M1,ST7,2025-01-18 07:00:00,18,5.277777777777778,1.0178151661369075,4
M1,ST7,2025-01-18 08:00:00,48,6.208333333333333,0.9666422105001248,6
M1,ST7,2025-01-18 09:00:00,36,5.416666666666667,0.554204706893452,2
M1,ST7,2025-01-18 10:00:00,21,6.095238095238095,1.300183137283433,6
M1,ST7,2025-01-18 11:00:00,10,6.0,1.1547005383792517,4
M1,ST7,2025-01-18 12:00:00,49,5.714285714285714,0.9789450103725608,6
M1,ST7,2025-01-18 13:00:00,48,6.416666666666667,0.6130958528832952,2
M1,ST7,2025-01-18 14:00:00,51,4.862745098039215,0.40097919363165246,2
M1,ST7,2025-01-18 15:00:00,14,5.928571428571429,0.9972489631508745,4
M1,ST7,2025-01-18 16:00:00,24,6.333333333333333,0.48154341234307674,1
M1,ST7,2025-01-18 17:00:00,30,6.0,1.2865350418053538,6
M1,ST7,2025-01-18 18:00:00,14,4.428571428571429,1.869359648250035,6
M1,ST7,2025-01-18 19:00:00,27,4.592592592592593,1.0834155129908258,5
M1,ST7,2025-01-18 20:00:00,55,5.509090909090909,0.7905161762518363,3
M1,ST7,2025-01-18 21:00:00,6,5.5,1.378404875209022,4
M1,ST7,2025-01-18 22:00:00,34,5.382352941176471,0.9216160339761882,3
M1,ST7,2025-01-18 23:00:00,33,5.212121212121212,1.0234004518508313,5
M1,ST7,2025-01-19 00:00:00,19,5.684210526315789,1.857496271237393,7
M1,ST7,2025-01-19 01:00:00,17,5.411764705882353,0.5072996561958922,1
M1,ST7,2025-01-19 02:00:00,11,5.636363636363637,1.8586407545691703,5
M1,ST7,2025-01-19 03:00:00,10,5.7,1.2516655570345727,4
M1,ST7,2025-01-19 04:00:00,7,4.714285714285714,0.48795003647426655,1
M1,ST7,2025-01-19 05:00:00,44,5.204545454545454,0.929604703550159,5
M1,ST7,2025-01-19 06:00:00,13,5.461538461538462,1.4500221041639685,5
M1,ST7,2025-01-19 07:00:00,58,5.655172413793103,0.8068070953147423,3
M1,ST7,2025-01-19 08:00:00,24,5.041666666666667,0.5500329370901873,3
M1,ST7,2025-01-19 09:00:00,27,5.481481481481482,0.5798123284152693,2
M1,ST7,2025-01-19 10:00:00,45,6.377777777777778,0.6138140408687933,3
M1,ST7,2025-01-19 11:00:00,12,5.333333333333333,1.6143297699232977,6
M1,ST7,2025-01-19 12:00:00,8,4.875,0.35355339059327384,1
M1,ST7,2025-01-19 13:00:00,16,6.125,0.5,2
M1,ST7,2025-01-19 14:00:00,15,4.666666666666667,0.4879500364742666,1
M1,ST7,2025-01-19 15:00:00,31,4.548387096774194,0.8500474370064828,4
M1,ST7,2025-01-19 16:00:00,29,5.379310344827586,1.2653004471961895,5
M1,ST7,2025-01-19 17:00:00,43,4.883720930232558,0.5859181775145497,2
M1,ST7,2025-01-19 18:00:00,21,5.380952380952381,1.2835961388299078,6
M1,ST7,2025-01-19 19:00:00,8,5.625,1.9955307206712847,6
M1,ST7,2025-01-19 20:00:00,3,5.666666666666667,0.5773502691896258,1
M1,ST7,2025-01-19 21:00:00,15,6.0,1.1952286093343936,5
M1,ST7,2025-01-19 22:00:00,28,6.357142857142857,0.4879500364742666,1
M1,ST7,2025-01-19 23:00:00,15,6.2,0.4140393356054127,1
M1,ST7,2025-01-20 00:00:00,40,6.4,0.5453768398418631,2
M1,ST7,2025-01-20 01:00:00,38,4.7368421052631575,0.8909214945945481,6
M1,ST7,2025-01-20 02:00:00,10,6.1,0.8755950357709131,3
M1,ST7,2025-01-20 03:00:00,38,4.868421052631579,0.7040827896490179,5
M1,ST7,2025-01-20 04:00:00,16,5.375,0.6191391873668902,2
M1,ST7,2025-01-20 05:00:00,16,6.5,0.5163977794943221,1
M1,ST7,2025-01-20 06:00:00,24,6.083333333333333,0.9743076322798876,4
M1,ST7,2025-01-20 07:00:00,12,5.75,1.2880570286640687,5
M1,ST7,2025-01-20 08:00:00,8,5.25,1.7525491637693278,5
M1,ST7,2025-01-20 09:00:00,3,5.0,1.7320508075688772,3
M1,ST7,2025-01-20 10:00:00,37,6.405405405405405,0.5507297915523576,2
M1,ST7,2025-01-20 11:00:00,46,6.282608695652174,0.9583097035524085,5
M1,ST7,2025-01-20 12:00:00,37,4.945945945945946,1.1772365462751684,6
M1,ST7,2025-01-20 13:00:00,14,5.642857142857143,1.7368026705655184,5
M1,ST7,2025-01-20 14:00:00,3,5.0,1.7320508075688772,3
M1,ST7,2025-01-20 15:00:00,9,4.666666666666667,1.3228756555322956,4
M1,ST7,2025-01-20 16:00:00,27,5.444444444444445,0.800640769025436,3
M1,ST7,2025-01-20 17:00:00,40,5.225,1.0250078173560564,6
M1,ST7,2025-01-20 18:00:00,23,5.391304347826087,0.8387832331734847,3
M1,ST7,2025-01-20 19:00:00,8,5.625,1.5979898086569353,5
M1,ST7,2025-01-20 20:00:00,32,6.28125,0.812577539724374,3
M1,ST7,2025-01-20 21:00:00,39,5.512820512820513,0.5063696835418333,1
M1,ST7,2025-01-20 22:00:00,16,5.5,0.5163977794943222,1
M1,ST7,2025-01-20 23:00:00,10,5.8,1.1352924243950933,4
M1,ST7,2025-01-21 00:00:00,11,5.454545454545454,1.128152149635533,3
M1,ST7,2025-01-21 01:00:00,32,4.59375,0.797551697181706,4
M1,ST7,2025-01-21 02:00:00,4,3.75,1.8929694486000912,4
M1,ST7,2025-01-21 03:00:00,28,6.071428571428571,0.8997354108424375,4
M1,ST7,2025-01-21 04:00:00,9,5.555555555555555,2.351122663277647,6
M1,ST7,2025-01-21 05:00:00,14,5.357142857142857,1.8649455697209982,6
M1,ST7,2025-01-21 06:00:00,37,5.5675675675675675,0.6888210758059559,3
M1,ST7,2025-01-21 07:00:00,33,6.303030303030303,0.9180430438182245,5
M1,ST7,2025-01-21 08:00:00,31,6.258064516129032,0.8932241949060669,4
M1,ST7,2025-01-21 09:00:00,49,5.408163265306122,1.0976939340221918,6
M1,ST7,2025-01-21 10:00:00,15,4.533333333333333,0.8338093878327917,3
M1,ST7,2025-01-21 11:00:00,3,5.0,1.7320508075688772,3
M1,ST7,2025-01-21 12:00:00,19,6.2631578947368425,0.7334928056269081,3
M1,ST7,2025-01-21 13:00:00,26,5.1923076923076925,1.4702171477501078,6
M1,ST7,2025-01-21 14:00:00,18,4.333333333333333,1.4552137502179978,6
M1,ST7,2025-01-21 15:00:00,11,5.636363636363637,1.8586407545691703,5
M1,ST7,2025-01-21 16:00:00,24,5.708333333333333,1.2328534123049197,6
M1,ST7,2025-01-21 17:00:00,50,5.14,0.4045657788144657,2
M1,ST7,2025-01-21 18:00:00,10,5.3,0.4830458915396479,1
M1,ST7,2025-01-21 19:00:00,27,5.62962962962963,0.6877023141843228,2
M1,ST7,2025-01-21 20:00:00,51,5.215686274509804,0.6727176373545168,4
M1,ST7,2025-01-21 21:00:00,24,5.5,1.3513278493843526,6
M1,ST7,2025-01-21 22:00:00,24,6.0,0.9780192938436516,5
M1,ST7,2025-01-21 23:00:00,31,4.774193548387097,1.02338254233546,6
M1,ST7,2025-01-22 00:00:00,6,4.5,0.8366600265340756,2
M1,ST7,2025-01-22 01:00:00,15,6.066666666666666,1.2227992865708153,5
M1,ST7,2025-01-22 02:00:00,28,6.142857142857143,0.590936840285279,2
M1,ST7,2025-01-22 03:00:00,16,5.0625,1.526160760426852,6
M1,ST7,2025-01-22 04:00:00,19,6.2105263157894735,1.134261745631201,5
M1,ST7,2025-01-22 05:00:00,22,6.5,0.5976143046671968,2
M1,ST7,2025-01-22 06:00:00,57,5.368421052631579,0.7707041990322974,3
M1,ST7,2025-01-22 07:00:00,12,5.0,1.044465935734187,4
M1,ST7,2025-01-22 08:00:00,33,6.303030303030303,0.5294365215047319,2
M1,ST7,2025-01-22 09:00:00,54,6.351851851851852,0.8935282493323848,6
M1,ST7,2025-01-22 10:00:00,25,6.36,0.7000000000000001,3
M1,ST7,2025-01-22 11:00:00,32,5.5,1.1071614388213227,4
M1,ST7,2025-01-22 12:00:00,22,4.363636363636363,1.0486024506776148,4
M1,ST7,2025-01-22 13:00:00,9,4.888888888888889,0.927960727138337,3
M1,ST7,2025-01-22 14:00:00,5,5.6,2.073644135332772,5
M1,ST7,2025-01-22 15:00:00,27,6.148148148148148,0.7698003589195012,3
M1,ST7,2025-01-22 16:00:00,44,5.386363636363637,0.53769140846768,2
M1,ST7,2025-01-22 17:00:00,27,5.62962962962963,0.9260398790278188,4
M1,ST7,2025-01-22 18:00:00,18,6.055555555555555,1.1099667309387473,5
M1,ST7,2025-01-22 19:00:00,22,5.409090909090909,1.7364191645888716,6
M1,ST7,2025-01-22 20:00:00,18,4.444444444444445,0.9835244081556432,4
M1,ST7,2025-01-22 21:00:00,6,4.666666666666667,0.5163977794943223,1
M1,ST7,2025-01-22 22:00:00,17,6.294117647058823,0.4696682183138621,1
M1,ST7,2025-01-22 23:00:00,23,5.6521739130434785,0.6472807211834837,2
M1,ST7,2025-01-23 00:00:00,25,6.32,0.6271629240742259,2
M1,ST7,2025-01-23 01:00:00,4,4.25,2.0615528128088303,4
M1,ST7,2025-01-23 02:00:00,20,4.85,0.3663475485325232,1
M1,ST7,2025-01-23 03:00:00,35,6.0,0.8043996665398437,3
M1,ST7,2025-01-23 04:00:00,22,5.863636363636363,1.0371873387954442,4
M1,ST7,2025-01-23 05:00:00,18,5.444444444444445,0.9835244081556433,3
M1,ST7,2025-01-23 06:00:00,34,5.264705882352941,0.6655516522273318,2
M1,ST7,2025-01-23 07:00:00,14,5.571428571428571,1.3985864135061359,5
M1,ST7,2025-01-23 08:00:00,7,6.0,1.0,3
M1,ST7,2025-01-23 09:00:00,27,5.555555555555555,1.0860419786947368,5
M1,ST7,2025-01-23 10:00:00,28,5.785714285714286,0.6862211530545179,2
M1,ST7,2025-01-23 11:00:00,48,6.145833333333333,1.0913505849591967,6
M1,ST7,2025-01-23 12:00:00,16,5.6875,1.5798206649279318,6
M1,ST7,2025-01-23 13:00:00,6,5.666666666666667,1.0327955589886446,3
M1,ST7,2025-01-23 14:00:00,30,4.633333333333334,0.49013251785356093,1
M1,ST7,2025-01-23 15:00:00,8,5.625,1.1877349391654206,4
M1,ST7,2025-01-23 16:00:00,47,5.872340425531915,1.1154453444134897,6
M1,ST7,2025-01-23 17:00:00,20,4.4,1.2311740225021848,4
M1,ST7,2025-01-23 18:00:00,40,6.075,1.0225032129596563,5
M1,ST7,2025-01-23 19:00:00,28,5.857142857142857,1.4584183648679576,6
M1,ST7,2025-01-23 20:00:00,50,6.4,0.5345224838248488,2
M1,ST7,2025-01-23 21:00:00,17,4.411764705882353,1.0036697371030325,4
M1,ST7,2025-01-23 22:00:00,23,4.3478260869565215,0.9346217344793908,4
M1,ST7,2025-01-23 23:00:00,41,5.634146341463414,0.8589556903873333,3
M1,ST7,2025-01-24 00:00:00,23,4.913043478260869,0.5964320793656581,3
M1,ST7,2025-01-24 01:00:00,25,5.88,1.0535653752852738,5
M1,ST7,2025-01-24 02:00:00,31,6.032258064516129,0.8360171835451687,3
M1,ST7,2025-01-24 03:00:00,12,4.916666666666667,0.28867513459481287,1
M1,ST7,2025-01-24 04:00:00,14,4.857142857142857,1.2924123453177279,6
M1,ST7,2025-01-24 05:00:00,10,5.9,1.449137674618944,5
M1,ST7,2025-01-24 06:00:00,26,4.923076923076923,0.6275716324421889,3
M1,ST7,2025-01-24 07:00:00,45,5.6,1.0090499582190258,4
M1,ST7,2025-01-24 08:00:00,13,5.769230769230769,1.7867030229749128,6
M1,ST7,2025-01-24 09:00:00,42,6.309523809523809,0.6803189796363368,2
M1,ST7,2025-01-24 10:00:00,31,5.129032258064516,0.42754613660367824,2
M1,ST7,2025-01-24 11:00:00,7,4.0,1.4142135623730951,4
M1,ST7,2025-01-24 12:00:00,30,6.133333333333334,1.0416609195243756,5
M1,ST7,2025-01-24 13:00:00,39,6.3076923076923075,0.5208215248323987,2
M1,ST7,2025-01-24 14:00:00,31,6.258064516129032,0.7732072570569882,4
M1,ST7,2025-01-24 15:00:00,9,4.111111111111111,2.0275875100994063,5
M1,ST7,2025-01-24 16:00:00,7,5.714285714285714,1.7043362064926932,5
M1,ST7,2025-01-24 17:00:00,21,4.857142857142857,0.72702917999997,3
M1,ST7,2025-01-24 18:00:00,42,5.214285714285714,0.8420565500306242,3
M1,ST7,2025-01-24 19:00:00,60,5.083333333333333,0.6960339624157418,3
M1,ST7,2025-01-24 20:00:00,35,5.9714285714285715,0.9230930832457446,3
M1,ST7,2025-01-24 21:00:00,36,5.916666666666667,1.4015297764534702,6
M1,ST7,2025-01-24 22:00:00,6,6.333333333333333,0.5163977794943223,1
M1,ST7,2025-01-24 23:00:00,36,6.166666666666667,0.9710083124552247,5
M1,ST7,2025-01-25 00:00:00,21,5.0,0.5477225575051661,2
M1,ST7,2025-01-25 01:00:00,3,5.0,0.0,0
M1,ST7,2025-01-25 02:00:00,29,6.103448275862069,1.2633523314184734,5
M1,ST7,2025-01-25 03:00:00,5,5.0,1.8708286933869707,5
M1,ST7,2025-01-25 04:00:00,17,4.411764705882353,1.697749375254331,6
M1,ST7,2025-01-25 05:00:00,4,4.75,1.5,3
M1,ST7,2025-01-25 06:00:00,43,5.3023255813953485,0.5578395280830468,3
M1,ST7,2025-01-25 07:00:00,46,5.956521739130435,0.7588447869149655,2
M1,ST7,2025-01-25 08:00:00,53,6.2075471698113205,0.9875862292641693,6
M1,ST7,2025-01-25 09:00:00,27,6.555555555555555,0.5063696835418333,1
M1,ST7,2025-01-25 10:00:00,22,6.454545454545454,0.5096471914376256,1
M1,ST7,2025-01-25 11:00:00,17,6.411764705882353,0.5072996561958922,1
M1,ST7,2025-01-25 12:00:00,27,5.296296296296297,1.1029615662044696,6
M1,ST7,2025-01-25 13:00:00,20,4.85,0.7451598203705946,4
M1,ST7,2025-01-25 14:00:00,9,4.555555555555555,1.130388330520878,4
M1,ST7,2025-01-25 15:00:00,11,5.545454545454546,0.6875516509523286,2
M1,ST7,2025-01-25 16:00:00,34,5.264705882352941,0.7511132557708275,4
M1,ST7,2025-01-25 17:00:00,54,6.148148148148148,0.7112945256125042,3
M1,ST7,2025-01-25 18:00:00,4,6.5,0.5773502691896258,1
M1,ST7,2025-01-25 19:00:00,23,6.173913043478261,0.9840627249521832,4
M1,ST7,2025-01-25 20:00:00,26,5.6923076923076925,1.0107118588096524,3
M1,ST7,2025-01-25 21:00:00,33,6.151515151515151,1.3019507508257588,6
M1,ST7,2025-01-25 22:00:00,8,5.625,1.1877349391654206,4
M1,ST7,2025-01-25 23:00:00,38,5.7105263157894735,1.0109640765890884,4
M1,ST7,2025-01-26 00:00:00,13,5.615384615384615,0.869718492622904,3
M1,ST7,2025-01-26 01:00:00,47,6.340425531914893,0.5223939769561257,2
M1,ST7,2025-01-26 02:00:00,16,4.75,0.5773502691896258,2
M1,ST7,2025-01-26 03:00:00,21,5.0,0.8366600265340756,3
M1,ST7,2025-01-26 04:00:00,23,5.695652173913044,0.9739695071153482,3
M1,ST7,2025-01-26 05:00:00,28,5.392857142857143,1.1968874978625528,5
M1,ST7,2025-01-26 06:00:00,3,5.0,2.6457513110645907,5
M1,ST7,2025-01-26 07:00:00,5,5.4,1.949358868961793,5
M1,ST7,2025-01-26 08:00:00,21,4.333333333333333,1.197218999737865,4
M1,ST7,2025-01-26 09:00:00,16,4.8125,1.276388133236386,6
M1,ST7,2025-01-26 10:00:00,18,5.388888888888889,0.9164438231805329,3
M1,ST7,2025-01-26 11:00:00,16,6.375,0.5,1
M1,ST7,2025-01-26 12:00:00,36,5.277777777777778,1.0031695800557385,3
M1,ST7,2025-01-26 13:00:00,32,5.1875,0.8957786304878614,3
M1,ST7,2025-01-26 14:00:00,28,6.214285714285714,1.1338934190276817,6
M1,ST7,2025-01-26 15:00:00,11,6.0,1.7320508075688772,6
M1,ST7,2025-01-26 16:00:00,12,4.916666666666667,1.7816403745544227,6
M1,ST7,2025-01-26 17:00:00,38,6.5,0.5067117097095318,1
M1,ST7,2025-01-26 18:00:00,17,6.294117647058823,0.7717436331412898,2
M1,ST7,2025-01-26 19:00:00,6,6.0,1.0954451150103324,3
M1,ST7,2025-01-26 20:00:00,21,5.380952380952381,0.5895922723535711,2
M1,ST7,2025-01-26 21:00:00,9,6.111111111111111,0.6009252125773314,2
M1,ST7,2025-01-26 22:00:00,19,5.947368421052632,1.3933845369589322,6
M1,ST7,2025-01-26 23:00:00,45,5.688888888888889,0.924962461700774,4
M1,ST7,2025-01-27 00:00:00,49,6.387755102040816,0.4922874554317939,1
M1,ST7,2025-01-27 01:00:00,39,6.128205128205129,0.893823460123836,5
M1,ST7,2025-01-27 02:00:00,34,5.9411764705882355,1.042757895448651,5
M1,ST7,2025-01-27 03:00:00,6,6.5,0.5477225575051661,1
M1,ST7,2025-01-27 04:00:00,22,6.2727272727272725,0.8827348295047496,4
M1,ST7,2025-01-27 05:00:00,48,5.0625,0.31999002644031976,2
M1,ST7,2025-01-27 06:00:00,9,5.222222222222222,1.5634719199411433,5
M1,ST7,2025-01-27 07:00:00,32,5.03125,0.8224422717264602,5
M1,ST7,2025-01-27 08:00:00,12,6.25,0.4522670168666456,1
M1,ST7,2025-01-27 09:00:00,60,5.916666666666667,0.8293691019953857,3
M1,ST7,2025-01-27 10:00:00,16,5.0,0.6324555320336759,3
M1,ST7,2025-01-27 11:00:00,36,6.361111111111111,0.4871361075732195,1
M1,ST7,2025-01-27 12:00:00,27,5.37037037037037,0.6292943635623923,3
M1,ST7,2025-01-27 13:00:00,21,5.714285714285714,0.7171371656006362,2
M1,ST7,2025-01-27 14:00:00,15,5.266666666666667,1.3870146083619754,5
M1,ST7,2025-01-27 15:00:00,14,6.571428571428571,0.5135525910130956,1
M1,ST7,2025-01-27 16:00:00,18,6.166666666666667,1.098126747211439,4
M1,ST7,2025-01-27 17:00:00,21,5.714285714285714,0.9023778112773576,4
M1,ST7,2025-01-27 18:00:00,26,5.769230769230769,1.3358949751441482,6
M1,ST7,2025-01-27 19:00:00,21,6.095238095238095,0.8309489698388167,4
M1,ST7,2025-01-27 20:00:00,22,6.136363636363637,0.6396021490668311,2
M1,ST7,2025-01-27 21:00:00,42,6.285714285714286,0.8347838711296821,5
M1,ST7,2025-01-27 22:00:00,56,6.339285714285714,0.8796029210395444,6
M1,ST7,2025-01-27 23:00:00,39,6.153846153846154,1.1364409248652134,6
M1,ST7,2025-01-28 00:00:00,16,4.3125,1.0144785195688801,4
M1,ST7,2025-01-28 01:00:00,32,5.625,1.070122091316024,5
M1,ST7,2025-01-28 02:00:00,19,5.421052631578948,0.6069769786668839,2
M1,ST7,2025-01-28 03:00:00,27,4.777777777777778,1.2194996872404222,5
M1,ST7,2025-01-28 04:00:00,56,4.928571428571429,1.0064725594803927,6
M1,ST7,2025-01-28 05:00:00,6,5.166666666666667,2.136976056643281,6
M1,ST7,2025-01-28 06:00:00,11,4.818181818181818,1.0787197799411874,4
M1,ST7,2025-01-28 07:00:00,20,5.85,1.3869694338832115,6
M1,ST7,2025-01-28 08:00:00,14,6.071428571428571,0.8287419301647448,2
M1,ST7,2025-01-28 09:00:00,14,6.214285714285714,0.8017837257372733,3
M1,ST7,2025-01-28 10:00:00,11,5.909090909090909,0.7006490497453709,2
M1,ST7,2025-01-28 11:00:00,54,5.111111111111111,0.41964345453112656,2
M1,ST7,2025-01-28 12:00:00,14,4.571428571428571,0.9376144618769908,4
M1,ST7,2025-01-28 13:00:00,11,4.454545454545454,1.507556722888818,5
M1,ST7,2025-01-28 14:00:00,9,5.777777777777778,1.481365736219265,5
M1,ST7,2025-01-28 15:00:00,26,5.3076923076923075,1.2575923272422034,5
M1,ST7,2025-01-28 16:00:00,5,3.8,1.6431676725154982,4
M1,ST7,2025-01-28 17:00:00,26,6.115384615384615,1.1428708790383304,6
M1,ST7,2025-01-28 18:00:00,23,6.0,1.4142135623730951,6
M1,ST7,2025-01-28 19:00:00,6,6.5,0.5477225575051662,1
M1,ST7,2025-01-28 20:00:00,5,5.4,1.949358868961793,5
M1,ST7,2025-01-28 21:00:00,16,5.5625,1.5903353943953666,6
M1,ST7,2025-01-28 22:00:00,33,5.090909090909091,0.9139076937674137,3
M1,ST7,2025-01-28 23:00:00,36,4.805555555555555,0.9202311648848877,6
M1,ST7,2025-01-29 00:00:00,25,4.72,0.8426149773176358,4
M1,ST7,2025-01-29 01:00:00,16,5.625,1.2583057392117916,5
M1,ST7,2025-01-29 02:00:00,23,5.3478260869565215,0.8316847989130759,3
M1,ST7,2025-01-29 03:00:00,3,5.0,2.6457513110645907,5
M1,ST7,2025-01-29 04:00:00,20,6.05,1.2763022245616642,6
M1,ST7,2025-01-29 05:00:00,29,5.413793103448276,0.945562620851067,4
M1,ST7,2025-01-29 06:00:00,9,4.0,1.7320508075688772,4
M1,ST7,2025-01-29 07:00:00,52,6.519230769230769,0.541978388086036,2
M1,ST7,2025-01-29 08:00:00,30,5.5,0.8200084103858012,3
M1,ST7,2025-01-29 09:00:00,26,5.0,0.0,0
M1,ST7,2025-01-29 10:00:00,27,4.962962962962963,0.436901809201096,2
M1,ST7,2025-01-29 11:00:00,22,5.636363636363637,0.9534625892455921,3
M1,ST7,2025-01-29 12:00:00,8,4.5,1.7728105208558367,5
M1,ST7,2025-01-29 13:00:00,39,5.461538461538462,0.6426161105878412,2
M1,ST7,2025-01-29 14:00:00,5,6.0,1.224744871391589,3
M1,ST7,2025-01-29 15:00:00,30,5.8,0.7143842296595062,2
M1,ST7,2025-01-29 16:00:00,25,5.36,0.8602325267042628,4
M1,ST7,2025-01-29 18:00:00,27,6.296296296296297,1.1706281947614154,6
M1,ST7,2025-01-29 19:00:00,23,4.565217391304348,0.9451352455659809,4
M1,ST7,2025-01-29 20:00:00,34,5.264705882352941,0.9632276400887883,6
M1,ST7,2025-01-29 21:00:00,27,5.777777777777778,1.3959648809042255,6
M1,ST7,2025-01-29 22:00:00,15,5.0,1.4638501094227998,6
M1,ST7,2025-01-29 23:00:00,8,5.625,1.9226098333849675,6
M1,ST7,2025-01-30 00:00:00,16,5.9375,1.6111590031195968,5
M1,ST7,2025-01-30 01:00:00,40,5.3,0.8533493588238813,3
M1,ST7,2025-01-30 02:00:00,22,5.7727272727272725,1.445248971196516,6
M1,ST7,2025-01-30 03:00:00,45,6.288888888888889,0.726830673735519,3
M1,ST7,2025-01-30 04:00:00,12,6.583333333333333,0.5149286505444373,1
M1,ST7,2025-01-30 05:00:00,34,5.0588235294117645,0.23883257361061283,1
M1,ST7,2025-01-30 06:00:00,22,5.363636363636363,1.0930714500000425,5
M1,ST7,2025-01-30 07:00:00,12,6.166666666666667,0.834847109936722,2
M1,ST7,2025-01-30 08:00:00,22,4.863636363636363,1.3200091827045153,6
M1,ST7,2025-01-30 09:00:00,11,5.090909090909091,0.8312094145936335,3
M1,ST7,2025-01-30 10:00:00,24,6.041666666666667,0.8586727202955209,3
M1,ST7,2025-01-30 11:00:00,7,6.142857142857143,0.6900655593423545,2
M1,ST7,2025-01-30 12:00:00,34,4.9411764705882355,1.0714243272982744,6
M1,ST7,2025-01-30 13:00:00,13,5.3076923076923075,1.1821319289469756,5
M1,ST7,2025-01-30 14:00:00,29,5.379310344827586,0.561489925074877,2
M1,ST7,2025-01-30 15:00:00,30,5.533333333333333,1.1957780134587124,5
M1,ST7,2025-01-30 16:00:00,19,5.105263157894737,0.5671308728156005,2
M1,ST7,2025-01-30 17:00:00,7,5.142857142857143,0.6900655593423541,2
M1,ST7,2025-01-30 18:00:00,25,6.28,0.8426149773176358,4
M1,ST7,2025-01-30 19:00:00,7,6.428571428571429,0.5345224838248487,1
M1,ST7,2025-01-30 20:00:00,47,6.276595744680851,0.9255345731351449,6
M1,ST7,2025-01-30 21:00:00,26,5.6923076923076925,1.2575923272422032,6
M1,ST7,2025-01-30 22:00:00,21,6.190476190476191,0.8728715609439696,4
M1,ST7,2025-01-30 23:00:00,26,5.423076923076923,1.0648221231013912,5
M1,ST7,2025-01-31 00:00:00,13,5.769230769230769,1.535895295576609,5
M1,ST7,2025-01-31 01:00:00,9,6.111111111111111,0.9279607271383369,3
M1,ST7,2025-01-31 02:00:00,13,5.769230769230769,1.5358952955766088,5
M1,ST7,2025-01-31 03:00:00,42,6.285714285714286,0.6357524554958396,3
M1,ST7,2025-01-31 04:00:00,9,6.111111111111111,0.927960727138337,3
M1,ST7,2025-01-31 05:00:00,14,4.857142857142857,0.7703288865196432,3
M1,ST8,2025-01-01 06:00:00,60,6.566666666666666,0.49971743428090815,1
M1,ST8,2025-01-01 07:00:00,27,6.37037037037037,0.5648790304908823,2
M1,ST8,2025-01-01 08:00:00,44,6.318181818181818,1.0948659740155793,6
M1,ST8,2025-01-01 09:00:00,39,6.3076923076923075,0.5208215248323987,2
M1,ST8,2025-01-01 10:00:00,26,6.115384615384615,0.9519211344191526,5
M1,ST8,2025-01-01 11:00:00,60,6.45,0.5016920522135438,1
M1,ST8,2025-01-01 12:00:00,11,5.545454545454546,2.0670576365276494,6
M1,ST8,2025-01-01 13:00:00,23,4.782608695652174,0.42174116783665,1
M1,ST8,2025-01-01 14:00:00,15,6.0,1.4638501094227998,6
M1,ST8,2025-01-01 15:00:00,27,5.111111111111111,0.8915558282417286,4
M1,ST8,2025-01-01 16:00:00,7,5.142857142857143,0.6900655593423541,2
M1,ST8,2025-01-01 17:00:00,27,4.814814814814815,0.4833407013879894,2
M1,ST8,2025-01-01 18:00:00,42,6.5476190476190474,0.5037605389507487,1
M1,ST8,2025-01-01 19:00:00,53,6.339622641509434,0.7055656821198123,4
M1,ST8,2025-01-01 20:00:00,9,6.555555555555555,0.5270462766947299,1
M1,ST8,2025-01-01 21:00:00,31,6.387096774193548,1.1158679538021428,6
M1,ST8,2025-01-01 22:00:00,30,6.266666666666667,1.1121068335350712,6
M1,ST8,2025-01-01 23:00:00,22,5.636363636363637,0.9021379128785209,3
M1,ST8,2025-01-02 00:00:00,11,4.818181818181818,0.873862897505303,3
M1,ST8,2025-01-02 01:00:00,23,4.391304347826087,1.033050664725273,4
M1,ST8,2025-01-02 02:00:00,22,4.454545454545454,0.6709817063202619,2
M1,ST8,2025-01-02 03:00:00,31,5.548387096774194,1.3376274936722694,6
M1,ST8,2025-01-02 04:00:00,37,6.45945945945946,0.5052279240652234,1
M1,ST8,2025-01-02 05:00:00,26,6.3076923076923075,1.0107118588096518,5
M1,ST8,2025-01-02 06:00:00,17,6.176470588235294,1.4245742398014511,6
M1,ST8,2025-01-02 07:00:00,12,6.0,0.8528028654224414,3
M1,ST8,2025-01-02 08:00:00,6,5.333333333333333,1.632993161855452,4
M1,ST8,2025-01-02 09:00:00,31,6.129032258064516,0.6187048560701064,2
M1,ST8,2025-01-02 10:00:00,4,5.0,2.70801280154532,6
M1,ST8,2025-01-02 11:00:00,9,5.666666666666667,1.1180339887498947,4
M1,ST8,2025-01-02 12:00:00,6,4.666666666666667,2.160246899469287,5
M1,ST8,2025-01-02 13:00:00,30,5.133333333333334,0.8193072487266864,3
M1,ST8,2025-01-02 14:00:00,24,6.083333333333333,0.7755316082290383,3
M1,ST8,2025-01-02 15:00:00,29,6.448275862068965,0.5061201788784758,1
M1,ST8,2025-01-02 16:00:00,22,6.136363636363637,0.7743171827921033,2
M1,ST8,2025-01-02 17:00:00,47,5.468085106382978,1.0394618973669527,5
M1,ST8,2025-01-02 18:00:00,23,5.956521739130435,1.1862186242450965,6
M1,ST8,2025-01-02 19:00:00,17,5.352941176470588,0.6063390625908326,2
M1,ST8,2025-01-02 20:00:00,33,5.575757575757576,0.830297500534562,3
M1,ST8,2025-01-02 21:00:00,6,5.0,2.0,5
M1,ST8,2025-01-02 22:00:00,25,4.52,0.9183318209303942,5
M1,ST8,2025-01-02 23:00:00,11,6.090909090909091,0.7006490497453705,2
M1,ST8,2025-01-03 00:00:00,44,6.5,0.5057805388588731,1
M1,ST8,2025-01-03 01:00:00,15,5.933333333333334,1.533747356112131,6
M1,ST8,2025-01-03 02:00:00,23,5.043478260869565,0.36658880476448835,2
M1,ST8,2025-01-03 03:00:00,34,6.117647058823529,0.9133589649915753,5
M1,ST8,2025-01-03 04:00:00,15,5.8,1.2649110640673518,5
M1,ST8,2025-01-03 05:00:00,20,5.5,0.7608859102526824,3
M1,ST8,2025-01-03 06:00:00,60,6.466666666666667,0.5030977485864633,1
M1,ST8,2025-01-03 07:00:00,38,5.894736842105263,1.1339830229962935,6
M1,ST8,2025-01-03 08:00:00,27,5.222222222222222,0.9336995618478529,3
M1,ST8,2025-01-03 09:00:00,29,5.758620689655173,0.6894704186026255,2
M1,ST8,2025-01-03 10:00:00,21,5.666666666666667,0.7302967433402214,2
M1,ST8,2025-01-03 11:00:00,20,6.15,1.3484884325167859,6
M1,ST8,2025-01-03 12:00:00,39,6.384615384615385,0.7474653526694701,4
M1,ST8,2025-01-03 13:00:00,30,6.333333333333333,0.8022955570857541,4
M1,ST8,2025-01-03 14:00:00,36,6.194444444444445,1.037013416208694,5
M1,ST8,2025-01-03 15:00:00,33,6.151515151515151,0.870388279778489,3
M1,ST8,2025-01-03 16:00:00,10,4.0,1.4142135623730951,4
M1,ST8,2025-01-03 18:00:00,9,5.444444444444445,1.810463415200036,6
M1,ST8,2025-01-03 19:00:00,1,5.0,,0
M1,ST8,2025-01-03 20:00:00,49,5.326530612244898,0.6888321972137825,3
M1,ST8,2025-01-03 21:00:00,31,5.064516129032258,0.24973103811470745,1
M1,ST8,2025-01-03 22:00:00,60,6.316666666666666,0.6507275372101716,2
M1,ST8,2025-01-03 23:00:00,17,6.411764705882353,0.6183469424008423,2
M1,ST8,2025-01-04 00:00:00,21,6.0,1.2649110640673518,5
M1,ST8,2025-01-04 01:00:00,23,6.0,0.9045340337332907,4
M1,ST8,2025-01-04 02:00:00,18,6.0,0.5940885257860046,2
M1,ST8,2025-01-04 03:00:00,28,4.642857142857143,0.8261595987094035,3
M1,ST8,2025-01-04 04:00:00,39,5.17948717948718,0.683327573129996,3
M1,ST8,2025-01-04 05:00:00,22,5.909090909090909,0.8111773283374343,2
M1,ST8,2025-01-04 06:00:00,35,5.771428571428571,1.086974059047417,5
M1,ST8,2025-01-04 07:00:00,23,6.217391304347826,0.7358681786057776,2
M1,ST8,2025-01-04 08:00:00,5,5.6,2.6076809620810595,6
M1,ST8,2025-01-04 09:00:00,59,5.745762711864407,0.8628984904335611,3
M1,ST8,2025-01-04 10:00:00,42,6.428571428571429,0.5474043916011735,2
M1,ST8,2025-01-04 11:00:00,34,6.411764705882353,0.783064959526213,4
M1,ST8,2025-01-04 12:00:00,8,6.125,1.3562026818605375,4
M1,ST8,2025-01-04 13:00:00,6,4.666666666666667,2.250925735484551,6
M1,ST8,2025-01-04 14:00:00,26,5.5,0.6480740698407862,2
M1,ST8,2025-01-04 15:00:00,60,4.683333333333334,0.5963637459756626,3
M1,ST8,2025-01-04 16:00:00,38,4.578947368421052,0.5517333348917078,2
M1,ST8,2025-01-04 17:00:00,20,6.5,0.512989176042577,1
M1,ST8,2025-01-04 18:00:00,18,6.0,1.0289915108550534,4
M1,ST8,2025-01-04 19:00:00,27,6.222222222222222,0.8915558282417285,3
M1,ST8,2025-01-04 20:00:00,32,5.3125,0.9651174088696285,3
M1,ST8,2025-01-04 21:00:00,3,4.666666666666667,0.5773502691896257,1
M1,ST8,2025-01-04 22:00:00,15,5.266666666666667,1.5796322658258455,6
M1,ST8,2025-01-04 23:00:00,22,5.7272727272727275,1.4203225046854737,6
M1,ST8,2025-01-05 00:00:00,28,5.071428571428571,1.1524071884721685,5
M1,ST8,2025-01-05 01:00:00,55,6.0,0.9229582069908977,3
M1,ST8,2025-01-05 02:00:00,11,5.636363636363637,1.7477257950106058,6
M1,ST8,2025-01-05 03:00:00,36,4.972222222222222,0.8101538164751227,2
M1,ST8,2025-01-05 04:00:00,16,5.375,1.0878112581387147,3
M1,ST8,2025-01-05 05:00:00,53,5.754716981132075,1.0359993387538449,5
M1,ST8,2025-01-05 06:00:00,2,3.5,2.1213203435596424,3
M1,ST8,2025-01-05 07:00:00,11,5.454545454545454,2.252271580588645,6
M1,ST8,2025-01-05 08:00:00,52,5.0,0.19802950859533483,2
M1,ST8,2025-01-05 09:00:00,20,5.05,0.22360679774997894,1
M1,ST8,2025-01-05 10:00:00,6,5.333333333333333,0.816496580927726,2
M1,ST8,2025-01-05 11:00:00,51,4.588235294117647,0.5357787076110917,2
M1,ST8,2025-01-05 12:00:00,25,4.4,0.8660254037844386,3
M1,ST8,2025-01-05 13:00:00,39,4.871794871794871,0.8328608647145153,3
M1,ST8,2025-01-05 14:00:00,58,5.379310344827586,0.8949681207082685,3
M1,ST8,2025-01-05 15:00:00,37,4.837837837837838,0.55344946138406,2
M1,ST8,2025-01-05 16:00:00,47,6.276595744680851,0.9255345731351451,6
M1,ST8,2025-01-05 17:00:00,3,5.0,2.6457513110645907,5
M1,ST8,2025-01-05 18:00:00,3,5.0,1.7320508075688772,3
M1,ST8,2025-01-05 19:00:00,3,5.0,2.6457513110645907,5
M1,ST8,2025-01-05 20:00:00,28,5.107142857142857,0.49734746139343783,2
M1,ST8,2025-01-05 21:00:00,32,5.15625,1.0809009085913237,5
M1,ST8,2025-01-05 22:00:00,27,4.851851851851852,0.45604518194714877,2
M1,ST8,2025-01-05 23:00:00,24,4.958333333333333,1.3981094896064241,6
M1,ST8,2025-01-06 00:00:00,19,5.684210526315789,0.5823927253578186,2
M1,ST8,2025-01-06 01:00:00,24,6.333333333333333,0.4815434123430768,1
M1,ST8,2025-01-06 02:00:00,18,6.0,1.2366938848016846,5
M1,ST8,2025-01-06 03:00:00,55,6.490909090909091,0.504524979109513,1
M1,ST8,2025-01-06 04:00:00,10,5.7,0.9486832980505138,3
M1,ST8,2025-01-06 05:00:00,21,6.285714285714286,0.9023778112773575,4
M1,ST8,2025-01-06 06:00:00,32,6.1875,1.0906494070196244,6
M1,ST8,2025-01-06 07:00:00,16,4.6875,1.138346754435279,5
M1,ST8,2025-01-06 08:00:00,59,4.728813559322034,0.48531925058191183,2
M1,ST8,2025-01-06 09:00:00,48,4.9375,0.5221172119157949,2
M1,ST8,2025-01-06 10:00:00,13,5.0,0.0,0
M1,ST8,2025-01-06 11:00:00,10,5.5,0.8498365855987974,3
M1,ST8,2025-01-06 12:00:00,22,6.363636363636363,0.9534625892455925,5
M1,ST8,2025-01-06 13:00:00,48,6.354166666666667,1.061704437240769,6
M1,ST8,2025-01-06 14:00:00,9,5.0,1.224744871391589,3
M1,ST8,2025-01-06 15:00:00,23,6.565217391304348,0.5897678246195884,2
M1,ST8,2025-01-06 16:00:00,17,5.705882352941177,1.212678125181665,4
M1,ST8,2025-01-06 17:00:00,19,6.368421052631579,0.760885910252682,3
M1,ST8,2025-01-06 18:00:00,15,6.466666666666667,0.5163977794943222,1
M1,ST8,2025-01-06 19:00:00,38,6.368421052631579,0.6333545453261926,3
M1,ST8,2025-01-06 20:00:00,41,5.609756097560975,0.9969465577574312,7
M1,ST8,2025-01-06 21:00:00,11,5.363636363636363,0.674199862463242,2
M1,ST8,2025-01-06 22:00:00,24,5.291666666666667,0.9545846657358223,5
M1,ST8,2025-01-06 23:00:00,23,5.521739130434782,0.5107539184552491,1
M1,ST8,2025-01-07 00:00:00,32,6.0,1.1639753904947558,5
M1,ST8,2025-01-07 01:00:00,33,5.9393939393939394,1.0588730430094633,5
M1,ST8,2025-01-07 02:00:00,14,6.285714285714286,1.3259870882635918,5
M1,ST8,2025-01-07 03:00:00,32,5.875,1.3619246343602935,6
M1,ST8,2025-01-07 04:00:00,28,6.25,0.9670497325294006,5
M1,ST8,2025-01-07 05:00:00,6,4.5,2.7386127875258306,6
M1,ST8,2025-01-07 06:00:00,20,5.3,0.8013147091860316,4
M1,ST8,2025-01-07 07:00:00,16,5.125,0.3415650255319866,1
M1,ST8,2025-01-07 08:00:00,40,5.225,0.8316649966583103,3
M1,ST8,2025-01-07 09:00:00,3,5.0,3.4641016151377544,6
M1,ST8,2025-01-07 10:00:00,17,5.117647058823529,0.7812132344290249,3
M1,ST8,2025-01-07 11:00:00,37,5.4324324324324325,0.7652356405615104,3
M1,ST8,2025-01-07 12:00:00,32,6.21875,1.2374368670764582,6
M1,ST8,2025-01-07 13:00:00,33,6.181818181818182,0.7269175268963397,3
M1,ST8,2025-01-07 14:00:00,13,5.923076923076923,1.5525000516123697,6
M1,ST8,2025-01-07 15:00:00,39,6.282051282051282,0.6047495327000632,3
M1,ST8,2025-01-07 16:00:00,7,6.142857142857143,1.4638501094227998,4
M1,ST8,2025-01-07 17:00:00,22,5.2272727272727275,0.8691439785278705,3
M1,ST8,2025-01-07 18:00:00,28,5.0,0.27216552697590857,2
M1,ST8,2025-01-07 19:00:00,20,5.5,1.4327007988227578,6
M1,ST8,2025-01-07 20:00:00,28,6.535714285714286,0.5078745001833701,1
M1,ST8,2025-01-07 21:00:00,24,5.75,0.7939992333804207,3
M1,ST8,2025-01-07 22:00:00,6,5.0,1.0954451150103321,3
M1,ST8,2025-01-07 23:00:00,33,4.606060606060606,0.7881701093115123,4
M1,ST8,2025-01-08 00:00:00,49,5.0,1.0,6
M1,ST8,2025-01-08 01:00:00,26,6.115384615384615,0.9519211344191526,5
M1,ST8,2025-01-08 02:00:00,11,5.7272727272727275,1.954016841836789,6
M1,ST8,2025-01-08 03:00:00,6,6.5,0.5477225575051661,1
M1,ST8,2025-01-08 04:00:00,24,5.541666666666667,0.7210600087592466,2
M1,ST8,2025-01-08 05:00:00,17,5.823529411764706,0.727606875108999,2
M1,ST8,2025-01-08 06:00:00,17,5.9411764705882355,1.3906198364081264,6
M1,ST8,2025-01-08 07:00:00,40,5.725,1.1319939294935535,6
M1,ST8,2025-01-08 08:00:00,40,6.025,0.8619447302169196,3
M1,ST8,2025-01-08 09:00:00,7,6.428571428571429,0.5345224838248488,1
M1,ST8,2025-01-08 10:00:00,3,5.0,0.0,0
M1,ST8,2025-01-08 11:00:00,17,6.529411764705882,0.5144957554275266,1
M1,ST8,2025-01-08 12:00:00,46,4.978260869565218,0.33260790628557146,2
M1,ST8,2025-01-08 13:00:00,25,4.84,0.37416573867739417,1
M1,ST8,2025-01-08 14:00:00,43,4.674418604651163,0.6063524918787176,3
M1,ST8,2025-01-08 15:00:00,32,5.5,0.762000762001143,3
M1,ST8,2025-01-08 16:00:00,29,5.068965517241379,0.45755830875564935,2
M1,ST8,2025-01-08 17:00:00,25,6.16,0.7461009761866471,2
M1,ST8,2025-01-08 18:00:00,18,5.888888888888889,1.676441921552867,6
M1,ST8,2025-01-08 19:00:00,31,4.935483870967742,1.181397022482782,6
M1,ST8,2025-01-08 20:00:00,7,4.285714285714286,1.4960264830861911,4
M1,ST8,2025-01-08 21:00:00,19,5.526315789473684,1.3485968449808852,5
M1,ST8,2025-01-08 22:00:00,25,6.16,0.9865765724632495,5
M1,ST8,2025-01-08 23:00:00,19,6.2631578947368425,0.7334928056269077,3
M1,ST8,2025-01-09 00:00:00,20,5.25,1.1180339887498951,5
M1,ST8,2025-01-09 01:00:00,34,4.735294117647059,0.4478110755198993,1
M1,ST8,2025-01-09 02:00:00,23,4.6521739130434785,0.8846517369293828,4
M1,ST8,2025-01-09 03:00:00,41,5.073170731707317,0.5652540978373808,3
M1,ST8,2025-01-09 04:00:00,16,5.0,0.6324555320336759,3
M1,ST8,2025-01-09 06:00:00,16,6.0625,1.436140661634507,6
M1,ST8,2025-01-09 07:00:00,11,6.454545454545454,0.6875516509523286,2
M1,ST8,2025-01-09 08:00:00,37,5.864864864864865,0.821994936526787,2
M1,ST8,2025-01-09 09:00:00,29,5.793103448275862,0.7736421443326919,2
M1,ST8,2025-01-09 10:00:00,22,5.363636363636363,0.4923659639173309,1
M1,ST8,2025-01-09 11:00:00,50,5.5,0.7354021529276427,4
M1,ST8,2025-01-09 12:00:00,20,6.2,1.3218806379747876,6
M1,ST8,2025-01-09 13:00:00,20,5.1,1.1192102478745307,5
M1,ST8,2025-01-09 14:00:00,12,4.583333333333333,1.2401124093721456,5
M1,ST8,2025-01-09 15:00:00,3,5.0,2.6457513110645907,5
M1,ST8,2025-01-09 16:00:00,42,5.5,0.7407971974871926,3
M1,ST8,2025-01-09 17:00:00,30,5.133333333333334,0.4341724854553048,2
M1,ST8,2025-01-09 18:00:00,20,5.15,0.8127277008872491,3
M1,ST8,2025-01-09 19:00:00,38,5.7105263157894735,0.8670513790331901,3
M1,ST8,2025-01-09 20:00:00,8,5.25,2.121320343559643,6
M1,ST8,2025-01-09 21:00:00,5,6.0,0.7071067811865476,2
M1,ST8,2025-01-09 22:00:00,23,6.086956521739131,1.202763616096502,6
M1,ST8,2025-01-09 23:00:00,19,5.842105263157895,0.8983415518941833,3
M1,ST8,2025-01-10 00:00:00,23,5.391304347826087,0.891328448531772,4
M1,ST8,2025-01-10 01:00:00,43,5.488372093023256,1.0991791964321946,5
M1,ST8,2025-01-10 02:00:00,14,5.571428571428571,1.0894095588038444,4
M1,ST8,2025-01-10 03:00:00,6,4.5,1.8708286933869707,5
M1,ST8,2025-01-10 04:00:00,48,5.666666666666667,1.154700538379251,6
M1,ST8,2025-01-10 05:00:00,25,4.6,0.8660254037844386,4
M1,ST8,2025-01-10 06:00:00,32,5.625,0.9418581497197699,3
M1,ST8,2025-01-10 07:00:00,32,6.25,0.915810939779251,5
M1,ST8,2025-01-10 08:00:00,16,6.0625,0.6800735254367721,3
M1,ST8,2025-01-10 09:00:00,7,6.0,0.5773502691896258,2
M1,ST8,2025-01-10 10:00:00,17,6.0588235294117645,0.6586528140164325,2
M1,ST8,2025-01-10 11:00:00,29,5.068965517241379,1.0667385033281398,6
M1,ST8,2025-01-10 12:00:00,31,6.387096774193548,0.6672040844618539,3
M1,ST8,2025-01-10 13:00:00,29,6.137931034482759,1.1869570316881282,6
M1,ST8,2025-01-10 14:00:00,3,5.0,1.7320508075688772,3
M1,ST8,2025-01-10 15:00:00,34,4.735294117647059,1.1094312910952704,5
M1,ST8,2025-01-10 16:00:00,58,5.086206896551724,0.38772764716054975,2
M1,ST8,2025-01-10 17:00:00,28,5.892857142857143,0.6288900106557946,2
M1,ST8,2025-01-10 18:00:00,27,6.074074074074074,0.8286191444865889,3
M1,ST8,2025-01-10 19:00:00,13,5.076923076923077,1.3204505835470495,5
M1,ST8,2025-01-10 20:00:00,12,6.5,0.5222329678670935,1
M1,ST8,2025-01-10 21:00:00,19,5.7894736842105265,1.7505220608093224,6
M1,ST8,2025-01-10 22:00:00,41,5.341463414634147,0.6561156947353484,3
M1,ST8,2025-01-10 23:00:00,28,5.571428571428571,0.7901510136288029,3
M1,ST8,2025-01-11 00:00:00,22,6.363636363636363,0.49236596391733095,1
M1,ST8,2025-01-11 01:00:00,12,6.333333333333333,0.49236596391733095,1
M1,ST8,2025-01-11 02:00:00,28,6.321428571428571,0.6696362433535826,3
M1,ST8,2025-01-11 03:00:00,20,5.8,0.6958523739384598,2
M1,ST8,2025-01-11 04:00:00,12,5.0,0.7385489458759964,2
M1,ST8,2025-01-11 05:00:00,10,6.0,0.816496580927726,3
M1,ST8,2025-01-11 06:00:00,33,6.121212121212121,1.0534934669225458,6
M1,ST8,2025-01-11 07:00:00,49,4.816326530612245,0.5273151092940501,3
M1,ST8,2025-01-11 09:00:00,30,6.433333333333334,0.6789105539243627,3
M1,ST8,2025-01-11 10:00:00,18,6.111111111111111,1.3672165321380638,6
M1,ST8,2025-01-11 11:00:00,53,5.981132075471698,0.8877492290951714,3
M1,ST8,2025-01-11 12:00:00,12,4.333333333333333,1.1547005383792517,4
M1,ST8,2025-01-11 13:00:00,32,5.15625,1.1670026397957818,5
M1,ST8,2025-01-11 14:00:00,36,6.055555555555555,0.8600479868487221,4
M1,ST8,2025-01-11 15:00:00,42,6.380952380952381,0.5823577373595079,2
M1,ST8,2025-01-11 16:00:00,58,5.344827586206897,0.6636349698898771,4
M1,ST8,2025-01-11 17:00:00,21,5.523809523809524,1.3645163106041502,6
M1,ST8,2025-01-11 18:00:00,7,5.0,0.0,0
M1,ST8,2025-01-11 19:00:00,53,5.09433962264151,0.7406896719481273,5
M1,ST8,2025-01-11 20:00:00,28,4.714285714285714,0.8099905283919411,4
M1,ST8,2025-01-11 21:00:00,15,6.066666666666666,1.2227992865708155,5
M1,ST8,2025-01-11 22:00:00,18,5.5,1.2004900959975622,4
M1,ST8,2025-01-11 23:00:00,46,4.673913043478261,0.7319486267973536,4
M1,ST8,2025-01-12 00:00:00,19,4.894736842105263,1.4867838833500562,6
M1,ST8,2025-01-12 01:00:00,41,6.073170731707317,0.818237248676661,3
M1,ST8,2025-01-12 02:00:00,48,6.416666666666667,0.6130958528832952,3
M1,ST8,2025-01-12 03:00:00,41,5.853658536585366,0.7266696501766156,3
M1,ST8,2025-01-12 04:00:00,50,5.86,0.9691148917798074,6
M1,ST8,2025-01-12 05:00:00,37,5.297297297297297,1.07664254010287,4
M1,ST8,2025-01-12 06:00:00,10,3.7,1.7029386365926402,4
M1,ST8,2025-01-12 07:00:00,7,6.285714285714286,1.1126972805283735,3
M1,ST8,2025-01-12 08:00:00,21,6.0476190476190474,1.2440333788202982,6
M1,ST8,2025-01-12 09:00:00,22,6.5,0.511766315719159,1
M1,ST8,2025-01-12 10:00:00,34,6.382352941176471,0.6520227678843524,3
M1,ST8,2025-01-12 11:00:00,50,5.1,0.8390957231764807,4
M1,ST8,2025-01-12 12:00:00,23,5.782608695652174,1.3469332756346384,6
M1,ST8,2025-01-12 13:00:00,20,6.25,1.332784974957958,6
M1,ST8,2025-01-12 14:00:00,16,5.625,1.707825127659933,6
M1,ST8,2025-01-12 15:00:00,59,5.220338983050848,0.5274465689615329,2
M1,ST8,2025-01-12 16:00:00,20,5.55,1.234376040972246,6
M1,ST8,2025-01-12 17:00:00,40,6.225,0.9195177108206347,5
M1,ST8,2025-01-12 18:00:00,13,5.461538461538462,1.8081014266989475,6
M1,ST8,2025-01-12 19:00:00,22,5.090909090909091,0.6837634587578275,3
M1,ST8,2025-01-12 20:00:00,32,6.1875,0.8590129369261278,4
M1,ST8,2025-01-12 21:00:00,60,5.05,0.4288336566604186,2
M1,ST8,2025-01-12 22:00:00,6,5.0,0.6324555320336759,2
M1,ST8,2025-01-12 23:00:00,19,5.7894736842105265,0.9176629354822473,3
M1,ST8,2025-01-13 00:00:00,30,5.7,1.3683617186633978,6
M1,ST8,2025-01-13 01:00:00,17,4.882352941176471,1.2689736473414481,6
M1,ST8,2025-01-13 02:00:00,34,4.823529411764706,0.38695299497594743,1
M1,ST8,2025-01-13 03:00:00,16,5.8125,1.2230426539304888,4
M1,ST8,2025-01-13 04:00:00,44,6.386363636363637,0.618170936354914,3
M1,ST8,2025-01-13 05:00:00,32,6.25,0.7620007620011431,4
M1,ST8,2025-01-13 06:00:00,6,5.666666666666667,1.3662601021279466,4
M1,ST8,2025-01-13 07:00:00,34,6.323529411764706,0.8060599359358185,4
M1,ST8,2025-01-13 09:00:00,36,5.611111111111111,1.2711699398086065,6
M1,ST8,2025-01-13 10:00:00,5,5.2,2.3874672772626644,6
M1,ST8,2025-01-13 11:00:00,12,5.416666666666667,1.928651593652148,6
M1,ST8,2025-01-13 12:00:00,13,5.076923076923077,0.9540735874430284,4
M1,ST8,2025-01-13 13:00:00,41,6.0,0.921954445729289,4
M1,ST8,2025-01-13 14:00:00,31,6.483870967741935,0.508000508000762,1
M1,ST8,2025-01-13 15:00:00,15,6.333333333333333,0.6172133998483678,2
M1,ST8,2025-01-13 16:00:00,28,6.25,0.7993052538854533,4
M1,ST8,2025-01-13 17:00:00,27,5.592592592592593,0.6938886664887114,2
M1,ST8,2025-01-13 18:00:00,8,5.0,1.927248223318863,5
M1,ST8,2025-01-13 19:00:00,31,6.387096774193548,0.8032193289024989,4
M1,ST8,2025-01-13 20:00:00,21,6.095238095238095,0.8309489698388168,4
M1,ST8,2025-01-13 21:00:00,45,5.4,0.8090398349558908,4
M1,ST8,2025-01-13 22:00:00,30,5.233333333333333,0.897634182970313,3
M1,ST8,2025-01-13 23:00:00,33,5.393939393939394,0.7474704818333106,3
M1,ST8,2025-01-14 00:00:00,14,6.071428571428571,0.9168747682531899,3
M1,ST8,2025-01-14 01:00:00,16,5.9375,0.8539125638299666,3
M1,ST8,2025-01-14 02:00:00,8,5.25,0.4629100498862757,1
M1,ST8,2025-01-14 03:00:00,25,5.28,0.6782329983125268,3
M1,ST8,2025-01-14 04:00:00,10,5.8,1.8135294011647258,6
M1,ST8,2025-01-14 05:00:00,43,6.372093023255814,0.5355573782764611,2
M1,ST8,2025-01-14 06:00:00,6,5.166666666666667,1.1690451944500122,3
M1,ST8,2025-01-14 07:00:00,36,5.111111111111111,0.820375446375544,5
M1,ST8,2025-01-14 08:00:00,3,5.0,0.0,0
M1,ST8,2025-01-14 09:00:00,56,5.017857142857143,0.1336306209562121,1
M1,ST8,2025-01-14 10:00:00,19,5.421052631578948,0.9612370197756298,4
M1,ST8,2025-01-14 11:00:00,43,6.4186046511627906,0.4991687442297914,1
M1,ST8,2025-01-14 12:00:00,24,6.458333333333333,0.5089773777040516,1
M1,ST8,2025-01-14 13:00:00,24,6.25,0.9890707100936805,4
M1,ST8,2025-01-14 14:00:00,42,5.5,0.8903274267533646,3
M1,ST8,2025-01-14 15:00:00,13,5.461538461538462,1.5607361839521232,6
M1,ST8,2025-01-14 16:00:00,11,6.363636363636363,0.504524979109513,1
M1,ST8,2025-01-14 17:00:00,23,6.3478260869565215,0.6472807211834833,2
M1,ST8,2025-01-14 18:00:00,21,6.333333333333333,0.9128709291752768,4
M1,ST8,2025-01-14 19:00:00,7,5.0,1.914854215512676,6
M1,ST8,2025-01-14 20:00:00,43,4.604651162790698,0.7283227595523492,4
M1,ST8,2025-01-14 21:00:00,60,6.016666666666667,0.9653605046586494,3
M1,ST8,2025-01-14 22:00:00,19,5.684210526315789,1.857496271237393,6
M1,ST8,2025-01-14 23:00:00,24,5.875,0.8998792189486611,3
M1,ST8,2025-01-15 00:00:00,4,6.25,0.4999999999999999,1
M1,ST8,2025-01-15 01:00:00,20,5.2,1.3611140947574412,6
M1,ST8,2025-01-15 02:00:00,52,6.038461538461538,1.0471537232232582,6
M1,ST8,2025-01-15 04:00:00,30,5.933333333333334,1.3373502709187435,6
M1,ST8,2025-01-15 05:00:00,9,4.777777777777778,1.092906420717,4
M1,ST8,2025-01-15 06:00:00,24,5.25,0.4423258684646913,1
M1,ST8,2025-01-15 07:00:00,2,4.5,3.5355339059327378,5
M1,ST8,2025-01-15 08:00:00,55,5.345454545454546,0.47989897926858555,1
M1,ST8,2025-01-15 09:00:00,39,6.205128205128205,0.7319579790745533,3
M1,ST8,2025-01-15 10:00:00,12,5.0,2.0,6
M1,ST8,2025-01-15 11:00:00,56,5.446428571428571,1.0254868973435873,3
M1,ST8,2025-01-15 12:00:00,10,5.0,1.4142135623730951,4
M1,ST8,2025-01-15 13:00:00,36,5.694444444444445,0.7490735018081413,3
M1,ST8,2025-01-15 14:00:00,43,6.372093023255814,0.8458091593248356,5
M1,ST8,2025-01-15 15:00:00,14,5.714285714285714,0.9138735334633754,3
M1,ST8,2025-01-15 16:00:00,9,5.0,0.7071067811865476,2
M1,ST8,2025-01-15 17:00:00,16,6.375,0.6191391873668903,2
M1,ST8,2025-01-15 18:00:00,28,5.285714285714286,1.0490610566259244,4
M1,ST8,2025-01-15 19:00:00,28,6.285714285714286,0.8099905283919413,3
M1,ST8,2025-01-15 20:00:00,28,5.0,1.018350154434631,5
M1,ST8,2025-01-15 21:00:00,21,6.0476190476190474,0.5895922723535713,3
M1,ST8,2025-01-15 22:00:00,14,6.214285714285714,1.3114039117603014,5
M1,ST8,2025-01-15 23:00:00,57,5.491228070175438,0.7349151315808967,3
M1,ST8,2025-01-16 00:00:00,25,5.56,1.0440306508910553,3
M1,ST8,2025-01-16 01:00:00,11,5.0,1.0954451150103317,3
M1,ST8,2025-01-16 02:00:00,16,6.0,1.0954451150103321,4
M1,ST8,2025-01-16 03:00:00,10,5.8,1.751190071541826,6
M1,ST8,2025-01-16 04:00:00,26,6.538461538461538,0.508391127441794,1
M1,ST8,2025-01-16 05:00:00,34,6.176470588235294,1.1926692303602573,6
M1,ST8,2025-01-16 06:00:00,12,6.25,0.8660254037844386,3
M1,ST8,2025-01-16 07:00:00,7,4.857142857142857,1.5735915849388862,5
M1,ST8,2025-01-16 08:00:00,25,4.8,0.408248290463863,1
M1,ST8,2025-01-16 09:00:00,30,5.366666666666666,1.129031728375319,6
M1,ST8,2025-01-16 10:00:00,31,6.290322580645161,0.642575463121999,3
M1,ST8,2025-01-16 11:00:00,13,6.153846153846154,0.5547001962252291,2
M1,ST8,2025-01-16 12:00:00,26,6.0,0.8944271909999162,3
M1,ST8,2025-01-16 13:00:00,19,6.368421052631579,0.5972647203701476,2
M1,ST8,2025-01-16 14:00:00,25,6.36,0.5686240703077327,2
M1,ST8,2025-01-16 15:00:00,8,6.125,0.640869944461656,2
M1,ST8,2025-01-16 16:00:00,10,5.1,1.5238839267549946,5
M1,ST8,2025-01-16 17:00:00,25,6.44,0.5066228051190221,1
M1,ST8,2025-01-16 18:00:00,21,5.9523809523809526,1.532194193834139,5
M1,ST8,2025-01-16 19:00:00,32,5.03125,0.6948833738303187,4
M1,ST8,2025-01-16 20:00:00,20,6.05,0.8870412083230167,3
M1,ST8,2025-01-16 21:00:00,19,6.368421052631579,0.9551338658818385,4
M1,ST8,2025-01-16 22:00:00,37,5.972972972972973,1.3434302381608079,6
M1,ST8,2025-01-16 23:00:00,17,5.705882352941177,1.829094922439543,6
M1,ST8,2025-01-17 00:00:00,11,5.7272727272727275,0.9045340337332909,3
M1,ST8,2025-01-17 01:00:00,26,5.423076923076923,0.5777942140988901,2
M1,ST8,2025-01-17 02:00:00,27,5.962962962962963,1.0912759462588695,5
M1,ST8,2025-01-17 03:00:00,8,6.375,1.060660171779821,3
M1,ST8,2025-01-17 04:00:00,31,5.290322580645161,0.8638498475659904,3
M1,ST8,2025-01-17 05:00:00,39,6.358974358974359,0.7066294900210023,3
M1,ST8,2025-01-17 06:00:00,10,6.0,1.8257418583505534,6
M1,ST8,2025-01-17 07:00:00,44,5.204545454545454,0.9042418243786351,5
M1,ST8,2025-01-17 08:00:00,34,5.676470588235294,0.911894073968593,3
M1,ST8,2025-01-17 09:00:00,26,6.423076923076923,0.5038314736557788,1
M1,ST8,2025-01-17 10:00:00,55,4.836363636363636,0.5697184608024604,2
M1,ST8,2025-01-17 11:00:00,25,4.84,1.2476644848141933,6
M1,ST8,2025-01-17 12:00:00,11,5.636363636363637,1.6292775867068985,5
M1,ST8,2025-01-17 13:00:00,26,5.5,0.5099019513592785,1
M1,ST8,2025-01-17 14:00:00,17,6.117647058823529,1.4090046549415862,6
M1,ST8,2025-01-17 15:00:00,30,6.1,0.7119666788018508,4
M1,ST8,2025-01-17 16:00:00,33,6.424242424242424,0.5018903659106632,1
M1,ST8,2025-01-17 17:00:00,26,6.1923076923076925,0.8009609613073922,3
M1,ST8,2025-01-17 18:00:00,56,4.803571428571429,0.6155453711109391,4
M1,ST8,2025-01-17 19:00:00,24,5.375,1.0555237727226277,5
M1,ST8,2025-01-17 20:00:00,11,6.545454545454546,0.5222329678670935,1
M1,ST8,2025-01-17 21:00:00,54,6.407407407407407,0.9011212830338365,6
M1,ST8,2025-01-17 22:00:00,29,6.413793103448276,0.5680317759792733,2
M1,ST8,2025-01-17 23:00:00,1,6.0,,0
M1,ST8,2025-01-18 00:00:00,32,5.3125,0.7803018439949608,4
M1,ST8,2025-01-18 01:00:00,36,4.833333333333333,0.9710083124552243,5
M1,ST8,2025-01-18 02:00:00,29,5.793103448275862,1.1765357849219764,6
M1,ST8,2025-01-18 03:00:00,20,6.15,1.0894228312566054,5
M1,ST8,2025-01-18 04:00:00,18,6.055555555555555,1.3491706481792793,6
M1,ST8,2025-01-18 05:00:00,19,5.526315789473684,0.6966922684794661,3
M1,ST8,2025-01-18 06:00:00,26,6.153846153846154,1.4612955263685083,6
M1,ST8,2025-01-18 07:00:00,19,4.947368421052632,1.223550580642996,6
M1,ST8,2025-01-18 08:00:00,48,6.229166666666667,0.8565041101945405,5
M1,ST8,2025-01-18 09:00:00,33,5.454545454545454,0.5056498968474316,1
M1,ST8,2025-01-18 10:00:00,24,5.958333333333333,1.4884823513044847,6
M1,ST8,2025-01-18 11:00:00,10,6.0,1.8257418583505538,6
M1,ST8,2025-01-18 12:00:00,49,5.714285714285714,0.9789450103725608,6
M1,ST8,2025-01-18 13:00:00,48,6.416666666666667,0.5392403377381662,2
M1,ST8,2025-01-18 14:00:00,51,4.862745098039215,0.40097919363165246,2
M1,ST8,2025-01-18 15:00:00,14,5.857142857142857,0.9492622930986467,4
M1,ST8,2025-01-18 16:00:00,24,6.375,0.49453535504684015,1
M1,ST8,2025-01-18 17:00:00,30,6.0,1.259447059844805,7
M1,ST8,2025-01-18 18:00:00,11,4.818181818181818,1.8340219092574561,6
M1,ST8,2025-01-18 19:00:00,28,4.714285714285714,0.8967902788460658,4
M1,ST8,2025-01-18 20:00:00,53,5.584905660377358,0.7950317425726557,2
M1,ST8,2025-01-18 21:00:00,8,5.125,2.03100960115899,6
M1,ST8,2025-01-18 22:00:00,34,5.382352941176471,0.9216160339761882,3
M1,ST8,2025-01-18 23:00:00,34,5.0588235294117645,1.2045664747770723,6
M1,ST8,2025-01-19 00:00:00,19,5.684210526315789,1.4926721593968975,5
M1,ST8,2025-01-19 01:00:00,17,5.411764705882353,0.5072996561958922,1
M1,ST8,2025-01-19 02:00:00,11,5.636363636363637,1.8586407545691703,5
M1,ST8,2025-01-19 03:00:00,10,5.7,1.0593499054713804,4
M1,ST8,2025-01-19 04:00:00,4,6.5,0.5773502691896257,1
M1,ST8,2025-01-19 05:00:00,44,5.363636363636363,0.9904405665441199,5
M1,ST8,2025-01-19 06:00:00,13,5.461538461538462,1.4500221041639685,5
M1,ST8,2025-01-19 07:00:00,58,5.655172413793103,0.7847610908754116,3
M1,ST8,2025-01-19 08:00:00,22,5.045454545454546,0.21320071635561044,1
M1,ST8,2025-01-19 09:00:00,29,5.448275862068965,0.8274835732746656,4
M1,ST8,2025-01-19 10:00:00,45,6.377777777777778,0.6138140408687933,3
M1,ST8,2025-01-19 11:00:00,12,5.333333333333333,1.6143297699232977,6
M1,ST8,2025-01-19 12:00:00,8,4.875,0.35355339059327384,1
M1,ST8,2025-01-19 13:00:00,16,6.125,0.5,2
M1,ST8,2025-01-19 14:00:00,14,4.714285714285714,0.46880723093849547,1
M1,ST8,2025-01-19 15:00:00,29,5.0,0.9258200997725518,4
M1,ST8,2025-01-19 16:00:00,29,5.379310344827586,1.1775820597262694,5
M1,ST8,2025-01-19 17:00:00,43,4.883720930232558,0.5859181775145497,2
M1,ST8,2025-01-19 18:00:00,22,5.136363636363637,0.6396021490668313,2
M1,ST8,2025-01-19 19:00:00,10,4.5,0.97182531580755,3
M1,ST8,2025-01-19 20:00:00,3,5.666666666666667,0.5773502691896258,1
M1,ST8,2025-01-19 21:00:00,13,6.3076923076923075,0.4803844614152613,1
M1,ST8,2025-01-19 22:00:00,29,6.413793103448276,0.5012300141587652,1
M1,ST8,2025-01-19 23:00:00,15,6.133333333333334,0.35186577527449847,1
M1,ST8,2025-01-20 00:00:00,40,6.425,0.5494752741689811,2
M1,ST8,2025-01-20 01:00:00,34,4.852941176470588,0.6574677289546277,3
M1,ST8,2025-01-20 02:00:00,12,6.333333333333333,0.4923659639173309,1
M1,ST8,2025-01-20 03:00:00,38,4.868421052631579,0.7040827896490179,5
M1,ST8,2025-01-20 04:00:00,16,5.375,0.6191391873668902,2
M1,ST8,2025-01-20 05:00:00,17,6.117647058823529,1.1663164740528442,5
M1,ST8,2025-01-20 06:00:00,24,6.083333333333333,0.8297022339981069,4
M1,ST8,2025-01-20 07:00:00,13,5.3076923076923075,1.7974340685458343,6
M1,ST8,2025-01-20 08:00:00,6,4.666666666666667,0.816496580927726,2
M1,ST8,2025-01-20 09:00:00,3,4.666666666666667,3.2145502536643185,6
M1,ST8,2025-01-20 10:00:00,39,6.461538461538462,0.5050353737560759,1
M1,ST8,2025-01-20 11:00:00,44,6.409090909090909,0.7255529348784845,4
M1,ST8,2025-01-20 12:00:00,31,5.645161290322581,0.9848311901632069,3
M1,ST8,2025-01-20 13:00:00,16,5.875,1.4548768561863463,5
M1,ST8,2025-01-20 14:00:00,3,5.0,1.7320508075688772,3
M1,ST8,2025-01-20 15:00:00,8,5.25,1.164964745021435,4
M1,ST8,2025-01-20 16:00:00,27,5.444444444444445,0.6979824404521129,2
M1,ST8,2025-01-20 17:00:00,40,4.975,0.83166499665831,6
M1,ST8,2025-01-20 18:00:00,25,5.36,0.8602325267042626,3
M1,ST8,2025-01-20 19:00:00,8,5.625,1.1877349391654208,3
M1,ST8,2025-01-20 20:00:00,31,6.483870967741935,0.508000508000762,1
M1,ST8,2025-01-20 21:00:00,39,5.512820512820513,0.5063696835418333,1
M1,ST8,2025-01-20 22:00:00,16,5.5,0.5163977794943222,1
M1,ST8,2025-01-20 23:00:00,10,5.8,1.1352924243950935,4
M1,ST8,2025-01-21 00:00:00,11,5.454545454545454,1.128152149635533,3
M1,ST8,2025-01-21 01:00:00,32,4.59375,0.797551697181706,4
M1,ST8,2025-01-21 03:00:00,30,6.166666666666667,0.7914775938769179,3
M1,ST8,2025-01-21 04:00:00,9,5.555555555555555,2.127857555800617,6
M1,ST8,2025-01-21 05:00:00,13,5.769230769230769,1.6408253082847342,6
M1,ST8,2025-01-21 06:00:00,39,5.282051282051282,0.5595448314063641,2
M1,ST8,2025-01-21 07:00:00,31,6.451612903225806,0.5058794110206736,1
M1,ST8,2025-01-21 08:00:00,32,6.28125,0.8125775397243735,4
M1,ST8,2025-01-21 09:00:00,49,5.428571428571429,1.1180339887498951,6
M1,ST8,2025-01-21 10:00:00,28,4.642857142857143,0.67846699279881,3
M1,ST8,2025-01-21 11:00:00,1,6.0,,0
M1,ST8,2025-01-21 12:00:00,21,6.095238095238095,1.1791845447071423,5
M1,ST8,2025-01-21 13:00:00,22,5.454545454545454,1.056826909613451,4
M1,ST8,2025-01-21 14:00:00,17,4.588235294117647,1.3256518929102281,6
M1,ST8,2025-01-21 15:00:00,10,6.2,0.9189365834726815,3
M1,ST8,2025-01-21 16:00:00,26,5.846153846153846,1.0841515647660225,5
M1,ST8,2025-01-21 17:00:00,50,5.14,0.4045657788144657,2
M1,ST8,2025-01-21 18:00:00,10,5.3,0.4830458915396479,1
M1,ST8,2025-01-21 19:00:00,27,5.62962962962963,0.6292943635623921,2
M1,ST8,2025-01-21 20:00:00,51,5.215686274509804,0.6727176373545168,4
M1,ST8,2025-01-21 21:00:00,24,5.5,1.179535649239177,5
M1,ST8,2025-01-21 22:00:00,24,6.0,0.9780192938436516,5
M1,ST8,2025-01-21 23:00:00,31,4.774193548387097,0.844972481577747,4
M1,ST8,2025-01-22 00:00:00,5,5.4,1.5165750888103102,4
M1,ST8,2025-01-22 01:00:00,12,6.333333333333333,0.4923659639173309,1
M1,ST8,2025-01-22 02:00:00,30,5.9,0.7119666788018506,2
M1,ST8,2025-01-22 03:00:00,14,5.428571428571429,0.5135525910130956,1
M1,ST8,2025-01-22 04:00:00,22,6.045454545454546,1.2527027058580456,5
M1,ST8,2025-01-22 05:00:00,23,6.217391304347826,1.2415723806063765,6
M1,ST8,2025-01-22 06:00:00,57,5.368421052631579,0.7707041990322974,3
M1,ST8,2025-01-22 07:00:00,12,5.0,1.044465935734187,4
M1,ST8,2025-01-22 08:00:00,33,6.303030303030303,0.5294365215047317,2
M1,ST8,2025-01-22 09:00:00,52,6.461538461538462,0.5033822257076337,1
M1,ST8,2025-01-22 10:00:00,26,6.384615384615385,1.0228166239135175,5
M1,ST8,2025-01-22 11:00:00,32,5.5,1.107161438821323,4
M1,ST8,2025-01-22 12:00:00,22,4.363636363636363,1.0486024506776148,4
M1,ST8,2025-01-22 13:00:00,9,4.888888888888889,0.927960727138337,3
M1,ST8,2025-01-22 14:00:00,3,6.666666666666667,0.5773502691896257,1
M1,ST8,2025-01-22 15:00:00,28,6.214285714285714,0.7867957924694431,3
M1,ST8,2025-01-22 16:00:00,44,5.386363636363637,0.53769140846768,2
M1,ST8,2025-01-22 17:00:00,29,5.241379310344827,0.7862738714883141,3
M1,ST8,2025-01-22 18:00:00,18,6.055555555555555,0.8726040960806521,4
M1,ST8,2025-01-22 19:00:00,22,5.409090909090909,1.7364191645888716,6
M1,ST8,2025-01-22 20:00:00,18,4.444444444444445,0.9835244081556432,4
M1,ST8,2025-01-22 21:00:00,6,4.666666666666667,0.5163977794943223,1
M1,ST8,2025-01-22 22:00:00,17,6.294117647058823,0.469668218313862,1
M1,ST8,2025-01-22 23:00:00,23,5.6521739130434785,0.6472807211834837,2
M1,ST8,2025-01-23 00:00:00,26,6.076923076923077,1.016782254883588,5
M1,ST8,2025-01-23 01:00:00,4,4.25,2.0615528128088303,4
M1,ST8,2025-01-23 02:00:00,20,4.85,0.3663475485325232,1
M1,ST8,2025-01-23 03:00:00,35,6.0,0.804399666539844,3
M1,ST8,2025-01-23 04:00:00,22,5.863636363636363,0.8888437939499212,4
M1,ST8,2025-01-23 05:00:00,18,5.444444444444445,0.9835244081556433,3
M1,ST8,2025-01-23 06:00:00,36,4.916666666666667,0.649175301000101,2
M1,ST8,2025-01-23 07:00:00,13,5.0,0.8164965809277261,3
M1,ST8,2025-01-23 08:00:00,9,6.333333333333333,0.5,1
M1,ST8,2025-01-23 09:00:00,25,6.0,0.9128709291752767,4
M1,ST8,2025-01-23 10:00:00,28,5.785714285714286,0.6862211530545179,2
M1,ST8,2025-01-23 11:00:00,48,6.145833333333333,1.0913505849591967,6
M1,ST8,2025-01-23 12:00:00,16,5.6875,1.4476993242152645,6
M1,ST8,2025-01-23 13:00:00,6,5.666666666666667,1.0327955589886446,3
M1,ST8,2025-01-23 14:00:00,30,4.633333333333334,0.49013251785356093,1
M1,ST8,2025-01-23 15:00:00,8,5.625,0.7440238091428449,2
M1,ST8,2025-01-23 16:00:00,47,5.872340425531915,1.115445344413489,6
M1,ST8,2025-01-23 17:00:00,16,4.5625,1.030776406404415,4
M1,ST8,2025-01-23 18:00:00,41,6.2926829268292686,0.7156780854205468,3
M1,ST8,2025-01-23 19:00:00,28,5.857142857142857,1.3253730631840066,6
M1,ST8,2025-01-23 20:00:00,50,6.4,0.5345224838248487,2
M1,ST8,2025-01-23 21:00:00,14,5.357142857142857,1.0818177620697815,3
M1,ST8,2025-01-23 22:00:00,23,4.3478260869565215,0.9346217344793908,4
M1,ST8,2025-01-23 23:00:00,39,5.769230769230769,0.8417256229267934,3
M1,ST8,2025-01-24 00:00:00,23,5.173913043478261,0.8868828923945566,4
M1,ST8,2025-01-24 01:00:00,25,5.88,1.0535653752852738,5
M1,ST8,2025-01-24 02:00:00,30,6.233333333333333,0.8172001541568771,2
M1,ST8,2025-01-24 03:00:00,12,4.916666666666667,0.28867513459481287,1
M1,ST8,2025-01-24 04:00:00,15,4.533333333333333,1.5522640914238175,6
M1,ST8,2025-01-24 05:00:00,10,5.9,1.449137674618944,5
M1,ST8,2025-01-24 06:00:00,26,4.923076923076923,0.5602197371087116,2
M1,ST8,2025-01-24 07:00:00,45,5.6,1.0090499582190255,4
M1,ST8,2025-01-24 08:00:00,13,5.769230769230769,1.7867030229749128,6
M1,ST8,2025-01-24 09:00:00,42,6.309523809523809,0.6434698332078576,2
M1,ST8,2025-01-24 10:00:00,29,5.482758620689655,0.828970517103353,3
M1,ST8,2025-01-24 11:00:00,3,4.333333333333333,0.5773502691896257,1
M1,ST8,2025-01-24 12:00:00,31,6.419354838709677,0.6204403569716754,2
M1,ST8,2025-01-24 13:00:00,39,6.3076923076923075,0.46757190011951816,1
M1,ST8,2025-01-24 14:00:00,31,6.258064516129032,0.5143113152870139,2
M1,ST8,2025-01-24 15:00:00,9,4.111111111111111,1.9002923751652299,5
M1,ST8,2025-01-24 16:00:00,5,6.6,0.5477225575051662,1
M1,ST8,2025-01-24 17:00:00,22,4.954545454545454,1.0900971004051376,5
M1,ST8,2025-01-24 18:00:00,42,5.214285714285714,0.7819835406450196,3
M1,ST8,2025-01-24 19:00:00,60,5.083333333333333,0.6960339624157418,3
M1,ST8,2025-01-24 20:00:00,35,5.9714285714285715,0.9230930832457442,3
M1,ST8,2025-01-24 21:00:00,33,6.0,1.3693063937629153,6
M1,ST8,2025-01-24 22:00:00,9,5.888888888888889,1.536590742882148,5
M1,ST8,2025-01-24 23:00:00,36,6.166666666666667,0.7367883976130074,3
M1,ST8,2025-01-25 00:00:00,19,5.526315789473684,0.9048278567177281,3
M1,ST8,2025-01-25 01:00:00,3,5.0,0.0,0
M1,ST8,2025-01-25 02:00:00,29,6.103448275862069,1.0469284184224308,5
M1,ST8,2025-01-25 03:00:00,2,5.0,0.0,0
M1,ST8,2025-01-25 04:00:00,20,4.5,0.9459053029269171,4
M1,ST8,2025-01-25 05:00:00,3,6.333333333333333,0.5773502691896257,1
M1,ST8,2025-01-25 06:00:00,43,5.3023255813953485,0.5578395280830468,3
M1,ST8,2025-01-25 07:00:00,46,5.934782608695652,0.7424336532435734,2
M1,ST8,2025-01-25 08:00:00,53,6.226415094339623,0.9331812717375043,6
M1,ST8,2025-01-25 09:00:00,27,6.481481481481482,0.5091750772173156,1
M1,ST8,2025-01-25 10:00:00,23,6.260869565217392,1.2869057782967015,6
M1,ST8,2025-01-25 11:00:00,18,6.055555555555555,1.3491706481792793,6
M1,ST8,2025-01-25 12:00:00,27,5.185185185185185,0.9622504486493764,5
M1,ST8,2025-01-25 13:00:00,18,5.5,1.1504474832710554,5
M1,ST8,2025-01-25 14:00:00,9,4.666666666666667,1.224744871391589,4
M1,ST8,2025-01-25 15:00:00,11,5.545454545454546,0.5222329678670935,1
M1,ST8,2025-01-25 16:00:00,34,5.264705882352941,0.7511132557708275,4
M1,ST8,2025-01-25 17:00:00,54,6.148148148148148,0.6561007575465142,2
M1,ST8,2025-01-25 18:00:00,4,6.25,0.5,1
M1,ST8,2025-01-25 19:00:00,23,6.217391304347826,0.8504823091062899,3
M1,ST8,2025-01-25 20:00:00,26,5.615384615384615,0.9413574486632844,3
M1,ST8,2025-01-25 21:00:00,33,6.212121212121212,1.0827504259285634,5
M1,ST8,2025-01-25 22:00:00,8,5.625,1.1877349391654206,4
M1,ST8,2025-01-25 23:00:00,38,5.7105263157894735,0.9560022259626385,4
M1,ST8,2025-01-26 00:00:00,14,5.214285714285714,1.42389343964797,6
M1,ST8,2025-01-26 01:00:00,47,6.340425531914893,0.47897516249850774,1
M1,ST8,2025-01-26 02:00:00,16,4.75,0.5773502691896258,2
M1,ST8,2025-01-26 03:00:00,21,5.0,0.0,0
M1,ST8,2025-01-26 04:00:00,23,5.6521739130434785,0.934621734479391,3
M1,ST8,2025-01-26 05:00:00,26,5.730769230769231,1.115623316633076,4
M1,ST8,2025-01-26 06:00:00,4,4.5,1.7320508075688772,3
M1,ST8,2025-01-26 07:00:00,16,5.875,1.2041594578792296,4
M1,ST8,2025-01-26 08:00:00,18,5.055555555555555,1.3920878193318218,6
M1,ST8,2025-01-26 09:00:00,14,5.5,1.0190493307301363,3
M1,ST8,2025-01-26 10:00:00,18,5.388888888888889,0.9164438231805329,3
M1,ST8,2025-01-26 11:00:00,16,6.375,0.4999999999999999,1
M1,ST8,2025-01-26 12:00:00,36,5.277777777777778,1.0031695800557385,3
M1,ST8,2025-01-26 13:00:00,32,5.15625,0.8466013648510974,3
M1,ST8,2025-01-26 14:00:00,25,6.4,0.5,1
M1,ST8,2025-01-26 15:00:00,13,5.769230769230769,1.1657505560686465,4
M1,ST8,2025-01-26 16:00:00,9,5.555555555555555,0.881917103688197,2
M1,ST8,2025-01-26 17:00:00,40,6.5,0.5063696835418333,1
M1,ST8,2025-01-26 18:00:00,19,5.7368421052631575,1.3679711361135392,6
M1,ST8,2025-01-26 19:00:00,6,6.0,1.0954451150103324,3
M1,ST8,2025-01-26 20:00:00,21,5.380952380952381,0.5895922723535711,2
M1,ST8,2025-01-26 21:00:00,9,6.111111111111111,0.6009252125773314,2
M1,ST8,2025-01-26 22:00:00,19,5.947368421052632,1.3112201362143718,6
M1,ST8,2025-01-26 23:00:00,45,5.688888888888889,0.9249624617007741,4
M1,ST8,2025-01-27 00:00:00,49,6.346938775510204,0.48092880658867043,1
M1,ST8,2025-01-27 01:00:00,41,5.878048780487805,0.9796714232644405,3
M1,ST8,2025-01-27 02:00:00,29,6.448275862068965,0.572351471472339,2
M1,ST8,2025-01-27 03:00:00,13,6.615384615384615,0.5063696835418333,1
M1,ST8,2025-01-27 04:00:00,22,6.2727272727272725,0.4558423058385516,1
M1,ST8,2025-01-27 05:00:00,48,5.0625,0.31999002644031976,2
M1,ST8,2025-01-27 06:00:00,9,5.222222222222222,1.3944333775567925,5
M1,ST8,2025-01-27 07:00:00,32,5.03125,0.8224422717264602,5
M1,ST8,2025-01-27 08:00:00,12,6.166666666666667,0.38924947208076155,1
M1,ST8,2025-01-27 09:00:00,58,5.9655172413793105,0.8369853431272263,3
M1,ST8,2025-01-27 10:00:00,16,5.625,1.0246950765959597,4
M1,ST8,2025-01-27 11:00:00,36,6.333333333333333,0.4780914437337575,1
M1,ST8,2025-01-27 12:00:00,28,5.178571428571429,0.5479640045336464,3
M1,ST8,2025-01-27 13:00:00,23,5.260869565217392,0.5408235558637172,2
M1,ST8,2025-01-27 14:00:00,12,5.333333333333333,1.0730867399773196,3
M1,ST8,2025-01-27 15:00:00,17,6.235294117647059,1.2514697241996047,6
M1,ST8,2025-01-27 16:00:00,19,5.894736842105263,1.4867838833500564,6
M1,ST8,2025-01-27 17:00:00,21,5.714285714285714,1.2705454396776663,6
M1,ST8,2025-01-27 18:00:00,26,5.730769230769231,1.3132461249192342,6
M1,ST8,2025-01-27 19:00:00,21,6.142857142857143,0.8535639569308371,4
M1,ST8,2025-01-27 20:00:00,22,6.136363636363637,0.5602256811793028,2
M1,ST8,2025-01-27 21:00:00,42,6.285714285714286,0.8347838711296821,5
M1,ST8,2025-01-27 22:00:00,56,6.321428571428571,0.6635207157728689,4
M1,ST8,2025-01-27 23:00:00,38,6.342105263157895,0.9087061127950059,5
M1,ST8,2025-01-28 00:00:00,16,4.3125,1.0144785195688801,4
M1,ST8,2025-01-28 01:00:00,34,5.0,0.7385489458759962,4
M1,ST8,2025-01-28 02:00:00,22,5.136363636363637,0.833549755446665,3
M1,ST8,2025-01-28 03:00:00,27,4.777777777777778,1.1547005383792517,5
M1,ST8,2025-01-28 04:00:00,50,5.24,1.0214035960982562,3
M1,ST8,2025-01-28 05:00:00,7,6.428571428571429,0.5345224838248488,1
M1,ST8,2025-01-28 06:00:00,8,4.75,1.164964745021435,4
M1,ST8,2025-01-28 07:00:00,20,6.6,0.5026246899500345,1
M1,ST8,2025-01-28 08:00:00,12,6.333333333333333,0.6513389472789296,2
M1,ST8,2025-01-28 09:00:00,15,6.4,0.6324555320336758,2
M1,ST8,2025-01-28 10:00:00,11,5.909090909090909,0.7006490497453709,2
M1,ST8,2025-01-28 11:00:00,56,4.857142857142857,0.5855400437691199,4
M1,ST8,2025-01-28 12:00:00,14,4.857142857142857,0.5345224838248487,2
M1,ST8,2025-01-28 13:00:00,8,4.25,1.035098339013531,3
M1,ST8,2025-01-28 14:00:00,12,5.583333333333333,1.6213537179739277,6
M1,ST8,2025-01-28 15:00:00,26,5.3076923076923075,1.1922828781536967,5
M1,ST8,2025-01-28 16:00:00,1,4.0,,0
M1,ST8,2025-01-28 17:00:00,29,5.9655172413793105,1.4511758439449236,6
M1,ST8,2025-01-28 18:00:00,23,6.043478260869565,1.3306956782609212,6
M1,ST8,2025-01-28 19:00:00,6,6.5,0.5477225575051661,1
M1,ST8,2025-01-28 20:00:00,5,5.4,1.949358868961793,5
M1,ST8,2025-01-28 21:00:00,16,5.5625,1.5041608956491324,6
M1,ST8,2025-01-28 22:00:00,31,5.129032258064516,0.957146296162747,3
M1,ST8,2025-01-28 23:00:00,37,4.918918918918919,1.0375820818501915,6
M1,ST8,2025-01-29 00:00:00,25,4.72,0.8426149773176358,4
M1,ST8,2025-01-29 01:00:00,15,6.0,1.1338934190276817,4
M1,ST8,2025-01-29 02:00:00,23,5.3478260869565215,0.8316847989130759,3
M1,ST8,2025-01-29 03:00:00,3,5.0,2.6457513110645907,5
M1,ST8,2025-01-29 04:00:00,21,5.761904761904762,1.6402671094904606,6
M1,ST8,2025-01-29 05:00:00,28,5.607142857142857,0.9164862737363229,3
M1,ST8,2025-01-29 06:00:00,5,4.2,1.7888543819998317,4
M1,ST8,2025-01-29 07:00:00,53,6.509433962264151,0.5046949386828399,1
M1,ST8,2025-01-29 08:00:00,32,5.4375,1.1896733083687978,6
M1,ST8,2025-01-29 09:00:00,26,5.0,0.0,0
M1,ST8,2025-01-29 10:00:00,27,4.962962962962963,0.436901809201096,2
M1,ST8,2025-01-29 11:00:00,22,5.636363636363637,0.9534625892455921,3
M1,ST8,2025-01-29 12:00:00,9,4.0,1.7320508075688772,4
M1,ST8,2025-01-29 13:00:00,39,5.461538461538462,0.6823393910177051,2
M1,ST8,2025-01-29 14:00:00,5,6.0,1.224744871391589,3
M1,ST8,2025-01-29 15:00:00,30,5.8,0.7143842296595062,2
M1,ST8,2025-01-29 16:00:00,25,5.36,0.8602325267042628,4
M1,ST8,2025-01-29 18:00:00,25,6.52,0.5099019513592785,1
M1,ST8,2025-01-29 19:00:00,24,4.666666666666667,1.0494995356656043,5
M1,ST8,2025-01-29 20:00:00,34,5.264705882352941,0.9632276400887881,6
M1,ST8,2025-01-29 21:00:00,27,5.777777777777778,1.2506408613597133,5
M1,ST8,2025-01-29 22:00:00,15,5.0,1.4638501094227998,6
M1,ST8,2025-01-29 23:00:00,8,5.625,1.1877349391654208,4
M1,ST8,2025-01-30 00:00:00,15,6.333333333333333,0.8164965809277258,3
M1,ST8,2025-01-30 01:00:00,40,5.3,0.8533493588238813,3
M1,ST8,2025-01-30 02:00:00,20,6.2,1.105012502906165,5
M1,ST8,2025-01-30 03:00:00,45,6.355555555555555,0.6451058953083721,3
M1,ST8,2025-01-30 04:00:00,32,5.59375,1.2406911445355902,6
M1,ST8,2025-01-30 05:00:00,34,5.0588235294117645,0.23883257361061283,1
M1,ST8,2025-01-30 06:00:00,22,5.363636363636363,0.9021379128785211,4
M1,ST8,2025-01-30 07:00:00,12,6.083333333333333,0.7929614610987592,2
M1,ST8,2025-01-30 08:00:00,19,4.894736842105263,1.1496249070460263,5
M1,ST8,2025-01-30 09:00:00,12,5.916666666666667,1.0836246694508314,3
M1,ST8,2025-01-30 10:00:00,24,6.041666666666667,0.6902530516863497,2
M1,ST8,2025-01-30 11:00:00,7,4.714285714285714,0.4879500364742666,1
M1,ST8,2025-01-30 12:00:00,36,4.944444444444445,0.9545214042184236,5
M1,ST8,2025-01-30 13:00:00,13,5.3076923076923075,0.8548504142651103,3
M1,ST8,2025-01-30 14:00:00,29,5.379310344827586,0.561489925074877,2
M1,ST8,2025-01-30 15:00:00,29,5.724137931034483,1.1306304096178865,5
M1,ST8,2025-01-30 16:00:00,19,5.105263157894737,0.5671308728156005,2
M1,ST8,2025-01-30 17:00:00,7,5.142857142857143,0.6900655593423541,2
M1,ST8,2025-01-30 18:00:00,26,6.038461538461538,1.310901040682148,6
M1,ST8,2025-01-30 19:00:00,7,6.285714285714286,0.4879500364742666,1
M1,ST8,2025-01-30 20:00:00,48,6.145833333333333,1.0913505849591962,6
M1,ST8,2025-01-30 21:00:00,27,5.518518518518518,1.553417333849926,6
M1,ST8,2025-01-30 22:00:00,21,6.095238095238095,0.8309489698388166,4
M1,ST8,2025-01-30 23:00:00,26,5.5,0.9486832980505143,4
M1,ST8,2025-01-31 00:00:00,13,5.769230769230769,1.3008872711759818,4
M1,ST8,2025-01-31 01:00:00,9,6.111111111111111,0.9279607271383369,3
M1,ST8,2025-01-31 02:00:00,13,5.769230769230769,1.3008872711759818,4
M1,ST8,2025-01-31 03:00:00,39,6.384615384615385,0.49286405809014433,1
M1,ST8,2025-01-31 04:00:00,12,5.833333333333333,1.337115846843043,5
M1,ST8,2025-01-31 05:00:00,14,4.857142857142857,0.7703288865196432,3
